sample_id,well,observed,cutoff_date,prediction
productivity:NO 15/9-F-1 C:2014-05-07,NO 15/9-F-1 C,731.1640000000001,2014-05-07,663.1166141115525
productivity:NO 15/9-F-1 C:2014-05-14,NO 15/9-F-1 C,705.1083333333332,2014-05-14,942.9657718111704
productivity:NO 15/9-F-1 C:2014-05-21,NO 15/9-F-1 C,702.67,2014-05-21,1077.7560312359553
productivity:NO 15/9-F-1 C:2014-05-28,NO 15/9-F-1 C,677.9913333333335,2014-05-28,807.7797952965706
productivity:NO 15/9-F-1 C:2014-06-04,NO 15/9-F-1 C,647.0409999999999,2014-06-04,702.8505092057569
productivity:NO 15/9-F-1 C:2014-06-11,NO 15/9-F-1 C,627.1520000000002,2014-06-11,660.7776611802256
productivity:NO 15/9-F-1 C:2014-06-18,NO 15/9-F-1 C,558.4473333333334,2014-06-18,617.5873807694074
productivity:NO 15/9-F-1 C:2014-06-25,NO 15/9-F-1 C,497.83,2014-06-25,597.4911006030826
productivity:NO 15/9-F-1 C:2014-07-02,NO 15/9-F-1 C,484.08066666666673,2014-07-02,577.1399923791976
productivity:NO 15/9-F-1 C:2014-07-09,NO 15/9-F-1 C,456.96999999999997,2014-07-09,558.2254718986871
productivity:NO 15/9-F-1 C:2014-07-16,NO 15/9-F-1 C,433.40999999999997,2014-07-16,533.5705606883236
productivity:NO 15/9-F-1 C:2014-07-23,NO 15/9-F-1 C,369.7010000000001,2014-07-23,490.2386696302544
productivity:NO 15/9-F-1 C:2014-07-30,NO 15/9-F-1 C,261.19300000000004,2014-07-30,459.8478927994104
productivity:NO 15/9-F-1 C:2014-08-06,NO 15/9-F-1 C,176.78533333333334,2014-08-06,418.1108933263702
productivity:NO 15/9-F-1 C:2014-08-13,NO 15/9-F-1 C,166.84466666666668,2014-08-13,397.50268181390453
productivity:NO 15/9-F-1 C:2014-08-20,NO 15/9-F-1 C,192.43966666666668,2014-08-20,205.01344335547665
productivity:NO 15/9-F-1 C:2014-08-27,NO 15/9-F-1 C,273.77000000000004,2014-08-27,261.1438677066396
productivity:NO 15/9-F-1 C:2014-09-03,NO 15/9-F-1 C,314.09000000000003,2014-09-03,183.69091903603572
productivity:NO 15/9-F-1 C:2014-09-10,NO 15/9-F-1 C,303.8676666666667,2014-09-10,270.1220208655407
productivity:NO 15/9-F-1 C:2014-09-17,NO 15/9-F-1 C,292.041,2014-09-17,269.45188069682524
productivity:NO 15/9-F-1 C:2014-09-24,NO 15/9-F-1 C,284.78133333333335,2014-09-24,350.76201721347945
productivity:NO 15/9-F-1 C:2014-10-01,NO 15/9-F-1 C,304.8493333333334,2014-10-01,246.01711266238834
productivity:NO 15/9-F-1 C:2014-10-08,NO 15/9-F-1 C,316.473,2014-10-08,400.6541274734374
productivity:NO 15/9-F-1 C:2014-10-15,NO 15/9-F-1 C,308.95500000000004,2014-10-15,381.87475832584676
productivity:NO 15/9-F-1 C:2014-10-22,NO 15/9-F-1 C,301.36466666666666,2014-10-22,368.647918510934
productivity:NO 15/9-F-1 C:2014-10-29,NO 15/9-F-1 C,255.142,2014-10-29,362.0295582121383
productivity:NO 15/9-F-1 C:2014-11-05,NO 15/9-F-1 C,186.898,2014-11-05,318.66347303327944
productivity:NO 15/9-F-1 C:2014-11-12,NO 15/9-F-1 C,119.11233333333332,2014-11-12,317.04223166019216
productivity:NO 15/9-F-1 C:2014-11-19,NO 15/9-F-1 C,50.94233333333333,2014-11-19,312.31553210719983
productivity:NO 15/9-F-1 C:2014-11-26,NO 15/9-F-1 C,4.051666666666667,2014-11-26,185.34918126951277
productivity:NO 15/9-F-1 C:2014-12-03,NO 15/9-F-1 C,3.133666666666667,2014-12-03,166.0189910847651
productivity:NO 15/9-F-1 C:2014-12-10,NO 15/9-F-1 C,178.83666666666667,2014-12-10,102.48501728863144
productivity:NO 15/9-F-1 C:2014-12-17,NO 15/9-F-1 C,296.0036666666667,2014-12-17,61.628640911170024
productivity:NO 15/9-F-1 C:2014-12-24,NO 15/9-F-1 C,362.5176666666666,2014-12-24,29.771680418476155
productivity:NO 15/9-F-1 C:2014-12-31,NO 15/9-F-1 C,362.5176666666667,2014-12-31,61.817456372068015
productivity:NO 15/9-F-1 C:2015-01-07,NO 15/9-F-1 C,223.70366666666666,2015-01-07,225.8282112249192
productivity:NO 15/9-F-1 C:2015-01-14,NO 15/9-F-1 C,150.16600000000003,2015-01-14,403.38812842426194
productivity:NO 15/9-F-1 C:2015-01-21,NO 15/9-F-1 C,158.0256666666667,2015-01-21,528.022589387314
productivity:NO 15/9-F-1 C:2015-01-28,NO 15/9-F-1 C,306.229,2015-01-28,447.7782435441102
productivity:NO 15/9-F-1 C:2015-02-04,NO 15/9-F-1 C,319.55466666666666,2015-02-04,278.4574703740152
productivity:NO 15/9-F-1 C:2015-02-11,NO 15/9-F-1 C,301.9656666666667,2015-02-11,316.250254097416
productivity:NO 15/9-F-1 C:2015-02-18,NO 15/9-F-1 C,211.12900000000002,2015-02-18,262.9377304476885
productivity:NO 15/9-F-1 C:2015-02-25,NO 15/9-F-1 C,165.89233333333334,2015-02-25,350.0854308813856
productivity:NO 15/9-F-1 C:2015-03-04,NO 15/9-F-1 C,197.8913333333334,2015-03-04,221.59650793293824
productivity:NO 15/9-F-1 C:2015-03-11,NO 15/9-F-1 C,197.89133333333334,2015-03-11,269.19647085301733
productivity:NO 15/9-F-1 C:2015-03-18,NO 15/9-F-1 C,197.89133333333334,2015-03-18,265.75014282744894
productivity:NO 15/9-F-1 C:2015-03-25,NO 15/9-F-1 C,164.6656666666667,2015-03-25,290.96746862991006
productivity:NO 15/9-F-1 C:2015-04-01,NO 15/9-F-1 C,130.806,2015-04-01,306.72670663722033
productivity:NO 15/9-F-1 C:2015-04-08,NO 15/9-F-1 C,178.808,2015-04-08,222.88470305423076
productivity:NO 15/9-F-1 C:2015-04-15,NO 15/9-F-1 C,178.808,2015-04-15,312.2162406066306
productivity:NO 15/9-F-1 C:2015-04-22,NO 15/9-F-1 C,170.31533333333334,2015-04-22,381.12995350268613
productivity:NO 15/9-F-1 C:2015-04-29,NO 15/9-F-1 C,167.184,2015-04-29,343.55977022430415
productivity:NO 15/9-F-1 C:2015-05-06,NO 15/9-F-1 C,77.83699999999999,2015-05-06,240.8592756910941
productivity:NO 15/9-F-1 C:2015-05-13,NO 15/9-F-1 C,80.613,2015-05-13,339.50251109742743
productivity:NO 15/9-F-1 C:2015-05-20,NO 15/9-F-1 C,135.083,2015-05-20,386.4262630669359
productivity:NO 15/9-F-1 C:2015-05-27,NO 15/9-F-1 C,134.13266666666667,2015-05-27,371.5704973689497
productivity:NO 15/9-F-1 C:2015-06-03,NO 15/9-F-1 C,212.00100000000003,2015-06-03,183.19534547072146
productivity:NO 15/9-F-1 C:2015-06-10,NO 15/9-F-1 C,212.001,2015-06-10,220.17545518962388
productivity:NO 15/9-F-1 C:2015-06-17,NO 15/9-F-1 C,169.57766666666666,2015-06-17,358.74255626958666
productivity:NO 15/9-F-1 C:2015-06-24,NO 15/9-F-1 C,123.89633333333333,2015-06-24,401.2172939236495
productivity:NO 15/9-F-1 C:2015-07-01,NO 15/9-F-1 C,60.88233333333333,2015-07-01,506.1083843407779
productivity:NO 15/9-F-1 C:2015-07-08,NO 15/9-F-1 C,163.19166666666666,2015-07-08,305.0015206351652
productivity:NO 15/9-F-1 C:2015-07-15,NO 15/9-F-1 C,164.98133333333334,2015-07-15,376.0790009954696
productivity:NO 15/9-F-1 C:2015-07-22,NO 15/9-F-1 C,164.9813333333333,2015-07-22,352.08175441709375
productivity:NO 15/9-F-1 C:2015-07-29,NO 15/9-F-1 C,117.42766666666667,2015-07-29,341.70517621821347
productivity:NO 15/9-F-1 C:2015-08-05,NO 15/9-F-1 C,45.65233333333334,2015-08-05,462.75988005940525
productivity:NO 15/9-F-1 C:2015-08-12,NO 15/9-F-1 C,75.60566666666666,2015-08-12,350.31659384978747
productivity:NO 15/9-F-1 C:2015-08-19,NO 15/9-F-1 C,174.23333333333332,2015-08-19,397.2957322638534
productivity:NO 15/9-F-1 C:2015-08-26,NO 15/9-F-1 C,215.34233333333336,2015-08-26,159.7028217758041
productivity:NO 15/9-F-1 C:2015-09-02,NO 15/9-F-1 C,215.34233333333336,2015-09-02,93.67143327387932
productivity:NO 15/9-F-1 C:2015-09-09,NO 15/9-F-1 C,163.92833333333334,2015-09-09,208.99252364116762
productivity:NO 15/9-F-1 C:2015-09-16,NO 15/9-F-1 C,78.70700000000001,2015-09-16,238.18987535034256
productivity:NO 15/9-F-1 C:2015-09-23,NO 15/9-F-1 C,50.27633333333333,2015-09-23,105.4137618842712
productivity:NO 15/9-F-1 C:2015-09-30,NO 15/9-F-1 C,136.08266666666665,2015-09-30,267.40461414316434
productivity:NO 15/9-F-1 C:2015-10-07,NO 15/9-F-1 C,136.19333333333333,2015-10-07,356.0372996084795
productivity:NO 15/9-F-1 C:2015-10-14,NO 15/9-F-1 C,136.19333333333333,2015-10-14,283.5991943590308
productivity:NO 15/9-F-1 C:2015-10-21,NO 15/9-F-1 C,104.13933333333333,2015-10-21,266.62875505467105
productivity:NO 15/9-F-1 C:2015-10-28,NO 15/9-F-1 C,102.132,2015-10-28,445.67689858919874
productivity:NO 15/9-F-1 C:2015-11-04,NO 15/9-F-1 C,145.08766666666668,2015-11-04,344.215057465135
productivity:NO 15/9-F-1 C:2015-11-11,NO 15/9-F-1 C,209.38233333333332,2015-11-11,393.6680034799363
productivity:NO 15/9-F-1 C:2015-11-18,NO 15/9-F-1 C,209.38233333333335,2015-11-18,405.704480767303
productivity:NO 15/9-F-1 C:2015-11-25,NO 15/9-F-1 C,160.853,2015-11-25,388.34748090810467
productivity:NO 15/9-F-1 C:2015-12-02,NO 15/9-F-1 C,87.70166666666667,2015-12-02,431.23712116079696
productivity:NO 15/9-F-1 C:2015-12-09,NO 15/9-F-1 C,15.722333333333335,2015-12-09,592.8540679099425
productivity:NO 15/9-F-1 C:2015-12-16,NO 15/9-F-1 C,59.314,2015-12-16,315.10117798474494
productivity:NO 15/9-F-1 C:2015-12-23,NO 15/9-F-1 C,99.38133333333332,2015-12-23,395.37590230508977
productivity:NO 15/9-F-1 C:2015-12-30,NO 15/9-F-1 C,99.38133333333333,2015-12-30,373.66851828648504
productivity:NO 15/9-F-1 C:2016-01-06,NO 15/9-F-1 C,95.53166666666668,2016-01-06,262.8377140393361
productivity:NO 15/9-F-1 C:2016-01-13,NO 15/9-F-1 C,80.67066666666668,2016-01-13,359.4396787367918
productivity:NO 15/9-F-1 C:2016-01-20,NO 15/9-F-1 C,88.88833333333332,2016-01-20,572.0977484961654
productivity:NO 15/9-F-1 C:2016-01-27,NO 15/9-F-1 C,156.42033333333333,2016-01-27,335.4556236351183
productivity:NO 15/9-F-1 C:2016-02-03,NO 15/9-F-1 C,157.26766666666668,2016-02-03,357.77522655212397
productivity:NO 15/9-F-1 C:2016-02-10,NO 15/9-F-1 C,146.95266666666666,2016-02-10,393.5862072749426
productivity:NO 15/9-F-1 C:2016-02-17,NO 15/9-F-1 C,90.70466666666668,2016-02-17,363.5048987934084
productivity:NO 15/9-F-1 C:2016-02-24,NO 15/9-F-1 C,57.10966666666666,2016-02-24,491.8394439141601
productivity:NO 15/9-F-1 C:2016-03-02,NO 15/9-F-1 C,97.24999999999999,2016-03-02,231.41308746117014
productivity:NO 15/9-F-1 C:2016-03-09,NO 15/9-F-1 C,152.97299999999998,2016-03-09,115.79378756558013
productivity:NO 15/9-F-1 C:2016-03-16,NO 15/9-F-1 C,152.973,2016-03-16,232.8574032506056
productivity:NO 15/9-F-1 C:2016-03-23,NO 15/9-F-1 C,135.245,2016-03-23,253.65889699095177
productivity:NO 15/9-F-11 H:2013-08-07,NO 15/9-F-11 H,821.7136666666668,2013-08-07,648.425664177361
productivity:NO 15/9-F-11 H:2013-08-14,NO 15/9-F-11 H,827.3336666666668,2013-08-14,1256.78802392046
productivity:NO 15/9-F-11 H:2013-08-21,NO 15/9-F-11 H,729.0283333333334,2013-08-21,1505.1185297830204
productivity:NO 15/9-F-11 H:2013-08-28,NO 15/9-F-11 H,701.3833333333332,2013-08-28,1135.9353267941835
productivity:NO 15/9-F-11 H:2013-09-04,NO 15/9-F-11 H,925.0699999999998,2013-09-04,821.2843080237731
productivity:NO 15/9-F-11 H:2013-09-11,NO 15/9-F-11 H,942.2893333333334,2013-09-11,765.4423154440537
productivity:NO 15/9-F-11 H:2013-09-18,NO 15/9-F-11 H,1019.6460000000001,2013-09-18,751.4251423531091
productivity:NO 15/9-F-11 H:2013-09-26,NO 15/9-F-11 H,1113.163,2013-09-26,688.9722166460856
productivity:NO 15/9-F-11 H:2013-10-03,NO 15/9-F-11 H,1096.062333333333,2013-10-03,782.6438550471892
productivity:NO 15/9-F-11 H:2013-10-10,NO 15/9-F-11 H,1066.0973333333334,2013-10-10,817.3039064688326
productivity:NO 15/9-F-11 H:2013-10-17,NO 15/9-F-11 H,1107.4063333333334,2013-10-17,692.4721671527562
productivity:NO 15/9-F-11 H:2013-10-24,NO 15/9-F-11 H,1101.3456666666666,2013-10-24,760.4280871755432
productivity:NO 15/9-F-11 H:2013-10-31,NO 15/9-F-11 H,1177.658,2013-10-31,502.87925504424004
productivity:NO 15/9-F-11 H:2013-11-07,NO 15/9-F-11 H,1195.044333333333,2013-11-07,689.0176985235167
productivity:NO 15/9-F-11 H:2013-11-14,NO 15/9-F-11 H,1092.6986666666667,2013-11-14,728.576677826914
productivity:NO 15/9-F-11 H:2013-11-21,NO 15/9-F-11 H,1090.9866666666667,2013-11-21,715.3324812748913
productivity:NO 15/9-F-11 H:2013-11-28,NO 15/9-F-11 H,1078.217,2013-11-28,730.6738206319939
productivity:NO 15/9-F-11 H:2013-12-05,NO 15/9-F-11 H,1065.7736666666667,2013-12-05,752.0393189016168
productivity:NO 15/9-F-11 H:2013-12-12,NO 15/9-F-11 H,1111.9099999999999,2013-12-12,505.73773378897914
productivity:NO 15/9-F-11 H:2013-12-19,NO 15/9-F-11 H,1164.9506666666666,2013-12-19,696.0990809117376
productivity:NO 15/9-F-11 H:2013-12-26,NO 15/9-F-11 H,1176.448,2013-12-26,688.4236875647474
productivity:NO 15/9-F-11 H:2014-01-02,NO 15/9-F-11 H,1151.1909999999998,2014-01-02,677.2438868218339
productivity:NO 15/9-F-11 H:2014-01-09,NO 15/9-F-11 H,1145.9613333333332,2014-01-09,643.7720125995411
productivity:NO 15/9-F-11 H:2014-01-16,NO 15/9-F-11 H,1047.186,2014-01-16,672.8724827360415
productivity:NO 15/9-F-11 H:2014-01-23,NO 15/9-F-11 H,1016.8839999999999,2014-01-23,679.764475722744
productivity:NO 15/9-F-11 H:2014-01-31,NO 15/9-F-11 H,1058.0773333333334,2014-01-31,420.21615207561547
productivity:NO 15/9-F-11 H:2014-02-08,NO 15/9-F-11 H,1076.0746666666666,2014-02-08,416.61154797636715
productivity:NO 15/9-F-11 H:2014-02-15,NO 15/9-F-11 H,1223.2483333333332,2014-02-15,697.4409429842806
productivity:NO 15/9-F-11 H:2014-02-22,NO 15/9-F-11 H,1226.8269999999998,2014-02-22,668.9166793084634
productivity:NO 15/9-F-11 H:2014-03-01,NO 15/9-F-11 H,1067.6390000000001,2014-03-01,676.8723392456786
productivity:NO 15/9-F-11 H:2014-03-08,NO 15/9-F-11 H,1073.4586666666667,2014-03-08,687.6375769053564
productivity:NO 15/9-F-11 H:2014-03-15,NO 15/9-F-11 H,1001.0523333333333,2014-03-15,634.00196070551
productivity:NO 15/9-F-11 H:2014-03-22,NO 15/9-F-11 H,992.4476666666667,2014-03-22,629.1153323143337
productivity:NO 15/9-F-11 H:2014-03-29,NO 15/9-F-11 H,1144.6446666666668,2014-03-29,429.59327084985716
productivity:NO 15/9-F-11 H:2014-04-05,NO 15/9-F-11 H,1191.573,2014-04-05,574.8067207717775
productivity:NO 15/9-F-11 H:2014-04-12,NO 15/9-F-11 H,1227.953,2014-04-12,536.3827238481441
productivity:NO 15/9-F-11 H:2014-04-19,NO 15/9-F-11 H,1187.4710000000002,2014-04-19,533.0565823623838
productivity:NO 15/9-F-11 H:2014-04-26,NO 15/9-F-11 H,1154.9099999999999,2014-04-26,589.5928980360196
productivity:NO 15/9-F-11 H:2014-05-03,NO 15/9-F-11 H,1109.4663333333335,2014-05-03,598.8311486831044
productivity:NO 15/9-F-11 H:2014-05-10,NO 15/9-F-11 H,1103.3043333333333,2014-05-10,541.2695874462709
productivity:NO 15/9-F-11 H:2014-05-17,NO 15/9-F-11 H,1118.3623333333335,2014-05-17,574.4239504886721
productivity:NO 15/9-F-11 H:2014-05-24,NO 15/9-F-11 H,1138.423333333333,2014-05-24,555.7483912034364
productivity:NO 15/9-F-11 H:2014-05-31,NO 15/9-F-11 H,1129.7543333333335,2014-05-31,536.1289608390753
productivity:NO 15/9-F-11 H:2014-06-07,NO 15/9-F-11 H,1124.8756666666668,2014-06-07,505.50124161358224
productivity:NO 15/9-F-11 H:2014-06-14,NO 15/9-F-11 H,1103.5793333333336,2014-06-14,472.79343902548635
productivity:NO 15/9-F-11 H:2014-06-21,NO 15/9-F-11 H,1094.8136666666664,2014-06-21,457.2055481948138
productivity:NO 15/9-F-11 H:2014-06-28,NO 15/9-F-11 H,1092.951666666667,2014-06-28,479.2689645852169
productivity:NO 15/9-F-11 H:2014-07-05,NO 15/9-F-11 H,1103.8733333333334,2014-07-05,456.5611963376409
productivity:NO 15/9-F-11 H:2014-07-12,NO 15/9-F-11 H,1128.0033333333333,2014-07-12,444.292018803549
productivity:NO 15/9-F-11 H:2014-07-19,NO 15/9-F-11 H,1155.3990000000001,2014-07-19,429.12541188328373
productivity:NO 15/9-F-11 H:2014-07-26,NO 15/9-F-11 H,952.3713333333334,2014-07-26,430.8794968162971
productivity:NO 15/9-F-11 H:2014-08-02,NO 15/9-F-11 H,825.6486666666666,2014-08-02,429.683582613662
productivity:NO 15/9-F-11 H:2014-08-09,NO 15/9-F-11 H,780.172,2014-08-09,443.2655070003097
productivity:NO 15/9-F-11 H:2014-08-16,NO 15/9-F-11 H,782.919,2014-08-16,456.04192536292754
productivity:NO 15/9-F-11 H:2014-08-23,NO 15/9-F-11 H,937.7116666666667,2014-08-23,221.7842385843557
productivity:NO 15/9-F-11 H:2014-08-30,NO 15/9-F-11 H,1115.096666666667,2014-08-30,664.6359446246381
productivity:NO 15/9-F-11 H:2014-09-06,NO 15/9-F-11 H,1137.217,2014-09-06,489.1184290162653
productivity:NO 15/9-F-11 H:2014-09-13,NO 15/9-F-11 H,1109.206333333333,2014-09-13,493.241077914523
productivity:NO 15/9-F-11 H:2014-09-20,NO 15/9-F-11 H,1080.1253333333332,2014-09-20,553.029176327453
productivity:NO 15/9-F-11 H:2014-09-27,NO 15/9-F-11 H,1053.3623333333333,2014-09-27,606.0522027238057
productivity:NO 15/9-F-11 H:2014-10-04,NO 15/9-F-11 H,1084.3483333333336,2014-10-04,467.55898865130746
productivity:NO 15/9-F-11 H:2014-10-11,NO 15/9-F-11 H,1064.0793333333334,2014-10-11,454.71285787907107
productivity:NO 15/9-F-11 H:2014-10-18,NO 15/9-F-11 H,1044.1346666666668,2014-10-18,445.04625875840514
productivity:NO 15/9-F-11 H:2014-10-25,NO 15/9-F-11 H,1023.3083333333333,2014-10-25,439.85109550826826
productivity:NO 15/9-F-11 H:2014-11-01,NO 15/9-F-11 H,887.0500000000001,2014-11-01,404.86940514900743
productivity:NO 15/9-F-11 H:2014-11-08,NO 15/9-F-11 H,705.9596666666667,2014-11-08,396.3564072177365
productivity:NO 15/9-F-11 H:2014-11-15,NO 15/9-F-11 H,523.125,2014-11-15,394.3053767286944
productivity:NO 15/9-F-11 H:2014-11-22,NO 15/9-F-11 H,364.58733333333333,2014-11-22,387.55425446552204
productivity:NO 15/9-F-11 H:2014-11-29,NO 15/9-F-11 H,266.74566666666664,2014-11-29,607.1782763381644
productivity:NO 15/9-F-11 H:2014-12-06,NO 15/9-F-11 H,338.33500000000004,2014-12-06,780.4683233429538
productivity:NO 15/9-F-11 H:2014-12-13,NO 15/9-F-11 H,503.42566666666676,2014-12-13,777.3990071003454
productivity:NO 15/9-F-11 H:2014-12-20,NO 15/9-F-11 H,682.8160000000001,2014-12-20,631.9431031257644
productivity:NO 15/9-F-11 H:2014-12-27,NO 15/9-F-11 H,843.7990000000001,2014-12-27,448.2856092831805
productivity:NO 15/9-F-11 H:2015-01-03,NO 15/9-F-11 H,973.8906666666667,2015-01-03,448.840844576618
productivity:NO 15/9-F-11 H:2015-01-10,NO 15/9-F-11 H,929.4280000000001,2015-01-10,402.16662689014817
productivity:NO 15/9-F-11 H:2015-01-17,NO 15/9-F-11 H,892.4680000000002,2015-01-17,559.4713252112313
productivity:NO 15/9-F-11 H:2015-01-24,NO 15/9-F-11 H,897.1623333333333,2015-01-24,502.46949568798476
productivity:NO 15/9-F-11 H:2015-01-31,NO 15/9-F-11 H,910.3733333333333,2015-01-31,394.46714833437824
productivity:NO 15/9-F-11 H:2015-02-07,NO 15/9-F-11 H,999.4846666666667,2015-02-07,315.70279651533144
productivity:NO 15/9-F-11 H:2015-02-14,NO 15/9-F-11 H,1103.8106666666667,2015-02-14,306.2413261994945
productivity:NO 15/9-F-11 H:2015-02-21,NO 15/9-F-11 H,1315.3806666666667,2015-02-21,323.9507459681692
productivity:NO 15/9-F-11 H:2015-02-28,NO 15/9-F-11 H,1384.3130000000003,2015-02-28,325.3983880895574
productivity:NO 15/9-F-11 H:2015-03-07,NO 15/9-F-11 H,1563.5023333333334,2015-03-07,324.75088823577215
productivity:NO 15/9-F-11 H:2015-03-14,NO 15/9-F-11 H,1691.524666666667,2015-03-14,362.49047838379954
productivity:NO 15/9-F-11 H:2015-03-21,NO 15/9-F-11 H,1671.5186666666666,2015-03-21,615.3912049987869
productivity:NO 15/9-F-11 H:2015-03-28,NO 15/9-F-11 H,1820.069,2015-03-28,953.8446623180145
productivity:NO 15/9-F-11 H:2015-04-04,NO 15/9-F-11 H,1825.523,2015-04-04,1053.8883173476138
productivity:NO 15/9-F-11 H:2015-04-11,NO 15/9-F-11 H,1834.5916666666667,2015-04-11,1094.2669789248082
productivity:NO 15/9-F-11 H:2015-04-18,NO 15/9-F-11 H,1848.1510000000003,2015-04-18,1096.7933654967921
productivity:NO 15/9-F-11 H:2015-04-25,NO 15/9-F-11 H,1824.0753333333332,2015-04-25,645.7881342520352
productivity:NO 15/9-F-11 H:2015-05-02,NO 15/9-F-11 H,1770.7849999999999,2015-05-02,635.6098522980798
productivity:NO 15/9-F-11 H:2015-05-09,NO 15/9-F-11 H,1723.6756666666668,2015-05-09,625.3457354252013
productivity:NO 15/9-F-11 H:2015-05-16,NO 15/9-F-11 H,1680.9646666666667,2015-05-16,617.4394442481514
productivity:NO 15/9-F-11 H:2015-05-23,NO 15/9-F-11 H,1632.006,2015-05-23,615.8826711804576
productivity:NO 15/9-F-11 H:2015-05-30,NO 15/9-F-11 H,1613.6379999999997,2015-05-30,597.1460951151255
productivity:NO 15/9-F-11 H:2015-06-06,NO 15/9-F-11 H,1590.913,2015-06-06,568.3976074651289
productivity:NO 15/9-F-11 H:2015-06-13,NO 15/9-F-11 H,1555.7620000000002,2015-06-13,557.4288496753877
productivity:NO 15/9-F-11 H:2015-06-20,NO 15/9-F-11 H,1512.6436666666668,2015-06-20,539.0129059425514
productivity:NO 15/9-F-11 H:2015-06-27,NO 15/9-F-11 H,1450.6903333333332,2015-06-27,529.0090918162947
productivity:NO 15/9-F-11 H:2015-07-04,NO 15/9-F-11 H,1384.9006666666667,2015-07-04,538.3623789482109
productivity:NO 15/9-F-11 H:2015-07-11,NO 15/9-F-11 H,1327.5153333333333,2015-07-11,532.7254468526712
productivity:NO 15/9-F-11 H:2015-07-18,NO 15/9-F-11 H,1281.4816666666668,2015-07-18,529.3891339199437
productivity:NO 15/9-F-11 H:2015-07-25,NO 15/9-F-11 H,1243.1716666666664,2015-07-25,518.6311590410951
productivity:NO 15/9-F-11 H:2015-08-01,NO 15/9-F-11 H,1035.026,2015-08-01,463.065370689779
productivity:NO 15/9-F-11 H:2015-08-08,NO 15/9-F-11 H,971.7113333333331,2015-08-08,439.55203494196815
productivity:NO 15/9-F-11 H:2015-08-15,NO 15/9-F-11 H,929.2533333333333,2015-08-15,419.3226986998593
productivity:NO 15/9-F-11 H:2015-08-22,NO 15/9-F-11 H,893.2733333333333,2015-08-22,407.8222603857978
productivity:NO 15/9-F-11 H:2015-08-29,NO 15/9-F-11 H,955.9943333333333,2015-08-29,219.42709343423763
productivity:NO 15/9-F-11 H:2015-09-05,NO 15/9-F-11 H,1052.256,2015-09-05,477.87762155523234
productivity:NO 15/9-F-11 H:2015-09-12,NO 15/9-F-11 H,1081.5573333333334,2015-09-12,423.05924005612866
productivity:NO 15/9-F-11 H:2015-09-19,NO 15/9-F-11 H,1106.0546666666667,2015-09-19,402.2869948273032
productivity:NO 15/9-F-11 H:2015-09-26,NO 15/9-F-11 H,1131.7816666666668,2015-09-26,404.7217231101115
productivity:NO 15/9-F-11 H:2015-10-03,NO 15/9-F-11 H,916.7433333333333,2015-10-03,354.24444390545995
productivity:NO 15/9-F-11 H:2015-10-10,NO 15/9-F-11 H,917.7926666666665,2015-10-10,350.4802785881117
productivity:NO 15/9-F-11 H:2015-10-17,NO 15/9-F-11 H,954.7683333333333,2015-10-17,356.3053834971914
productivity:NO 15/9-F-11 H:2015-10-24,NO 15/9-F-11 H,993.438,2015-10-24,341.2316344643581
productivity:NO 15/9-F-11 H:2015-10-31,NO 15/9-F-11 H,1173.3993333333335,2015-10-31,482.7414284240425
productivity:NO 15/9-F-11 H:2015-11-07,NO 15/9-F-11 H,1275.3766666666668,2015-11-07,557.3249162885379
productivity:NO 15/9-F-11 H:2015-11-14,NO 15/9-F-11 H,1238.0686666666668,2015-11-14,572.4764922602321
productivity:NO 15/9-F-11 H:2015-11-21,NO 15/9-F-11 H,1209.1899999999998,2015-11-21,576.4417008193259
productivity:NO 15/9-F-11 H:2015-11-28,NO 15/9-F-11 H,1174.534666666667,2015-11-28,600.0778953520137
productivity:NO 15/9-F-11 H:2015-12-05,NO 15/9-F-11 H,1136.4939999999997,2015-12-05,437.98176852975564
productivity:NO 15/9-F-11 H:2015-12-12,NO 15/9-F-11 H,1103.4266666666665,2015-12-12,398.4508917831933
productivity:NO 15/9-F-11 H:2015-12-19,NO 15/9-F-11 H,1072.1719999999998,2015-12-19,396.430664012048
productivity:NO 15/9-F-11 H:2015-12-26,NO 15/9-F-11 H,1039.7983333333334,2015-12-26,378.2628749923059
productivity:NO 15/9-F-11 H:2016-01-02,NO 15/9-F-11 H,1017.5886666666665,2016-01-02,372.4399087572886
productivity:NO 15/9-F-11 H:2016-01-09,NO 15/9-F-11 H,1007.0426666666666,2016-01-09,398.9666717297888
productivity:NO 15/9-F-11 H:2016-01-16,NO 15/9-F-11 H,971.9763333333334,2016-01-16,426.38409844976485
productivity:NO 15/9-F-11 H:2016-01-23,NO 15/9-F-11 H,932.7723333333334,2016-01-23,422.4228983851778
productivity:NO 15/9-F-11 H:2016-01-30,NO 15/9-F-11 H,900.7943333333334,2016-01-30,407.11036593185014
productivity:NO 15/9-F-11 H:2016-02-06,NO 15/9-F-11 H,889.5450000000001,2016-02-06,386.79840106810457
productivity:NO 15/9-F-11 H:2016-02-13,NO 15/9-F-11 H,868.5553333333334,2016-02-13,381.11921483665736
productivity:NO 15/9-F-11 H:2016-02-20,NO 15/9-F-11 H,854.2560000000001,2016-02-20,375.1800483155095
productivity:NO 15/9-F-11 H:2016-02-27,NO 15/9-F-11 H,830.7246666666667,2016-02-27,379.96995203254414
productivity:NO 15/9-F-11 H:2016-03-05,NO 15/9-F-11 H,780.2696666666666,2016-03-05,386.6241891899842
productivity:NO 15/9-F-11 H:2016-03-12,NO 15/9-F-11 H,724.986,2016-03-12,389.7070866714412
productivity:NO 15/9-F-11 H:2016-03-19,NO 15/9-F-11 H,629.9066666666666,2016-03-19,381.95891543741755
productivity:NO 15/9-F-11 H:2016-03-26,NO 15/9-F-11 H,490.812,2016-03-26,375.12038767996654
productivity:NO 15/9-F-11 H:2016-04-02,NO 15/9-F-11 H,441.9353333333334,2016-04-02,366.263940131392
productivity:NO 15/9-F-11 H:2016-04-09,NO 15/9-F-11 H,413.6933333333333,2016-04-09,344.372230989571
productivity:NO 15/9-F-11 H:2016-04-16,NO 15/9-F-11 H,395.9489999999999,2016-04-16,331.45423223931306
productivity:NO 15/9-F-11 H:2016-04-23,NO 15/9-F-11 H,488.88666666666666,2016-04-23,181.7058804287519
productivity:NO 15/9-F-11 H:2016-04-30,NO 15/9-F-11 H,502.76900000000006,2016-04-30,283.7157969581699
productivity:NO 15/9-F-11 H:2016-05-07,NO 15/9-F-11 H,493.1373333333333,2016-05-07,268.40040133249073
productivity:NO 15/9-F-11 H:2016-05-14,NO 15/9-F-11 H,484.6336666666667,2016-05-14,262.67148701373463
productivity:NO 15/9-F-11 H:2016-05-21,NO 15/9-F-11 H,485.4309999999999,2016-05-21,298.9943635977832
productivity:NO 15/9-F-11 H:2016-05-28,NO 15/9-F-11 H,486.5083333333333,2016-05-28,298.5346817097107
productivity:NO 15/9-F-11 H:2016-06-04,NO 15/9-F-11 H,486.97399999999993,2016-06-04,294.973443120807
productivity:NO 15/9-F-11 H:2016-06-11,NO 15/9-F-11 H,484.81399999999996,2016-06-11,279.3949231916616
productivity:NO 15/9-F-11 H:2016-06-18,NO 15/9-F-11 H,477.81466666666677,2016-06-18,276.689887074265
productivity:NO 15/9-F-11 H:2016-06-25,NO 15/9-F-11 H,470.18500000000006,2016-06-25,277.96076992203496
productivity:NO 15/9-F-11 H:2016-07-02,NO 15/9-F-11 H,463.2203333333334,2016-07-02,278.8781480520838
productivity:NO 15/9-F-11 H:2016-07-09,NO 15/9-F-11 H,453.918,2016-07-09,281.9543899310094
productivity:NO 15/9-F-11 H:2016-07-16,NO 15/9-F-11 H,445.26066666666674,2016-07-16,276.5112863318677
productivity:NO 15/9-F-11 H:2016-07-23,NO 15/9-F-11 H,451.41533333333325,2016-07-23,282.83731218561934
productivity:NO 15/9-F-11 H:2016-07-30,NO 15/9-F-11 H,465.2206666666667,2016-07-30,287.13571833546047
productivity:NO 15/9-F-11 H:2016-08-06,NO 15/9-F-11 H,480.8186666666667,2016-08-06,298.65245644094
productivity:NO 15/9-F-11 H:2016-08-13,NO 15/9-F-11 H,504.58299999999997,2016-08-13,297.609625009198
productivity:NO 15/9-F-12 H:2008-03-13,NO 15/9-F-12 H,2732.7033333333334,2008-03-13,5206.6513485487985
productivity:NO 15/9-F-12 H:2008-03-20,NO 15/9-F-12 H,2460.3199999999997,2008-03-20,4500.089439717025
productivity:NO 15/9-F-12 H:2008-03-27,NO 15/9-F-12 H,2427.7889999999998,2008-03-27,2543.351459838657
productivity:NO 15/9-F-12 H:2008-04-03,NO 15/9-F-12 H,2597.429333333333,2008-04-03,4681.400508582221
productivity:NO 15/9-F-12 H:2008-04-10,NO 15/9-F-12 H,2626.5740000000005,2008-04-10,4724.820246672748
productivity:NO 15/9-F-12 H:2008-04-17,NO 15/9-F-12 H,3091.64,2008-04-17,4150.1250440239555
productivity:NO 15/9-F-12 H:2008-04-24,NO 15/9-F-12 H,3667.8376666666663,2008-04-24,3458.237001748296
productivity:NO 15/9-F-12 H:2008-05-02,NO 15/9-F-12 H,4077.032333333333,2008-05-02,3727.2619069233683
productivity:NO 15/9-F-12 H:2008-05-09,NO 15/9-F-12 H,4311.478666666666,2008-05-09,4066.477360074943
productivity:NO 15/9-F-12 H:2008-05-16,NO 15/9-F-12 H,4560.303666666666,2008-05-16,5399.179934565525
productivity:NO 15/9-F-12 H:2008-05-23,NO 15/9-F-12 H,4619.459,2008-05-23,8617.340114547182
productivity:NO 15/9-F-12 H:2008-05-30,NO 15/9-F-12 H,4605.422333333333,2008-05-30,29504.06670933231
productivity:NO 15/9-F-12 H:2008-06-06,NO 15/9-F-12 H,4966.104000000001,2008-06-06,34126.23972678471
productivity:NO 15/9-F-12 H:2008-06-13,NO 15/9-F-12 H,4734.109666666667,2008-06-13,44661.0526392824
productivity:NO 15/9-F-12 H:2008-06-20,NO 15/9-F-12 H,4421.467666666667,2008-06-20,46839.131989013316
productivity:NO 15/9-F-12 H:2008-06-27,NO 15/9-F-12 H,4009.0919999999996,2008-06-27,14846.77809956679
productivity:NO 15/9-F-12 H:2008-07-04,NO 15/9-F-12 H,3560.791,2008-07-04,15470.740099575562
productivity:NO 15/9-F-12 H:2008-07-11,NO 15/9-F-12 H,3029.5156666666667,2008-07-11,13098.303773542102
productivity:NO 15/9-F-12 H:2008-07-18,NO 15/9-F-12 H,3374.5599999999995,2008-07-18,16175.73835790551
productivity:NO 15/9-F-12 H:2008-07-25,NO 15/9-F-12 H,3510.7039999999997,2008-07-25,13263.032133785035
productivity:NO 15/9-F-12 H:2008-08-01,NO 15/9-F-12 H,3260.748666666667,2008-08-01,10900.588545257753
productivity:NO 15/9-F-12 H:2008-08-09,NO 15/9-F-12 H,2893.374333333333,2008-08-09,3450.150732426096
productivity:NO 15/9-F-12 H:2008-08-16,NO 15/9-F-12 H,2461.299666666667,2008-08-16,5270.508245155119
productivity:NO 15/9-F-12 H:2008-08-23,NO 15/9-F-12 H,2141.8003333333336,2008-08-23,9394.178510378475
productivity:NO 15/9-F-12 H:2008-08-30,NO 15/9-F-12 H,2440.346,2008-08-30,9278.058365481647
productivity:NO 15/9-F-12 H:2008-09-06,NO 15/9-F-12 H,3038.743333333334,2008-09-06,3576.0954515762255
productivity:NO 15/9-F-12 H:2008-09-13,NO 15/9-F-12 H,3243.823,2008-09-13,4993.599152131947
productivity:NO 15/9-F-12 H:2008-09-20,NO 15/9-F-12 H,3051.7160000000003,2008-09-20,2715.8909569823472
productivity:NO 15/9-F-12 H:2008-09-27,NO 15/9-F-12 H,3029.411333333333,2008-09-27,2707.276711335222
productivity:NO 15/9-F-12 H:2008-10-04,NO 15/9-F-12 H,3034.612,2008-10-04,3698.7247161814007
productivity:NO 15/9-F-12 H:2008-10-11,NO 15/9-F-12 H,3601.2490000000007,2008-10-11,4231.842810637082
productivity:NO 15/9-F-12 H:2008-10-18,NO 15/9-F-12 H,4130.1393333333335,2008-10-18,3114.7235386623224
productivity:NO 15/9-F-12 H:2008-10-25,NO 15/9-F-12 H,4568.384333333333,2008-10-25,2866.470331337473
productivity:NO 15/9-F-12 H:2008-11-01,NO 15/9-F-12 H,4863.851999999999,2008-11-01,2911.442318227192
productivity:NO 15/9-F-12 H:2008-11-08,NO 15/9-F-12 H,5002.848333333334,2008-11-08,3971.17286181663
productivity:NO 15/9-F-12 H:2008-11-15,NO 15/9-F-12 H,5039.825333333332,2008-11-15,6020.20078788455
productivity:NO 15/9-F-12 H:2008-11-22,NO 15/9-F-12 H,5151.137333333333,2008-11-22,6977.793774378898
productivity:NO 15/9-F-12 H:2008-11-29,NO 15/9-F-12 H,5332.2153333333345,2008-11-29,11629.974611496631
productivity:NO 15/9-F-12 H:2008-12-06,NO 15/9-F-12 H,5417.346666666666,2008-12-06,9853.766886871237
productivity:NO 15/9-F-12 H:2008-12-13,NO 15/9-F-12 H,5492.986,2008-12-13,10943.539957553097
productivity:NO 15/9-F-12 H:2008-12-20,NO 15/9-F-12 H,5362.199666666667,2008-12-20,12373.37041942134
productivity:NO 15/9-F-12 H:2008-12-27,NO 15/9-F-12 H,5104.521333333334,2008-12-27,13593.60251217628
productivity:NO 15/9-F-12 H:2009-01-03,NO 15/9-F-12 H,4926.315666666667,2009-01-03,13642.170305068956
productivity:NO 15/9-F-12 H:2009-01-10,NO 15/9-F-12 H,4637.035000000001,2009-01-10,13825.540944632749
productivity:NO 15/9-F-12 H:2009-01-17,NO 15/9-F-12 H,4428.483333333334,2009-01-17,18412.434512645264
productivity:NO 15/9-F-12 H:2009-01-24,NO 15/9-F-12 H,4427.546666666667,2009-01-24,18514.063352892932
productivity:NO 15/9-F-12 H:2009-01-31,NO 15/9-F-12 H,4358.069666666666,2009-01-31,16930.74512851717
productivity:NO 15/9-F-12 H:2009-02-07,NO 15/9-F-12 H,4194.769666666666,2009-02-07,14389.23623986036
productivity:NO 15/9-F-12 H:2009-02-14,NO 15/9-F-12 H,4028.4863333333337,2009-02-14,10897.2624329578
productivity:NO 15/9-F-12 H:2009-02-21,NO 15/9-F-12 H,3757.789,2009-02-21,11613.667159926947
productivity:NO 15/9-F-12 H:2009-02-28,NO 15/9-F-12 H,3067.1213333333335,2009-02-28,11912.180458090039
productivity:NO 15/9-F-12 H:2009-03-07,NO 15/9-F-12 H,3073.2576666666664,2009-03-07,11218.23189110545
productivity:NO 15/9-F-12 H:2009-03-14,NO 15/9-F-12 H,3338.223666666667,2009-03-14,8372.909653297018
productivity:NO 15/9-F-12 H:2009-03-21,NO 15/9-F-12 H,4075.667333333333,2009-03-21,8687.03973161649
productivity:NO 15/9-F-12 H:2009-03-28,NO 15/9-F-12 H,4562.586,2009-03-28,2334.66714686702
productivity:NO 15/9-F-12 H:2009-04-04,NO 15/9-F-12 H,5009.237999999999,2009-04-04,5352.42830636442
productivity:NO 15/9-F-12 H:2009-04-11,NO 15/9-F-12 H,4726.538333333333,2009-04-11,6079.699093008143
productivity:NO 15/9-F-12 H:2009-04-18,NO 15/9-F-12 H,4639.601,2009-04-18,9096.917584220599
productivity:NO 15/9-F-12 H:2009-04-25,NO 15/9-F-12 H,4649.788666666665,2009-04-25,9652.640574412697
productivity:NO 15/9-F-12 H:2009-05-02,NO 15/9-F-12 H,4721.5886666666665,2009-05-02,7533.640409087764
productivity:NO 15/9-F-12 H:2009-05-10,NO 15/9-F-12 H,5031.936333333335,2009-05-10,8099.014192760931
productivity:NO 15/9-F-12 H:2009-05-17,NO 15/9-F-12 H,5044.161000000001,2009-05-17,7535.154555788834
productivity:NO 15/9-F-12 H:2009-05-24,NO 15/9-F-12 H,4959.676,2009-05-24,8247.578711028626
productivity:NO 15/9-F-12 H:2009-05-31,NO 15/9-F-12 H,4501.007333333332,2009-05-31,8520.693590414587
productivity:NO 15/9-F-12 H:2009-06-07,NO 15/9-F-12 H,3928.797,2009-06-07,7972.096940850587
productivity:NO 15/9-F-12 H:2009-06-14,NO 15/9-F-12 H,3587.3333333333335,2009-06-14,7451.077217426132
productivity:NO 15/9-F-12 H:2009-06-21,NO 15/9-F-12 H,3196.8856666666666,2009-06-21,6562.709224603368
productivity:NO 15/9-F-12 H:2009-06-28,NO 15/9-F-12 H,3316.261333333333,2009-06-28,8624.234135500548
productivity:NO 15/9-F-12 H:2009-07-05,NO 15/9-F-12 H,3346.335666666667,2009-07-05,5911.84213093399
productivity:NO 15/9-F-12 H:2009-07-12,NO 15/9-F-12 H,3530.931,2009-07-12,4332.411792914897
productivity:NO 15/9-F-12 H:2009-07-19,NO 15/9-F-12 H,3813.938,2009-07-19,3020.2982358017935
productivity:NO 15/9-F-12 H:2009-07-26,NO 15/9-F-12 H,4112.12,2009-07-26,3367.5475082385647
productivity:NO 15/9-F-12 H:2009-08-02,NO 15/9-F-12 H,3624.097333333333,2009-08-02,4401.955046951654
productivity:NO 15/9-F-12 H:2009-08-10,NO 15/9-F-12 H,3485.3050000000003,2009-08-10,4697.072774054797
productivity:NO 15/9-F-12 H:2009-08-17,NO 15/9-F-12 H,3453.5840000000003,2009-08-17,4852.256129947009
productivity:NO 15/9-F-12 H:2009-08-24,NO 15/9-F-12 H,3307.254333333333,2009-08-24,6041.722645295563
productivity:NO 15/9-F-12 H:2009-08-31,NO 15/9-F-12 H,3003.296333333333,2009-08-31,4525.436603971216
productivity:NO 15/9-F-12 H:2009-09-08,NO 15/9-F-12 H,3795.3396666666667,2009-09-08,6743.881507401945
productivity:NO 15/9-F-12 H:2009-09-15,NO 15/9-F-12 H,3769.285333333333,2009-09-15,7204.3234986960915
productivity:NO 15/9-F-12 H:2009-09-22,NO 15/9-F-12 H,3673.2753333333335,2009-09-22,7561.854222128154
productivity:NO 15/9-F-12 H:2009-09-29,NO 15/9-F-12 H,3762.211,2009-09-29,4119.0877461152395
productivity:NO 15/9-F-12 H:2009-10-06,NO 15/9-F-12 H,4033.337333333334,2009-10-06,7686.65543951571
productivity:NO 15/9-F-12 H:2009-10-13,NO 15/9-F-12 H,4008.789333333333,2009-10-13,8840.6187408983
productivity:NO 15/9-F-12 H:2009-10-20,NO 15/9-F-12 H,4196.462333333333,2009-10-20,8100.322280776995
productivity:NO 15/9-F-12 H:2009-10-27,NO 15/9-F-12 H,4469.149,2009-10-27,7983.850913140485
productivity:NO 15/9-F-12 H:2009-11-03,NO 15/9-F-12 H,4547.122,2009-11-03,8563.554459549414
productivity:NO 15/9-F-12 H:2009-11-10,NO 15/9-F-12 H,4809.684333333334,2009-11-10,8329.83648855089
productivity:NO 15/9-F-12 H:2009-11-17,NO 15/9-F-12 H,5037.631,2009-11-17,8295.813405333674
productivity:NO 15/9-F-12 H:2009-11-24,NO 15/9-F-12 H,5002.078333333333,2009-11-24,6751.041659490801
productivity:NO 15/9-F-12 H:2009-12-01,NO 15/9-F-12 H,5091.943666666667,2009-12-01,7408.15718950977
productivity:NO 15/9-F-12 H:2009-12-08,NO 15/9-F-12 H,5092.796333333332,2009-12-08,8572.571091101858
productivity:NO 15/9-F-12 H:2009-12-15,NO 15/9-F-12 H,4988.656,2009-12-15,10179.460383171509
productivity:NO 15/9-F-12 H:2009-12-22,NO 15/9-F-12 H,5080.753666666668,2009-12-22,10592.337333146208
productivity:NO 15/9-F-12 H:2009-12-29,NO 15/9-F-12 H,4890.350333333334,2009-12-29,11343.857046512165
productivity:NO 15/9-F-12 H:2010-01-05,NO 15/9-F-12 H,4740.566666666667,2010-01-05,11601.231213052974
productivity:NO 15/9-F-12 H:2010-01-12,NO 15/9-F-12 H,4557.367,2010-01-12,10560.18738880347
productivity:NO 15/9-F-12 H:2010-01-19,NO 15/9-F-12 H,4190.075333333333,2010-01-19,9204.424459758766
productivity:NO 15/9-F-12 H:2010-01-26,NO 15/9-F-12 H,4029.884666666667,2010-01-26,9727.840180609757
productivity:NO 15/9-F-12 H:2010-02-02,NO 15/9-F-12 H,3666.3063333333334,2010-02-02,8793.144137045661
productivity:NO 15/9-F-12 H:2010-02-09,NO 15/9-F-12 H,3476.720333333333,2010-02-09,8140.31511775522
productivity:NO 15/9-F-12 H:2010-02-16,NO 15/9-F-12 H,3559.874666666666,2010-02-16,4767.93499060462
productivity:NO 15/9-F-12 H:2010-02-23,NO 15/9-F-12 H,3469.041999999999,2010-02-23,6766.465273614376
productivity:NO 15/9-F-12 H:2010-03-04,NO 15/9-F-12 H,3516.2330000000006,2010-03-04,7741.52243162151
productivity:NO 15/9-F-12 H:2010-03-12,NO 15/9-F-12 H,3415.830999999999,2010-03-12,5753.892761653047
productivity:NO 15/9-F-12 H:2010-03-19,NO 15/9-F-12 H,3299.0093333333334,2010-03-19,5101.481771892065
productivity:NO 15/9-F-12 H:2010-03-26,NO 15/9-F-12 H,3159.691666666666,2010-03-26,4865.984594142824
productivity:NO 15/9-F-12 H:2010-04-02,NO 15/9-F-12 H,2935.144333333333,2010-04-02,4112.211013647618
productivity:NO 15/9-F-12 H:2010-04-09,NO 15/9-F-12 H,2718.957666666667,2010-04-09,4708.023588758914
productivity:NO 15/9-F-12 H:2010-04-16,NO 15/9-F-12 H,2608.3103333333333,2010-04-16,3833.8148541110186
productivity:NO 15/9-F-12 H:2010-04-23,NO 15/9-F-12 H,2486.782333333333,2010-04-23,3114.7872700371386
productivity:NO 15/9-F-12 H:2010-04-30,NO 15/9-F-12 H,2527.3153333333335,2010-04-30,3563.811619033207
productivity:NO 15/9-F-12 H:2010-05-07,NO 15/9-F-12 H,2465.6986666666667,2010-05-07,2821.63219508508
productivity:NO 15/9-F-12 H:2010-05-14,NO 15/9-F-12 H,2410.809,2010-05-14,2676.8918926202678
productivity:NO 15/9-F-12 H:2010-05-21,NO 15/9-F-12 H,2335.464333333334,2010-05-21,2715.099225197539
productivity:NO 15/9-F-12 H:2010-05-28,NO 15/9-F-12 H,2295.862333333333,2010-05-28,2868.1990415368305
productivity:NO 15/9-F-12 H:2010-06-04,NO 15/9-F-12 H,2335.532666666667,2010-06-04,3237.3570594483735
productivity:NO 15/9-F-12 H:2010-06-11,NO 15/9-F-12 H,2363.5339999999997,2010-06-11,3153.6701775674755
productivity:NO 15/9-F-12 H:2010-06-18,NO 15/9-F-12 H,2264.962666666667,2010-06-18,2944.726669799843
productivity:NO 15/9-F-12 H:2010-06-25,NO 15/9-F-12 H,2156.724,2010-06-25,2827.915859306884
productivity:NO 15/9-F-12 H:2010-07-02,NO 15/9-F-12 H,2059.5006666666663,2010-07-02,2382.5713526377112
productivity:NO 15/9-F-12 H:2010-07-09,NO 15/9-F-12 H,1874.631,2010-07-09,2294.099680449922
productivity:NO 15/9-F-12 H:2010-07-16,NO 15/9-F-12 H,1809.5363333333335,2010-07-16,2469.7546632195085
productivity:NO 15/9-F-12 H:2010-07-23,NO 15/9-F-12 H,1446.3029999999999,2010-07-23,2617.0618502542616
productivity:NO 15/9-F-12 H:2010-07-30,NO 15/9-F-12 H,1159.6643333333334,2010-07-30,2543.33995994596
productivity:NO 15/9-F-12 H:2010-08-06,NO 15/9-F-12 H,1211.7710000000002,2010-08-06,2063.529107740143
productivity:NO 15/9-F-12 H:2010-08-13,NO 15/9-F-12 H,1262.4526666666668,2010-08-13,1900.7745740353691
productivity:NO 15/9-F-12 H:2010-08-23,NO 15/9-F-12 H,1404.853,2010-08-23,851.4907749325146
productivity:NO 15/9-F-12 H:2010-08-31,NO 15/9-F-12 H,1729.8120000000004,2010-08-31,2789.3934624721373
productivity:NO 15/9-F-12 H:2010-09-07,NO 15/9-F-12 H,1666.3723333333332,2010-09-07,2299.7127885152304
productivity:NO 15/9-F-12 H:2010-09-14,NO 15/9-F-12 H,1590.6453333333334,2010-09-14,2313.739875093404
productivity:NO 15/9-F-12 H:2010-09-21,NO 15/9-F-12 H,1558.4953333333333,2010-09-21,2358.928117373202
productivity:NO 15/9-F-12 H:2010-09-28,NO 15/9-F-12 H,1651.5580000000002,2010-09-28,2387.9968812008137
productivity:NO 15/9-F-12 H:2010-10-05,NO 15/9-F-12 H,1645.5686666666666,2010-10-05,2466.97799096833
productivity:NO 15/9-F-12 H:2010-10-12,NO 15/9-F-12 H,1629.5960000000002,2010-10-12,1998.1519195260964
productivity:NO 15/9-F-12 H:2010-10-19,NO 15/9-F-12 H,1510.9270000000004,2010-10-19,410.12531994504855
productivity:NO 15/9-F-12 H:2010-10-26,NO 15/9-F-12 H,1484.5713333333335,2010-10-26,465.6605771252807
productivity:NO 15/9-F-12 H:2010-11-02,NO 15/9-F-12 H,1482.7086666666667,2010-11-02,471.0540983682749
productivity:NO 15/9-F-12 H:2010-11-09,NO 15/9-F-12 H,1486.3966666666668,2010-11-09,276.0398645146268
productivity:NO 15/9-F-12 H:2010-11-16,NO 15/9-F-12 H,1508.6563333333336,2010-11-16,108.84812148350811
productivity:NO 15/9-F-12 H:2010-11-23,NO 15/9-F-12 H,1512.5003333333334,2010-11-23,274.056572004764
productivity:NO 15/9-F-12 H:2010-11-30,NO 15/9-F-12 H,1466.4983333333332,2010-11-30,280.4017270715635
productivity:NO 15/9-F-12 H:2010-12-07,NO 15/9-F-12 H,1437.0380000000002,2010-12-07,284.24511521236
productivity:NO 15/9-F-12 H:2010-12-14,NO 15/9-F-12 H,1448.7816666666665,2010-12-14,276.9899556917087
productivity:NO 15/9-F-12 H:2010-12-21,NO 15/9-F-12 H,1456.3386666666665,2010-12-21,220.62488432486347
productivity:NO 15/9-F-12 H:2010-12-28,NO 15/9-F-12 H,1440.033,2010-12-28,216.2401183891884
productivity:NO 15/9-F-12 H:2011-01-04,NO 15/9-F-12 H,1392.2756666666662,2011-01-04,209.9235593530992
productivity:NO 15/9-F-12 H:2011-01-11,NO 15/9-F-12 H,1366.4013333333335,2011-01-11,213.17633241467686
productivity:NO 15/9-F-12 H:2011-01-18,NO 15/9-F-12 H,1270.5693333333334,2011-01-18,218.14678977424083
productivity:NO 15/9-F-12 H:2011-01-25,NO 15/9-F-12 H,1219.8546666666668,2011-01-25,215.14280336150807
productivity:NO 15/9-F-12 H:2011-02-01,NO 15/9-F-12 H,1156.6600000000003,2011-02-01,205.5041137991222
productivity:NO 15/9-F-12 H:2011-02-11,NO 15/9-F-12 H,1147.5813333333333,2011-02-11,232.704959424218
productivity:NO 15/9-F-12 H:2011-02-18,NO 15/9-F-12 H,1168.9803333333334,2011-02-18,235.323504947753
productivity:NO 15/9-F-12 H:2011-02-25,NO 15/9-F-12 H,1188.0846666666666,2011-02-25,233.21419706572917
productivity:NO 15/9-F-12 H:2011-03-04,NO 15/9-F-12 H,1219.1566666666663,2011-03-04,221.14713908936199
productivity:NO 15/9-F-12 H:2011-03-11,NO 15/9-F-12 H,1251.9963333333333,2011-03-11,209.2654706754174
productivity:NO 15/9-F-12 H:2011-03-18,NO 15/9-F-12 H,1268.0576666666666,2011-03-18,100.87404192423196
productivity:NO 15/9-F-12 H:2011-03-25,NO 15/9-F-12 H,1259.4963333333335,2011-03-25,181.70257250383835
productivity:NO 15/9-F-12 H:2011-04-01,NO 15/9-F-12 H,1260.657333333333,2011-04-01,177.963250559365
productivity:NO 15/9-F-12 H:2011-04-08,NO 15/9-F-12 H,1261.0790000000002,2011-04-08,180.11503627881348
productivity:NO 15/9-F-12 H:2011-04-15,NO 15/9-F-12 H,1245.3639999999998,2011-04-15,177.04349193061896
productivity:NO 15/9-F-12 H:2011-04-22,NO 15/9-F-12 H,1213.9350000000002,2011-04-22,143.1007396519402
productivity:NO 15/9-F-12 H:2011-04-29,NO 15/9-F-12 H,1202.1043333333332,2011-04-29,138.6501094614854
productivity:NO 15/9-F-12 H:2011-05-06,NO 15/9-F-12 H,1177.7239999999997,2011-05-06,134.5396361397516
productivity:NO 15/9-F-12 H:2011-05-13,NO 15/9-F-12 H,1168.4863333333335,2011-05-13,135.65728037740234
productivity:NO 15/9-F-12 H:2011-05-20,NO 15/9-F-12 H,1160.7456666666665,2011-05-20,129.22870192959383
productivity:NO 15/9-F-12 H:2011-05-27,NO 15/9-F-12 H,989.6726666666666,2011-05-27,132.12738212833594
productivity:NO 15/9-F-12 H:2011-06-03,NO 15/9-F-12 H,832.0719999999999,2011-06-03,105.17722205420678
productivity:NO 15/9-F-12 H:2011-06-10,NO 15/9-F-12 H,629.9896666666666,2011-06-10,135.75913909061885
productivity:NO 15/9-F-12 H:2011-06-17,NO 15/9-F-12 H,493.8713333333333,2011-06-17,133.81641507643695
productivity:NO 15/9-F-12 H:2011-07-02,NO 15/9-F-12 H,385.069,2011-07-02,174.13912107288402
productivity:NO 15/9-F-12 H:2011-07-10,NO 15/9-F-12 H,611.566,2011-07-10,77.0818001030285
productivity:NO 15/9-F-12 H:2011-07-18,NO 15/9-F-12 H,859.499,2011-07-18,58.45505020058979
productivity:NO 15/9-F-12 H:2011-07-26,NO 15/9-F-12 H,1038.684,2011-07-26,62.91625659826042
productivity:NO 15/9-F-12 H:2011-08-02,NO 15/9-F-12 H,1212.6716666666666,2011-08-02,29.94772371673853
productivity:NO 15/9-F-12 H:2011-08-09,NO 15/9-F-12 H,1278.1086666666663,2011-08-09,88.74826791532726
productivity:NO 15/9-F-12 H:2011-08-16,NO 15/9-F-12 H,1171.6773333333335,2011-08-16,145.51174142063965
productivity:NO 15/9-F-12 H:2011-08-23,NO 15/9-F-12 H,1085.1166666666666,2011-08-23,186.02161218959225
productivity:NO 15/9-F-12 H:2011-08-30,NO 15/9-F-12 H,1014.7826666666665,2011-08-30,206.81487166519628
productivity:NO 15/9-F-12 H:2011-09-06,NO 15/9-F-12 H,969.1333333333334,2011-09-06,134.82765548815286
productivity:NO 15/9-F-12 H:2011-09-13,NO 15/9-F-12 H,893.2523333333335,2011-09-13,125.48626883551026
productivity:NO 15/9-F-12 H:2011-09-20,NO 15/9-F-12 H,756.6233333333333,2011-09-20,131.54849716026686
productivity:NO 15/9-F-12 H:2011-09-27,NO 15/9-F-12 H,546.9636666666667,2011-09-27,130.5674244046187
productivity:NO 15/9-F-12 H:2011-10-04,NO 15/9-F-12 H,370.24300000000005,2011-10-04,132.17642925306944
productivity:NO 15/9-F-12 H:2011-10-11,NO 15/9-F-12 H,419.94599999999997,2011-10-11,135.65550434324612
productivity:NO 15/9-F-12 H:2011-10-21,NO 15/9-F-12 H,556.7696666666667,2011-10-21,65.69894359668376
productivity:NO 15/9-F-12 H:2011-10-29,NO 15/9-F-12 H,770.6616666666666,2011-10-29,85.83463497581933
productivity:NO 15/9-F-12 H:2011-11-05,NO 15/9-F-12 H,891.6550000000001,2011-11-05,57.81077864037378
productivity:NO 15/9-F-12 H:2011-11-12,NO 15/9-F-12 H,902.1890000000002,2011-11-12,57.714521474502526
productivity:NO 15/9-F-12 H:2011-11-19,NO 15/9-F-12 H,777.85,2011-11-19,118.73003926179015
productivity:NO 15/9-F-12 H:2011-12-02,NO 15/9-F-12 H,753.8826666666668,2011-12-02,132.9648307585279
productivity:NO 15/9-F-12 H:2011-12-12,NO 15/9-F-12 H,843.9213333333332,2011-12-12,171.434864095872
productivity:NO 15/9-F-12 H:2011-12-20,NO 15/9-F-12 H,883.2639999999999,2011-12-20,163.96108662960526
productivity:NO 15/9-F-12 H:2011-12-28,NO 15/9-F-12 H,934.3670000000002,2011-12-28,112.63205902245673
productivity:NO 15/9-F-12 H:2012-01-22,NO 15/9-F-12 H,958.1816666666665,2012-01-22,100.51856192758545
productivity:NO 15/9-F-12 H:2012-01-30,NO 15/9-F-12 H,966.5346666666667,2012-01-30,184.20023478950975
productivity:NO 15/9-F-12 H:2012-02-06,NO 15/9-F-12 H,916.5733333333333,2012-02-06,173.42168757405926
productivity:NO 15/9-F-12 H:2012-02-13,NO 15/9-F-12 H,901.3533333333332,2012-02-13,169.5244998664939
productivity:NO 15/9-F-12 H:2012-02-20,NO 15/9-F-12 H,877.122,2012-02-20,153.74569343040955
productivity:NO 15/9-F-12 H:2012-02-27,NO 15/9-F-12 H,865.5136666666666,2012-02-27,132.11433540517137
productivity:NO 15/9-F-12 H:2012-03-05,NO 15/9-F-12 H,853.5849999999999,2012-03-05,119.31656497286156
productivity:NO 15/9-F-12 H:2012-03-12,NO 15/9-F-12 H,842.7406666666667,2012-03-12,110.78462114135446
productivity:NO 15/9-F-12 H:2012-03-19,NO 15/9-F-12 H,844.1116666666668,2012-03-19,98.37857397058448
productivity:NO 15/9-F-12 H:2012-03-26,NO 15/9-F-12 H,834.1510000000001,2012-03-26,94.51538616012293
productivity:NO 15/9-F-12 H:2012-04-02,NO 15/9-F-12 H,800.2133333333334,2012-04-02,98.07840842638095
productivity:NO 15/9-F-12 H:2012-04-09,NO 15/9-F-12 H,780.4203333333335,2012-04-09,98.17200164345758
productivity:NO 15/9-F-12 H:2012-04-16,NO 15/9-F-12 H,756.0006666666668,2012-04-16,96.53525425416551
productivity:NO 15/9-F-12 H:2012-04-23,NO 15/9-F-12 H,727.3103333333333,2012-04-23,96.57676192090082
productivity:NO 15/9-F-12 H:2012-04-30,NO 15/9-F-12 H,722.7753333333333,2012-04-30,101.73293142462701
productivity:NO 15/9-F-12 H:2012-05-07,NO 15/9-F-12 H,717.9910000000001,2012-05-07,100.99482116576868
productivity:NO 15/9-F-12 H:2012-05-14,NO 15/9-F-12 H,722.4470000000001,2012-05-14,99.66853490903385
productivity:NO 15/9-F-12 H:2012-05-21,NO 15/9-F-12 H,718.9196666666666,2012-05-21,97.05112798391396
productivity:NO 15/9-F-12 H:2012-05-28,NO 15/9-F-12 H,707.7839999999999,2012-05-28,96.71797686704069
productivity:NO 15/9-F-12 H:2012-06-04,NO 15/9-F-12 H,689.575,2012-06-04,93.31174308471647
productivity:NO 15/9-F-12 H:2012-06-11,NO 15/9-F-12 H,675.0020000000001,2012-06-11,94.34175143683021
productivity:NO 15/9-F-12 H:2012-06-18,NO 15/9-F-12 H,668.7620000000001,2012-06-18,93.91543689692891
productivity:NO 15/9-F-12 H:2012-06-25,NO 15/9-F-12 H,678.7540000000001,2012-06-25,93.4286703498227
productivity:NO 15/9-F-12 H:2012-07-02,NO 15/9-F-12 H,684.9860000000001,2012-07-02,90.07155237214543
productivity:NO 15/9-F-12 H:2012-07-09,NO 15/9-F-12 H,690.9660000000001,2012-07-09,90.94073860960903
productivity:NO 15/9-F-12 H:2012-07-16,NO 15/9-F-12 H,667.8276666666667,2012-07-16,91.2334158024244
productivity:NO 15/9-F-12 H:2012-07-23,NO 15/9-F-12 H,506.93566666666663,2012-07-23,85.7461318711355
productivity:NO 15/9-F-12 H:2012-07-30,NO 15/9-F-12 H,346.6673333333334,2012-07-30,85.41587175920533
productivity:NO 15/9-F-12 H:2012-08-06,NO 15/9-F-12 H,183.86299999999997,2012-08-06,83.63627195248792
productivity:NO 15/9-F-12 H:2012-08-13,NO 15/9-F-12 H,21.098666666666666,2012-08-13,84.25178740704325
productivity:NO 15/9-F-12 H:2012-08-22,NO 15/9-F-12 H,139.282,2012-08-22,30.223285653625933
productivity:NO 15/9-F-12 H:2012-08-29,NO 15/9-F-12 H,308.95300000000003,2012-08-29,24.8974706035313
productivity:NO 15/9-F-12 H:2012-09-11,NO 15/9-F-12 H,477.377,2012-09-11,16.302919987442436
productivity:NO 15/9-F-12 H:2012-09-25,NO 15/9-F-12 H,642.0606666666665,2012-09-25,23.612941718808166
productivity:NO 15/9-F-12 H:2012-10-03,NO 15/9-F-12 H,712.6063333333333,2012-10-03,47.8474736841581
productivity:NO 15/9-F-12 H:2012-10-10,NO 15/9-F-12 H,686.385,2012-10-10,91.7194635147695
productivity:NO 15/9-F-12 H:2012-10-28,NO 15/9-F-12 H,642.7826666666666,2012-10-28,151.89044750124745
productivity:NO 15/9-F-12 H:2012-11-04,NO 15/9-F-12 H,628.0823333333333,2012-11-04,115.22204512041041
productivity:NO 15/9-F-12 H:2012-11-11,NO 15/9-F-12 H,617.8726666666666,2012-11-11,115.46692479054147
productivity:NO 15/9-F-12 H:2012-11-18,NO 15/9-F-12 H,562.6560000000001,2012-11-18,112.76548531480961
productivity:NO 15/9-F-12 H:2012-11-25,NO 15/9-F-12 H,542.9913333333334,2012-11-25,83.14802243471503
productivity:NO 15/9-F-12 H:2012-12-02,NO 15/9-F-12 H,523.5753333333334,2012-12-02,81.36841762262662
productivity:NO 15/9-F-12 H:2012-12-09,NO 15/9-F-12 H,514.345,2012-12-09,80.2278349757513
productivity:NO 15/9-F-12 H:2012-12-16,NO 15/9-F-12 H,553.0133333333334,2012-12-16,45.215862893848126
productivity:NO 15/9-F-12 H:2012-12-23,NO 15/9-F-12 H,553.755,2012-12-23,93.08264724050547
productivity:NO 15/9-F-12 H:2012-12-30,NO 15/9-F-12 H,559.7880000000001,2012-12-30,90.02768311243702
productivity:NO 15/9-F-12 H:2013-01-06,NO 15/9-F-12 H,562.267,2013-01-06,90.2990062042126
productivity:NO 15/9-F-12 H:2013-01-13,NO 15/9-F-12 H,555.269,2013-01-13,85.7398498386398
productivity:NO 15/9-F-12 H:2013-01-20,NO 15/9-F-12 H,552.1556666666668,2013-01-20,78.91788612781934
productivity:NO 15/9-F-12 H:2013-01-27,NO 15/9-F-12 H,543.5306666666667,2013-01-27,82.97349285552792
productivity:NO 15/9-F-12 H:2013-02-03,NO 15/9-F-12 H,535.9353333333333,2013-02-03,79.27710474988909
productivity:NO 15/9-F-12 H:2013-02-10,NO 15/9-F-12 H,455.85499999999996,2013-02-10,79.2963882314272
productivity:NO 15/9-F-12 H:2013-02-17,NO 15/9-F-12 H,330.2916666666667,2013-02-17,79.40436522238474
productivity:NO 15/9-F-12 H:2013-02-24,NO 15/9-F-12 H,253.582,2013-02-24,78.86055315937092
productivity:NO 15/9-F-12 H:2013-03-03,NO 15/9-F-12 H,193.832,2013-03-03,76.16610583594354
productivity:NO 15/9-F-12 H:2013-03-13,NO 15/9-F-12 H,212.16133333333332,2013-03-13,60.154898583489974
productivity:NO 15/9-F-12 H:2013-03-20,NO 15/9-F-12 H,350.75366666666673,2013-03-20,26.761775035566757
productivity:NO 15/9-F-12 H:2013-03-27,NO 15/9-F-12 H,463.153,2013-03-27,86.90577592102714
productivity:NO 15/9-F-12 H:2013-04-04,NO 15/9-F-12 H,508.32500000000005,2013-04-04,17.444160486871457
productivity:NO 15/9-F-12 H:2013-04-14,NO 15/9-F-12 H,574.998,2013-04-14,72.20014097104439
productivity:NO 15/9-F-12 H:2013-04-21,NO 15/9-F-12 H,542.4546666666668,2013-04-21,103.91857466571638
productivity:NO 15/9-F-12 H:2013-04-28,NO 15/9-F-12 H,530.0833333333333,2013-04-28,118.04227363604119
productivity:NO 15/9-F-12 H:2013-05-05,NO 15/9-F-12 H,522.1383333333333,2013-05-05,121.75515751385046
productivity:NO 15/9-F-12 H:2013-05-12,NO 15/9-F-12 H,503.1023333333333,2013-05-12,83.30884962673582
productivity:NO 15/9-F-12 H:2013-05-19,NO 15/9-F-12 H,514.3380000000001,2013-05-19,88.54543260887178
productivity:NO 15/9-F-12 H:2013-05-26,NO 15/9-F-12 H,464.207,2013-05-26,88.48128584086938
productivity:NO 15/9-F-12 H:2013-06-02,NO 15/9-F-12 H,430.21166666666676,2013-06-02,90.34964397602137
productivity:NO 15/9-F-12 H:2013-06-09,NO 15/9-F-12 H,401.3523333333334,2013-06-09,88.85052903042387
productivity:NO 15/9-F-12 H:2013-06-16,NO 15/9-F-12 H,413.14300000000003,2013-06-16,85.47748867058039
productivity:NO 15/9-F-12 H:2013-06-23,NO 15/9-F-12 H,387.07733333333334,2013-06-23,22.851894202140468
productivity:NO 15/9-F-12 H:2013-07-02,NO 15/9-F-12 H,378.53666666666675,2013-07-02,113.38175156599905
productivity:NO 15/9-F-12 H:2013-07-09,NO 15/9-F-12 H,367.4703333333334,2013-07-09,113.43908932053778
productivity:NO 15/9-F-12 H:2013-07-16,NO 15/9-F-12 H,374.1713333333334,2013-07-16,115.62884266548045
productivity:NO 15/9-F-12 H:2013-07-23,NO 15/9-F-12 H,384.55833333333334,2013-07-23,37.23179077545098
productivity:NO 15/9-F-12 H:2013-07-30,NO 15/9-F-12 H,475.542,2013-07-30,41.20806867792312
productivity:NO 15/9-F-12 H:2013-08-06,NO 15/9-F-12 H,528.4496666666668,2013-08-06,119.2665604067336
productivity:NO 15/9-F-12 H:2013-08-13,NO 15/9-F-12 H,467.86699999999996,2013-08-13,128.83081290212536
productivity:NO 15/9-F-12 H:2013-08-20,NO 15/9-F-12 H,401.61766666666676,2013-08-20,129.62329902866514
productivity:NO 15/9-F-12 H:2013-08-27,NO 15/9-F-12 H,358.34466666666674,2013-08-27,123.7733133344449
productivity:NO 15/9-F-12 H:2013-09-03,NO 15/9-F-12 H,305.54266666666666,2013-09-03,78.9338699041234
productivity:NO 15/9-F-12 H:2013-09-10,NO 15/9-F-12 H,291.028,2013-09-10,91.22404462189144
productivity:NO 15/9-F-12 H:2013-09-17,NO 15/9-F-12 H,294.2006666666666,2013-09-17,106.98067721890312
productivity:NO 15/9-F-12 H:2013-09-25,NO 15/9-F-12 H,284.54333333333335,2013-09-25,112.78202331877392
productivity:NO 15/9-F-12 H:2013-10-02,NO 15/9-F-12 H,264.31,2013-10-02,114.2959061475679
productivity:NO 15/9-F-12 H:2013-10-09,NO 15/9-F-12 H,227.96733333333336,2013-10-09,97.89660010950956
productivity:NO 15/9-F-12 H:2013-10-16,NO 15/9-F-12 H,232.39933333333337,2013-10-16,87.07518668008309
productivity:NO 15/9-F-12 H:2013-10-23,NO 15/9-F-12 H,229.82066666666663,2013-10-23,82.30172429695092
productivity:NO 15/9-F-12 H:2013-10-30,NO 15/9-F-12 H,235.30933333333334,2013-10-30,43.53053895025997
productivity:NO 15/9-F-12 H:2013-11-06,NO 15/9-F-12 H,256.98333333333335,2013-11-06,28.454705025790346
productivity:NO 15/9-F-12 H:2013-11-13,NO 15/9-F-12 H,245.96166666666664,2013-11-13,82.44506232963288
productivity:NO 15/9-F-12 H:2013-11-20,NO 15/9-F-12 H,237.03866666666667,2013-11-20,79.77982055069496
productivity:NO 15/9-F-12 H:2013-11-27,NO 15/9-F-12 H,231.8713333333333,2013-11-27,80.22537535416663
productivity:NO 15/9-F-12 H:2013-12-04,NO 15/9-F-12 H,226.5703333333333,2013-12-04,83.54289933974597
productivity:NO 15/9-F-12 H:2013-12-11,NO 15/9-F-12 H,230.67700000000005,2013-12-11,46.06417141547648
productivity:NO 15/9-F-12 H:2013-12-18,NO 15/9-F-12 H,246.67966666666672,2013-12-18,70.35809214224605
productivity:NO 15/9-F-12 H:2013-12-25,NO 15/9-F-12 H,198.88033333333337,2013-12-25,71.0962705746104
productivity:NO 15/9-F-12 H:2014-01-01,NO 15/9-F-12 H,166.57466666666667,2014-01-01,63.97251211236132
productivity:NO 15/9-F-12 H:2014-01-08,NO 15/9-F-12 H,162.268,2014-01-08,68.81729118779079
productivity:NO 15/9-F-12 H:2014-01-15,NO 15/9-F-12 H,139.59,2014-01-15,69.29952930913608
productivity:NO 15/9-F-12 H:2014-01-22,NO 15/9-F-12 H,174.59233333333333,2014-01-22,22.97391497272215
productivity:NO 15/9-F-12 H:2014-01-29,NO 15/9-F-12 H,220.733,2014-01-29,41.62622468037879
productivity:NO 15/9-F-12 H:2014-02-06,NO 15/9-F-12 H,232.51266666666666,2014-02-06,86.2041639687097
productivity:NO 15/9-F-12 H:2014-02-14,NO 15/9-F-12 H,261.28766666666667,2014-02-14,78.64913491852404
productivity:NO 15/9-F-12 H:2014-02-21,NO 15/9-F-12 H,256.53,2014-02-21,82.81813431795692
productivity:NO 15/9-F-12 H:2014-02-28,NO 15/9-F-12 H,220.78733333333335,2014-02-28,85.72201901924379
productivity:NO 15/9-F-12 H:2014-03-07,NO 15/9-F-12 H,213.28066666666666,2014-03-07,82.2659453810547
productivity:NO 15/9-F-12 H:2014-03-14,NO 15/9-F-12 H,193.8863333333333,2014-03-14,66.17715335199412
productivity:NO 15/9-F-12 H:2014-03-21,NO 15/9-F-12 H,186.43666666666664,2014-03-21,62.85082693636241
productivity:NO 15/9-F-12 H:2014-03-28,NO 15/9-F-12 H,189.09966666666668,2014-03-28,36.34735485875569
productivity:NO 15/9-F-12 H:2014-04-04,NO 15/9-F-12 H,191.03699999999998,2014-04-04,75.56982823281615
productivity:NO 15/9-F-12 H:2014-04-11,NO 15/9-F-12 H,180.296,2014-04-11,73.3896351604769
productivity:NO 15/9-F-12 H:2014-04-18,NO 15/9-F-12 H,153.81599999999997,2014-04-18,82.35859682221918
productivity:NO 15/9-F-12 H:2014-04-25,NO 15/9-F-12 H,110.79566666666666,2014-04-25,83.82337479266269
productivity:NO 15/9-F-12 H:2014-05-02,NO 15/9-F-12 H,101.44800000000001,2014-05-02,80.89554886090508
productivity:NO 15/9-F-12 H:2014-05-09,NO 15/9-F-12 H,105.36966666666667,2014-05-09,44.63043750763241
productivity:NO 15/9-F-12 H:2014-05-16,NO 15/9-F-12 H,130.19433333333333,2014-05-16,42.608536209676245
productivity:NO 15/9-F-12 H:2014-05-23,NO 15/9-F-12 H,174.0206666666667,2014-05-23,27.77316636638712
productivity:NO 15/9-F-12 H:2014-05-30,NO 15/9-F-12 H,191.94199999999998,2014-05-30,81.64356296542658
productivity:NO 15/9-F-12 H:2014-06-06,NO 15/9-F-12 H,189.98633333333336,2014-06-06,83.40430377841786
productivity:NO 15/9-F-12 H:2014-06-13,NO 15/9-F-12 H,185.37599999999995,2014-06-13,89.82675771326694
productivity:NO 15/9-F-12 H:2014-06-20,NO 15/9-F-12 H,184.7473333333333,2014-06-20,91.50982772154369
productivity:NO 15/9-F-12 H:2014-06-27,NO 15/9-F-12 H,187.76066666666665,2014-06-27,37.341277980024564
productivity:NO 15/9-F-12 H:2014-07-04,NO 15/9-F-12 H,186.66133333333335,2014-07-04,63.04202658243131
productivity:NO 15/9-F-12 H:2014-07-11,NO 15/9-F-12 H,184.5056666666667,2014-07-11,61.3447426770944
productivity:NO 15/9-F-12 H:2014-07-18,NO 15/9-F-12 H,181.27466666666666,2014-07-18,61.991508662294876
productivity:NO 15/9-F-12 H:2014-07-25,NO 15/9-F-12 H,149.1283333333333,2014-07-25,61.715012065130594
productivity:NO 15/9-F-12 H:2014-08-01,NO 15/9-F-12 H,141.81466666666665,2014-08-01,64.17758353577948
productivity:NO 15/9-F-12 H:2014-08-08,NO 15/9-F-12 H,142.83333333333334,2014-08-08,63.907517706528466
productivity:NO 15/9-F-12 H:2014-08-15,NO 15/9-F-12 H,142.311,2014-08-15,63.96597508102191
productivity:NO 15/9-F-12 H:2014-08-22,NO 15/9-F-12 H,159.17033333333336,2014-08-22,18.781961586387133
productivity:NO 15/9-F-12 H:2014-08-29,NO 15/9-F-12 H,177.38066666666663,2014-08-29,87.26469811656148
productivity:NO 15/9-F-12 H:2014-09-05,NO 15/9-F-12 H,165.58533333333338,2014-09-05,91.83435424291676
productivity:NO 15/9-F-12 H:2014-09-12,NO 15/9-F-12 H,165.46166666666667,2014-09-12,90.87297947499405
productivity:NO 15/9-F-12 H:2014-09-19,NO 15/9-F-12 H,165.89400000000006,2014-09-19,90.82809959089596
productivity:NO 15/9-F-12 H:2014-09-26,NO 15/9-F-12 H,166.34566666666666,2014-09-26,63.70241714684533
productivity:NO 15/9-F-12 H:2014-10-03,NO 15/9-F-12 H,174.03900000000004,2014-10-03,73.13928169428173
productivity:NO 15/9-F-12 H:2014-10-10,NO 15/9-F-12 H,178.74733333333333,2014-10-10,72.2616987125622
productivity:NO 15/9-F-12 H:2014-10-17,NO 15/9-F-12 H,180.781,2014-10-17,71.03120619861157
productivity:NO 15/9-F-12 H:2014-10-24,NO 15/9-F-12 H,182.63533333333334,2014-10-24,70.48620152682165
productivity:NO 15/9-F-12 H:2014-10-31,NO 15/9-F-12 H,155.79,2014-10-31,59.426995331754675
productivity:NO 15/9-F-12 H:2014-11-07,NO 15/9-F-12 H,112.97866666666667,2014-11-07,58.04583558797756
productivity:NO 15/9-F-12 H:2014-11-14,NO 15/9-F-12 H,69.51933333333334,2014-11-14,58.12932560602833
productivity:NO 15/9-F-12 H:2014-11-21,NO 15/9-F-12 H,26.59366666666667,2014-11-21,57.71468818446464
productivity:NO 15/9-F-12 H:2014-11-28,NO 15/9-F-12 H,6.826,2014-11-28,20.71992193293552
productivity:NO 15/9-F-12 H:2014-12-05,NO 15/9-F-12 H,55.62766666666666,2014-12-05,58.38410708344308
productivity:NO 15/9-F-12 H:2014-12-12,NO 15/9-F-12 H,240.16266666666664,2014-12-12,49.758646883347524
productivity:NO 15/9-F-12 H:2014-12-19,NO 15/9-F-12 H,440.6016666666667,2014-12-19,32.81094771347222
productivity:NO 15/9-F-12 H:2014-12-26,NO 15/9-F-12 H,645.1323333333332,2014-12-26,15.804519821647567
productivity:NO 15/9-F-12 H:2015-01-02,NO 15/9-F-12 H,856.587,2015-01-02,15.244806112125794
productivity:NO 15/9-F-12 H:2015-01-09,NO 15/9-F-12 H,836.8400000000001,2015-01-09,40.73274621612657
productivity:NO 15/9-F-12 H:2015-01-16,NO 15/9-F-12 H,794.6110000000001,2015-01-16,62.370728604775906
productivity:NO 15/9-F-12 H:2015-01-23,NO 15/9-F-12 H,761.3586666666665,2015-01-23,92.41472152892896
productivity:NO 15/9-F-12 H:2015-01-30,NO 15/9-F-12 H,712.0996666666667,2015-01-30,125.37937125710424
productivity:NO 15/9-F-12 H:2015-02-06,NO 15/9-F-12 H,708.1873333333333,2015-02-06,45.31926415881963
productivity:NO 15/9-F-12 H:2015-02-13,NO 15/9-F-12 H,705.5739999999998,2015-02-13,115.57645573718405
productivity:NO 15/9-F-12 H:2015-02-20,NO 15/9-F-12 H,708.9423333333335,2015-02-20,114.25018634156616
productivity:NO 15/9-F-12 H:2015-02-27,NO 15/9-F-12 H,621.6196666666668,2015-02-27,108.24989986015646
productivity:NO 15/9-F-12 H:2015-03-06,NO 15/9-F-12 H,617.3843333333334,2015-03-06,103.66636085841935
productivity:NO 15/9-F-12 H:2015-03-13,NO 15/9-F-12 H,612.7423333333332,2015-03-13,103.3193015724016
productivity:NO 15/9-F-12 H:2015-03-20,NO 15/9-F-12 H,606.4816666666668,2015-03-20,101.46514346852389
productivity:NO 15/9-F-12 H:2015-03-27,NO 15/9-F-12 H,680.243,2015-03-27,100.2178662344107
productivity:NO 15/9-F-12 H:2015-04-03,NO 15/9-F-12 H,652.649,2015-04-03,96.93316882209902
productivity:NO 15/9-F-12 H:2015-04-10,NO 15/9-F-12 H,621.6696666666667,2015-04-10,95.11167429603442
productivity:NO 15/9-F-12 H:2015-04-17,NO 15/9-F-12 H,591.3553333333333,2015-04-17,94.96022822641086
productivity:NO 15/9-F-12 H:2015-04-24,NO 15/9-F-12 H,559.9496666666668,2015-04-24,98.60717807776695
productivity:NO 15/9-F-12 H:2015-05-01,NO 15/9-F-12 H,548.714,2015-05-01,96.95884872744573
productivity:NO 15/9-F-12 H:2015-05-08,NO 15/9-F-12 H,556.1193333333334,2015-05-08,95.88070611540736
productivity:NO 15/9-F-12 H:2015-05-15,NO 15/9-F-12 H,571.2953333333332,2015-05-15,93.10827831283063
productivity:NO 15/9-F-12 H:2015-05-22,NO 15/9-F-12 H,599.169,2015-05-22,88.90618766984005
productivity:NO 15/9-F-12 H:2015-05-29,NO 15/9-F-12 H,633.3313333333334,2015-05-29,86.51717934026303
productivity:NO 15/9-F-12 H:2015-06-05,NO 15/9-F-12 H,666.1923333333333,2015-06-05,82.94870052858161
productivity:NO 15/9-F-12 H:2015-06-12,NO 15/9-F-12 H,689.0133333333332,2015-06-12,78.38429300150202
productivity:NO 15/9-F-12 H:2015-06-19,NO 15/9-F-12 H,670.1076666666667,2015-06-19,67.49377696043022
productivity:NO 15/9-F-12 H:2015-06-26,NO 15/9-F-12 H,645.19,2015-06-26,62.49231949015012
productivity:NO 15/9-F-12 H:2015-07-03,NO 15/9-F-12 H,609.9073333333332,2015-07-03,59.76079067800791
productivity:NO 15/9-F-12 H:2015-07-10,NO 15/9-F-12 H,567.994,2015-07-10,58.96427403916678
productivity:NO 15/9-F-12 H:2015-07-17,NO 15/9-F-12 H,538.8926666666666,2015-07-17,60.973750268902116
productivity:NO 15/9-F-12 H:2015-07-24,NO 15/9-F-12 H,520.9246666666667,2015-07-24,61.315802209441976
productivity:NO 15/9-F-12 H:2015-07-31,NO 15/9-F-12 H,450.243,2015-07-31,60.0668781746357
productivity:NO 15/9-F-12 H:2015-08-07,NO 15/9-F-12 H,416.3826666666667,2015-08-07,57.61612611535198
productivity:NO 15/9-F-12 H:2015-08-14,NO 15/9-F-12 H,394.2716666666667,2015-08-14,55.71227404404473
productivity:NO 15/9-F-12 H:2015-08-21,NO 15/9-F-12 H,374.8046666666667,2015-08-21,54.86334743038169
productivity:NO 15/9-F-12 H:2015-08-28,NO 15/9-F-12 H,378.51966666666664,2015-08-28,15.272526002221934
productivity:NO 15/9-F-12 H:2015-09-04,NO 15/9-F-12 H,411.89233333333334,2015-09-04,46.62974581409543
productivity:NO 15/9-F-12 H:2015-09-11,NO 15/9-F-12 H,408.3153333333334,2015-09-11,45.54705868940536
productivity:NO 15/9-F-12 H:2015-09-18,NO 15/9-F-12 H,402.3326666666666,2015-09-18,44.601583865963434
productivity:NO 15/9-F-12 H:2015-09-25,NO 15/9-F-12 H,395.14666666666665,2015-09-25,44.14205582382023
productivity:NO 15/9-F-12 H:2015-10-02,NO 15/9-F-12 H,383.2226666666666,2015-10-02,49.21658423718482
productivity:NO 15/9-F-12 H:2015-10-09,NO 15/9-F-12 H,378.13399999999996,2015-10-09,48.541599763858954
productivity:NO 15/9-F-12 H:2015-10-16,NO 15/9-F-12 H,371.2316666666666,2015-10-16,49.204536494603865
productivity:NO 15/9-F-12 H:2015-10-23,NO 15/9-F-12 H,373.98266666666666,2015-10-23,48.5594844583695
productivity:NO 15/9-F-12 H:2015-10-30,NO 15/9-F-12 H,379.5753333333334,2015-10-30,40.782401288865145
productivity:NO 15/9-F-12 H:2015-11-06,NO 15/9-F-12 H,374.9546666666667,2015-11-06,48.491251652894114
productivity:NO 15/9-F-12 H:2015-11-13,NO 15/9-F-12 H,374.76300000000003,2015-11-13,48.14811318107915
productivity:NO 15/9-F-12 H:2015-11-20,NO 15/9-F-12 H,366.6476666666666,2015-11-20,48.137687871649746
productivity:NO 15/9-F-12 H:2015-11-27,NO 15/9-F-12 H,356.4076666666667,2015-11-27,48.48315741660488
productivity:NO 15/9-F-12 H:2015-12-04,NO 15/9-F-12 H,347.30499999999995,2015-12-04,49.468244910529506
productivity:NO 15/9-F-12 H:2015-12-11,NO 15/9-F-12 H,337.0276666666667,2015-12-11,49.13127589676339
productivity:NO 15/9-F-12 H:2015-12-18,NO 15/9-F-12 H,326.3143333333334,2015-12-18,47.59759140421766
productivity:NO 15/9-F-12 H:2015-12-25,NO 15/9-F-12 H,315.558,2015-12-25,46.83805892535601
productivity:NO 15/9-F-12 H:2016-01-01,NO 15/9-F-12 H,306.8523333333333,2016-01-01,46.4192589369983
productivity:NO 15/9-F-12 H:2016-01-08,NO 15/9-F-12 H,302.5443333333333,2016-01-08,46.80249353814777
productivity:NO 15/9-F-12 H:2016-01-15,NO 15/9-F-12 H,290.7596666666667,2016-01-15,47.531511833393154
productivity:NO 15/9-F-12 H:2016-01-22,NO 15/9-F-12 H,276.68,2016-01-22,47.644542518099165
productivity:NO 15/9-F-12 H:2016-01-29,NO 15/9-F-12 H,266.107,2016-01-29,46.15849685417592
productivity:NO 15/9-F-12 H:2016-02-05,NO 15/9-F-12 H,262.58566666666667,2016-02-05,44.58257838180986
productivity:NO 15/9-F-12 H:2016-02-12,NO 15/9-F-12 H,256.282,2016-02-12,45.01989820573681
productivity:NO 15/9-F-12 H:2016-02-19,NO 15/9-F-12 H,251.69633333333329,2016-02-19,44.02991185478234
productivity:NO 15/9-F-12 H:2016-02-26,NO 15/9-F-12 H,246.4376666666667,2016-02-26,45.03962748953692
productivity:NO 15/9-F-12 H:2016-03-04,NO 15/9-F-12 H,231.66933333333333,2016-03-04,45.486718294209915
productivity:NO 15/9-F-12 H:2016-03-11,NO 15/9-F-12 H,218.39966666666666,2016-03-11,46.07136990954039
productivity:NO 15/9-F-12 H:2016-03-18,NO 15/9-F-12 H,210.12366666666668,2016-03-18,45.194891331621776
productivity:NO 15/9-F-12 H:2016-03-25,NO 15/9-F-12 H,206.4586666666667,2016-03-25,44.90989915857213
productivity:NO 15/9-F-12 H:2016-04-01,NO 15/9-F-12 H,205.07233333333335,2016-04-01,44.39426804580624
productivity:NO 15/9-F-12 H:2016-04-08,NO 15/9-F-12 H,206.38733333333332,2016-04-08,43.34590953207165
productivity:NO 15/9-F-12 H:2016-04-15,NO 15/9-F-12 H,202.31466666666665,2016-04-15,42.54827760476183
productivity:NO 15/9-F-12 H:2016-04-22,NO 15/9-F-12 H,195.53166666666664,2016-04-22,42.41605300004463
productivity:NO 15/9-F-12 H:2016-04-29,NO 15/9-F-12 H,190.40633333333335,2016-04-29,42.39788672997915
productivity:NO 15/9-F-12 H:2016-05-06,NO 15/9-F-12 H,186.69533333333328,2016-05-06,42.46769385980211
productivity:NO 15/9-F-12 H:2016-05-13,NO 15/9-F-12 H,179.02366666666666,2016-05-13,43.38791424981831
productivity:NO 15/9-F-12 H:2016-05-20,NO 15/9-F-12 H,179.8686666666667,2016-05-20,41.71257394105567
productivity:NO 15/9-F-12 H:2016-05-27,NO 15/9-F-12 H,180.29300000000003,2016-05-27,41.396408950394566
productivity:NO 15/9-F-12 H:2016-06-03,NO 15/9-F-12 H,180.22133333333335,2016-06-03,41.245021275233384
productivity:NO 15/9-F-12 H:2016-06-10,NO 15/9-F-12 H,184.56599999999997,2016-06-10,26.793765829935893
productivity:NO 15/9-F-12 H:2016-06-17,NO 15/9-F-12 H,172.21900000000002,2016-06-17,39.69054300215665
productivity:NO 15/9-F-12 H:2016-06-24,NO 15/9-F-12 H,159.04666666666668,2016-06-24,39.72792425713928
productivity:NO 15/9-F-12 H:2016-07-01,NO 15/9-F-12 H,146.72933333333333,2016-07-01,39.7128887632896
productivity:NO 15/9-F-12 H:2016-07-08,NO 15/9-F-12 H,133.5053333333333,2016-07-08,39.77142910563257
productivity:NO 15/9-F-12 H:2016-07-15,NO 15/9-F-12 H,120.91766666666668,2016-07-15,19.103795762648016
productivity:NO 15/9-F-12 H:2016-07-22,NO 15/9-F-12 H,92.21700000000001,2016-07-22,37.489246231845186
productivity:NO 15/9-F-12 H:2016-07-29,NO 15/9-F-12 H,61.226,2016-07-29,41.078928973550624
productivity:NO 15/9-F-12 H:2016-08-05,NO 15/9-F-12 H,31.134666666666664,2016-08-05,46.46245005281028
productivity:NO 15/9-F-12 H:2016-08-12,NO 15/9-F-12 H,3.494666666666667,2016-08-12,56.368183019278746
productivity:NO 15/9-F-12 H:2016-08-19,NO 15/9-F-12 H,0.0,2016-08-19,15.320839993432056
productivity:NO 15/9-F-14 H:2008-03-13,NO 15/9-F-14 H,0.0,2008-03-13,259.68062506547886
productivity:NO 15/9-F-14 H:2008-03-20,NO 15/9-F-14 H,0.0,2008-03-20,259.68062506547886
productivity:NO 15/9-F-14 H:2008-03-27,NO 15/9-F-14 H,0.0,2008-03-27,259.68062506547886
productivity:NO 15/9-F-14 H:2008-04-03,NO 15/9-F-14 H,0.0,2008-04-03,460.01142720007596
productivity:NO 15/9-F-14 H:2008-04-10,NO 15/9-F-14 H,0.0,2008-04-10,460.01142720007596
productivity:NO 15/9-F-14 H:2008-04-17,NO 15/9-F-14 H,0.0,2008-04-17,460.01142720007596
productivity:NO 15/9-F-14 H:2008-04-24,NO 15/9-F-14 H,0.0,2008-04-24,460.01142720007596
productivity:NO 15/9-F-14 H:2008-05-02,NO 15/9-F-14 H,0.0,2008-05-02,259.68062506547886
productivity:NO 15/9-F-14 H:2008-05-09,NO 15/9-F-14 H,0.0,2008-05-09,259.68062506547886
productivity:NO 15/9-F-14 H:2008-05-16,NO 15/9-F-14 H,0.0,2008-05-16,259.68062506547886
productivity:NO 15/9-F-14 H:2008-05-23,NO 15/9-F-14 H,0.0,2008-05-23,519.2960437454593
productivity:NO 15/9-F-14 H:2008-05-30,NO 15/9-F-14 H,0.0,2008-05-30,496.32187160846564
productivity:NO 15/9-F-14 H:2008-06-06,NO 15/9-F-14 H,0.0,2008-06-06,496.32187160846564
productivity:NO 15/9-F-14 H:2008-06-13,NO 15/9-F-14 H,0.0,2008-06-13,496.32187160846564
productivity:NO 15/9-F-14 H:2008-06-20,NO 15/9-F-14 H,557.7686666666666,2008-06-20,278.86998368633465
productivity:NO 15/9-F-14 H:2008-06-27,NO 15/9-F-14 H,1200.523,2008-06-27,460.01142720007596
productivity:NO 15/9-F-14 H:2008-07-04,NO 15/9-F-14 H,1915.3969999999997,2008-07-04,583.4900166790153
productivity:NO 15/9-F-14 H:2008-07-11,NO 15/9-F-14 H,2544.4963333333335,2008-07-11,594.039394870012
productivity:NO 15/9-F-14 H:2008-07-18,NO 15/9-F-14 H,3064.124333333333,2008-07-18,1055.890144910251
productivity:NO 15/9-F-14 H:2008-07-25,NO 15/9-F-14 H,2897.9863333333333,2008-07-25,1337.0606996509732
productivity:NO 15/9-F-14 H:2008-08-01,NO 15/9-F-14 H,2254.04,2008-08-01,1865.1320286761284
productivity:NO 15/9-F-14 H:2008-08-09,NO 15/9-F-14 H,1997.0250000000003,2008-08-09,1763.170787585074
productivity:NO 15/9-F-14 H:2008-08-16,NO 15/9-F-14 H,2011.6356666666668,2008-08-16,3626.186734694236
productivity:NO 15/9-F-14 H:2008-08-23,NO 15/9-F-14 H,2388.896,2008-08-23,1575.5533773886239
productivity:NO 15/9-F-14 H:2008-08-30,NO 15/9-F-14 H,3579.244,2008-08-30,2116.300419693858
productivity:NO 15/9-F-14 H:2008-09-06,NO 15/9-F-14 H,4440.47,2008-09-06,2461.253380754416
productivity:NO 15/9-F-14 H:2008-09-13,NO 15/9-F-14 H,4751.316666666667,2008-09-13,2893.424558289525
productivity:NO 15/9-F-14 H:2008-09-20,NO 15/9-F-14 H,4659.182333333333,2008-09-20,3576.325636744113
productivity:NO 15/9-F-14 H:2008-09-27,NO 15/9-F-14 H,4543.3133333333335,2008-09-27,7021.509007495081
productivity:NO 15/9-F-14 H:2008-10-04,NO 15/9-F-14 H,4500.755666666666,2008-10-04,7401.657483903838
productivity:NO 15/9-F-14 H:2008-10-11,NO 15/9-F-14 H,4276.341666666666,2008-10-11,5130.818635197119
productivity:NO 15/9-F-14 H:2008-10-18,NO 15/9-F-14 H,4110.113333333333,2008-10-18,5040.440315555832
productivity:NO 15/9-F-14 H:2008-10-25,NO 15/9-F-14 H,3850.116333333334,2008-10-25,5066.1641358002935
productivity:NO 15/9-F-14 H:2008-11-01,NO 15/9-F-14 H,3480.320333333334,2008-11-01,5221.313275633237
productivity:NO 15/9-F-14 H:2008-11-08,NO 15/9-F-14 H,3454.6200000000003,2008-11-08,4275.638915624057
productivity:NO 15/9-F-14 H:2008-11-15,NO 15/9-F-14 H,3500.2363333333333,2008-11-15,4463.698193010837
productivity:NO 15/9-F-14 H:2008-11-22,NO 15/9-F-14 H,3523.0269999999996,2008-11-22,4246.214659370104
productivity:NO 15/9-F-14 H:2008-11-29,NO 15/9-F-14 H,3557.1683333333335,2008-11-29,3333.3369053445854
productivity:NO 15/9-F-14 H:2008-12-06,NO 15/9-F-14 H,3508.0959999999995,2008-12-06,3310.0867298914714
productivity:NO 15/9-F-14 H:2008-12-13,NO 15/9-F-14 H,3380.546666666667,2008-12-13,3447.946441449142
productivity:NO 15/9-F-14 H:2008-12-20,NO 15/9-F-14 H,3510.127,2008-12-20,3570.421136303839
productivity:NO 15/9-F-14 H:2008-12-27,NO 15/9-F-14 H,3724.333666666667,2008-12-27,3544.061927469232
productivity:NO 15/9-F-14 H:2009-01-03,NO 15/9-F-14 H,3699.903666666667,2009-01-03,2849.363047947436
productivity:NO 15/9-F-14 H:2009-01-10,NO 15/9-F-14 H,3928.0833333333335,2009-01-10,2951.6453156950083
productivity:NO 15/9-F-14 H:2009-01-17,NO 15/9-F-14 H,4015.174,2009-01-17,4046.291960103407
productivity:NO 15/9-F-14 H:2009-01-24,NO 15/9-F-14 H,3959.902,2009-01-24,5174.500292043323
productivity:NO 15/9-F-14 H:2009-01-31,NO 15/9-F-14 H,4093.3850000000007,2009-01-31,6291.599256410238
productivity:NO 15/9-F-14 H:2009-02-07,NO 15/9-F-14 H,3963.9273333333335,2009-02-07,7204.474421281278
productivity:NO 15/9-F-14 H:2009-02-14,NO 15/9-F-14 H,3596.7686666666664,2009-02-14,6970.87738054339
productivity:NO 15/9-F-14 H:2009-02-21,NO 15/9-F-14 H,3663.5400000000004,2009-02-21,7673.553778870114
productivity:NO 15/9-F-14 H:2009-02-28,NO 15/9-F-14 H,3041.873,2009-02-28,7511.880434828002
productivity:NO 15/9-F-14 H:2009-03-07,NO 15/9-F-14 H,2928.1023333333337,2009-03-07,5471.646822694186
productivity:NO 15/9-F-14 H:2009-03-14,NO 15/9-F-14 H,2766.546,2009-03-14,4639.33145523575
productivity:NO 15/9-F-14 H:2009-03-21,NO 15/9-F-14 H,2184.2726666666663,2009-03-21,6992.011269815174
productivity:NO 15/9-F-14 H:2009-03-28,NO 15/9-F-14 H,2486.1933333333336,2009-03-28,2683.3612451936365
productivity:NO 15/9-F-14 H:2009-04-04,NO 15/9-F-14 H,2920.463333333333,2009-04-04,4986.843729015106
productivity:NO 15/9-F-14 H:2009-04-11,NO 15/9-F-14 H,3275.0990000000006,2009-04-11,2987.74571939116
productivity:NO 15/9-F-14 H:2009-04-18,NO 15/9-F-14 H,3675.7830000000004,2009-04-18,4348.730048567362
productivity:NO 15/9-F-14 H:2009-04-25,NO 15/9-F-14 H,3927.5316666666668,2009-04-25,3582.1846065382724
productivity:NO 15/9-F-14 H:2009-05-02,NO 15/9-F-14 H,3851.193666666667,2009-05-02,4439.992073241178
productivity:NO 15/9-F-14 H:2009-05-10,NO 15/9-F-14 H,3824.1096666666667,2009-05-10,4689.324743694669
productivity:NO 15/9-F-14 H:2009-05-17,NO 15/9-F-14 H,3521.5550000000003,2009-05-17,4817.852886075313
productivity:NO 15/9-F-14 H:2009-05-24,NO 15/9-F-14 H,3350.0693333333334,2009-05-24,4242.501134627606
productivity:NO 15/9-F-14 H:2009-05-31,NO 15/9-F-14 H,2945.0766666666673,2009-05-31,4099.160993141305
productivity:NO 15/9-F-14 H:2009-06-07,NO 15/9-F-14 H,2612.6490000000003,2009-06-07,3338.0973133780817
productivity:NO 15/9-F-14 H:2009-06-14,NO 15/9-F-14 H,2288.3906666666667,2009-06-14,3169.16257963473
productivity:NO 15/9-F-14 H:2009-06-21,NO 15/9-F-14 H,2061.023333333333,2009-06-21,3209.3562401409845
productivity:NO 15/9-F-14 H:2009-06-28,NO 15/9-F-14 H,2028.2916666666667,2009-06-28,2511.697925389318
productivity:NO 15/9-F-14 H:2009-07-05,NO 15/9-F-14 H,2035.7366666666665,2009-07-05,2483.7450899929336
productivity:NO 15/9-F-14 H:2009-07-12,NO 15/9-F-14 H,2505.746333333333,2009-07-12,2207.147052356969
productivity:NO 15/9-F-14 H:2009-07-19,NO 15/9-F-14 H,3030.383666666666,2009-07-19,2014.3971259683515
productivity:NO 15/9-F-14 H:2009-07-26,NO 15/9-F-14 H,3500.5780000000004,2009-07-26,1633.2033849833454
productivity:NO 15/9-F-14 H:2009-08-02,NO 15/9-F-14 H,3672.247333333333,2009-08-02,1733.7252290140193
productivity:NO 15/9-F-14 H:2009-08-10,NO 15/9-F-14 H,3520.1580000000004,2009-08-10,2866.0663814976615
productivity:NO 15/9-F-14 H:2009-08-17,NO 15/9-F-14 H,3538.587333333334,2009-08-17,4343.381435799977
productivity:NO 15/9-F-14 H:2009-08-24,NO 15/9-F-14 H,3681.0466666666666,2009-08-24,5052.944337570093
productivity:NO 15/9-F-14 H:2009-08-31,NO 15/9-F-14 H,3113.1279999999997,2009-08-31,5542.042702447388
productivity:NO 15/9-F-14 H:2009-09-08,NO 15/9-F-14 H,3517.417,2009-09-08,4149.6695638141655
productivity:NO 15/9-F-14 H:2009-09-15,NO 15/9-F-14 H,3290.6876666666662,2009-09-15,5266.125639190542
productivity:NO 15/9-F-14 H:2009-09-22,NO 15/9-F-14 H,2883.218,2009-09-22,5687.910575959097
productivity:NO 15/9-F-14 H:2009-09-29,NO 15/9-F-14 H,2894.4173333333324,2009-09-29,3631.1775896074723
productivity:NO 15/9-F-14 H:2009-10-06,NO 15/9-F-14 H,3116.0533333333337,2009-10-06,5341.424916177831
productivity:NO 15/9-F-14 H:2009-10-13,NO 15/9-F-14 H,3129.157,2009-10-13,5120.655014983838
productivity:NO 15/9-F-14 H:2009-10-20,NO 15/9-F-14 H,3281.491666666666,2009-10-20,4414.219284187674
productivity:NO 15/9-F-14 H:2009-10-27,NO 15/9-F-14 H,3318.6726666666664,2009-10-27,4242.1698740612665
productivity:NO 15/9-F-14 H:2009-11-03,NO 15/9-F-14 H,3274.2733333333326,2009-11-03,3841.1265075811507
productivity:NO 15/9-F-14 H:2009-11-10,NO 15/9-F-14 H,3175.872666666667,2009-11-10,3437.2849533885114
productivity:NO 15/9-F-14 H:2009-11-17,NO 15/9-F-14 H,3020.1480000000006,2009-11-17,3487.193682732596
productivity:NO 15/9-F-14 H:2009-11-24,NO 15/9-F-14 H,2931.613666666667,2009-11-24,2614.182934968686
productivity:NO 15/9-F-14 H:2009-12-01,NO 15/9-F-14 H,2887.4423333333334,2009-12-01,2841.346699357468
productivity:NO 15/9-F-14 H:2009-12-08,NO 15/9-F-14 H,2830.514,2009-12-08,2678.8596920753334
productivity:NO 15/9-F-14 H:2009-12-15,NO 15/9-F-14 H,2779.2036666666672,2009-12-15,2518.5626194146635
productivity:NO 15/9-F-14 H:2009-12-22,NO 15/9-F-14 H,2816.208,2009-12-22,2430.987058093708
productivity:NO 15/9-F-14 H:2009-12-29,NO 15/9-F-14 H,2708.0540000000005,2009-12-29,2304.5167052567226
productivity:NO 15/9-F-14 H:2010-01-05,NO 15/9-F-14 H,2601.3629999999994,2010-01-05,2110.9864364067316
productivity:NO 15/9-F-14 H:2010-01-12,NO 15/9-F-14 H,2576.1839999999993,2010-01-12,2063.904375173678
productivity:NO 15/9-F-14 H:2010-01-19,NO 15/9-F-14 H,2437.1449999999995,2010-01-19,2102.18899927593
productivity:NO 15/9-F-14 H:2010-01-26,NO 15/9-F-14 H,2391.4956666666667,2010-01-26,2060.0476203329213
productivity:NO 15/9-F-14 H:2010-02-02,NO 15/9-F-14 H,2221.692666666667,2010-02-02,1918.037360825886
productivity:NO 15/9-F-14 H:2010-02-09,NO 15/9-F-14 H,2134.655666666667,2010-02-09,1904.998145678665
productivity:NO 15/9-F-14 H:2010-02-16,NO 15/9-F-14 H,2202.366666666667,2010-02-16,1461.2762855152978
productivity:NO 15/9-F-14 H:2010-02-23,NO 15/9-F-14 H,2227.5926666666664,2010-02-23,2159.9104384036236
productivity:NO 15/9-F-14 H:2010-03-04,NO 15/9-F-14 H,2265.2693333333327,2010-03-04,2321.648623652922
productivity:NO 15/9-F-14 H:2010-03-12,NO 15/9-F-14 H,2364.467666666666,2010-03-12,2323.4151313172874
productivity:NO 15/9-F-14 H:2010-03-19,NO 15/9-F-14 H,2374.625666666667,2010-03-19,2307.662804803896
productivity:NO 15/9-F-14 H:2010-03-26,NO 15/9-F-14 H,2389.617666666667,2010-03-26,2113.55081607944
productivity:NO 15/9-F-14 H:2010-04-02,NO 15/9-F-14 H,2539.4990000000007,2010-04-02,1103.9460148591445
productivity:NO 15/9-F-14 H:2010-04-09,NO 15/9-F-14 H,2727.667,2010-04-09,2069.6094898459837
productivity:NO 15/9-F-14 H:2010-04-16,NO 15/9-F-14 H,2784.617666666666,2010-04-16,2013.8702063790238
productivity:NO 15/9-F-14 H:2010-04-23,NO 15/9-F-14 H,2861.565333333333,2010-04-23,2017.8860870045703
productivity:NO 15/9-F-14 H:2010-04-30,NO 15/9-F-14 H,2890.5570000000002,2010-04-30,2022.9124194375488
productivity:NO 15/9-F-14 H:2010-05-07,NO 15/9-F-14 H,2736.076,2010-05-07,1993.8797553247352
productivity:NO 15/9-F-14 H:2010-05-14,NO 15/9-F-14 H,2687.4300000000003,2010-05-14,1779.6505753897115
productivity:NO 15/9-F-14 H:2010-05-21,NO 15/9-F-14 H,2600.6726666666673,2010-05-21,1916.1711934868028
productivity:NO 15/9-F-14 H:2010-05-28,NO 15/9-F-14 H,2511.7206666666666,2010-05-28,1830.0109148676968
productivity:NO 15/9-F-14 H:2010-06-04,NO 15/9-F-14 H,2486.511333333334,2010-06-04,1966.7544917720857
productivity:NO 15/9-F-14 H:2010-06-11,NO 15/9-F-14 H,2258.9956666666667,2010-06-11,1809.6075062503203
productivity:NO 15/9-F-14 H:2010-06-18,NO 15/9-F-14 H,2214.3976666666667,2010-06-18,1827.2137807040126
productivity:NO 15/9-F-14 H:2010-06-25,NO 15/9-F-14 H,2244.2146666666667,2010-06-25,1788.869012891285
productivity:NO 15/9-F-14 H:2010-07-02,NO 15/9-F-14 H,2241.006,2010-07-02,1546.3308248198177
productivity:NO 15/9-F-14 H:2010-07-09,NO 15/9-F-14 H,2323.9566666666665,2010-07-09,1444.5605536250237
productivity:NO 15/9-F-14 H:2010-07-16,NO 15/9-F-14 H,2376.486666666666,2010-07-16,1652.0674272378058
productivity:NO 15/9-F-14 H:2010-07-23,NO 15/9-F-14 H,1857.4616666666668,2010-07-23,1670.344253891022
productivity:NO 15/9-F-14 H:2010-07-30,NO 15/9-F-14 H,1488.922333333333,2010-07-30,1622.0468187087365
productivity:NO 15/9-F-14 H:2010-08-06,NO 15/9-F-14 H,1477.9483333333333,2010-08-06,1532.054248139691
productivity:NO 15/9-F-14 H:2010-08-13,NO 15/9-F-14 H,1214.148,2010-08-13,1547.626646344547
productivity:NO 15/9-F-14 H:2010-08-23,NO 15/9-F-14 H,1296.463,2010-08-23,1052.8155059582577
productivity:NO 15/9-F-14 H:2010-08-31,NO 15/9-F-14 H,1856.9856666666667,2010-08-31,1693.8019849383004
productivity:NO 15/9-F-14 H:2010-09-07,NO 15/9-F-14 H,1975.1396666666667,2010-09-07,1672.0860513819466
productivity:NO 15/9-F-14 H:2010-09-14,NO 15/9-F-14 H,2152.531333333334,2010-09-14,1414.9157984060357
productivity:NO 15/9-F-14 H:2010-09-21,NO 15/9-F-14 H,2588.472333333333,2010-09-21,1093.5436671259815
productivity:NO 15/9-F-14 H:2010-09-28,NO 15/9-F-14 H,2527.2430000000004,2010-09-28,2145.7287035128425
productivity:NO 15/9-F-14 H:2010-10-05,NO 15/9-F-14 H,2488.664,2010-10-05,2322.27630541537
productivity:NO 15/9-F-14 H:2010-10-12,NO 15/9-F-14 H,2379.427666666666,2010-10-12,2366.883679725781
productivity:NO 15/9-F-14 H:2010-10-19,NO 15/9-F-14 H,2213.025,2010-10-19,2153.1640111314045
productivity:NO 15/9-F-14 H:2010-10-26,NO 15/9-F-14 H,2147.433666666667,2010-10-26,1705.357626044918
productivity:NO 15/9-F-14 H:2010-11-02,NO 15/9-F-14 H,2075.316666666667,2010-11-02,1525.5648399980964
productivity:NO 15/9-F-14 H:2010-11-09,NO 15/9-F-14 H,2025.8873333333336,2010-11-09,1333.6922860178706
productivity:NO 15/9-F-14 H:2010-11-16,NO 15/9-F-14 H,2072.481333333333,2010-11-16,1089.077278839227
productivity:NO 15/9-F-14 H:2010-11-23,NO 15/9-F-14 H,2073.0986666666668,2010-11-23,1438.2767249373856
productivity:NO 15/9-F-14 H:2010-11-30,NO 15/9-F-14 H,2061.4616666666666,2010-11-30,1220.6440119232268
productivity:NO 15/9-F-14 H:2010-12-07,NO 15/9-F-14 H,2050.2053333333333,2010-12-07,1106.8180135216094
productivity:NO 15/9-F-14 H:2010-12-14,NO 15/9-F-14 H,2037.2083333333335,2010-12-14,1071.1339312812604
productivity:NO 15/9-F-14 H:2010-12-21,NO 15/9-F-14 H,2016.3526666666667,2010-12-21,928.2244193567507
productivity:NO 15/9-F-14 H:2010-12-28,NO 15/9-F-14 H,1987.8573333333331,2010-12-28,900.0975318835968
productivity:NO 15/9-F-14 H:2011-01-04,NO 15/9-F-14 H,1906.7859999999998,2011-01-04,884.972122377797
productivity:NO 15/9-F-14 H:2011-01-11,NO 15/9-F-14 H,1873.0816666666665,2011-01-11,903.8357692436383
productivity:NO 15/9-F-14 H:2011-01-18,NO 15/9-F-14 H,1790.6426666666666,2011-01-18,909.117019775553
productivity:NO 15/9-F-14 H:2011-01-25,NO 15/9-F-14 H,1793.4326666666666,2011-01-25,885.9007769244866
productivity:NO 15/9-F-14 H:2011-02-01,NO 15/9-F-14 H,1795.0750000000003,2011-02-01,888.7592235501594
productivity:NO 15/9-F-14 H:2011-02-11,NO 15/9-F-14 H,1876.0233333333335,2011-02-11,913.9708536298444
productivity:NO 15/9-F-14 H:2011-02-18,NO 15/9-F-14 H,1897.817,2011-02-18,951.5148217978092
productivity:NO 15/9-F-14 H:2011-02-25,NO 15/9-F-14 H,1855.3839999999998,2011-02-25,959.6149230870177
productivity:NO 15/9-F-14 H:2011-03-04,NO 15/9-F-14 H,1814.0203333333338,2011-03-04,951.453076698281
productivity:NO 15/9-F-14 H:2011-03-11,NO 15/9-F-14 H,1770.001,2011-03-11,945.1984127385987
productivity:NO 15/9-F-14 H:2011-03-18,NO 15/9-F-14 H,1769.4393333333333,2011-03-18,704.1883281672033
productivity:NO 15/9-F-14 H:2011-03-25,NO 15/9-F-14 H,1752.7153333333335,2011-03-25,831.7380205319162
productivity:NO 15/9-F-14 H:2011-04-01,NO 15/9-F-14 H,1727.1413333333333,2011-04-01,818.2459065801042
productivity:NO 15/9-F-14 H:2011-04-08,NO 15/9-F-14 H,1714.3123333333338,2011-04-08,914.5027280096742
productivity:NO 15/9-F-14 H:2011-04-15,NO 15/9-F-14 H,1698.9646666666665,2011-04-15,1117.9354897176609
productivity:NO 15/9-F-14 H:2011-04-22,NO 15/9-F-14 H,1670.6756666666668,2011-04-22,1047.6054604917226
productivity:NO 15/9-F-14 H:2011-04-29,NO 15/9-F-14 H,1655.075,2011-04-29,1034.1322465712274
productivity:NO 15/9-F-14 H:2011-05-06,NO 15/9-F-14 H,1624.9349999999997,2011-05-06,1022.855875945531
productivity:NO 15/9-F-14 H:2011-05-13,NO 15/9-F-14 H,1605.9580000000003,2011-05-13,1031.6618001749193
productivity:NO 15/9-F-14 H:2011-05-20,NO 15/9-F-14 H,1607.595,2011-05-20,988.4013178888479
productivity:NO 15/9-F-14 H:2011-05-27,NO 15/9-F-14 H,1386.6316666666667,2011-05-27,978.6989086590751
productivity:NO 15/9-F-14 H:2011-06-03,NO 15/9-F-14 H,1209.2433333333336,2011-06-03,938.010946926104
productivity:NO 15/9-F-14 H:2011-06-10,NO 15/9-F-14 H,928.5493333333333,2011-06-10,992.7537877881867
productivity:NO 15/9-F-14 H:2011-06-17,NO 15/9-F-14 H,762.2799999999999,2011-06-17,970.3087158152264
productivity:NO 15/9-F-14 H:2011-07-02,NO 15/9-F-14 H,628.894,2011-07-02,1086.7915970558277
productivity:NO 15/9-F-14 H:2011-07-10,NO 15/9-F-14 H,972.0996666666667,2011-07-10,696.4903637935024
productivity:NO 15/9-F-14 H:2011-07-18,NO 15/9-F-14 H,1259.5173333333332,2011-07-18,804.9597232264183
productivity:NO 15/9-F-14 H:2011-07-26,NO 15/9-F-14 H,1452.1456666666668,2011-07-26,867.023881760125
productivity:NO 15/9-F-14 H:2011-08-02,NO 15/9-F-14 H,1657.676,2011-08-02,796.3014448068692
productivity:NO 15/9-F-14 H:2011-08-09,NO 15/9-F-14 H,1737.4226666666666,2011-08-09,1267.7586871827154
productivity:NO 15/9-F-14 H:2011-08-16,NO 15/9-F-14 H,1656.321333333333,2011-08-16,1563.3689467422316
productivity:NO 15/9-F-14 H:2011-08-23,NO 15/9-F-14 H,1658.6743333333334,2011-08-23,1574.8289523343085
productivity:NO 15/9-F-14 H:2011-08-30,NO 15/9-F-14 H,1702.839,2011-08-30,1497.8192742456465
productivity:NO 15/9-F-14 H:2011-09-06,NO 15/9-F-14 H,1692.9239999999998,2011-09-06,1287.386947213276
productivity:NO 15/9-F-14 H:2011-09-13,NO 15/9-F-14 H,1611.3319999999999,2011-09-13,1086.6388311951562
productivity:NO 15/9-F-14 H:2011-09-20,NO 15/9-F-14 H,1373.787,2011-09-20,1036.901392198983
productivity:NO 15/9-F-14 H:2011-09-27,NO 15/9-F-14 H,955.619,2011-09-27,912.9312569254411
productivity:NO 15/9-F-14 H:2011-10-04,NO 15/9-F-14 H,635.0946666666666,2011-10-04,797.5940621478228
productivity:NO 15/9-F-14 H:2011-10-11,NO 15/9-F-14 H,692.3149999999999,2011-10-11,816.3315882570931
productivity:NO 15/9-F-14 H:2011-10-21,NO 15/9-F-14 H,889.3493333333333,2011-10-21,507.5410797724809
productivity:NO 15/9-F-14 H:2011-10-29,NO 15/9-F-14 H,1258.3706666666665,2011-10-29,443.85689410098377
productivity:NO 15/9-F-14 H:2011-11-05,NO 15/9-F-14 H,1530.0400000000002,2011-11-05,428.18903852734434
productivity:NO 15/9-F-14 H:2011-11-12,NO 15/9-F-14 H,1583.7606666666666,2011-11-12,533.8597291309611
productivity:NO 15/9-F-14 H:2011-11-19,NO 15/9-F-14 H,1422.163,2011-11-19,934.9141192084122
productivity:NO 15/9-F-14 H:2011-12-02,NO 15/9-F-14 H,1391.2686666666668,2011-12-02,866.0343001818865
productivity:NO 15/9-F-14 H:2011-12-12,NO 15/9-F-14 H,1533.2130000000002,2011-12-12,974.9014361449429
productivity:NO 15/9-F-14 H:2011-12-20,NO 15/9-F-14 H,1399.0430000000001,2011-12-20,1051.2152944535512
productivity:NO 15/9-F-14 H:2011-12-28,NO 15/9-F-14 H,1368.015666666667,2011-12-28,796.940813894427
productivity:NO 15/9-F-14 H:2012-01-22,NO 15/9-F-14 H,1243.0756666666668,2012-01-22,768.4963988917088
productivity:NO 15/9-F-14 H:2012-01-30,NO 15/9-F-14 H,1218.8956666666668,2012-01-30,619.9415776840837
productivity:NO 15/9-F-14 H:2012-02-06,NO 15/9-F-14 H,1255.4703333333332,2012-02-06,845.613495996217
productivity:NO 15/9-F-14 H:2012-02-13,NO 15/9-F-14 H,1249.5536666666665,2012-02-13,876.6834783893904
productivity:NO 15/9-F-14 H:2012-02-20,NO 15/9-F-14 H,1229.477,2012-02-20,865.4543507210582
productivity:NO 15/9-F-14 H:2012-02-27,NO 15/9-F-14 H,1111.7526666666668,2012-02-27,830.3159361822618
productivity:NO 15/9-F-14 H:2012-03-05,NO 15/9-F-14 H,1123.1956666666665,2012-03-05,817.3090904685332
productivity:NO 15/9-F-14 H:2012-03-12,NO 15/9-F-14 H,1132.262,2012-03-12,789.8951681814656
productivity:NO 15/9-F-14 H:2012-03-19,NO 15/9-F-14 H,1140.151333333333,2012-03-19,753.710709391545
productivity:NO 15/9-F-14 H:2012-03-26,NO 15/9-F-14 H,1196.6586666666667,2012-03-26,750.0140029534131
productivity:NO 15/9-F-14 H:2012-04-02,NO 15/9-F-14 H,1210.0300000000002,2012-04-02,815.2284571018596
productivity:NO 15/9-F-14 H:2012-04-09,NO 15/9-F-14 H,1172.701,2012-04-09,644.2445276483368
productivity:NO 15/9-F-14 H:2012-04-16,NO 15/9-F-14 H,1159.1666666666667,2012-04-16,565.4179140450793
productivity:NO 15/9-F-14 H:2012-04-23,NO 15/9-F-14 H,1142.3316666666663,2012-04-23,519.8788377968248
productivity:NO 15/9-F-14 H:2012-04-30,NO 15/9-F-14 H,1129.2183333333335,2012-04-30,563.1260999313678
productivity:NO 15/9-F-14 H:2012-05-07,NO 15/9-F-14 H,1132.0556666666669,2012-05-07,577.19561351292
productivity:NO 15/9-F-14 H:2012-05-14,NO 15/9-F-14 H,1113.2609999999997,2012-05-14,579.8017973477156
productivity:NO 15/9-F-14 H:2012-05-21,NO 15/9-F-14 H,1088.4653333333333,2012-05-21,584.9073833919877
productivity:NO 15/9-F-14 H:2012-05-28,NO 15/9-F-14 H,1060.896,2012-05-28,528.3603765437055
productivity:NO 15/9-F-14 H:2012-06-04,NO 15/9-F-14 H,1052.0696666666665,2012-06-04,519.1219787598211
productivity:NO 15/9-F-14 H:2012-06-11,NO 15/9-F-14 H,1044.517,2012-06-11,511.9487457523774
productivity:NO 15/9-F-14 H:2012-06-18,NO 15/9-F-14 H,1044.8323333333333,2012-06-18,507.70345179275705
productivity:NO 15/9-F-14 H:2012-06-25,NO 15/9-F-14 H,1066.4803333333336,2012-06-25,478.44697223005124
productivity:NO 15/9-F-14 H:2012-07-02,NO 15/9-F-14 H,1062.0563333333332,2012-07-02,478.5742522691663
productivity:NO 15/9-F-14 H:2012-07-09,NO 15/9-F-14 H,1052.328,2012-07-09,476.9255931702579
productivity:NO 15/9-F-14 H:2012-07-16,NO 15/9-F-14 H,986.0623333333334,2012-07-16,472.24984638289646
productivity:NO 15/9-F-14 H:2012-07-23,NO 15/9-F-14 H,738.9546666666666,2012-07-23,534.9544834715739
productivity:NO 15/9-F-14 H:2012-07-30,NO 15/9-F-14 H,492.7453333333333,2012-07-30,528.0800787072698
productivity:NO 15/9-F-14 H:2012-08-06,NO 15/9-F-14 H,249.719,2012-08-06,520.8060240651636
productivity:NO 15/9-F-14 H:2012-08-13,NO 15/9-F-14 H,6.751,2012-08-13,524.751668783842
productivity:NO 15/9-F-14 H:2012-08-22,NO 15/9-F-14 H,237.61933333333334,2012-08-22,179.11777926267763
productivity:NO 15/9-F-14 H:2012-08-29,NO 15/9-F-14 H,603.196,2012-08-29,181.85273409222768
productivity:NO 15/9-F-14 H:2012-09-11,NO 15/9-F-14 H,785.6276666666668,2012-09-11,225.15697328714484
productivity:NO 15/9-F-14 H:2012-09-25,NO 15/9-F-14 H,1102.0686666666666,2012-09-25,345.50216247723097
productivity:NO 15/9-F-14 H:2012-10-03,NO 15/9-F-14 H,1249.429333333333,2012-10-03,419.1019939043918
productivity:NO 15/9-F-14 H:2012-10-10,NO 15/9-F-14 H,1164.4283333333333,2012-10-10,393.59465010407763
productivity:NO 15/9-F-14 H:2012-10-28,NO 15/9-F-14 H,1194.053,2012-10-28,421.7191317027959
productivity:NO 15/9-F-14 H:2012-11-04,NO 15/9-F-14 H,1146.4016666666669,2012-11-04,588.1827309906965
productivity:NO 15/9-F-14 H:2012-11-11,NO 15/9-F-14 H,1115.6653333333334,2012-11-11,699.5989171162292
productivity:NO 15/9-F-14 H:2012-11-18,NO 15/9-F-14 H,1011.9753333333333,2012-11-18,842.5899687206661
productivity:NO 15/9-F-14 H:2012-11-25,NO 15/9-F-14 H,982.4089999999999,2012-11-25,794.5348278929038
productivity:NO 15/9-F-14 H:2012-12-02,NO 15/9-F-14 H,968.533,2012-12-02,762.7919624421926
productivity:NO 15/9-F-14 H:2012-12-09,NO 15/9-F-14 H,955.1556666666668,2012-12-09,772.3939097029009
productivity:NO 15/9-F-14 H:2012-12-16,NO 15/9-F-14 H,1009.8393333333335,2012-12-16,611.6394189091002
productivity:NO 15/9-F-14 H:2012-12-23,NO 15/9-F-14 H,997.7436666666669,2012-12-23,697.904519717396
productivity:NO 15/9-F-14 H:2012-12-30,NO 15/9-F-14 H,978.6629999999998,2012-12-30,673.1368273893423
productivity:NO 15/9-F-14 H:2013-01-06,NO 15/9-F-14 H,966.5493333333335,2013-01-06,658.6844757341739
productivity:NO 15/9-F-14 H:2013-01-13,NO 15/9-F-14 H,964.2890000000002,2013-01-13,629.7587053212656
productivity:NO 15/9-F-14 H:2013-01-20,NO 15/9-F-14 H,963.265,2013-01-20,618.7193173340264
productivity:NO 15/9-F-14 H:2013-01-27,NO 15/9-F-14 H,951.959,2013-01-27,609.6805459251195
productivity:NO 15/9-F-14 H:2013-02-03,NO 15/9-F-14 H,947.1926666666667,2013-02-03,585.9948320978481
productivity:NO 15/9-F-14 H:2013-02-10,NO 15/9-F-14 H,842.9686666666668,2013-02-10,541.7112541403842
productivity:NO 15/9-F-14 H:2013-02-17,NO 15/9-F-14 H,725.1326666666666,2013-02-17,507.82074704179485
productivity:NO 15/9-F-14 H:2013-02-24,NO 15/9-F-14 H,691.833,2013-02-24,496.11273340368973
productivity:NO 15/9-F-14 H:2013-03-03,NO 15/9-F-14 H,657.9119999999999,2013-03-03,497.28469002778115
productivity:NO 15/9-F-14 H:2013-03-13,NO 15/9-F-14 H,676.4630000000001,2013-03-13,356.76113722846577
productivity:NO 15/9-F-14 H:2013-03-20,NO 15/9-F-14 H,774.1273333333334,2013-03-20,430.311856112999
productivity:NO 15/9-F-14 H:2013-03-27,NO 15/9-F-14 H,876.8509999999999,2013-03-27,398.2416575258494
productivity:NO 15/9-F-14 H:2013-04-04,NO 15/9-F-14 H,906.5023333333334,2013-04-04,316.42717203543634
productivity:NO 15/9-F-14 H:2013-04-14,NO 15/9-F-14 H,977.3046666666667,2013-04-14,432.3001643687645
productivity:NO 15/9-F-14 H:2013-04-21,NO 15/9-F-14 H,931.2470000000001,2013-04-21,452.46240912019385
productivity:NO 15/9-F-14 H:2013-04-28,NO 15/9-F-14 H,900.7926666666667,2013-04-28,504.7045869003568
productivity:NO 15/9-F-14 H:2013-05-05,NO 15/9-F-14 H,885.7633333333335,2013-05-05,480.79797978415854
productivity:NO 15/9-F-14 H:2013-05-12,NO 15/9-F-14 H,868.773,2013-05-12,479.6120315527548
productivity:NO 15/9-F-14 H:2013-05-19,NO 15/9-F-14 H,873.5726666666667,2013-05-19,494.26482453690636
productivity:NO 15/9-F-14 H:2013-05-26,NO 15/9-F-14 H,819.5516666666666,2013-05-26,493.00483549466514
productivity:NO 15/9-F-14 H:2013-06-02,NO 15/9-F-14 H,799.2113333333334,2013-06-02,500.5203671132581
productivity:NO 15/9-F-14 H:2013-06-09,NO 15/9-F-14 H,788.8986666666666,2013-06-09,494.1166983177696
productivity:NO 15/9-F-14 H:2013-06-16,NO 15/9-F-14 H,790.4586666666668,2013-06-16,492.23531155213186
productivity:NO 15/9-F-14 H:2013-06-23,NO 15/9-F-14 H,767.6986666666667,2013-06-23,423.7126364965778
productivity:NO 15/9-F-14 H:2013-07-02,NO 15/9-F-14 H,725.3406666666668,2013-07-02,477.6554353656817
productivity:NO 15/9-F-14 H:2013-07-09,NO 15/9-F-14 H,642.309,2013-07-09,469.44019865814
productivity:NO 15/9-F-14 H:2013-07-16,NO 15/9-F-14 H,621.7660000000002,2013-07-16,466.2980104586223
productivity:NO 15/9-F-14 H:2013-07-23,NO 15/9-F-14 H,634.7236666666668,2013-07-23,283.4036407945204
productivity:NO 15/9-F-14 H:2013-07-30,NO 15/9-F-14 H,684.0480000000001,2013-07-30,260.6269762317005
productivity:NO 15/9-F-14 H:2013-08-06,NO 15/9-F-14 H,760.8553333333334,2013-08-06,359.8008669375074
productivity:NO 15/9-F-14 H:2013-08-13,NO 15/9-F-14 H,757.2849999999999,2013-08-13,335.5119247044507
productivity:NO 15/9-F-14 H:2013-08-20,NO 15/9-F-14 H,669.5153333333333,2013-08-20,330.25742933593153
productivity:NO 15/9-F-14 H:2013-08-27,NO 15/9-F-14 H,629.6023333333334,2013-08-27,324.61460857606204
productivity:NO 15/9-F-14 H:2013-09-03,NO 15/9-F-14 H,616.7016666666666,2013-09-03,470.0821685762227
productivity:NO 15/9-F-14 H:2013-09-10,NO 15/9-F-14 H,604.1473333333332,2013-09-10,515.4781237061832
productivity:NO 15/9-F-14 H:2013-09-17,NO 15/9-F-14 H,615.9926666666667,2013-09-17,374.8393458053957
productivity:NO 15/9-F-14 H:2013-09-25,NO 15/9-F-14 H,650.8316666666667,2013-09-25,409.0408019785221
productivity:NO 15/9-F-14 H:2013-10-02,NO 15/9-F-14 H,592.003,2013-10-02,457.207423531373
productivity:NO 15/9-F-14 H:2013-10-09,NO 15/9-F-14 H,532.96,2013-10-09,442.3930451456703
productivity:NO 15/9-F-14 H:2013-10-16,NO 15/9-F-14 H,567.8213333333333,2013-10-16,438.8306343246487
productivity:NO 15/9-F-14 H:2013-10-23,NO 15/9-F-14 H,572.5669999999999,2013-10-23,440.93833017611047
productivity:NO 15/9-F-14 H:2013-10-30,NO 15/9-F-14 H,622.6773333333332,2013-10-30,177.18988844423822
productivity:NO 15/9-F-14 H:2013-11-06,NO 15/9-F-14 H,684.3470000000001,2013-11-06,344.79080470023484
productivity:NO 15/9-F-14 H:2013-11-13,NO 15/9-F-14 H,593.0949999999998,2013-11-13,344.66989782562405
productivity:NO 15/9-F-14 H:2013-11-20,NO 15/9-F-14 H,550.61,2013-11-20,343.7353157126115
productivity:NO 15/9-F-14 H:2013-11-27,NO 15/9-F-14 H,521.0493333333333,2013-11-27,348.5965066452617
productivity:NO 15/9-F-14 H:2013-12-04,NO 15/9-F-14 H,491.4816666666666,2013-12-04,457.5014473209631
productivity:NO 15/9-F-14 H:2013-12-11,NO 15/9-F-14 H,503.1906666666666,2013-12-11,254.6682540391574
productivity:NO 15/9-F-14 H:2013-12-18,NO 15/9-F-14 H,566.2386666666666,2013-12-18,372.81298853787973
productivity:NO 15/9-F-14 H:2013-12-25,NO 15/9-F-14 H,567.2433333333335,2013-12-25,374.69984795930543
productivity:NO 15/9-F-14 H:2014-01-01,NO 15/9-F-14 H,556.2193333333333,2014-01-01,350.1790867546233
productivity:NO 15/9-F-14 H:2014-01-08,NO 15/9-F-14 H,562.6673333333333,2014-01-08,379.9175670449009
productivity:NO 15/9-F-14 H:2014-01-15,NO 15/9-F-14 H,528.8746666666666,2014-01-15,402.58422917936764
productivity:NO 15/9-F-14 H:2014-01-22,NO 15/9-F-14 H,526.0493333333333,2014-01-22,398.152510912246
productivity:NO 15/9-F-14 H:2014-01-29,NO 15/9-F-14 H,534.1186666666667,2014-01-29,394.44307922272145
productivity:NO 15/9-F-14 H:2014-02-06,NO 15/9-F-14 H,557.2233333333334,2014-02-06,401.82700729728737
productivity:NO 15/9-F-14 H:2014-02-14,NO 15/9-F-14 H,587.66,2014-02-14,380.8463668697254
productivity:NO 15/9-F-14 H:2014-02-21,NO 15/9-F-14 H,572.8603333333333,2014-02-21,385.18561711756996
productivity:NO 15/9-F-14 H:2014-02-28,NO 15/9-F-14 H,485.141,2014-02-28,384.6624045345947
productivity:NO 15/9-F-14 H:2014-03-07,NO 15/9-F-14 H,465.8946666666667,2014-03-07,389.1655722125135
productivity:NO 15/9-F-14 H:2014-03-14,NO 15/9-F-14 H,449.03666666666663,2014-03-14,408.770850922888
productivity:NO 15/9-F-14 H:2014-03-21,NO 15/9-F-14 H,457.96400000000006,2014-03-21,455.25387508766136
productivity:NO 15/9-F-14 H:2014-03-28,NO 15/9-F-14 H,529.0123333333333,2014-03-28,277.83864007974984
productivity:NO 15/9-F-14 H:2014-04-04,NO 15/9-F-14 H,552.489,2014-04-04,368.5857467117142
productivity:NO 15/9-F-14 H:2014-04-11,NO 15/9-F-14 H,525.4516666666665,2014-04-11,300.1282301156871
productivity:NO 15/9-F-14 H:2014-04-18,NO 15/9-F-14 H,499.11533333333335,2014-04-18,372.7334959067579
productivity:NO 15/9-F-14 H:2014-04-25,NO 15/9-F-14 H,467.3643333333335,2014-04-25,400.57158039854323
productivity:NO 15/9-F-14 H:2014-05-02,NO 15/9-F-14 H,436.81333333333345,2014-05-02,397.9007340716349
productivity:NO 15/9-F-14 H:2014-05-09,NO 15/9-F-14 H,419.12466666666666,2014-05-09,328.9049880832977
productivity:NO 15/9-F-14 H:2014-05-16,NO 15/9-F-14 H,446.95666666666665,2014-05-16,315.7857188436375
productivity:NO 15/9-F-14 H:2014-05-23,NO 15/9-F-14 H,454.9003333333333,2014-05-23,312.1733853765328
productivity:NO 15/9-F-14 H:2014-05-30,NO 15/9-F-14 H,441.1,2014-05-30,304.04323197290427
productivity:NO 15/9-F-14 H:2014-06-06,NO 15/9-F-14 H,447.03799999999995,2014-06-06,302.9606296478647
productivity:NO 15/9-F-14 H:2014-06-13,NO 15/9-F-14 H,443.767,2014-06-13,408.0136792294616
productivity:NO 15/9-F-14 H:2014-06-20,NO 15/9-F-14 H,431.2133333333333,2014-06-20,406.9725080835811
productivity:NO 15/9-F-14 H:2014-06-27,NO 15/9-F-14 H,432.17200000000014,2014-06-27,301.7898577868929
productivity:NO 15/9-F-14 H:2014-07-04,NO 15/9-F-14 H,429.842,2014-07-04,408.74369378548823
productivity:NO 15/9-F-14 H:2014-07-11,NO 15/9-F-14 H,407.5446666666667,2014-07-11,402.6615108269553
productivity:NO 15/9-F-14 H:2014-07-18,NO 15/9-F-14 H,383.0903333333333,2014-07-18,396.5563611433008
productivity:NO 15/9-F-14 H:2014-07-25,NO 15/9-F-14 H,305.65633333333324,2014-07-25,389.26704434744323
productivity:NO 15/9-F-14 H:2014-08-01,NO 15/9-F-14 H,268.8803333333333,2014-08-01,403.6457139153645
productivity:NO 15/9-F-14 H:2014-08-08,NO 15/9-F-14 H,268.70833333333337,2014-08-08,407.0477043046405
productivity:NO 15/9-F-14 H:2014-08-15,NO 15/9-F-14 H,268.1983333333334,2014-08-15,410.54654517793944
productivity:NO 15/9-F-14 H:2014-08-22,NO 15/9-F-14 H,300.819,2014-08-22,136.09894115538765
productivity:NO 15/9-F-14 H:2014-08-29,NO 15/9-F-14 H,341.47599999999994,2014-08-29,208.6874991758925
productivity:NO 15/9-F-14 H:2014-09-05,NO 15/9-F-14 H,316.7326666666667,2014-09-05,239.29767636698404
productivity:NO 15/9-F-14 H:2014-09-12,NO 15/9-F-14 H,314.91133333333335,2014-09-12,240.80038527728016
productivity:NO 15/9-F-14 H:2014-09-19,NO 15/9-F-14 H,311.90799999999996,2014-09-19,238.41700064757885
productivity:NO 15/9-F-14 H:2014-09-26,NO 15/9-F-14 H,309.255,2014-09-26,399.3467829993623
productivity:NO 15/9-F-14 H:2014-10-03,NO 15/9-F-14 H,324.6106666666666,2014-10-03,311.19076773165744
productivity:NO 15/9-F-14 H:2014-10-10,NO 15/9-F-14 H,327.6206666666667,2014-10-10,307.5882318380644
productivity:NO 15/9-F-14 H:2014-10-17,NO 15/9-F-14 H,334.92533333333336,2014-10-17,305.3209675708684
productivity:NO 15/9-F-14 H:2014-10-24,NO 15/9-F-14 H,342.8433333333333,2014-10-24,302.3791143165512
productivity:NO 15/9-F-14 H:2014-10-31,NO 15/9-F-14 H,346.22100000000006,2014-10-31,380.5180450558904
productivity:NO 15/9-F-14 H:2014-11-07,NO 15/9-F-14 H,340.5263333333334,2014-11-07,375.4699402000698
productivity:NO 15/9-F-14 H:2014-11-14,NO 15/9-F-14 H,329.318,2014-11-14,394.77941265140413
productivity:NO 15/9-F-14 H:2014-11-21,NO 15/9-F-14 H,318.40299999999996,2014-11-21,403.61521884758713
productivity:NO 15/9-F-14 H:2014-11-28,NO 15/9-F-14 H,312.7203333333333,2014-11-28,405.6834838665436
productivity:NO 15/9-F-14 H:2014-12-05,NO 15/9-F-14 H,327.51599999999996,2014-12-05,338.644788472824
productivity:NO 15/9-F-14 H:2014-12-12,NO 15/9-F-14 H,318.96200000000005,2014-12-12,359.3046049821619
productivity:NO 15/9-F-14 H:2014-12-19,NO 15/9-F-14 H,315.61999999999995,2014-12-19,331.9100903842611
productivity:NO 15/9-F-14 H:2014-12-26,NO 15/9-F-14 H,311.23733333333337,2014-12-26,352.3421238207117
productivity:NO 15/9-F-14 H:2015-01-02,NO 15/9-F-14 H,287.759,2015-01-02,369.43755060428447
productivity:NO 15/9-F-14 H:2015-01-09,NO 15/9-F-14 H,260.29400000000004,2015-01-09,366.9818036710914
productivity:NO 15/9-F-14 H:2015-01-16,NO 15/9-F-14 H,259.2716666666667,2015-01-16,341.0492081271262
productivity:NO 15/9-F-14 H:2015-01-23,NO 15/9-F-14 H,255.1203333333333,2015-01-23,341.4970159481269
productivity:NO 15/9-F-14 H:2015-01-30,NO 15/9-F-14 H,254.22466666666665,2015-01-30,333.8200480890753
productivity:NO 15/9-F-14 H:2015-02-06,NO 15/9-F-14 H,267.617,2015-02-06,322.6789988189224
productivity:NO 15/9-F-14 H:2015-02-13,NO 15/9-F-14 H,268.4413333333333,2015-02-13,321.88438889948293
productivity:NO 15/9-F-14 H:2015-02-20,NO 15/9-F-14 H,266.972,2015-02-20,332.3811653268526
productivity:NO 15/9-F-14 H:2015-02-27,NO 15/9-F-14 H,261.48466666666667,2015-02-27,339.8755163705836
productivity:NO 15/9-F-14 H:2015-03-06,NO 15/9-F-14 H,257.24566666666664,2015-03-06,352.4999808633982
productivity:NO 15/9-F-14 H:2015-03-13,NO 15/9-F-14 H,254.81933333333333,2015-03-13,378.0491670501467
productivity:NO 15/9-F-14 H:2015-03-20,NO 15/9-F-14 H,252.69299999999996,2015-03-20,376.3807098630506
productivity:NO 15/9-F-14 H:2015-03-27,NO 15/9-F-14 H,255.38933333333338,2015-03-27,357.33766944911895
productivity:NO 15/9-F-14 H:2015-04-03,NO 15/9-F-14 H,257.043,2015-04-03,352.4433400963368
productivity:NO 15/9-F-14 H:2015-04-10,NO 15/9-F-14 H,257.38433333333336,2015-04-10,350.39268186564857
productivity:NO 15/9-F-14 H:2015-04-17,NO 15/9-F-14 H,254.2,2015-04-17,354.74578744505067
productivity:NO 15/9-F-14 H:2015-04-24,NO 15/9-F-14 H,244.3873333333333,2015-04-24,358.12225858602443
productivity:NO 15/9-F-14 H:2015-05-01,NO 15/9-F-14 H,231.27100000000004,2015-05-01,370.0625045867045
productivity:NO 15/9-F-14 H:2015-05-08,NO 15/9-F-14 H,220.11533333333333,2015-05-08,368.8008310480434
productivity:NO 15/9-F-14 H:2015-05-15,NO 15/9-F-14 H,209.59866666666667,2015-05-15,366.98903226873404
productivity:NO 15/9-F-14 H:2015-05-22,NO 15/9-F-14 H,204.75966666666667,2015-05-22,368.89728544152274
productivity:NO 15/9-F-14 H:2015-05-29,NO 15/9-F-14 H,202.46433333333337,2015-05-29,371.03702233895996
productivity:NO 15/9-F-14 H:2015-06-05,NO 15/9-F-14 H,204.3673333333333,2015-06-05,370.48513639536696
productivity:NO 15/9-F-14 H:2015-06-12,NO 15/9-F-14 H,209.96300000000002,2015-06-12,345.1787115480573
productivity:NO 15/9-F-14 H:2015-06-19,NO 15/9-F-14 H,215.099,2015-06-19,341.97583544089025
productivity:NO 15/9-F-14 H:2015-06-26,NO 15/9-F-14 H,218.95766666666668,2015-06-26,344.00938885839224
productivity:NO 15/9-F-14 H:2015-07-03,NO 15/9-F-14 H,216.2433333333333,2015-07-03,342.01493003981403
productivity:NO 15/9-F-14 H:2015-07-10,NO 15/9-F-14 H,208.38233333333332,2015-07-10,368.1531206398665
productivity:NO 15/9-F-14 H:2015-07-17,NO 15/9-F-14 H,201.01266666666663,2015-07-17,373.3523937403813
productivity:NO 15/9-F-14 H:2015-07-24,NO 15/9-F-14 H,194.08466666666672,2015-07-24,375.8356730017203
productivity:NO 15/9-F-14 H:2015-07-31,NO 15/9-F-14 H,168.32733333333334,2015-07-31,347.3572992337665
productivity:NO 15/9-F-14 H:2015-08-07,NO 15/9-F-14 H,148.87266666666667,2015-08-07,339.1284487392161
productivity:NO 15/9-F-14 H:2015-08-14,NO 15/9-F-14 H,148.1663333333333,2015-08-14,336.61822431742337
productivity:NO 15/9-F-14 H:2015-08-21,NO 15/9-F-14 H,148.69266666666667,2015-08-21,335.2812708789591
productivity:NO 15/9-F-14 H:2015-08-28,NO 15/9-F-14 H,155.22566666666665,2015-08-28,133.3054379015643
productivity:NO 15/9-F-14 H:2015-09-04,NO 15/9-F-14 H,179.45133333333337,2015-09-04,209.81671031440175
productivity:NO 15/9-F-14 H:2015-09-11,NO 15/9-F-14 H,181.7313333333333,2015-09-11,212.2203913303529
productivity:NO 15/9-F-14 H:2015-09-18,NO 15/9-F-14 H,180.68033333333335,2015-09-18,210.91832365450801
productivity:NO 15/9-F-14 H:2015-09-25,NO 15/9-F-14 H,181.7543333333333,2015-09-25,210.7646767293892
productivity:NO 15/9-F-14 H:2015-10-02,NO 15/9-F-14 H,181.98399999999998,2015-10-02,330.2798529760272
productivity:NO 15/9-F-14 H:2015-10-09,NO 15/9-F-14 H,179.50366666666667,2015-10-09,332.47688882095053
productivity:NO 15/9-F-14 H:2015-10-16,NO 15/9-F-14 H,176.71300000000002,2015-10-16,333.485603087475
productivity:NO 15/9-F-14 H:2015-10-23,NO 15/9-F-14 H,177.98833333333332,2015-10-23,327.8745871093845
productivity:NO 15/9-F-14 H:2015-10-30,NO 15/9-F-14 H,180.69,2015-10-30,295.64468136417537
productivity:NO 15/9-F-14 H:2015-11-06,NO 15/9-F-14 H,180.31066666666666,2015-11-06,301.47029169297747
productivity:NO 15/9-F-14 H:2015-11-13,NO 15/9-F-14 H,178.1733333333333,2015-11-13,322.0655412204283
productivity:NO 15/9-F-14 H:2015-11-20,NO 15/9-F-14 H,174.3176666666667,2015-11-20,323.9978553580947
productivity:NO 15/9-F-14 H:2015-11-27,NO 15/9-F-14 H,169.35099999999997,2015-11-27,323.0740675233736
productivity:NO 15/9-F-14 H:2015-12-04,NO 15/9-F-14 H,164.93266666666665,2015-12-04,337.9392856753528
productivity:NO 15/9-F-14 H:2015-12-11,NO 15/9-F-14 H,160.29166666666669,2015-12-11,274.029707695065
productivity:NO 15/9-F-14 H:2015-12-18,NO 15/9-F-14 H,155.5753333333333,2015-12-18,298.4108421313832
productivity:NO 15/9-F-14 H:2015-12-25,NO 15/9-F-14 H,150.42433333333332,2015-12-25,293.68885817355664
productivity:NO 15/9-F-14 H:2016-01-01,NO 15/9-F-14 H,148.55900000000003,2016-01-01,291.7642776148532
productivity:NO 15/9-F-14 H:2016-01-08,NO 15/9-F-14 H,149.57200000000003,2016-01-08,298.18036935718897
productivity:NO 15/9-F-14 H:2016-01-15,NO 15/9-F-14 H,146.4606666666667,2016-01-15,324.15410453938483
productivity:NO 15/9-F-14 H:2016-01-22,NO 15/9-F-14 H,142.5186666666667,2016-01-22,316.5715694308035
productivity:NO 15/9-F-14 H:2016-01-29,NO 15/9-F-14 H,137.2326666666667,2016-01-29,314.2458134289836
productivity:NO 15/9-F-14 H:2016-02-05,NO 15/9-F-14 H,135.47766666666666,2016-02-05,299.078825096767
productivity:NO 15/9-F-14 H:2016-02-12,NO 15/9-F-14 H,130.784,2016-02-12,312.63067345052735
productivity:NO 15/9-F-14 H:2016-02-19,NO 15/9-F-14 H,128.41533333333334,2016-02-19,299.3944581041169
productivity:NO 15/9-F-14 H:2016-02-26,NO 15/9-F-14 H,125.69800000000004,2016-02-26,323.42713880740865
productivity:NO 15/9-F-14 H:2016-03-04,NO 15/9-F-14 H,118.06833333333334,2016-03-04,334.10366946657575
productivity:NO 15/9-F-14 H:2016-03-11,NO 15/9-F-14 H,110.87466666666667,2016-03-11,355.80144813027863
productivity:NO 15/9-F-14 H:2016-03-18,NO 15/9-F-14 H,109.03333333333333,2016-03-18,308.28139704578234
productivity:NO 15/9-F-14 H:2016-03-25,NO 15/9-F-14 H,106.71766666666667,2016-03-25,306.2679195146138
productivity:NO 15/9-F-14 H:2016-04-01,NO 15/9-F-14 H,103.747,2016-04-01,304.2075813248404
productivity:NO 15/9-F-14 H:2016-04-08,NO 15/9-F-14 H,106.03533333333334,2016-04-08,277.8835469148057
productivity:NO 15/9-F-14 H:2016-04-15,NO 15/9-F-14 H,104.73866666666667,2016-04-15,302.57454384763736
productivity:NO 15/9-F-14 H:2016-04-22,NO 15/9-F-14 H,101.93200000000002,2016-04-22,301.20944709314796
productivity:NO 15/9-F-14 H:2016-04-29,NO 15/9-F-14 H,103.63466666666667,2016-04-29,235.1557003686024
productivity:NO 15/9-F-14 H:2016-05-06,NO 15/9-F-14 H,102.87433333333334,2016-05-06,242.12281553942128
productivity:NO 15/9-F-14 H:2016-05-13,NO 15/9-F-14 H,101.412,2016-05-13,270.68088056930634
productivity:NO 15/9-F-14 H:2016-05-20,NO 15/9-F-14 H,102.10966666666668,2016-05-20,336.33499862664485
productivity:NO 15/9-F-14 H:2016-05-27,NO 15/9-F-14 H,102.438,2016-05-27,465.4994366578556
productivity:NO 15/9-F-14 H:2016-06-03,NO 15/9-F-14 H,102.50066666666665,2016-06-03,464.7896659317504
productivity:NO 15/9-F-14 H:2016-06-10,NO 15/9-F-14 H,102.96900000000002,2016-06-10,454.4517938318101
productivity:NO 15/9-F-14 H:2016-06-17,NO 15/9-F-14 H,92.239,2016-06-17,386.85283786227296
productivity:NO 15/9-F-14 H:2016-06-24,NO 15/9-F-14 H,68.10733333333334,2016-06-24,386.4909881458888
productivity:NO 15/9-F-14 H:2016-07-01,NO 15/9-F-14 H,44.22866666666667,2016-07-01,386.48204082615456
productivity:NO 15/9-F-14 H:2016-07-08,NO 15/9-F-14 H,20.43066666666667,2016-07-08,401.94708471073693
productivity:NO 15/9-F-14 H:2016-07-15,NO 15/9-F-14 H,0.0,2016-07-15,213.12292120753875
productivity:NO 15/9-F-14 H:2016-07-22,NO 15/9-F-14 H,0.0,2016-07-22,139.96020519490384
productivity:NO 15/9-F-14 H:2016-07-29,NO 15/9-F-14 H,0.0,2016-07-29,131.4699188070877
productivity:NO 15/9-F-14 H:2016-08-05,NO 15/9-F-14 H,0.0,2016-08-05,143.7250981645055
productivity:NO 15/9-F-14 H:2016-08-12,NO 15/9-F-14 H,0.0,2016-08-12,309.48559597081095
productivity:NO 15/9-F-14 H:2016-08-19,NO 15/9-F-14 H,0.0,2016-08-19,445.495619596501
