sample_id,family_id,well_id,depth_m,fold_id,truth_model_domain,prediction_model_domain,truth_physical,prediction_physical_unclipped,prediction_physical_bounded
reservoir_property_p51_r1-c82c5b891df29e7e1807,15/9-19,15/9-19 A,3839.5656,1,0.278200000525,0.362463544967,0.278200000525,0.362463544967,0.362463544967
reservoir_property_p51_r1-1963a20e391bb3309902,15/9-19,15/9-19 A,3841.6992,1,0.179399996996,0.29443300697,0.179399996996,0.29443300697,0.29443300697
reservoir_property_p51_r1-fe974d79cb240d283870,15/9-19,15/9-19 A,3843.8328,1,0.320199996233,0.269861920094,0.320199996233,0.269861920094,0.269861920094
reservoir_property_p51_r1-554169715805611d6505,15/9-19,15/9-19 A,3845.9664,1,0.208000004292,0.307818866447,0.208000004292,0.307818866447,0.307818866447
reservoir_property_p51_r1-e9faa83dbd75146b922d,15/9-19,15/9-19 A,3848.1,1,0.859700024128,0.399005127223,0.859700024128,0.399005127223,0.399005127223
reservoir_property_p51_r1-b21ead1ab61170abe768,15/9-19,15/9-19 A,3850.2336,1,0.851899981499,0.363153632015,0.851899981499,0.363153632015,0.363153632015
reservoir_property_p51_r1-8cbfd7b4b6577ea396b6,15/9-19,15/9-19 A,3852.3672,1,0.203700006008,0.377340480585,0.203700006008,0.377340480585,0.377340480585
reservoir_property_p51_r1-157edc8d66166411b41c,15/9-19,15/9-19 A,3854.5008,1,1,0.532208901293,1,0.532208901293,0.532208901293
reservoir_property_p51_r1-eefb76085578cf371e11,15/9-19,15/9-19 A,3856.6344,1,0.259600013494,0.447771197417,0.259600013494,0.447771197417,0.447771197417
reservoir_property_p51_r1-ba88d3aa1dead4c37a0a,15/9-19,15/9-19 A,3858.768,1,0.232600003481,0.257510764769,0.232600003481,0.257510764769,0.257510764769
reservoir_property_p51_r1-4b01174c986da8207347,15/9-19,15/9-19 A,3860.9016,1,0.101400002837,0.174016071987,0.101400002837,0.174016071987,0.174016071987
reservoir_property_p51_r1-adc4e2d20a333d442972,15/9-19,15/9-19 A,3863.0352,1,0.100900001824,0.0977263809504,0.100900001824,0.0977263809504,0.0977263809504
reservoir_property_p51_r1-86ed2576ff87ddf2e6f9,15/9-19,15/9-19 A,3865.1688,1,0.0854000002146,0.105305370628,0.0854000002146,0.105305370628,0.105305370628
reservoir_property_p51_r1-71e20c83ac5524dbd4aa,15/9-19,15/9-19 A,3867.3024,1,0.0934000015259,0.131301990175,0.0934000015259,0.131301990175,0.131301990175
reservoir_property_p51_r1-8b23836a45e0e18009f5,15/9-19,15/9-19 A,3869.436,1,0.0854000002146,0.115290303459,0.0854000002146,0.115290303459,0.115290303459
reservoir_property_p51_r1-ee4a3c96e1393e892666,15/9-19,15/9-19 A,3871.5696,1,0.101199999452,0.10078325119,0.101199999452,0.10078325119,0.10078325119
reservoir_property_p51_r1-8cffe42d063d40cd6fd3,15/9-19,15/9-19 A,3873.7032,1,0.104400001466,0.196872872355,0.104400001466,0.196872872355,0.196872872355
reservoir_property_p51_r1-74be318bc57b2dd39843,15/9-19,15/9-19 A,3875.8368,1,0.350600004196,0.414198253923,0.350600004196,0.414198253923,0.414198253923
reservoir_property_p51_r1-ef6176b25058728b8a75,15/9-19,15/9-19 A,3877.9704,1,0.169599995017,0.515296727081,0.169599995017,0.515296727081,0.515296727081
reservoir_property_p51_r1-2b8e6ccf04b6acc524ba,15/9-19,15/9-19 A,3880.104,1,0.325599998236,0.435323754233,0.325599998236,0.435323754233,0.435323754233
reservoir_property_p51_r1-05f0299cb2d43e708a38,15/9-19,15/9-19 A,3882.2376,1,0.210500001907,0.335816677299,0.210500001907,0.335816677299,0.335816677299
reservoir_property_p51_r1-0bbb78431a16c310d16d,15/9-19,15/9-19 A,3884.3712,1,0.251599997282,0.364911376638,0.251599997282,0.364911376638,0.364911376638
reservoir_property_p51_r1-53b0c2d8b1aa1f1043ea,15/9-19,15/9-19 A,3886.5048,1,0.185699999332,0.307174683051,0.185699999332,0.307174683051,0.307174683051
reservoir_property_p51_r1-21d9afbf8716251e6dcf,15/9-19,15/9-19 A,3888.6384,1,0.214800000191,0.264401360663,0.214800000191,0.264401360663,0.264401360663
reservoir_property_p51_r1-b410868ca057738d21a3,15/9-19,15/9-19 A,3890.772,1,0.230800002813,0.306341327391,0.230800002813,0.306341327391,0.306341327391
reservoir_property_p51_r1-029c92d38f813b260b8c,15/9-19,15/9-19 A,3892.9056,1,0.211899995804,0.380018427838,0.211899995804,0.380018427838,0.380018427838
reservoir_property_p51_r1-fd8572584c089825c58d,15/9-19,15/9-19 A,3895.0392,1,0.285299986601,0.370161980615,0.285299986601,0.370161980615,0.370161980615
reservoir_property_p51_r1-4a98aad73b54e05450d6,15/9-19,15/9-19 A,3897.1728,1,0.25569999218,0.311312656087,0.25569999218,0.311312656087,0.311312656087
reservoir_property_p51_r1-5222af628774f4d29812,15/9-19,15/9-19 A,3899.3064,1,0.202999994159,0.275122261438,0.202999994159,0.275122261438,0.275122261438
reservoir_property_p51_r1-b24f628f40d9912a4a57,15/9-19,15/9-19 A,3901.44,1,0.20530000329,0.227772225013,0.20530000329,0.227772225013,0.227772225013
reservoir_property_p51_r1-98b0c25c053b60754842,15/9-19,15/9-19 A,3903.5736,1,0.243499994278,0.260157148578,0.243499994278,0.260157148578,0.260157148578
reservoir_property_p51_r1-15b0cc17d6f671ddad2f,15/9-19,15/9-19 A,3905.7072,1,0.257699996233,0.27006811329,0.257699996233,0.27006811329,0.27006811329
reservoir_property_p51_r1-37cd85bd1039f0fb621f,15/9-19,15/9-19 A,3907.8408,1,0.20000000298,0.308549599708,0.20000000298,0.308549599708,0.308549599708
reservoir_property_p51_r1-d7cfe2a01f79bc3bfdeb,15/9-19,15/9-19 A,3909.9744,1,0.257499992847,0.2994249729,0.257499992847,0.2994249729,0.2994249729
reservoir_property_p51_r1-1eb04d9daf364c9b0e78,15/9-19,15/9-19 A,3912.108,1,0.245199993253,0.268502914888,0.245199993253,0.268502914888,0.268502914888
reservoir_property_p51_r1-a1d5a592554ea15ffea6,15/9-19,15/9-19 A,3914.2416,1,0.25569999218,0.318602689884,0.25569999218,0.318602689884,0.318602689884
reservoir_property_p51_r1-95e15844b5ac76025022,15/9-19,15/9-19 A,3916.3752,1,0.282700002193,0.349945910449,0.282700002193,0.349945910449,0.349945910449
reservoir_property_p51_r1-5310a7e7b4271355abaa,15/9-19,15/9-19 A,3918.5088,1,0.381700009108,0.441407837709,0.381700009108,0.441407837709,0.441407837709
reservoir_property_p51_r1-a87bb0be089ebb81db40,15/9-19,15/9-19 A,3920.6424,1,1,0.6097953226,1,0.6097953226,0.6097953226
reservoir_property_p51_r1-2c827d5bf1b7b2c72471,15/9-19,15/9-19 A,3922.776,1,1,0.610904365193,1,0.610904365193,0.610904365193
reservoir_property_p51_r1-d7c43bb402ed0dfa7845,15/9-19,15/9-19 A,3924.9096,1,0.750599980354,0.599436776919,0.750599980354,0.599436776919,0.599436776919
reservoir_property_p51_r1-2fd3c77299aba260cbc2,15/9-19,15/9-19 A,3927.0432,1,0.923099994659,0.550050167603,0.923099994659,0.550050167603,0.550050167603
reservoir_property_p51_r1-482ca5e8f089f800b149,15/9-19,15/9-19 A,3929.1768,1,0.627300024033,0.513373061835,0.627300024033,0.513373061835,0.513373061835
reservoir_property_p51_r1-6368e91c7b49eb48f555,15/9-19,15/9-19 A,3931.3104,1,1,0.60996728489,1,0.60996728489,0.60996728489
reservoir_property_p51_r1-e245e2b7be260e10d89d,15/9-19,15/9-19 A,3933.444,1,1,0.741017762864,1,0.741017762864,0.741017762864
reservoir_property_p51_r1-c4646559245407a189bd,15/9-19,15/9-19 A,3935.5776,1,0.879599988461,0.669054040822,0.879599988461,0.669054040822,0.669054040822
reservoir_property_p51_r1-7288da4e92a9b94012df,15/9-19,15/9-19 A,3937.7112,1,0.650900006294,0.550624942155,0.650900006294,0.550624942155,0.550624942155
reservoir_property_p51_r1-7730fe1274b31c527544,15/9-19,15/9-19 A,3939.8448,1,1,0.592988247602,1,0.592988247602,0.592988247602
reservoir_property_p51_r1-4269d6afb067480d3d74,15/9-19,15/9-19 A,3941.9784,1,1,0.778809955345,1,0.778809955345,0.778809955345
reservoir_property_p51_r1-36d004f1b0ef6b98c067,15/9-19,15/9-19 A,3944.112,1,0.877799987793,0.801354416041,0.877799987793,0.801354416041,0.801354416041
reservoir_property_p51_r1-fc0b15025295be2d1721,15/9-19,15/9-19 A,3946.2456,1,1,0.746054340028,1,0.746054340028,0.746054340028
reservoir_property_p51_r1-6ce722e91999e30b030f,15/9-19,15/9-19 A,3948.3792,1,0.910799980164,0.631504164981,0.910799980164,0.631504164981,0.631504164981
reservoir_property_p51_r1-ef1ad8b8028fd49ddc4f,15/9-19,15/9-19 A,3950.5128,1,1,0.634032077163,1,0.634032077163,0.634032077163
reservoir_property_p51_r1-f3d652b75bda5eb9cbf2,15/9-19,15/9-19 A,3952.6464,1,0.897000014782,0.608024798923,0.897000014782,0.608024798923,0.608024798923
reservoir_property_p51_r1-abd5ddc6451bcbcdd444,15/9-19,15/9-19 A,3954.78,1,0.828299999237,0.558574794417,0.828299999237,0.558574794417,0.558574794417
reservoir_property_p51_r1-48f2e104933dfb6b8333,15/9-19,15/9-19 A,3956.9136,1,0.965300023556,0.576074379921,0.965300023556,0.576074379921,0.576074379921
reservoir_property_p51_r1-80d0cf104d57aaf84b64,15/9-19,15/9-19 A,3959.0472,1,0.867399990559,0.691882717527,0.867399990559,0.691882717527,0.691882717527
reservoir_property_p51_r1-e8971e133fc2020c291f,15/9-19,15/9-19 A,3961.1808,1,0.898000001907,0.697842607698,0.898000001907,0.697842607698,0.697842607698
reservoir_property_p51_r1-2a2dc31ff88488cd7591,15/9-19,15/9-19 A,3963.3144,1,0.99169999361,0.658632837827,0.99169999361,0.658632837827,0.658632837827
reservoir_property_p51_r1-5f9023d0346bb7db4d0c,15/9-19,15/9-19 BT2,4039.9716,1,1,0.280363279881,1,0.280363279881,0.280363279881
reservoir_property_p51_r1-17eb1e25bbbc88a94216,15/9-19,15/9-19 BT2,4042.1052,1,1,0.289053885435,1,0.289053885435,0.289053885435
reservoir_property_p51_r1-6c7658fe80039c29d01c,15/9-19,15/9-19 BT2,4044.2388,1,0.978100001812,0.313317153225,0.978100001812,0.313317153225,0.313317153225
reservoir_property_p51_r1-c4d972db396a804b6e68,15/9-19,15/9-19 BT2,4046.3724,1,1,0.359356167559,1,0.359356167559,0.359356167559
reservoir_property_p51_r1-0d5cf65e32752909676d,15/9-19,15/9-19 BT2,4048.506,1,0.945599973202,0.379671267348,0.945599973202,0.379671267348,0.379671267348
reservoir_property_p51_r1-83dd5d6464a142941499,15/9-19,15/9-19 BT2,4050.6396,1,0.873399972916,0.391765856283,0.873399972916,0.391765856283,0.391765856283
reservoir_property_p51_r1-f7a2682f45a52a1db059,15/9-19,15/9-19 BT2,4052.7732,1,1,0.421422566282,1,0.421422566282,0.421422566282
reservoir_property_p51_r1-f9ae65e0657a3121113a,15/9-19,15/9-19 BT2,4054.9068,1,0.992699980736,0.33596617544,0.992699980736,0.33596617544,0.33596617544
reservoir_property_p51_r1-db439f8c7b0d4bd04d6f,15/9-19,15/9-19 BT2,4057.0404,1,1,0.330991580256,1,0.330991580256,0.330991580256
reservoir_property_p51_r1-a7a18be6e023dabcb84e,15/9-19,15/9-19 BT2,4059.174,1,1,0.337763723131,1,0.337763723131,0.337763723131
reservoir_property_p51_r1-f18e185fd42e53603cbe,15/9-19,15/9-19 BT2,4061.3076,1,1,0.376809651055,1,0.376809651055,0.376809651055
reservoir_property_p51_r1-eca180adcf269306e40e,15/9-19,15/9-19 BT2,4063.4412,1,1,0.483028370802,1,0.483028370802,0.483028370802
reservoir_property_p51_r1-d55e2b07ae322ddacf1b,15/9-19,15/9-19 BT2,4065.5748,1,0.939199984074,0.470788257693,0.939199984074,0.470788257693,0.470788257693
reservoir_property_p51_r1-e5dffe3e0b960a8909f1,15/9-19,15/9-19 BT2,4067.7084,1,1,0.416989780044,1,0.416989780044,0.416989780044
reservoir_property_p51_r1-2942949578935c453b7d,15/9-19,15/9-19 BT2,4069.842,1,1,0.549660023761,1,0.549660023761,0.549660023761
reservoir_property_p51_r1-3fb7e0a49f7f424b71bd,15/9-19,15/9-19 BT2,4071.9756,1,1,0.59371835272,1,0.59371835272,0.59371835272
reservoir_property_p51_r1-0ef440a79a6c325b9485,15/9-19,15/9-19 BT2,4074.1092,1,1,0.530300359098,1,0.530300359098,0.530300359098
reservoir_property_p51_r1-8b0dfe4fd19568417549,15/9-19,15/9-19 BT2,4076.2428,1,1,0.601729388925,1,0.601729388925,0.601729388925
reservoir_property_p51_r1-61d8c6da5f43e3c3a8c9,15/9-19,15/9-19 BT2,4078.3764,1,0.978100001812,0.529113407191,0.978100001812,0.529113407191,0.529113407191
reservoir_property_p51_r1-2c435b2f5ec28e30c92a,15/9-19,15/9-19 BT2,4080.51,1,1,0.353528426424,1,0.353528426424,0.353528426424
reservoir_property_p51_r1-1492cd74a90b4db31f7c,15/9-19,15/9-19 BT2,4082.6436,1,1,0.296394331635,1,0.296394331635,0.296394331635
reservoir_property_p51_r1-e4c619aa61e7c9c4c69e,15/9-19,15/9-19 BT2,4084.7772,1,0.995999991894,0.321398077765,0.995999991894,0.321398077765,0.321398077765
reservoir_property_p51_r1-0407ee04f6ddb66a1a56,15/9-19,15/9-19 BT2,4086.9108,1,1,0.354051075927,1,0.354051075927,0.354051075927
reservoir_property_p51_r1-74439ba92582a84ba471,15/9-19,15/9-19 BT2,4089.0444,1,1,0.334540254104,1,0.334540254104,0.334540254104
reservoir_property_p51_r1-9bf9284f92d26be1d274,15/9-19,15/9-19 BT2,4091.178,1,1,0.34949148319,1,0.34949148319,0.34949148319
reservoir_property_p51_r1-645867ec61a985871c4c,15/9-19,15/9-19 BT2,4093.3116,1,1,0.374425767009,1,0.374425767009,0.374425767009
reservoir_property_p51_r1-cfdf9b0049feed6a747f,15/9-19,15/9-19 BT2,4095.4452,1,0.865800023079,0.391232337337,0.865800023079,0.391232337337,0.391232337337
reservoir_property_p51_r1-52b3257a3ea06c05215f,15/9-19,15/9-19 BT2,4097.5788,1,0.973399996758,0.392608304354,0.973399996758,0.392608304354,0.392608304354
reservoir_property_p51_r1-c192d53d443568006318,15/9-19,15/9-19 BT2,4099.7124,1,1,0.516760191977,1,0.516760191977,0.516760191977
reservoir_property_p51_r1-7e7e6dcc83e62f16b2a7,15/9-19,15/9-19 BT2,4101.846,1,1,0.53785039777,1,0.53785039777,0.53785039777
reservoir_property_p51_r1-8053c6131cedcb32f61b,15/9-19,15/9-19 BT2,4103.9796,1,1,0.479989869667,1,0.479989869667,0.479989869667
reservoir_property_p51_r1-fb3cceeb3a4ce1d6fd01,15/9-19,15/9-19 BT2,4106.1132,1,1,0.402868427793,1,0.402868427793,0.402868427793
reservoir_property_p51_r1-4e718ca88f4887b2bd0c,15/9-19,15/9-19 BT2,4108.2468,1,0.920199990273,0.361004263372,0.920199990273,0.361004263372,0.361004263372
reservoir_property_p51_r1-b418c56149f6ec7619f3,15/9-19,15/9-19 BT2,4110.3804,1,1,0.352617641148,1,0.352617641148,0.352617641148
reservoir_property_p51_r1-50ec9c8e748675c1780b,15/9-19,15/9-19 BT2,4112.514,1,1,0.354910387509,1,0.354910387509,0.354910387509
reservoir_property_p51_r1-61e6173eb6face567e7b,15/9-19,15/9-19 BT2,4114.6476,1,1,0.341291339915,1,0.341291339915,0.341291339915
reservoir_property_p51_r1-2b215e73c517e3d41ddc,15/9-19,15/9-19 BT2,4116.7812,1,1,0.326970426727,1,0.326970426727,0.326970426727
reservoir_property_p51_r1-b8eed999fd8eda807685,15/9-19,15/9-19 BT2,4118.9148,1,1,0.281899168839,1,0.281899168839,0.281899168839
reservoir_property_p51_r1-da56dacb5179280cfe8f,15/9-19,15/9-19 BT2,4121.0484,1,1,0.274553082582,1,0.274553082582,0.274553082582
reservoir_property_p51_r1-2670d98ab1ae8e8fa0c3,15/9-19,15/9-19 BT2,4123.182,1,1,0.261102629917,1,0.261102629917,0.261102629917
reservoir_property_p51_r1-bc5d03ad223768b5016a,15/9-19,15/9-19 BT2,4125.3156,1,1,0.274510271277,1,0.274510271277,0.274510271277
reservoir_property_p51_r1-be076e89fde786b423f8,15/9-19,15/9-19 BT2,4127.4492,1,1,0.230070041486,1,0.230070041486,0.230070041486
reservoir_property_p51_r1-56b8b3420a07934e1600,15/9-19,15/9-19 BT2,4129.5828,1,1,0.238191223229,1,0.238191223229,0.238191223229
reservoir_property_p51_r1-16ddefd7012a9ec1d84e,15/9-19,15/9-19 BT2,4131.7164,1,1,0.21261909809,1,0.21261909809,0.21261909809
reservoir_property_p51_r1-be453fb7f5b5fb6d6dc7,15/9-19,15/9-19 BT2,4133.85,1,0.9700999856,0.213905263021,0.9700999856,0.213905263021,0.213905263021
reservoir_property_p51_r1-0e5276b6055c5f46c990,15/9-19,15/9-19 BT2,4135.9836,1,1,0.210492603782,1,0.210492603782,0.210492603782
reservoir_property_p51_r1-75f3af5dea0fc3b8bc18,15/9-19,15/9-19 BT2,4138.1172,1,0.49509999156,0.238929908983,0.49509999156,0.238929908983,0.238929908983
reservoir_property_p51_r1-d8f352d5bffdfa9933a0,15/9-19,15/9-19 BT2,4140.2508,1,1,0.260084350974,1,0.260084350974,0.260084350974
reservoir_property_p51_r1-f57780042299ff0bb4c0,15/9-19,15/9-19 BT2,4142.3844,1,0.904100000858,0.243721758488,0.904100000858,0.243721758488,0.243721758488
reservoir_property_p51_r1-f7df0942c045e791ea97,15/9-19,15/9-19 BT2,4144.518,1,0.931500017643,0.206287631026,0.931500017643,0.206287631026,0.206287631026
reservoir_property_p51_r1-f77f21a917f8e2bb4453,15/9-19,15/9-19 BT2,4146.6516,1,0.888100028038,0.174782249304,0.888100028038,0.174782249304,0.174782249304
reservoir_property_p51_r1-90ae4a78ff185f815bbe,15/9-19,15/9-19 BT2,4148.7852,1,1,0.104602690112,1,0.104602690112,0.104602690112
reservoir_property_p51_r1-caf20a32eb1cce9b728d,15/9-19,15/9-19 BT2,4150.9188,1,1,0.0410631170826,1,0.0410631170826,0.0410631170826
reservoir_property_p51_r1-b5581e403eb22a9df522,15/9-19,15/9-19 BT2,4153.0524,1,1,0.149152557857,1,0.149152557857,0.149152557857
reservoir_property_p51_r1-3fe00fa7843c63cb5069,15/9-19,15/9-19 BT2,4155.186,1,0.941399991512,0.178847718711,0.941399991512,0.178847718711,0.178847718711
reservoir_property_p51_r1-ee8199ff3b3d3a92dd3b,15/9-19,15/9-19 BT2,4157.3196,1,0.2757999897,0.134725349042,0.2757999897,0.134725349042,0.134725349042
reservoir_property_p51_r1-14303b1a409ae943241b,15/9-19,15/9-19 BT2,4159.4532,1,0.916100025177,0.112866070223,0.916100025177,0.112866070223,0.112866070223
reservoir_property_p51_r1-2424110cfa656c3e20ed,15/9-19,15/9-19 BT2,4161.5868,1,1,0.172983774542,1,0.172983774542,0.172983774542
reservoir_property_p51_r1-e4dcb87f43964bc42283,15/9-19,15/9-19 BT2,4163.7204,1,1,0.342785998446,1,0.342785998446,0.342785998446
reservoir_property_p51_r1-fa279f41172f2b46d8a7,15/9-19,15/9-19 BT2,4165.854,1,1,0.35154447566,1,0.35154447566,0.35154447566
reservoir_property_p51_r1-9a82322911d1538fb107,15/9-19,15/9-19 BT2,4167.9876,1,0.923099994659,0.296446436994,0.923099994659,0.296446436994,0.296446436994
reservoir_property_p51_r1-a5404e09df17407de685,15/9-19,15/9-19 BT2,4170.1212,1,1,0.293454296709,1,0.293454296709,0.293454296709
reservoir_property_p51_r1-b61032c8988d22de110d,15/9-19,15/9-19 BT2,4172.2548,1,0.913399994373,0.291087021173,0.913399994373,0.291087021173,0.291087021173
reservoir_property_p51_r1-5fd52a891c14eb2ec674,15/9-19,15/9-19 BT2,4174.3884,1,0.93900001049,0.458192761191,0.93900001049,0.458192761191,0.458192761191
reservoir_property_p51_r1-632b8d072ab14d84370f,15/9-19,15/9-19 BT2,4176.522,1,0.967999994755,0.480236383702,0.967999994755,0.480236383702,0.480236383702
reservoir_property_p51_r1-627fafe2433e9e258195,15/9-19,15/9-19 BT2,4178.6556,1,1,0.582758383591,1,0.582758383591,0.582758383591
reservoir_property_p51_r1-acc3e9ed568068a231eb,15/9-19,15/9-19 BT2,4180.7892,1,0.477499991655,0.844334294255,0.477499991655,0.844334294255,0.844334294255
reservoir_property_p51_r1-51047cca1addf691de5a,15/9-19,15/9-19 BT2,4182.9228,1,1,0.874902160679,1,0.874902160679,0.874902160679
reservoir_property_p51_r1-1778b37e8d76204de6b5,15/9-19,15/9-19 BT2,4185.0564,1,1,0.789702013657,1,0.789702013657,0.789702013657
reservoir_property_p51_r1-3732931f1dab15fb1ae8,15/9-19,15/9-19 BT2,4187.19,1,0.457700014114,0.853152199253,0.457700014114,0.853152199253,0.853152199253
reservoir_property_p51_r1-803d8dda07685417ac15,15/9-19,15/9-19 BT2,4189.3236,1,0.885100007057,1.01220727259,0.885100007057,1.01220727259,1
reservoir_property_p51_r1-5d3a90b792abbdfd0416,15/9-19,15/9-19 BT2,4191.4572,1,1,1.07503172976,1,1.07503172976,1
reservoir_property_p51_r1-bc9998907f1ed9056af2,15/9-19,15/9-19 BT2,4193.5908,1,1,1.20002623421,1,1.20002623421,1
reservoir_property_p51_r1-3732ebca88252773d1c6,15/9-19,15/9-19 BT2,4195.7244,1,1,1.25162859625,1,1.25162859625,1
reservoir_property_p51_r1-a9cfe829449d62897cbd,15/9-19,15/9-19 SR,4269.9432,1,1,0.728391692545,1,0.728391692545,0.728391692545
reservoir_property_p51_r1-ce358540f331435b66ce,15/9-19,15/9-19 SR,4273.9056,1,1,0.809117187477,1,0.809117187477,0.809117187477
reservoir_property_p51_r1-973bba9c487f6d73cebf,15/9-19,15/9-19 SR,4276.0392,1,1,0.802101076704,1,0.802101076704,0.802101076704
reservoir_property_p51_r1-d68e98e909894fe502d6,15/9-19,15/9-19 SR,4278.1728,1,1,0.815314961645,1,0.815314961645,0.815314961645
reservoir_property_p51_r1-28b363ee45458e731cb9,15/9-19,15/9-19 SR,4280.3064,1,1,0.821813549428,1,0.821813549428,0.821813549428
reservoir_property_p51_r1-f993a075275f6edf91a1,15/9-19,15/9-19 SR,4282.44,1,1,0.9057365549,1,0.9057365549,0.9057365549
reservoir_property_p51_r1-3e030bdce98d6f8dd264,15/9-19,15/9-19 SR,4284.5736,1,1,0.890166631181,1,0.890166631181,0.890166631181
reservoir_property_p51_r1-7891ab9dbb0ef5c467e6,15/9-19,15/9-19 SR,4286.7072,1,1,0.902112398413,1,0.902112398413,0.902112398413
reservoir_property_p51_r1-434c7020b5853ed800b6,15/9-19,15/9-19 SR,4288.8408,1,1,0.909710290284,1,0.909710290284,0.909710290284
reservoir_property_p51_r1-9e714c3b24a10192ce2e,15/9-19,15/9-19 SR,4290.9744,1,1,0.874744603012,1,0.874744603012,0.874744603012
reservoir_property_p51_r1-86ac012091ab82f4544d,15/9-19,15/9-19 SR,4293.108,1,1,0.971682861465,1,0.971682861465,0.971682861465
reservoir_property_p51_r1-30bf9051d53730f79a53,15/9-19,15/9-19 SR,4295.2416,1,1,0.979116055542,1,0.979116055542,0.979116055542
reservoir_property_p51_r1-ab62a2045b781330f8c6,15/9-19,15/9-19 SR,4297.375,1,1,1.02839139419,1,1.02839139419,1
reservoir_property_p51_r1-e0a592a358fb01109913,15/9-19,15/9-19 SR,4299.5088,1,1,1.08867195493,1,1.08867195493,1
reservoir_property_p51_r1-aad3053a7097065a6859,15/9-F-1,15/9-F-1 A,3430.6,3,1,1.35806576337,1,1.35806576337,1
reservoir_property_p51_r1-75ae061e8f9000495219,15/9-F-1,15/9-F-1 A,3432.6,3,1,1.44276736098,1,1.44276736098,1
reservoir_property_p51_r1-0a608aa6cdb2229c0489,15/9-F-1,15/9-F-1 A,3434.6,3,0.882000029087,1.09359211264,0.882000029087,1.09359211264,1
reservoir_property_p51_r1-6910121701041a982dc0,15/9-F-1,15/9-F-1 A,3436.6,3,1,0.759618394914,1,0.759618394914,0.759618394914
reservoir_property_p51_r1-f9474c1ca000994ce73a,15/9-F-1,15/9-F-1 A,3438.6,3,0.578899979591,0.831248545403,0.578899979591,0.831248545403,0.831248545403
reservoir_property_p51_r1-9bb7f858c0054bd2f092,15/9-F-1,15/9-F-1 A,3440.6,3,0.731100022793,0.871318908337,0.731100022793,0.871318908337,0.871318908337
reservoir_property_p51_r1-134adcc7a7ef74b8b1fd,15/9-F-1,15/9-F-1 A,3442.6,3,0.776400029659,0.740506009367,0.776400029659,0.740506009367,0.740506009367
reservoir_property_p51_r1-a5ef3e955e2caf730929,15/9-F-1,15/9-F-1 A,3444.6,3,0.83370000124,0.687775001157,0.83370000124,0.687775001157,0.687775001157
reservoir_property_p51_r1-c21a8e20da38350152a2,15/9-F-1,15/9-F-1 A,3446.6,3,0.669099986553,0.720123212672,0.669099986553,0.720123212672,0.720123212672
reservoir_property_p51_r1-6789f2fc7722bf724393,15/9-F-1,15/9-F-1 A,3448.6,3,0.930999994278,0.739523928807,0.930999994278,0.739523928807,0.739523928807
reservoir_property_p51_r1-9b3bf10d1cd101b1abdb,15/9-F-1,15/9-F-1 A,3450.6,3,1,0.78241711677,1,0.78241711677,0.78241711677
reservoir_property_p51_r1-cc78df5177291bcc05fe,15/9-F-1,15/9-F-1 A,3452.6,3,0.908500015736,0.814373180625,0.908500015736,0.814373180625,0.814373180625
reservoir_property_p51_r1-6404c6ada7cc14ccd560,15/9-F-1,15/9-F-1 A,3454.6,3,1,0.690181426158,1,0.690181426158,0.690181426158
reservoir_property_p51_r1-d569b961f92e47de34ec,15/9-F-1,15/9-F-1 A,3456.6,3,1,0.608994586491,1,0.608994586491,0.608994586491
reservoir_property_p51_r1-3d30c8bbdf16298b333d,15/9-F-1,15/9-F-1 A,3458.6,3,0.480699986219,0.679038878474,0.480699986219,0.679038878474,0.679038878474
reservoir_property_p51_r1-c771e76ce1b55bf86b75,15/9-F-1,15/9-F-1 A,3460.6,3,1,0.666245283362,1,0.666245283362,0.666245283362
reservoir_property_p51_r1-aac1d578d62b49e27099,15/9-F-1,15/9-F-1 A,3462.6,3,1,0.646146489521,1,0.646146489521,0.646146489521
reservoir_property_p51_r1-51c0bb52d7a801e51ed1,15/9-F-1,15/9-F-1 A,3464.6,3,0.962400019169,0.739191814082,0.962400019169,0.739191814082,0.739191814082
reservoir_property_p51_r1-4fcd5e516330d8543cfa,15/9-F-1,15/9-F-1 A,3466.6,3,1,0.753135763193,1,0.753135763193,0.753135763193
reservoir_property_p51_r1-4a7af87c28d0acdb3166,15/9-F-1,15/9-F-1 A,3468.6,3,0.808000028133,0.785432541385,0.808000028133,0.785432541385,0.785432541385
reservoir_property_p51_r1-a7c937b526bbdf6495eb,15/9-F-1,15/9-F-1 A,3470.6,3,1,0.825346477039,1,0.825346477039,0.825346477039
reservoir_property_p51_r1-fd91be1e31f5fd815739,15/9-F-1,15/9-F-1 A,3472.6,3,1,0.861676719623,1,0.861676719623,0.861676719623
reservoir_property_p51_r1-51f76c40fbfdb1cd5f02,15/9-F-1,15/9-F-1 A,3474.6,3,1,0.787418432798,1,0.787418432798,0.787418432798
reservoir_property_p51_r1-b2027021bb2ec38fadec,15/9-F-1,15/9-F-1 A,3476.6,3,0.994499981403,0.709848009251,0.994499981403,0.709848009251,0.709848009251
reservoir_property_p51_r1-50e39d5ae1f287b78378,15/9-F-1,15/9-F-1 A,3478.6,3,1,0.648348297683,1,0.648348297683,0.648348297683
reservoir_property_p51_r1-c821bc567d9ce6c62529,15/9-F-1,15/9-F-1 A,3480.6,3,0.960399985313,0.632612313072,0.960399985313,0.632612313072,0.632612313072
reservoir_property_p51_r1-1d1b55d28bbc1282df82,15/9-F-1,15/9-F-1 B,3251.3,3,0.581700026989,0.587133789122,0.581700026989,0.587133789122,0.587133789122
reservoir_property_p51_r1-a7f5b50b7828b740f7f5,15/9-F-1,15/9-F-1 B,3253.3,3,0.542299985886,0.482015027921,0.542299985886,0.482015027921,0.482015027921
reservoir_property_p51_r1-8a0cde04ad7968b79dc1,15/9-F-1,15/9-F-1 B,3255.3,3,0.277000010014,0.411671698004,0.277000010014,0.411671698004,0.411671698004
reservoir_property_p51_r1-c49556fbbe6bd89ff14c,15/9-F-1,15/9-F-1 B,3257.3,3,0.393099993467,0.53814376332,0.393099993467,0.53814376332,0.53814376332
reservoir_property_p51_r1-447b0ea12ecbb91646b2,15/9-F-1,15/9-F-1 B,3259.3,3,1,0.582941531983,1,0.582941531983,0.582941531983
reservoir_property_p51_r1-43fa187b112e89a1f121,15/9-F-1,15/9-F-1 B,3261.3,3,0.378199994564,0.507943879526,0.378199994564,0.507943879526,0.507943879526
reservoir_property_p51_r1-fca26ac5283f6c989911,15/9-F-1,15/9-F-1 B,3263.3,3,1,0.476035107026,1,0.476035107026,0.476035107026
reservoir_property_p51_r1-11d65665aa4d40745035,15/9-F-1,15/9-F-1 B,3265.3,3,0.10909999907,0.320534129413,0.10909999907,0.320534129413,0.320534129413
reservoir_property_p51_r1-212804f3c1ebd8e1a38b,15/9-F-1,15/9-F-1 B,3267.3,3,0.117299996316,0.301757945615,0.117299996316,0.301757945615,0.301757945615
reservoir_property_p51_r1-91f8c3e3fe8e4532fa25,15/9-F-1,15/9-F-1 B,3269.3,3,0.522400021553,0.44939357339,0.522400021553,0.44939357339,0.44939357339
reservoir_property_p51_r1-6804b84f98a8eeeae1bc,15/9-F-1,15/9-F-1 B,3271.3,3,0.288100004196,0.437088171937,0.288100004196,0.437088171937,0.437088171937
reservoir_property_p51_r1-1dc81ceae51063db4b29,15/9-F-1,15/9-F-1 B,3273.3,3,0.252000004053,0.396045415727,0.252000004053,0.396045415727,0.396045415727
reservoir_property_p51_r1-3e8d1cf4320503754e2e,15/9-F-1,15/9-F-1 B,3275.3,3,0.34889999032,0.487796586539,0.34889999032,0.487796586539,0.487796586539
reservoir_property_p51_r1-af2b8e676792777de942,15/9-F-1,15/9-F-1 B,3277.3,3,1,0.605284401374,1,0.605284401374,0.605284401374
reservoir_property_p51_r1-ef4ca2efde74bb98ec32,15/9-F-1,15/9-F-1 B,3279.3,3,0.531700015068,0.552571303608,0.531700015068,0.552571303608,0.552571303608
reservoir_property_p51_r1-0102c564ecdfe0fa7b57,15/9-F-1,15/9-F-1 B,3281.3,3,0.391200006008,0.547293316567,0.391200006008,0.547293316567,0.547293316567
reservoir_property_p51_r1-9003136593df695f3de3,15/9-F-1,15/9-F-1 B,3283.3,3,0.603200018406,0.597988685281,0.603200018406,0.597988685281,0.597988685281
reservoir_property_p51_r1-fa77940f9659d8b0ae6e,15/9-F-1,15/9-F-1 B,3285.3,3,0.626699984074,0.593641165094,0.626699984074,0.593641165094,0.593641165094
reservoir_property_p51_r1-f721ec200134c2e177d3,15/9-F-1,15/9-F-1 B,3287.3,3,0.587899982929,0.581656638951,0.587899982929,0.581656638951,0.581656638951
reservoir_property_p51_r1-7cefea5c31860686b82f,15/9-F-1,15/9-F-1 B,3289.3,3,0.127399995923,0.484902420811,0.127399995923,0.484902420811,0.484902420811
reservoir_property_p51_r1-8f392a18ef7ebb897d89,15/9-F-1,15/9-F-1 B,3291.3,3,0.0868000015616,0.416694253031,0.0868000015616,0.416694253031,0.416694253031
reservoir_property_p51_r1-a1794b20e4c302e8b749,15/9-F-1,15/9-F-1 B,3293.3,3,0.13369999826,0.451335027828,0.13369999826,0.451335027828,0.451335027828
reservoir_property_p51_r1-da9ceeb7c0a1a928e2b1,15/9-F-1,15/9-F-1 B,3295.3,3,0.385399997234,0.523212810209,0.385399997234,0.523212810209,0.523212810209
reservoir_property_p51_r1-979302475eaa572d2e54,15/9-F-1,15/9-F-1 B,3297.3,3,0.375400006771,0.577806681821,0.375400006771,0.577806681821,0.577806681821
reservoir_property_p51_r1-9f7deba1998be3a1c08f,15/9-F-1,15/9-F-1 B,3299.3,3,0.373400002718,0.581205850357,0.373400002718,0.581205850357,0.581205850357
reservoir_property_p51_r1-f15d7a36e61d5b540c60,15/9-F-1,15/9-F-1 B,3301.3,3,0.347000002861,0.562214856222,0.347000002861,0.562214856222,0.562214856222
reservoir_property_p51_r1-c1d406b7e0c2f1f8a313,15/9-F-1,15/9-F-1 B,3303.3,3,0.326099991798,0.694776806398,0.326099991798,0.694776806398,0.694776806398
reservoir_property_p51_r1-aeb895029f772745ce88,15/9-F-1,15/9-F-1 B,3305.3,3,1,0.984290185648,1,0.984290185648,0.984290185648
reservoir_property_p51_r1-4fd8f693147220acbbbf,15/9-F-1,15/9-F-1 B,3313.5,3,1,0.848405190524,1,0.848405190524,0.848405190524
reservoir_property_p51_r1-f48a8c765f4b5d8fe8e2,15/9-F-1,15/9-F-1 B,3315.5,3,1,0.865447093591,1,0.865447093591,0.865447093591
reservoir_property_p51_r1-7c0918cccea0a1ed5fc7,15/9-F-1,15/9-F-1 B,3317.5,3,1,0.923638381711,1,0.923638381711,0.923638381711
reservoir_property_p51_r1-90916c854c0c8d605aec,15/9-F-1,15/9-F-1 B,3319.5,3,1,0.898384806529,1,0.898384806529,0.898384806529
reservoir_property_p51_r1-14dc5ee09f52fc7a06c8,15/9-F-1,15/9-F-1 B,3321.5,3,1,0.875417728391,1,0.875417728391,0.875417728391
reservoir_property_p51_r1-df38cce6f2a353ca4c82,15/9-F-1,15/9-F-1 B,3323.5,3,1,0.923513232442,1,0.923513232442,0.923513232442
reservoir_property_p51_r1-ac8d27be352cd4be88de,15/9-F-1,15/9-F-1 B,3325.5,3,1,0.908028497046,1,0.908028497046,0.908028497046
reservoir_property_p51_r1-b40a81d12f8998ebacbd,15/9-F-1,15/9-F-1 B,3327.5,3,0.908599972725,0.786724347962,0.908599972725,0.786724347962,0.786724347962
reservoir_property_p51_r1-770468663c804e3f3b51,15/9-F-1,15/9-F-1 B,3329.5,3,0.966199994087,0.701721251517,0.966199994087,0.701721251517,0.701721251517
reservoir_property_p51_r1-47a98aa288dd56c7002f,15/9-F-1,15/9-F-1 B,3331.5,3,0.902400016785,0.739395162995,0.902400016785,0.739395162995,0.739395162995
reservoir_property_p51_r1-ebdb5f9226406b8e60e7,15/9-F-1,15/9-F-1 B,3333.5,3,1,0.747232497763,1,0.747232497763,0.747232497763
reservoir_property_p51_r1-3dd64cebddac91036c1b,15/9-F-1,15/9-F-1 B,3335.5,3,1,0.794329688137,1,0.794329688137,0.794329688137
reservoir_property_p51_r1-9bf7f09f56c31772e573,15/9-F-1,15/9-F-1 C,3256.4,3,0.682200014591,0.452454217894,0.682200014591,0.452454217894,0.452454217894
reservoir_property_p51_r1-499c8257961ecf0b32c7,15/9-F-1,15/9-F-1 C,3258.4,3,0.79129999876,0.441983456696,0.79129999876,0.441983456696,0.441983456696
reservoir_property_p51_r1-9564e978f2d7f9ecffc1,15/9-F-1,15/9-F-1 C,3260.4,3,0.722000002861,0.468947478016,0.722000002861,0.468947478016,0.468947478016
reservoir_property_p51_r1-4ba15d2703aff84a4f66,15/9-F-1,15/9-F-1 C,3262.4,3,0.770200014114,0.481054384785,0.770200014114,0.481054384785,0.481054384785
reservoir_property_p51_r1-ddec7e403327aafa7547,15/9-F-1,15/9-F-1 C,3264.4,3,0.81559997797,0.459470602705,0.81559997797,0.459470602705,0.459470602705
reservoir_property_p51_r1-c0d1aa05916d64574a7d,15/9-F-1,15/9-F-1 C,3266.4,3,0.870599985123,0.534981323314,0.870599985123,0.534981323314,0.534981323314
reservoir_property_p51_r1-f95c1db32c44829f10fe,15/9-F-1,15/9-F-1 C,3268.4,3,0.951699972153,0.618199601,0.951699972153,0.618199601,0.618199601
reservoir_property_p51_r1-58e03042adf77d71a7a9,15/9-F-1,15/9-F-1 C,3270.4,3,0.615100026131,0.522569082388,0.615100026131,0.522569082388,0.522569082388
reservoir_property_p51_r1-193e0d84a9e04194e714,15/9-F-1,15/9-F-1 C,3272.4,3,0.807399988174,0.452905745666,0.807399988174,0.452905745666,0.452905745666
reservoir_property_p51_r1-56a0121deac186e4c92e,15/9-F-1,15/9-F-1 C,3274.4,3,0.905499994755,0.467427392391,0.905499994755,0.467427392391,0.467427392391
reservoir_property_p51_r1-57540c878139f3e7b885,15/9-F-1,15/9-F-1 C,3276.4,3,0.6875,0.49830609053,0.6875,0.49830609053,0.49830609053
reservoir_property_p51_r1-7745b82b813f3281544d,15/9-F-1,15/9-F-1 C,3278.4,3,0.600499987602,0.66549794404,0.600499987602,0.66549794404,0.66549794404
reservoir_property_p51_r1-d9eea74e10622bfdb40f,15/9-F-1,15/9-F-1 C,3280.4,3,1,0.783904267353,1,0.783904267353,0.783904267353
reservoir_property_p51_r1-9708bf89831e2e1ddbb9,15/9-F-1,15/9-F-1 C,3282.4,3,1,0.680426560883,1,0.680426560883,0.680426560883
reservoir_property_p51_r1-3d6999b07016da8e4dd2,15/9-F-1,15/9-F-1 C,3284.4,3,0.849900007248,0.641061552631,0.849900007248,0.641061552631,0.641061552631
reservoir_property_p51_r1-1e6ec50ba3f83871060c,15/9-F-1,15/9-F-1 C,3286.4,3,0.599799990654,0.756273385223,0.599799990654,0.756273385223,0.756273385223
reservoir_property_p51_r1-61049786f69724dfd3c6,15/9-F-1,15/9-F-1 C,3288.4,3,0.38820001483,0.803177386268,0.38820001483,0.803177386268,0.803177386268
reservoir_property_p51_r1-7498d21f09127b2ec9db,15/9-F-1,15/9-F-1 C,3290.4,3,0.306499987841,0.81460171342,0.306499987841,0.81460171342,0.81460171342
reservoir_property_p51_r1-10e37b270250c49abbab,15/9-F-1,15/9-F-1 C,3292.4,3,0.699400007725,0.781949708546,0.699400007725,0.781949708546,0.781949708546
reservoir_property_p51_r1-b21a1cc4f346f7012cfe,15/9-F-1,15/9-F-1 C,3294.4,3,0.488499999046,0.78837651034,0.488499999046,0.78837651034,0.78837651034
reservoir_property_p51_r1-478bcbdead0a22362a21,15/9-F-1,15/9-F-1 C,3296.4,3,1,0.898372017845,1,0.898372017845,0.898372017845
reservoir_property_p51_r1-d9070657b0af55f701e2,15/9-F-1,15/9-F-1 C,3298.4,3,1,0.944511861664,1,0.944511861664,0.944511861664
reservoir_property_p51_r1-d11e3e84d76939e1557d,15/9-F-1,15/9-F-1 C,3300.4,3,1,1.00304054022,1,1.00304054022,1
reservoir_property_p51_r1-df95c4ba92b23607f873,15/9-F-1,15/9-F-1 C,3302.4,3,1,0.943061189092,1,0.943061189092,0.943061189092
reservoir_property_p51_r1-1a8617e23f148c7b271c,15/9-F-1,15/9-F-1 C,3304.4,3,0.78560000658,0.902526869907,0.78560000658,0.902526869907,0.902526869907
reservoir_property_p51_r1-a0a102296c2a569cf3c2,15/9-F-1,15/9-F-1 C,3306.4,3,1,0.925701103908,1,0.925701103908,0.925701103908
reservoir_property_p51_r1-3b5ee07c5419afd8baf8,15/9-F-1,15/9-F-1 C,3308.4,3,0.745000004768,0.867451695614,0.745000004768,0.867451695614,0.867451695614
reservoir_property_p51_r1-9142446fb331784e64d5,15/9-F-1,15/9-F-1 C,3310.4,3,1,0.778172818216,1,0.778172818216,0.778172818216
reservoir_property_p51_r1-12495fa20fdce1b98b08,15/9-F-1,15/9-F-1 C,3312.4,3,1,0.780898390023,1,0.780898390023,0.780898390023
reservoir_property_p51_r1-30b182a551d77c5f0219,15/9-F-1,15/9-F-1 C,3314.4,3,0.863499999046,0.849490531544,0.863499999046,0.849490531544,0.849490531544
reservoir_property_p51_r1-60ce6548930e488162d8,15/9-F-1,15/9-F-1 C,3316.4,3,1,0.941927439182,1,0.941927439182,0.941927439182
reservoir_property_p51_r1-1bf6e850daad7da40b38,15/9-F-1,15/9-F-1 C,3318.4,3,1,1.02056852625,1,1.02056852625,1
reservoir_property_p51_r1-83dcbf16c7e8335ab152,15/9-F-1,15/9-F-1 C,3320.4,3,1,1.07174598473,1,1.07174598473,1
reservoir_property_p51_r1-b554df2ec8e93aa807c0,15/9-F-1,15/9-F-1 C,3322.4,3,1,1.09904217764,1,1.09904217764,1
reservoir_property_p51_r1-7b9a0e09bf3b95d71bf8,15/9-F-1,15/9-F-1 C,3324.4,3,1,1.09286947505,1,1.09286947505,1
reservoir_property_p51_r1-02e8e4cb18f3b3035495,15/9-F-1,15/9-F-1 C,3326.4,3,0.988399982452,1.00447480012,0.988399982452,1.00447480012,1
reservoir_property_p51_r1-e5770a80806c46b505c3,15/9-F-1,15/9-F-1 C,3328.4,3,0.915000021458,1.00471162694,0.915000021458,1.00471162694,1
reservoir_property_p51_r1-d76c4522f03a16e172db,15/9-F-1,15/9-F-1 C,3330.4,3,1,1.01918641264,1,1.01918641264,1
reservoir_property_p51_r1-5956aa274dd7175206b7,15/9-F-1,15/9-F-1 C,3332.4,3,0.94010001421,1.03711690112,0.94010001421,1.03711690112,1
reservoir_property_p51_r1-96bcb573591fdb17de4a,15/9-F-1,15/9-F-1 C,3334.4,3,1,1.03390873488,1,1.03390873488,1
reservoir_property_p51_r1-3114e073eda52e0924ce,15/9-F-1,15/9-F-1 C,3336.4,3,0.947600007057,1.02708805151,0.947600007057,1.02708805151,1
reservoir_property_p51_r1-624fba37885a1612e998,15/9-F-1,15/9-F-1 C,3338.4,3,1,1.06875595814,1,1.06875595814,1
reservoir_property_p51_r1-6d87c0e47d60c7e461c3,15/9-F-1,15/9-F-1 C,3340.4,3,0.564499974251,0.997687586523,0.564499974251,0.997687586523,0.997687586523
reservoir_property_p51_r1-95e61c82088ed71d3273,15/9-F-1,15/9-F-1 C,3342.4,3,0.261299997568,0.836042048884,0.261299997568,0.836042048884,0.836042048884
reservoir_property_p51_r1-33dc5df2eb7012f994c0,15/9-F-1,15/9-F-1 C,3344.4,3,0.208599999547,0.753487728306,0.208599999547,0.753487728306,0.753487728306
reservoir_property_p51_r1-509d4aa6b57df80c13ba,15/9-F-1,15/9-F-1 C,3346.4,3,0.659200012684,0.749440907756,0.659200012684,0.749440907756,0.749440907756
reservoir_property_p51_r1-ef3cf5c9a46c439f78e7,15/9-F-1,15/9-F-1 C,3348.4,3,0.465400010347,0.765718273863,0.465400010347,0.765718273863,0.765718273863
reservoir_property_p51_r1-0cb716fa81edb00e4c5f,15/9-F-1,15/9-F-1 C,3350.4,3,0.644299983978,0.77632396256,0.644299983978,0.77632396256,0.77632396256
reservoir_property_p51_r1-a5908c4ca521784f5656,15/9-F-1,15/9-F-1 C,3352.4,3,0.613399982452,0.797476186899,0.613399982452,0.797476186899,0.797476186899
reservoir_property_p51_r1-bdbe752575d8d6c5a091,15/9-F-1,15/9-F-1 C,3354.4,3,0.56400001049,0.842118987257,0.56400001049,0.842118987257,0.842118987257
reservoir_property_p51_r1-7e34034854d7aa9720f7,15/9-F-1,15/9-F-1 C,3356.4,3,0.603399991989,0.821705176048,0.603399991989,0.821705176048,0.821705176048
reservoir_property_p51_r1-b3c629b058da5928c7f7,15/9-F-1,15/9-F-1 C,3358.4,3,0.506099998951,0.781260190748,0.506099998951,0.781260190748,0.781260190748
reservoir_property_p51_r1-0eb06cea201ee5fed6ee,15/9-F-1,15/9-F-1 C,3360.4,3,0.395000010729,0.830200514278,0.395000010729,0.830200514278,0.830200514278
reservoir_property_p51_r1-7ca86d62982fd6d08d3b,15/9-F-1,15/9-F-1 C,3362.4,3,0.456900000572,0.879462747651,0.456900000572,0.879462747651,0.879462747651
reservoir_property_p51_r1-042e1ca7c88533c0826d,15/9-F-1,15/9-F-1 C,3364.4,3,0.549099981785,0.919956732716,0.549099981785,0.919956732716,0.919956732716
reservoir_property_p51_r1-4a3756bcdc4ebc7c7260,15/9-F-1,15/9-F-1 C,3366.4,3,0.595300018787,0.939053548486,0.595300018787,0.939053548486,0.939053548486
reservoir_property_p51_r1-a69a0b89ba0cba756b80,15/9-F-1,15/9-F-1 C,3368.4,3,0.514699995518,0.99277427135,0.514699995518,0.99277427135,0.99277427135
reservoir_property_p51_r1-a8e97937674cde660c3c,15/9-F-1,15/9-F-1 C,3370.4,3,1,1.06502274745,1,1.06502274745,1
reservoir_property_p51_r1-a9e3ea21dc6a5404082c,15/9-F-1,15/9-F-1 C,3372.4,3,1,1.10786863007,1,1.10786863007,1
reservoir_property_p51_r1-befcd435662d9692828f,15/9-F-1,15/9-F-1 C,3374.4,3,1,1.11842353314,1,1.11842353314,1
reservoir_property_p51_r1-00dc6341a8a3a054bd46,15/9-F-1,15/9-F-1 C,3376.4,3,1,1.08739209694,1,1.08739209694,1
reservoir_property_p51_r1-2466e2b1be0244cefaa7,15/9-F-1,15/9-F-1 C,3378.4,3,0.699400007725,1.03022700974,0.699400007725,1.03022700974,1
reservoir_property_p51_r1-a1c997337cac1f85b308,15/9-F-1,15/9-F-1 C,3380.4,3,1,1.00814969364,1,1.00814969364,1
reservoir_property_p51_r1-36741033958274258596,15/9-F-1,15/9-F-1 C,3382.4,3,1,0.993027944821,1,0.993027944821,0.993027944821
reservoir_property_p51_r1-48d528494f86f7e4cef3,15/9-F-1,15/9-F-1 C,3384.4,3,0.739000022411,0.988814842365,0.739000022411,0.988814842365,0.988814842365
reservoir_property_p51_r1-cd78ec5fe28cd0802b99,15/9-F-1,15/9-F-1 C,3386.4,3,0.897199988365,0.858500704217,0.897199988365,0.858500704217,0.858500704217
reservoir_property_p51_r1-1da1f447911489c8c336,15/9-F-1,15/9-F-1 C,3388.4,3,0.697399973869,0.703936439035,0.697399973869,0.703936439035,0.703936439035
reservoir_property_p51_r1-129fa5e4ee0fb8d647a1,15/9-F-1,15/9-F-1 C,3390.4,3,0.719200015068,0.667895402046,0.719200015068,0.667895402046,0.667895402046
reservoir_property_p51_r1-08923321315a5a9dec40,15/9-F-1,15/9-F-1 C,3392.4,3,0.685500025749,0.662060257232,0.685500025749,0.662060257232,0.662060257232
reservoir_property_p51_r1-146f429acf27e2366c6a,15/9-F-1,15/9-F-1 C,3394.4,3,0.66479998827,0.649289957761,0.66479998827,0.649289957761,0.649289957761
reservoir_property_p51_r1-e06f3962b5b7c6016511,15/9-F-1,15/9-F-1 C,3396.4,3,0.666899979115,0.647566555935,0.666899979115,0.647566555935,0.647566555935
reservoir_property_p51_r1-c946bb78d9d6171c6577,15/9-F-1,15/9-F-1 C,3398.4,3,0.689300000668,0.64095830151,0.689300000668,0.64095830151,0.64095830151
reservoir_property_p51_r1-0cbdb74b4232a9418edc,15/9-F-1,15/9-F-1 C,3400.4,3,0.675999999046,0.648133506388,0.675999999046,0.648133506388,0.648133506388
reservoir_property_p51_r1-70d0a995ec8fea1db94e,15/9-F-1,15/9-F-1 C,3402.4,3,0.734099984169,0.682067499063,0.734099984169,0.682067499063,0.682067499063
reservoir_property_p51_r1-a79575295799e7c4fb74,15/9-F-1,15/9-F-1 C,3404.4,3,0.717800021172,0.684518771606,0.717800021172,0.684518771606,0.684518771606
reservoir_property_p51_r1-655f050da4672440946f,15/9-F-1,15/9-F-1 C,3406.4,3,0.691100001335,0.689443012158,0.691100001335,0.689443012158,0.689443012158
reservoir_property_p51_r1-7042a59b12e123430ec3,15/9-F-1,15/9-F-1 C,3408.4,3,0.688700020313,0.683418002727,0.688700020313,0.683418002727,0.683418002727
reservoir_property_p51_r1-e424a28794876a3269fb,15/9-F-1,15/9-F-1 C,3410.4,3,0.693300008774,0.682639821549,0.693300008774,0.682639821549,0.682639821549
reservoir_property_p51_r1-295d9f6532ae86f3e955,15/9-F-1,15/9-F-1 C,3412.4,3,0.713800013065,0.686393870129,0.713800013065,0.686393870129,0.686393870129
reservoir_property_p51_r1-035713e249d526b47f61,15/9-F-1,15/9-F-1 C,3414.4,3,0.731999993324,0.684555232679,0.731999993324,0.684555232679,0.684555232679
reservoir_property_p51_r1-47dbad30b85efd0d33ba,15/9-F-1,15/9-F-1 C,3416.4,3,0.705299973488,0.703621324999,0.705299973488,0.703621324999,0.703621324999
reservoir_property_p51_r1-bd689894576fc8da0e9f,15/9-F-1,15/9-F-1 C,3418.4,3,0.681200027466,0.856630515712,0.681200027466,0.856630515712,0.856630515712
reservoir_property_p51_r1-16dfb7f5cedcf2890a6d,15/9-F-1,15/9-F-1 C,3420.4,3,0.826399981976,0.999323239138,0.826399981976,0.999323239138,0.999323239138
reservoir_property_p51_r1-10a9e848853f426e04bb,15/9-F-1,15/9-F-1 C,3422.4,3,0.493699997663,0.969393306494,0.493699997663,0.969393306494,0.969393306494
reservoir_property_p51_r1-cc9289b606e1860ad4eb,15/9-F-1,15/9-F-1 C,3424.4,3,0.746800005436,0.925366135605,0.746800005436,0.925366135605,0.925366135605
reservoir_property_p51_r1-54886ca16b1925f87382,15/9-F-1,15/9-F-1 C,3426.4,3,0.643199980259,0.947692575733,0.643199980259,0.947692575733,0.947692575733
reservoir_property_p51_r1-aa5844453c1caa83c139,15/9-F-1,15/9-F-1 C,3428.4,3,0.76599997282,0.923360901455,0.76599997282,0.923360901455,0.923360901455
reservoir_property_p51_r1-77819e732b1bb114c966,15/9-F-1,15/9-F-1 C,3430.4,3,0.612399995327,0.878582924926,0.612399995327,0.878582924926,0.878582924926
reservoir_property_p51_r1-b7d3facbf450ab5752c6,15/9-F-1,15/9-F-1 C,3432.4,3,0.935800015926,0.884284397309,0.935800015926,0.884284397309,0.884284397309
reservoir_property_p51_r1-7c835c15e6de2d684c99,15/9-F-1,15/9-F-1 C,3434.4,3,1,0.886766149944,1,0.886766149944,0.886766149944
reservoir_property_p51_r1-2bd7e9b7fcce07983cf9,15/9-F-1,15/9-F-1 C,3436.4,3,0.992699980736,0.851547182879,0.992699980736,0.851547182879,0.851547182879
reservoir_property_p51_r1-bf9520af291b67fb38bf,15/9-F-1,15/9-F-1 C,3438.4,3,0.999100029469,0.860655616518,0.999100029469,0.860655616518,0.860655616518
reservoir_property_p51_r1-e6629dba03b734f3197f,15/9-F-1,15/9-F-1 C,3440.4,3,1,0.900446383806,1,0.900446383806,0.900446383806
reservoir_property_p51_r1-46ee0e1cd9d073535586,15/9-F-1,15/9-F-1 C,3442.4,3,0.853399991989,0.917088138809,0.853399991989,0.917088138809,0.917088138809
reservoir_property_p51_r1-6f6aa3ba19a594fbbb03,15/9-F-1,15/9-F-1 C,3444.4,3,0.611299991608,0.915929514984,0.611299991608,0.915929514984,0.915929514984
reservoir_property_p51_r1-f97cfc8afce06e70e296,15/9-F-1,15/9-F-1 C,3446.4,3,0.900600016117,0.866194445112,0.900600016117,0.866194445112,0.866194445112
reservoir_property_p51_r1-018299254372bf512f17,15/9-F-1,15/9-F-1 C,3448.4,3,0.815699994564,0.855088833481,0.815699994564,0.855088833481,0.855088833481
reservoir_property_p51_r1-9923c0b7280967a24c7d,15/9-F-1,15/9-F-1 C,3450.4,3,0.400299996138,1.04278490552,0.400299996138,1.04278490552,1
reservoir_property_p51_r1-12faccfa7a7f6ef68777,15/9-F-1,15/9-F-1 C,3452.4,3,1,1.2086698448,1,1.2086698448,1
reservoir_property_p51_r1-a4c21308a01f49dbb210,15/9-F-1,15/9-F-1 C,3454.4,3,0.860099971294,1.06453417493,0.860099971294,1.06453417493,1
reservoir_property_p51_r1-cec5c89fe707a03f454d,15/9-F-1,15/9-F-1 C,3456.4,3,0.870800018311,0.864682781598,0.870800018311,0.864682781598,0.864682781598
reservoir_property_p51_r1-7bd9b54afb7e855f8314,15/9-F-1,15/9-F-1 C,3458.4,3,0.814499974251,0.846600533467,0.814499974251,0.846600533467,0.846600533467
reservoir_property_p51_r1-f1cc8ccb33f7752c90d6,15/9-F-1,15/9-F-1 C,3460.4,3,0.664300024509,0.961123650532,0.664300024509,0.961123650532,0.961123650532
reservoir_property_p51_r1-f422844cb54c2cc16ac3,15/9-F-1,15/9-F-1 C,3462.4,3,1,0.995549605604,1,0.995549605604,0.995549605604
reservoir_property_p51_r1-5abe2eb568bf7ca22524,15/9-F-1,15/9-F-1 C,3464.4,3,0.417499989271,0.887184074304,0.417499989271,0.887184074304,0.887184074304
reservoir_property_p51_r1-57385567ecc10b535038,15/9-F-1,15/9-F-1 C,3466.4,3,1,0.885567321832,1,0.885567321832,0.885567321832
reservoir_property_p51_r1-420d072da6e2d5bb7d09,15/9-F-1,15/9-F-1 C,3468.4,3,0.674499988556,0.973386683211,0.674499988556,0.973386683211,0.973386683211
reservoir_property_p51_r1-b473273a84ec22ab820d,15/9-F-1,15/9-F-1 C,3470.4,3,1,0.993873841452,1,0.993873841452,0.993873841452
reservoir_property_p51_r1-90af29f89bf9aff66598,15/9-F-1,15/9-F-1 C,3472.4,3,0.589999973774,0.904652677082,0.589999973774,0.904652677082,0.904652677082
reservoir_property_p51_r1-4fb4039b269c95b1337d,15/9-F-1,15/9-F-1 C,3474.4,3,0.653699994087,0.901894708099,0.653699994087,0.901894708099,0.901894708099
reservoir_property_p51_r1-278ca57c72495271d131,15/9-F-1,15/9-F-1 C,3476.4,3,0.757099986076,0.973861870025,0.757099986076,0.973861870025,0.973861870025
reservoir_property_p51_r1-07fb20999c750a3e438d,15/9-F-1,15/9-F-1 C,3478.4,3,0.848500013351,0.961869653348,0.848500013351,0.961869653348,0.961869653348
reservoir_property_p51_r1-a80c52b727d63883e9da,15/9-F-1,15/9-F-1 C,3480.4,3,0.473500013351,0.833065101267,0.473500013351,0.833065101267,0.833065101267
reservoir_property_p51_r1-af5d67f7074fa503cdf2,15/9-F-1,15/9-F-1 C,3482.4,3,0.317999988794,0.635936210153,0.317999988794,0.635936210153,0.635936210153
reservoir_property_p51_r1-6e16b250f6988bf60dd4,15/9-F-1,15/9-F-1 C,3484.4,3,0.295599997044,0.581575640991,0.295599997044,0.581575640991,0.581575640991
reservoir_property_p51_r1-29ce95d2f01d944f9d16,15/9-F-1,15/9-F-1 C,3486.4,3,0.259400010109,0.581992685244,0.259400010109,0.581992685244,0.581992685244
reservoir_property_p51_r1-a7ebe1b252d51d97de74,15/9-F-1,15/9-F-1 C,3488.4,3,0.32049998641,0.61043547537,0.32049998641,0.61043547537,0.61043547537
reservoir_property_p51_r1-531b69dc787f5f2ad92a,15/9-F-1,15/9-F-1 C,3490.4,3,0.379700005054,0.630339619303,0.379700005054,0.630339619303,0.630339619303
reservoir_property_p51_r1-376389ed2845c6974776,15/9-F-1,15/9-F-1 C,3492.4,3,0.339100003242,0.621577772433,0.339100003242,0.621577772433,0.621577772433
reservoir_property_p51_r1-397288f88a2bcc3ff57a,15/9-F-1,15/9-F-1 C,3494.4,3,0.334300011396,0.62678428099,0.334300011396,0.62678428099,0.62678428099
reservoir_property_p51_r1-273b934d96084f1049e1,15/9-F-1,15/9-F-1 C,3496.4,3,0.44810000062,0.6482668852,0.44810000062,0.6482668852,0.6482668852
reservoir_property_p51_r1-541b5eda474ad6082248,15/9-F-1,15/9-F-1 C,3498.4,3,0.380299985409,0.62694255135,0.380299985409,0.62694255135,0.62694255135
reservoir_property_p51_r1-f0029116f50ae2c7db64,15/9-F-1,15/9-F-1 C,3500.4,3,0.406300008297,0.636054459267,0.406300008297,0.636054459267,0.636054459267
reservoir_property_p51_r1-e062cd592753855a09bf,15/9-F-1,15/9-F-1 C,3502.4,3,0.716300010681,0.695556449212,0.716300010681,0.695556449212,0.695556449212
reservoir_property_p51_r1-b1cea273a5ab54ad211e,15/9-F-1,15/9-F-1 C,3504.4,3,0.426200002432,0.713943583093,0.426200002432,0.713943583093,0.713943583093
reservoir_property_p51_r1-115ac0c6d4eccbbbd80f,15/9-F-1,15/9-F-1 C,3506.4,3,0.291900008917,0.66107061738,0.291900008917,0.66107061738,0.66107061738
reservoir_property_p51_r1-059bd7089a053c3b037c,15/9-F-1,15/9-F-1 C,3508.4,3,0.292499989271,0.642491667869,0.292499989271,0.642491667869,0.642491667869
reservoir_property_p51_r1-ca49ee327c06f211ae65,15/9-F-1,15/9-F-1 C,3510.4,3,0.259600013494,0.700875799326,0.259600013494,0.700875799326,0.700875799326
reservoir_property_p51_r1-4969fbb6217de7f9edc5,15/9-F-1,15/9-F-1 C,3512.4,3,0.232700005174,0.720571649835,0.232700005174,0.720571649835,0.720571649835
reservoir_property_p51_r1-c2708d8460a4f55572d6,15/9-F-1,15/9-F-1 C,3514.4,3,0.207300007343,0.684871207158,0.207300007343,0.684871207158,0.684871207158
reservoir_property_p51_r1-f322933f287d0cbf8739,15/9-F-1,15/9-F-1 C,3516.4,3,0.200800001621,0.66211013008,0.200800001621,0.66211013008,0.66211013008
reservoir_property_p51_r1-6107aaa8e5c5e6008960,15/9-F-1,15/9-F-1 C,3518.4,3,0.192300006747,0.6320697973,0.192300006747,0.6320697973,0.6320697973
reservoir_property_p51_r1-42889311602739c890d2,15/9-F-1,15/9-F-1 C,3520.4,3,0.199799999595,0.610248624045,0.199799999595,0.610248624045,0.610248624045
reservoir_property_p51_r1-d37a13c28387a45c757b,15/9-F-1,15/9-F-1 C,3522.4,3,0.2037999928,0.610886884257,0.2037999928,0.610886884257,0.610886884257
reservoir_property_p51_r1-2ab4be43e70c62f17a79,15/9-F-1,15/9-F-1 C,3524.4,3,0.215299993753,0.625179807203,0.215299993753,0.625179807203,0.625179807203
reservoir_property_p51_r1-e53fa83d28066b44fa28,15/9-F-1,15/9-F-1 C,3526.4,3,0.20909999311,0.651398460035,0.20909999311,0.651398460035,0.651398460035
reservoir_property_p51_r1-2de554a0096cda45e5d7,15/9-F-1,15/9-F-1 C,3528.4,3,0.209199994802,0.660642626286,0.209199994802,0.660642626286,0.660642626286
reservoir_property_p51_r1-5ea70aa21fe0b50c1fb7,15/9-F-1,15/9-F-1 C,3530.4,3,0.273699998856,0.851184938546,0.273699998856,0.851184938546,0.851184938546
reservoir_property_p51_r1-cc24e773f3328312900e,15/9-F-1,15/9-F-1 C,3532.4,3,0.623399972916,1.02088463846,0.623399972916,1.02088463846,1
reservoir_property_p51_r1-14eb5fda52afcd403bfa,15/9-F-1,15/9-F-1 C,3534.4,3,0.432500004768,1.05455992147,0.432500004768,1.05455992147,1
reservoir_property_p51_r1-5349d788f079aa0f292f,15/9-F-1,15/9-F-1 C,3536.4,3,1,1.073122655,1,1.073122655,1
reservoir_property_p51_r1-b407d7cf140705ef71d6,15/9-F-1,15/9-F-1 C,3538.4,3,0.438300013542,0.999002527719,0.438300013542,0.999002527719,0.999002527719
reservoir_property_p51_r1-16fd310aadd1eb7ac135,15/9-F-1,15/9-F-1 C,3540.4,3,0.347699999809,0.898543028717,0.347699999809,0.898543028717,0.898543028717
reservoir_property_p51_r1-f480cac782acd6ae76db,15/9-F-1,15/9-F-1 C,3542.4,3,0.339899986982,0.82744478744,0.339899986982,0.82744478744,0.82744478744
reservoir_property_p51_r1-228c374d4a43deb8682c,15/9-F-1,15/9-F-1 C,3544.4,3,0.425999999046,0.803905606337,0.425999999046,0.803905606337,0.803905606337
reservoir_property_p51_r1-8d7cd3c1d080d1f47de2,15/9-F-1,15/9-F-1 C,3546.4,3,0.409900009632,0.766428624005,0.409900009632,0.766428624005,0.766428624005
reservoir_property_p51_r1-19aeee118c60d68728b4,15/9-F-1,15/9-F-1 C,3548.4,3,0.275499999523,0.706207713633,0.275499999523,0.706207713633,0.706207713633
reservoir_property_p51_r1-3e9f2275094b2a15ad3c,15/9-F-1,15/9-F-1 C,3550.4,3,0.235300004482,0.654431689225,0.235300004482,0.654431689225,0.654431689225
reservoir_property_p51_r1-60553ef5dc98256e04a1,15/9-F-1,15/9-F-1 C,3552.4,3,0.192699998617,0.597677346748,0.192699998617,0.597677346748,0.597677346748
reservoir_property_p51_r1-6bcbdac4ca3fde1b3973,15/9-F-1,15/9-F-1 C,3554.4,3,0.190999999642,0.664543640528,0.190999999642,0.664543640528,0.664543640528
reservoir_property_p51_r1-8a64b2dd0fafb17d7fd0,15/9-F-1,15/9-F-1 C,3556.4,3,0.657199978828,0.933857236751,0.657199978828,0.933857236751,0.933857236751
reservoir_property_p51_r1-0b36bc3c87efb4d9a062,15/9-F-1,15/9-F-1 C,3558.4,3,0.760599970818,0.94725926212,0.760599970818,0.94725926212,0.94725926212
reservoir_property_p51_r1-ecda6d90aefd46db5dfa,15/9-F-1,15/9-F-1 C,3560.4,3,0.229200005531,0.805152382257,0.229200005531,0.805152382257,0.805152382257
reservoir_property_p51_r1-f4b6904caeb581cd3bea,15/9-F-1,15/9-F-1 C,3562.4,3,0.457199990749,0.923923183588,0.457199990749,0.923923183588,0.923923183588
reservoir_property_p51_r1-920184b86eec47ece7af,15/9-F-1,15/9-F-1 C,3564.4,3,0.577799975872,1.00060125684,0.577799975872,1.00060125684,1
reservoir_property_p51_r1-51e85605fd57b9f8512b,15/9-F-1,15/9-F-1 C,3566.4,3,0.490500003099,0.867599347184,0.490500003099,0.867599347184,0.867599347184
reservoir_property_p51_r1-12b1beb64cec49035009,15/9-F-1,15/9-F-1 C,3568.4,3,0.37270000577,0.778886395577,0.37270000577,0.778886395577,0.778886395577
reservoir_property_p51_r1-020ee7cb98405c38863b,15/9-F-1,15/9-F-1 C,3570.4,3,0.349900007248,0.776230663544,0.349900007248,0.776230663544,0.776230663544
reservoir_property_p51_r1-01f78c5a1321f41faf70,15/9-F-1,15/9-F-1 C,3572.4,3,0.175600007176,0.717900413068,0.175600007176,0.717900413068,0.717900413068
reservoir_property_p51_r1-04f96c20139a985fd84e,15/9-F-1,15/9-F-1 C,3574.4,3,0.227699995041,0.621119861893,0.227699995041,0.621119861893,0.621119861893
reservoir_property_p51_r1-ce2a35b2108ed6e2a4e2,15/9-F-1,15/9-F-1 C,3576.4,3,0.493099987507,0.700620217274,0.493099987507,0.700620217274,0.700620217274
reservoir_property_p51_r1-5780191eb16843701dc7,15/9-F-1,15/9-F-1 C,3578.4,3,0.385699987411,0.71337402238,0.385699987411,0.71337402238,0.71337402238
reservoir_property_p51_r1-c3d1c22850ea775acccd,15/9-F-1,15/9-F-1 C,3580.4,3,0.274199992418,0.610116166673,0.274199992418,0.610116166673,0.610116166673
reservoir_property_p51_r1-acc1f6c62a70e2beade6,15/9-F-1,15/9-F-1 C,3582.4,3,0.310799986124,0.569426634912,0.310799986124,0.569426634912,0.569426634912
reservoir_property_p51_r1-141b8d39565e10341099,15/9-F-1,15/9-F-1 C,3584.4,3,0.275499999523,0.538463345756,0.275499999523,0.538463345756,0.538463345756
reservoir_property_p51_r1-8e5bddfc51f5e6c9022b,15/9-F-1,15/9-F-1 C,3586.4,3,0.230100005865,0.535163437919,0.230100005865,0.535163437919,0.535163437919
reservoir_property_p51_r1-e5c9a087aadbcfdde0da,15/9-F-1,15/9-F-1 C,3588.4,3,0.344099998474,0.688410459021,0.344099998474,0.688410459021,0.688410459021
reservoir_property_p51_r1-bc24d74d84186a04eb02,15/9-F-1,15/9-F-1 C,3590.4,3,0.477800011635,0.762570227142,0.477800011635,0.762570227142,0.762570227142
reservoir_property_p51_r1-46fc8c67ad67e9d8a04b,15/9-F-1,15/9-F-1 C,3592.4,3,0.27349999547,0.630250300856,0.27349999547,0.630250300856,0.630250300856
reservoir_property_p51_r1-c995a6c73686bffb2eef,15/9-F-1,15/9-F-1 C,3594.4,3,0.241899996996,0.69946539686,0.241899996996,0.69946539686,0.69946539686
reservoir_property_p51_r1-ea9e4a1f99295baec6ed,15/9-F-1,15/9-F-1 C,3596.4,3,0.838699996471,0.890786250355,0.838699996471,0.890786250355,0.890786250355
reservoir_property_p51_r1-7af0999630df8ffec28c,15/9-F-1,15/9-F-1 C,3598.4,3,1,0.901554633262,1,0.901554633262,0.901554633262
reservoir_property_p51_r1-e89484f645dc390ed598,15/9-F-1,15/9-F-1 C,3600.4,3,0.448199987411,0.715192417208,0.448199987411,0.715192417208,0.715192417208
reservoir_property_p51_r1-082955a177ea861a3f6d,15/9-F-1,15/9-F-1 C,3602.4,3,0.267500013113,0.537549834066,0.267500013113,0.537549834066,0.537549834066
reservoir_property_p51_r1-e5f827f0b74c4bb230cc,15/9-F-1,15/9-F-1 C,3604.4,3,0.275599986315,0.4867943127,0.275599986315,0.4867943127,0.4867943127
reservoir_property_p51_r1-ff3e9c7a33ce0ecc7b2d,15/9-F-1,15/9-F-1 C,3606.4,3,0.275499999523,0.54737519895,0.275499999523,0.54737519895,0.54737519895
reservoir_property_p51_r1-c4e164834bb7bf5d0a12,15/9-F-1,15/9-F-1 C,3608.4,3,0.440699994564,0.718271824355,0.440699994564,0.718271824355,0.718271824355
reservoir_property_p51_r1-f436264f2c84463f062f,15/9-F-1,15/9-F-1 C,3610.4,3,1,0.830824865211,1,0.830824865211,0.830824865211
reservoir_property_p51_r1-e956d6449d92a5504421,15/9-F-1,15/9-F-1 C,3612.4,3,0.78719997406,0.7470817507,0.78719997406,0.7470817507,0.7470817507
reservoir_property_p51_r1-3e65d5315405fa2deb4e,15/9-F-1,15/9-F-1 C,3614.4,3,0.115299999714,0.544342002536,0.115299999714,0.544342002536,0.544342002536
reservoir_property_p51_r1-a8a4366930e9e156d433,15/9-F-1,15/9-F-1 C,3616.4,3,0.111900001764,0.4525554641,0.111900001764,0.4525554641,0.4525554641
reservoir_property_p51_r1-943cbea22a7b2e8cb4ec,15/9-F-1,15/9-F-1 C,3618.4,3,0.106499999762,0.420351434216,0.106499999762,0.420351434216,0.420351434216
reservoir_property_p51_r1-c50a9ba72d45442352e9,15/9-F-1,15/9-F-1 C,3620.4,3,0.100500002503,0.410977093761,0.100500002503,0.410977093761,0.410977093761
reservoir_property_p51_r1-755d1350f73139e1d4f5,15/9-F-1,15/9-F-1 C,3622.4,3,0.0923999994993,0.408982520746,0.0923999994993,0.408982520746,0.408982520746
reservoir_property_p51_r1-c98e3b901c340b1f666d,15/9-F-1,15/9-F-1 C,3624.4,3,0.107299998403,0.402090265326,0.107299998403,0.402090265326,0.402090265326
reservoir_property_p51_r1-bb56b5f28a0b8809e0d3,15/9-F-1,15/9-F-1 C,3626.4,3,0.0825999975204,0.428431732203,0.0825999975204,0.428431732203,0.428431732203
reservoir_property_p51_r1-65850f9e4cef9b13b7c0,15/9-F-1,15/9-F-1 C,3628.4,3,0.42429998517,0.503109043937,0.42429998517,0.503109043937,0.503109043937
reservoir_property_p51_r1-50ce5c055f12c947150e,15/9-F-1,15/9-F-1 C,3630.4,3,0.432099997997,0.512665660939,0.432099997997,0.512665660939,0.512665660939
reservoir_property_p51_r1-5f77b5280ebee07f3ae1,15/9-F-1,15/9-F-1 C,3632.4,3,0.150299996138,0.454988059814,0.150299996138,0.454988059814,0.454988059814
reservoir_property_p51_r1-462eea1f6d1b021fff77,15/9-F-1,15/9-F-1 C,3634.4,3,0.142599999905,0.440553793416,0.142599999905,0.440553793416,0.440553793416
reservoir_property_p51_r1-05327c09a59066db45b1,15/9-F-1,15/9-F-1 C,3636.4,3,0.209499999881,0.466250527333,0.209499999881,0.466250527333,0.466250527333
reservoir_property_p51_r1-8e1dd8eacee492aa5233,15/9-F-1,15/9-F-1 C,3638.4,3,0.23180000484,0.5464251196,0.23180000484,0.5464251196,0.5464251196
reservoir_property_p51_r1-09416647b9e12df9554a,15/9-F-1,15/9-F-1 C,3640.4,3,0.397100001574,0.552952733356,0.397100001574,0.552952733356,0.552952733356
reservoir_property_p51_r1-9eb4db61688f7222b6fd,15/9-F-1,15/9-F-1 C,3642.4,3,0.383700013161,0.512397795594,0.383700013161,0.512397795594,0.512397795594
reservoir_property_p51_r1-08679c2ecbe07909fca7,15/9-F-1,15/9-F-1 C,3644.4,3,0.324000000954,0.523383319515,0.324000000954,0.523383319515,0.523383319515
reservoir_property_p51_r1-b18d2157b670a6e5b4dc,15/9-F-1,15/9-F-1 C,3646.4,3,0.288500010967,0.472714071548,0.288500010967,0.472714071548,0.472714071548
reservoir_property_p51_r1-53cf7096323989062a21,15/9-F-1,15/9-F-1 C,3648.4,3,0.216100007296,0.460106562959,0.216100007296,0.460106562959,0.460106562959
reservoir_property_p51_r1-7777c21deb3feed40606,15/9-F-1,15/9-F-1 C,3650.4,3,0.308600008488,0.470121088597,0.308600008488,0.470121088597,0.470121088597
reservoir_property_p51_r1-7d680256b2485f46d76c,15/9-F-1,15/9-F-1 C,3652.4,3,0.270399987698,0.493655052075,0.270399987698,0.493655052075,0.493655052075
reservoir_property_p51_r1-66f34d91b2025fcb6d4c,15/9-F-1,15/9-F-1 C,3654.4,3,0.244499996305,0.464902979125,0.244499996305,0.464902979125,0.464902979125
reservoir_property_p51_r1-fe1a28ad8aff00800831,15/9-F-1,15/9-F-1 C,3656.4,3,0.195500001311,0.446028185224,0.195500001311,0.446028185224,0.446028185224
reservoir_property_p51_r1-c828206b0df30364f157,15/9-F-1,15/9-F-1 C,3658.4,3,0.278299987316,0.443456929602,0.278299987316,0.443456929602,0.443456929602
reservoir_property_p51_r1-cde2ac0b9ade74a04fff,15/9-F-1,15/9-F-1 C,3660.4,3,0.245299994946,0.452134377702,0.245299994946,0.452134377702,0.452134377702
reservoir_property_p51_r1-4db865c63ffe919895ac,15/9-F-1,15/9-F-1 C,3662.4,3,0.243799999356,0.475863533942,0.243799999356,0.475863533942,0.475863533942
reservoir_property_p51_r1-86afa6cae9bfcd2686f5,15/9-F-1,15/9-F-1 C,3664.4,3,0.376100003719,0.496331639792,0.376100003719,0.496331639792,0.496331639792
reservoir_property_p51_r1-750491a65bf0d0b28028,15/9-F-1,15/9-F-1 C,3666.4,3,0.409999996424,0.527590172649,0.409999996424,0.527590172649,0.527590172649
reservoir_property_p51_r1-3631a9a1369655d82557,15/9-F-1,15/9-F-1 C,3668.4,3,0.39509999752,0.551563236446,0.39509999752,0.551563236446,0.551563236446
reservoir_property_p51_r1-3e6867c523ff3a144175,15/9-F-1,15/9-F-1 C,3670.4,3,0.405000001192,0.572961764328,0.405000001192,0.572961764328,0.572961764328
reservoir_property_p51_r1-0b447027325c6e5f49d4,15/9-F-1,15/9-F-1 C,3672.4,3,0.660799980164,0.664616951017,0.660799980164,0.664616951017,0.664616951017
reservoir_property_p51_r1-21a0ea4df7de6e4dd932,15/9-F-1,15/9-F-1 C,3674.4,3,0.517300009727,0.665568358372,0.517300009727,0.665568358372,0.665568358372
reservoir_property_p51_r1-1efdb4696db59df31c18,15/9-F-1,15/9-F-1 C,3676.4,3,0.361400008202,0.626464156974,0.361400008202,0.626464156974,0.626464156974
reservoir_property_p51_r1-7947b9b012dae6a43f4c,15/9-F-1,15/9-F-1 C,3678.4,3,0.563399970531,0.603448430309,0.563399970531,0.603448430309,0.603448430309
reservoir_property_p51_r1-e2cf9faee7297db6c969,15/9-F-1,15/9-F-1 C,3680.4,3,0.413500010967,0.541007999031,0.413500010967,0.541007999031,0.541007999031
reservoir_property_p51_r1-553055e9b36e50046b00,15/9-F-1,15/9-F-1 C,3682.4,3,0.34169998765,0.485432131527,0.34169998765,0.485432131527,0.485432131527
reservoir_property_p51_r1-ff483c12531d6950262a,15/9-F-1,15/9-F-1 C,3684.4,3,0.437400013208,0.490109401679,0.437400013208,0.490109401679,0.490109401679
reservoir_property_p51_r1-1f14c31f5612f83ee856,15/9-F-1,15/9-F-1 C,3686.4,3,0.431499987841,0.505820428689,0.431499987841,0.505820428689,0.505820428689
reservoir_property_p51_r1-fcf6bf83664ef5eb81f5,15/9-F-1,15/9-F-1 C,3688.4,3,0.468400001526,0.536802124421,0.468400001526,0.536802124421,0.536802124421
reservoir_property_p51_r1-4fb444a44ffb4f81a844,15/9-F-1,15/9-F-1 C,3690.4,3,0.505599975586,0.562846304544,0.505599975586,0.562846304544,0.562846304544
reservoir_property_p51_r1-7d8d9c097b99b05820e4,15/9-F-1,15/9-F-1 C,3692.4,3,0.495799988508,0.560003573906,0.495799988508,0.560003573906,0.560003573906
reservoir_property_p51_r1-00ed150eb7a15dc9cb59,15/9-F-1,15/9-F-1 C,3694.4,3,0.521099984646,0.552879672502,0.521099984646,0.552879672502,0.552879672502
reservoir_property_p51_r1-f51858320ca43362c2ec,15/9-F-1,15/9-F-1 C,3696.4,3,0.492500007153,0.56730611681,0.492500007153,0.56730611681,0.56730611681
reservoir_property_p51_r1-a277a29e38073880c004,15/9-F-1,15/9-F-1 C,3698.4,3,0.483900010586,0.570047289934,0.483900010586,0.570047289934,0.570047289934
reservoir_property_p51_r1-9af0634fda669ec4fc3b,15/9-F-1,15/9-F-1 C,3700.4,3,0.443800002337,0.585192263559,0.443800002337,0.585192263559,0.585192263559
reservoir_property_p51_r1-29bfe1ded485b55a876e,15/9-F-1,15/9-F-1 C,3702.4,3,0.354600012302,0.620403066227,0.354600012302,0.620403066227,0.620403066227
reservoir_property_p51_r1-fdb0d3ceca7d61ac7bb9,15/9-F-1,15/9-F-1 C,3704.4,3,0.0819000005722,0.429219364137,0.0819000005722,0.429219364137,0.429219364137
reservoir_property_p51_r1-f96e00858f36f92b1c61,15/9-F-1,15/9-F-1 C,3706.4,3,0.0630000010133,0.267395449801,0.0630000010133,0.267395449801,0.267395449801
reservoir_property_p51_r1-7a034133acdf087e1891,15/9-F-1,15/9-F-1 C,3708.4,3,0.0641999989748,0.328383871502,0.0641999989748,0.328383871502,0.328383871502
reservoir_property_p51_r1-ae5a17fa94f325388b86,15/9-F-1,15/9-F-1 C,3710.4,3,0.0688999965787,0.483404064204,0.0688999965787,0.483404064204,0.483404064204
reservoir_property_p51_r1-04f0ee18c99474dc5f97,15/9-F-1,15/9-F-1 C,3712.4,3,0.0989999994636,0.556041847568,0.0989999994636,0.556041847568,0.556041847568
reservoir_property_p51_r1-42cd80a89b9e1087c6f0,15/9-F-1,15/9-F-1 C,3714.4,3,0.0722000002861,0.484618072554,0.0722000002861,0.484618072554,0.484618072554
reservoir_property_p51_r1-f4da7a0fadf98f3d558d,15/9-F-1,15/9-F-1 C,3716.4,3,0.0710999965668,0.411124601936,0.0710999965668,0.411124601936,0.411124601936
reservoir_property_p51_r1-544fb09c4ecc246282e3,15/9-F-1,15/9-F-1 C,3718.4,3,0.0710000023246,0.436822430184,0.0710000023246,0.436822430184,0.436822430184
reservoir_property_p51_r1-d2db73d6e256ae6ce8d0,15/9-F-1,15/9-F-1 C,3720.4,3,0.0724999979138,0.441998471169,0.0724999979138,0.441998471169,0.441998471169
reservoir_property_p51_r1-36d1e4e75406d072cd0c,15/9-F-1,15/9-F-1 C,3722.4,3,0.0742999985814,0.438560636852,0.0742999985814,0.438560636852,0.438560636852
reservoir_property_p51_r1-301d29b88e575c32061c,15/9-F-1,15/9-F-1 C,3724.4,3,0.0764999985695,0.446450273803,0.0764999985695,0.446450273803,0.446450273803
reservoir_property_p51_r1-2b731dbad4ce101b90ed,15/9-F-1,15/9-F-1 C,3726.4,3,0.0724999979138,0.44599074348,0.0724999979138,0.44599074348,0.44599074348
reservoir_property_p51_r1-69c796ded3f33619f96b,15/9-F-1,15/9-F-1 C,3728.4,3,0.0763000026345,0.446160039474,0.0763000026345,0.446160039474,0.446160039474
reservoir_property_p51_r1-2c90cecad42085f079ef,15/9-F-1,15/9-F-1 C,3730.4,3,0.0837000012398,0.5548012925,0.0837000012398,0.5548012925,0.5548012925
reservoir_property_p51_r1-4a03767ff0f43f036a53,15/9-F-1,15/9-F-1 C,3732.4,3,0.0891000032425,0.493196983344,0.0891000032425,0.493196983344,0.493196983344
reservoir_property_p51_r1-7f91fcd14cf138a3f53d,15/9-F-1,15/9-F-1 C,3734.4,3,0.0728999972343,0.391569034963,0.0728999972343,0.391569034963,0.391569034963
reservoir_property_p51_r1-8f04e325fef1065d0346,15/9-F-1,15/9-F-1 C,3736.4,3,0.0714000016451,0.389650472336,0.0714000016451,0.389650472336,0.389650472336
reservoir_property_p51_r1-ec21d52d906d0f369e76,15/9-F-1,15/9-F-1 C,3738.4,3,0.0733999982476,0.393755742422,0.0733999982476,0.393755742422,0.393755742422
reservoir_property_p51_r1-855139a01fcbd6557d7e,15/9-F-1,15/9-F-1 C,3740.4,3,0.0807000026107,0.399425401526,0.0807000026107,0.399425401526,0.399425401526
reservoir_property_p51_r1-3eb3ef12499abaeda580,15/9-F-1,15/9-F-1 C,3742.4,3,0.0807000026107,0.419442307961,0.0807000026107,0.419442307961,0.419442307961
reservoir_property_p51_r1-9bc204eaa04f0df93517,15/9-F-1,15/9-F-1 C,3744.4,3,0.0829000025988,0.437814826091,0.0829000025988,0.437814826091,0.437814826091
reservoir_property_p51_r1-b90f7bc267dce3c15a67,15/9-F-1,15/9-F-1 C,3746.4,3,0.0869000032544,0.4789125709,0.0869000032544,0.4789125709,0.4789125709
reservoir_property_p51_r1-124901640e377dadf018,15/9-F-1,15/9-F-1 C,3748.4,3,0.0917999967933,0.509916769519,0.0917999967933,0.509916769519,0.509916769519
reservoir_property_p51_r1-81f388b4a19d13d9d670,15/9-F-1,15/9-F-1 C,3750.4,3,0.0855000019073,0.507737620191,0.0855000019073,0.507737620191,0.507737620191
reservoir_property_p51_r1-21cde2aa1781f9502305,15/9-F-1,15/9-F-1 C,3752.4,3,0.0815000012517,0.487750266462,0.0815000012517,0.487750266462,0.487750266462
reservoir_property_p51_r1-f6c4f06b001d386c1d9f,15/9-F-1,15/9-F-1 C,3754.4,3,0.0725999996066,0.507908582083,0.0725999996066,0.507908582083,0.507908582083
reservoir_property_p51_r1-03868227a0f5c7bee779,15/9-F-1,15/9-F-1 C,3756.4,3,0.241099998355,0.603003915966,0.241099998355,0.603003915966,0.603003915966
reservoir_property_p51_r1-6195601ca872235d6c6d,15/9-F-1,15/9-F-1 C,3758.4,3,0.168099999428,0.674095978657,0.168099999428,0.674095978657,0.674095978657
reservoir_property_p51_r1-cac1e23aa51b219bd1b5,15/9-F-1,15/9-F-1 C,3760.4,3,0.0822999998927,0.547286014994,0.0822999998927,0.547286014994,0.547286014994
reservoir_property_p51_r1-08eef89c935957cec3d2,15/9-F-1,15/9-F-1 C,3762.4,3,0.0811000019312,0.45246711093,0.0811000019312,0.45246711093,0.45246711093
reservoir_property_p51_r1-045a290d36c59f5c285d,15/9-F-1,15/9-F-1 C,3764.4,3,0.101300001144,0.43237714003,0.101300001144,0.43237714003,0.43237714003
reservoir_property_p51_r1-8375a11f40380ac9f401,15/9-F-1,15/9-F-1 C,3766.4,3,0.151999995112,0.447561161397,0.151999995112,0.447561161397,0.447561161397
reservoir_property_p51_r1-4bd3cfa6eb02cd8d3ef3,15/9-F-1,15/9-F-1 C,3768.4,3,0.18520000577,0.465804293931,0.18520000577,0.465804293931,0.465804293931
reservoir_property_p51_r1-13216f41c5930253ffa5,15/9-F-1,15/9-F-1 C,3770.4,3,0.190200001001,0.477539741751,0.190200001001,0.477539741751,0.477539741751
reservoir_property_p51_r1-9c1a7bcad9ced6680164,15/9-F-1,15/9-F-1 C,3772.4,3,0.18029999733,0.451009321994,0.18029999733,0.451009321994,0.451009321994
reservoir_property_p51_r1-3366e4b81e8c570aa265,15/9-F-1,15/9-F-1 C,3774.4,3,0.175200000405,0.473623711081,0.175200000405,0.473623711081,0.473623711081
reservoir_property_p51_r1-ba72feec459c4c4e5d46,15/9-F-1,15/9-F-1 C,3776.4,3,0.207000002265,0.493567516135,0.207000002265,0.493567516135,0.493567516135
reservoir_property_p51_r1-09b099dd412cb91038ef,15/9-F-1,15/9-F-1 C,3778.4,3,0.244800001383,0.509976680607,0.244800001383,0.509976680607,0.509976680607
reservoir_property_p51_r1-20ff2e8c938d64ad2aeb,15/9-F-1,15/9-F-1 C,3780.4,3,0.276399999857,0.51299330298,0.276399999857,0.51299330298,0.51299330298
reservoir_property_p51_r1-e8e76c27ca57a449b59b,15/9-F-1,15/9-F-1 C,3782.4,3,0.281300008297,0.504480180937,0.281300008297,0.504480180937,0.504480180937
reservoir_property_p51_r1-605aa0a32db7a01726a4,15/9-F-1,15/9-F-1 C,3784.4,3,0.28069999814,0.499931803764,0.28069999814,0.499931803764,0.499931803764
reservoir_property_p51_r1-ba446f63e05cfd361bf1,15/9-F-1,15/9-F-1 C,3786.4,3,0.315499991179,0.53447264535,0.315499991179,0.53447264535,0.53447264535
reservoir_property_p51_r1-a593adcdad16e6906d33,15/9-F-1,15/9-F-1 C,3788.4,3,0.25799998641,0.508020891773,0.25799998641,0.508020891773,0.508020891773
reservoir_property_p51_r1-bb6f89b519ffdcb070fd,15/9-F-1,15/9-F-1 C,3790.4,3,0.262699991465,0.476693707455,0.262699991465,0.476693707455,0.476693707455
reservoir_property_p51_r1-fce3c720dae5c1be494d,15/9-F-1,15/9-F-1 C,3792.4,3,0.24699999392,0.491419138441,0.24699999392,0.491419138441,0.491419138441
reservoir_property_p51_r1-9191966153702c06a02b,15/9-F-1,15/9-F-1 C,3794.4,3,0.256799995899,0.5007393736,0.256799995899,0.5007393736,0.5007393736
reservoir_property_p51_r1-3a5dfa81d48a250bc948,15/9-F-1,15/9-F-1 C,3796.4,3,0.251599997282,0.481816298538,0.251599997282,0.481816298538,0.481816298538
reservoir_property_p51_r1-e8b05889358994ccf84c,15/9-F-1,15/9-F-1 C,3798.4,3,0.238199993968,0.479023571683,0.238199993968,0.479023571683,0.479023571683
reservoir_property_p51_r1-01c02dc1cfc4c3d53735,15/9-F-1,15/9-F-1 C,3800.4,3,0.254099994898,0.479383622744,0.254099994898,0.479383622744,0.479383622744
reservoir_property_p51_r1-f302379255a676b6ef9b,15/9-F-1,15/9-F-1 C,3802.4,3,0.309500008821,0.558705244721,0.309500008821,0.558705244721,0.558705244721
reservoir_property_p51_r1-42940977422a98a21685,15/9-F-1,15/9-F-1 C,3804.4,3,0.306499987841,0.620435781702,0.306499987841,0.620435781702,0.620435781702
reservoir_property_p51_r1-fb5b20e7c31e0b762f51,15/9-F-1,15/9-F-1 C,3806.4,3,0.301600009203,0.611164351374,0.301600009203,0.611164351374,0.611164351374
reservoir_property_p51_r1-f858465cb89a6c18a7ca,15/9-F-1,15/9-F-1 C,3808.4,3,0.308299988508,0.605944199682,0.308299988508,0.605944199682,0.605944199682
reservoir_property_p51_r1-e7e396e6701a55a97df0,15/9-F-1,15/9-F-1 C,3810.4,3,0.323300004005,0.590960777957,0.323300004005,0.590960777957,0.590960777957
reservoir_property_p51_r1-59f8876fd54ac30d28fc,15/9-F-1,15/9-F-1 C,3812.4,3,0.344999998808,0.56395480173,0.344999998808,0.56395480173,0.56395480173
reservoir_property_p51_r1-3fff96192b2fa45bf566,15/9-F-1,15/9-F-1 C,3814.4,3,0.332100003958,0.532179850084,0.332100003958,0.532179850084,0.532179850084
reservoir_property_p51_r1-95ebf4538f7c1e7ab36f,15/9-F-1,15/9-F-1 C,3816.4,3,0.322200000286,0.53627434073,0.322200000286,0.53627434073,0.53627434073
reservoir_property_p51_r1-4f930ba28ec368324cae,15/9-F-1,15/9-F-1 C,3818.4,3,0.356000006199,0.562927217178,0.356000006199,0.562927217178,0.562927217178
reservoir_property_p51_r1-d0881c309c1ba8bb05b8,15/9-F-1,15/9-F-1 C,3820.4,3,0.294800013304,0.557582142365,0.294800013304,0.557582142365,0.557582142365
reservoir_property_p51_r1-4218902d571f423829bc,15/9-F-1,15/9-F-1 C,3822.4,3,0.300599992275,0.575739196926,0.300599992275,0.575739196926,0.575739196926
reservoir_property_p51_r1-7a2c1336ebae3e99297a,15/9-F-1,15/9-F-1 C,3824.4,3,0.337900012732,0.567491101778,0.337900012732,0.567491101778,0.567491101778
reservoir_property_p51_r1-9e86ddeb2ecc9daf5fde,15/9-F-1,15/9-F-1 C,3826.4,3,0.323700010777,0.57125828535,0.323700010777,0.57125828535,0.57125828535
reservoir_property_p51_r1-98eeb49c6c134bddc3ee,15/9-F-1,15/9-F-1 C,3828.4,3,0.165700003505,0.584482643916,0.165700003505,0.584482643916,0.584482643916
reservoir_property_p51_r1-05435e92dee68b99d426,15/9-F-1,15/9-F-1 C,3830.4,3,0.202600002289,0.698008859323,0.202600002289,0.698008859323,0.698008859323
reservoir_property_p51_r1-a1ec867b20daf841392e,15/9-F-1,15/9-F-1 C,3832.4,3,0.201600000262,0.653618856859,0.201600000262,0.653618856859,0.653618856859
reservoir_property_p51_r1-267ea2cc67704d30e46b,15/9-F-1,15/9-F-1 C,3834.4,3,0.289099991322,0.483369445918,0.289099991322,0.483369445918,0.483369445918
reservoir_property_p51_r1-4112f45d3973237fc8d6,15/9-F-1,15/9-F-1 C,3836.4,3,0.29469999671,0.484604803715,0.29469999671,0.484604803715,0.484604803715
reservoir_property_p51_r1-382e7cf436ba8f4bb0d1,15/9-F-1,15/9-F-1 C,3838.4,3,0.22159999609,0.476794109195,0.22159999609,0.476794109195,0.476794109195
reservoir_property_p51_r1-94ff8fce5a7aa52ea896,15/9-F-1,15/9-F-1 C,3840.4,3,0.161200001836,0.54091187376,0.161200001836,0.54091187376,0.54091187376
reservoir_property_p51_r1-ea411ddbf749c0fd9553,15/9-F-1,15/9-F-1 C,3842.4,3,0.22349999845,0.711712565659,0.22349999845,0.711712565659,0.711712565659
reservoir_property_p51_r1-12b6709c467b953054f4,15/9-F-1,15/9-F-1 C,3844.4,3,0.334500014782,0.797448067884,0.334500014782,0.797448067884,0.797448067884
reservoir_property_p51_r1-55b65595f450dda8c392,15/9-F-1,15/9-F-1 C,3846.4,3,0.378199994564,0.685489444965,0.378199994564,0.685489444965,0.685489444965
reservoir_property_p51_r1-62caf19895a98641c21e,15/9-F-1,15/9-F-1 C,3848.4,3,0.337700009346,0.545311523497,0.337700009346,0.545311523497,0.545311523497
reservoir_property_p51_r1-dd53ef75f34194e1e8a6,15/9-F-1,15/9-F-1 C,3850.4,3,0.38560000062,0.556568846502,0.38560000062,0.556568846502,0.556568846502
reservoir_property_p51_r1-b2dec6e6134843c38516,15/9-F-1,15/9-F-1 C,3852.4,3,0.371699988842,0.578951914112,0.371699988842,0.578951914112,0.578951914112
reservoir_property_p51_r1-6fad57bcdfbbf2bcd1f7,15/9-F-1,15/9-F-1 C,3854.4,3,0.157900005579,0.545214026937,0.157900005579,0.545214026937,0.545214026937
reservoir_property_p51_r1-697e109b92ba3b007410,15/9-F-1,15/9-F-1 C,3856.4,3,0.336899995804,0.554891523751,0.336899995804,0.554891523751,0.554891523751
reservoir_property_p51_r1-af829e2355947060af07,15/9-F-1,15/9-F-1 C,3858.4,3,0.250699996948,0.586359918799,0.250699996948,0.586359918799,0.586359918799
reservoir_property_p51_r1-76ad0f5ec21ff5ff2823,15/9-F-1,15/9-F-1 C,3860.4,3,0.328399986029,0.615897607053,0.328399986029,0.615897607053,0.615897607053
reservoir_property_p51_r1-aad64f6a37d4f0bd5a1c,15/9-F-1,15/9-F-1 C,3862.4,3,0.344799995422,0.622073843732,0.344799995422,0.622073843732,0.622073843732
reservoir_property_p51_r1-d0beb02e3c9b024b5885,15/9-F-1,15/9-F-1 C,3864.4,3,0.286199986935,0.615468883738,0.286199986935,0.615468883738,0.615468883738
reservoir_property_p51_r1-e22cdafe9b69ef0e9e10,15/9-F-1,15/9-F-1 C,3866.4,3,0.331600010395,0.589409544909,0.331600010395,0.589409544909,0.589409544909
reservoir_property_p51_r1-093206e38714a894867a,15/9-F-1,15/9-F-1 C,3868.4,3,0.32310000062,0.582402296232,0.32310000062,0.582402296232,0.582402296232
reservoir_property_p51_r1-ac9d2946a91d60c8417a,15/9-F-1,15/9-F-1 C,3870.4,3,0.336600005627,0.56687920984,0.336600005627,0.56687920984,0.56687920984
reservoir_property_p51_r1-e92da989c2b82fba5863,15/9-F-1,15/9-F-1 C,3872.4,3,0.386099994183,0.597164572379,0.386099994183,0.597164572379,0.597164572379
reservoir_property_p51_r1-0b1302828dbd6094bf46,15/9-F-1,15/9-F-1 C,3874.4,3,0.460599988699,0.661847030837,0.460599988699,0.661847030837,0.661847030837
reservoir_property_p51_r1-0838af7d4ea1cc3fd9e2,15/9-F-1,15/9-F-1 C,3876.4,3,0.435600012541,0.724520869731,0.435600012541,0.724520869731,0.724520869731
reservoir_property_p51_r1-4ec0ab9ab9129e254850,15/9-F-1,15/9-F-1 C,3878.4,3,0.385399997234,0.699546336335,0.385399997234,0.699546336335,0.699546336335
reservoir_property_p51_r1-837470b4ddc4d107e0dc,15/9-F-1,15/9-F-1 C,3880.4,3,0.418999999762,0.6365958221,0.418999999762,0.6365958221,0.6365958221
reservoir_property_p51_r1-fd9030699cccb0ba748c,15/9-F-1,15/9-F-1 C,3882.4,3,0.486200004816,0.590705206961,0.486200004816,0.590705206961,0.590705206961
reservoir_property_p51_r1-6a0c954803c04a3be869,15/9-F-1,15/9-F-1 C,3884.4,3,0.469099998474,0.640297715436,0.469099998474,0.640297715436,0.640297715436
reservoir_property_p51_r1-12a14641533d44f030d9,15/9-F-1,15/9-F-1 C,3886.4,3,0.627900004387,0.693922252671,0.627900004387,0.693922252671,0.693922252671
reservoir_property_p51_r1-610f238a8ac88204cbc0,15/9-F-1,15/9-F-1 C,3888.4,3,0.780499994755,0.665713103153,0.780499994755,0.665713103153,0.665713103153
reservoir_property_p51_r1-01f8515a85590865c549,15/9-F-1,15/9-F-1 C,3890.4,3,0.114100001752,0.609602608201,0.114100001752,0.609602608201,0.609602608201
reservoir_property_p51_r1-ca843cb23cd3059f19be,15/9-F-1,15/9-F-1 C,3892.4,3,0.296700000763,0.6042969248,0.296700000763,0.6042969248,0.6042969248
reservoir_property_p51_r1-c042ae35e7963099e178,15/9-F-1,15/9-F-1 C,3894.4,3,0.501699984074,0.626479431797,0.501699984074,0.626479431797,0.626479431797
reservoir_property_p51_r1-b97130b2a7dff51daa7c,15/9-F-1,15/9-F-1 C,3896.4,3,0.697600007057,0.727040343647,0.697600007057,0.727040343647,0.727040343647
reservoir_property_p51_r1-0d3a45bc1be130cd4a6f,15/9-F-1,15/9-F-1 C,3898.4,3,1,0.819673035342,1,0.819673035342,0.819673035342
reservoir_property_p51_r1-a85d3896a8725808a87d,15/9-F-1,15/9-F-1 C,3900.4,3,0.167300000787,0.689976349868,0.167300000787,0.689976349868,0.689976349868
reservoir_property_p51_r1-a5527e3c22b58e3ee090,15/9-F-1,15/9-F-1 C,3902.4,3,0.173099994659,0.554143985302,0.173099994659,0.554143985302,0.554143985302
reservoir_property_p51_r1-aef9c0e6bab208a3550e,15/9-F-1,15/9-F-1 C,3904.4,3,0.160099998116,0.679242858786,0.160099998116,0.679242858786,0.679242858786
reservoir_property_p51_r1-9f141743614b7f5f4ce0,15/9-F-1,15/9-F-1 C,3906.4,3,1,0.865383377894,1,0.865383377894,0.865383377894
reservoir_property_p51_r1-f147ba49d7b6d8e1d4dd,15/9-F-1,15/9-F-1 C,3908.4,3,1,0.919636551833,1,0.919636551833,0.919636551833
reservoir_property_p51_r1-7f668c50b0bb868f435c,15/9-F-1,15/9-F-1 C,3910.4,3,1,0.864409913235,1,0.864409913235,0.864409913235
reservoir_property_p51_r1-1f6ff54056eacf9c8434,15/9-F-1,15/9-F-1 C,3912.4,3,0.711899995804,0.858347932016,0.711899995804,0.858347932016,0.858347932016
reservoir_property_p51_r1-97f25856559f94413277,15/9-F-1,15/9-F-1 C,3914.4,3,1,0.877629326809,1,0.877629326809,0.877629326809
reservoir_property_p51_r1-b201741b0b57f7407cd0,15/9-F-1,15/9-F-1 C,3916.4,3,0.727400004864,0.844449090844,0.727400004864,0.844449090844,0.844449090844
reservoir_property_p51_r1-1191d5e96b38a30358c4,15/9-F-1,15/9-F-1 C,3918.4,3,0.251100003719,0.651332644183,0.251100003719,0.651332644183,0.651332644183
reservoir_property_p51_r1-a16dd17f8adfdd4b0c24,15/9-F-1,15/9-F-1 C,3920.4,3,0.219999998808,0.494706485029,0.219999998808,0.494706485029,0.494706485029
reservoir_property_p51_r1-2401032525ae2f7f292a,15/9-F-1,15/9-F-1 C,3922.4,3,0.208100005984,0.454667240306,0.208100005984,0.454667240306,0.454667240306
reservoir_property_p51_r1-b9e9d2ecb18d014173f8,15/9-F-1,15/9-F-1 C,3924.4,3,0.207200005651,0.434272606762,0.207200005651,0.434272606762,0.434272606762
reservoir_property_p51_r1-8d90b3e5efd67c20315f,15/9-F-1,15/9-F-1 C,3926.4,3,0.202700003982,0.436535906758,0.202700003982,0.436535906758,0.436535906758
reservoir_property_p51_r1-d7a92628a0614e39eb74,15/9-F-1,15/9-F-1 C,3928.4,3,0.20640000701,0.448693190456,0.20640000701,0.448693190456,0.448693190456
reservoir_property_p51_r1-e60ee616cc8253e4675f,15/9-F-1,15/9-F-1 C,3930.4,3,0.216499999166,0.461186424758,0.216499999166,0.461186424758,0.461186424758
reservoir_property_p51_r1-b9490155e0952fea3d0f,15/9-F-1,15/9-F-1 C,3932.4,3,0.216100007296,0.460488420361,0.216100007296,0.460488420361,0.460488420361
reservoir_property_p51_r1-99ab9aa50a96ec3186bf,15/9-F-1,15/9-F-1 C,3934.4,3,0.195199996233,0.430507570728,0.195199996233,0.430507570728,0.430507570728
reservoir_property_p51_r1-6497c85aef2ae45fb25f,15/9-F-1,15/9-F-1 C,3936.4,3,0.193900004029,0.429591393985,0.193900004029,0.429591393985,0.429591393985
reservoir_property_p51_r1-1af04380f028821cdcd6,15/9-F-1,15/9-F-1 C,3938.4,3,0.15719999373,0.449434862506,0.15719999373,0.449434862506,0.449434862506
reservoir_property_p51_r1-c32e80a2b292eb802815,15/9-F-1,15/9-F-1 C,3940.4,3,0.161100000143,0.448751158957,0.161100000143,0.448751158957,0.448751158957
reservoir_property_p51_r1-9ad74011dc35d3393520,15/9-F-1,15/9-F-1 C,3942.4,3,0.175300002098,0.439253313306,0.175300002098,0.439253313306,0.439253313306
reservoir_property_p51_r1-733815aaebcac6f0a609,15/9-F-1,15/9-F-1 C,3944.4,3,0.217500001192,0.430070570753,0.217500001192,0.430070570753,0.430070570753
reservoir_property_p51_r1-9c2cec96a2eaee6a09b9,15/9-F-1,15/9-F-1 C,3946.4,3,0.222699999809,0.420424872947,0.222699999809,0.420424872947,0.420424872947
reservoir_property_p51_r1-02d63151f6b61b7e2e09,15/9-F-1,15/9-F-1 C,3948.4,3,0.232800006866,0.388937827225,0.232800006866,0.388937827225,0.388937827225
reservoir_property_p51_r1-1a4632d4c62d2f86c095,15/9-F-1,15/9-F-1 C,3950.4,3,0.247099995613,0.447865442092,0.247099995613,0.447865442092,0.447865442092
reservoir_property_p51_r1-e99767dfb2f0389aa7ad,15/9-F-1,15/9-F-1 C,3952.4,3,0.266400009394,0.519264283068,0.266400009394,0.519264283068,0.519264283068
reservoir_property_p51_r1-236377e53e79fac8921a,15/9-F-1,15/9-F-1 C,3954.4,3,0.299899995327,0.550130898398,0.299899995327,0.550130898398,0.550130898398
reservoir_property_p51_r1-2208f4108e2957a3e18c,15/9-F-1,15/9-F-1 C,3956.4,3,0.196500003338,0.526020120348,0.196500003338,0.526020120348,0.526020120348
reservoir_property_p51_r1-2ac8a0c2fc01b6cb96ff,15/9-F-1,15/9-F-1 C,3958.4,3,0.194199994206,0.521540954077,0.194199994206,0.521540954077,0.521540954077
reservoir_property_p51_r1-ce7f91ba5df597af692b,15/9-F-1,15/9-F-1 C,3960.4,3,0.248799994588,0.535843406163,0.248799994588,0.535843406163,0.535843406163
reservoir_property_p51_r1-cfc77cb6283d421930ff,15/9-F-1,15/9-F-1 C,3962.4,3,0.252999991179,0.544689421199,0.252999991179,0.544689421199,0.544689421199
reservoir_property_p51_r1-04ef7c44993772c8266c,15/9-F-1,15/9-F-1 C,3964.4,3,0.278699994087,0.590633262525,0.278699994087,0.590633262525,0.590633262525
reservoir_property_p51_r1-a83936984e82e8ef119f,15/9-F-1,15/9-F-1 C,3966.4,3,0.381700009108,0.65695574478,0.381700009108,0.65695574478,0.65695574478
reservoir_property_p51_r1-43441261396ef6a525e9,15/9-F-1,15/9-F-1 C,3968.4,3,0.114900000393,0.655913653046,0.114900000393,0.655913653046,0.655913653046
reservoir_property_p51_r1-24e338dadb9e85a9c68a,15/9-F-1,15/9-F-1 C,3970.4,3,0.518800020218,0.613550019736,0.518800020218,0.613550019736,0.613550019736
reservoir_property_p51_r1-355de649af6bb1c2973d,15/9-F-1,15/9-F-1 C,3972.4,3,0.261200010777,0.546883784692,0.261200010777,0.546883784692,0.546883784692
reservoir_property_p51_r1-48cb9457681bc4a32ca5,15/9-F-1,15/9-F-1 C,3974.4,3,0.196400001645,0.423768541254,0.196400001645,0.423768541254,0.423768541254
reservoir_property_p51_r1-df932ed3ab5192b9532e,15/9-F-1,15/9-F-1 C,3976.4,3,0.190200001001,0.374086789889,0.190200001001,0.374086789889,0.374086789889
reservoir_property_p51_r1-0b621fff49d111cf2ec8,15/9-F-1,15/9-F-1 C,3978.4,3,0.219400003552,0.390071004577,0.219400003552,0.390071004577,0.390071004577
reservoir_property_p51_r1-96de228ef19e63d1bcfb,15/9-F-1,15/9-F-1 C,3980.4,3,0.238700002432,0.42987010155,0.238700002432,0.42987010155,0.42987010155
reservoir_property_p51_r1-e7c9b17ab76ceff57a06,15/9-F-1,15/9-F-1 C,3982.4,3,0.278699994087,0.464092425672,0.278699994087,0.464092425672,0.464092425672
reservoir_property_p51_r1-977de4764f4e368efd39,15/9-F-1,15/9-F-1 C,3984.4,3,0.287900000811,0.510960587568,0.287900000811,0.510960587568,0.510960587568
reservoir_property_p51_r1-a9e43f65f53eb9b9030d,15/9-F-1,15/9-F-1 C,3986.4,3,0.313300013542,0.5087238257,0.313300013542,0.5087238257,0.5087238257
reservoir_property_p51_r1-1bc11256d1416b5b8639,15/9-F-1,15/9-F-1 C,3988.4,3,0.236800000072,0.45071061432,0.236800000072,0.45071061432,0.45071061432
reservoir_property_p51_r1-e03cabcef6c447d68859,15/9-F-1,15/9-F-1 C,3990.4,3,0.294900000095,0.445251809082,0.294900000095,0.445251809082,0.445251809082
reservoir_property_p51_r1-de06ffcd51e152945a75,15/9-F-1,15/9-F-1 C,3992.4,3,0.300999999046,0.471483239699,0.300999999046,0.471483239699,0.471483239699
reservoir_property_p51_r1-338271eaef11313314d9,15/9-F-1,15/9-F-1 C,3994.4,3,0.295300006866,0.490465252489,0.295300006866,0.490465252489,0.490465252489
reservoir_property_p51_r1-21c12698721891c08505,15/9-F-1,15/9-F-1 C,3996.4,3,0.257299989462,0.454244768072,0.257299989462,0.454244768072,0.454244768072
reservoir_property_p51_r1-afec8554a32f72ccb550,15/9-F-1,15/9-F-1 C,3998.4,3,0.253500014544,0.42573974004,0.253500014544,0.42573974004,0.42573974004
reservoir_property_p51_r1-d09f6f6ccab094f7f934,15/9-F-1,15/9-F-1 C,4000.4,3,0.271400004625,0.496098648942,0.271400004625,0.496098648942,0.496098648942
reservoir_property_p51_r1-326e4200828b8cf7a4ee,15/9-F-1,15/9-F-1 C,4002.4,3,0.281500011683,0.609719062688,0.281500011683,0.609719062688,0.609719062688
reservoir_property_p51_r1-dc8e1ff8a550599f477d,15/9-F-1,15/9-F-1 C,4004.4,3,1,0.761348828364,1,0.761348828364,0.761348828364
reservoir_property_p51_r1-11cacd923d904d2b1684,15/9-F-1,15/9-F-1 C,4017.4,3,1,0.816381474425,1,0.816381474425,0.816381474425
reservoir_property_p51_r1-cb368ec784eff6034189,15/9-F-1,15/9-F-1 C,4019.4,3,0.864499986172,0.785077113127,0.864499986172,0.785077113127,0.785077113127
reservoir_property_p51_r1-49ac46132b2c4927b08a,15/9-F-1,15/9-F-1 C,4021.4,3,0.779500007629,0.729312641535,0.779500007629,0.729312641535,0.729312641535
reservoir_property_p51_r1-8c98c607a2cd5759a679,15/9-F-1,15/9-F-1,3387,3,1,1.06109700438,1,1.06109700438,1
reservoir_property_p51_r1-86e2eeaf44582632edef,15/9-F-1,15/9-F-1,3398.9,3,1,1.06991848081,1,1.06991848081,1
reservoir_property_p51_r1-a17c63e4953d73d704ba,15/9-F-1,15/9-F-1,3400.9,3,1,1.07537729066,1,1.07537729066,1
reservoir_property_p51_r1-027351b592eb9bbfc28a,15/9-F-1,15/9-F-1,3402.9,3,1,1.06706600808,1,1.06706600808,1
reservoir_property_p51_r1-e280bd382b2cc3ed9c16,15/9-F-1,15/9-F-1,3404.9,3,1,1.05847045725,1,1.05847045725,1
reservoir_property_p51_r1-7417961b8fdd15e9c0fd,15/9-F-1,15/9-F-1,3453.2,3,1,0.52360378369,1,0.52360378369,0.52360378369
reservoir_property_p51_r1-79976efc9ad503fecf16,15/9-F-1,15/9-F-1,3455.2,3,1,0.523824505675,1,0.523824505675,0.523824505675
reservoir_property_p51_r1-2276135502b0addc9a9c,15/9-F-11,15/9-F-11 A,3598.4,2,0.587999999523,0.693855810238,0.587999999523,0.693855810238,0.693855810238
reservoir_property_p51_r1-2c33f1e3be49414d8bba,15/9-F-11,15/9-F-11 A,3605,2,0.611000001431,0.62507881039,0.611000001431,0.62507881039,0.62507881039
reservoir_property_p51_r1-0bcda5fb40ef0c9fa97c,15/9-F-11,15/9-F-11 A,3607,2,0.365999996662,0.599915887901,0.365999996662,0.599915887901,0.599915887901
reservoir_property_p51_r1-a36f45dbe9e0275f46fe,15/9-F-11,15/9-F-11 A,3609,2,0.625999987125,0.628609797798,0.625999987125,0.628609797798,0.628609797798
reservoir_property_p51_r1-483a6ee25dac0b1b9a6e,15/9-F-11,15/9-F-11 A,3611,2,0.458999991417,0.749201463804,0.458999991417,0.749201463804,0.749201463804
reservoir_property_p51_r1-96c3cde807e05defa171,15/9-F-11,15/9-F-11 A,3613,2,0.218999996781,0.547732339508,0.218999996781,0.547732339508,0.547732339508
reservoir_property_p51_r1-4d03b60f402ca2c60ab0,15/9-F-11,15/9-F-11 A,3615,2,0.146999999881,0.375285901112,0.146999999881,0.375285901112,0.375285901112
reservoir_property_p51_r1-da65467c79283dfa31e9,15/9-F-11,15/9-F-11 A,3617,2,0.119000002742,0.3303862441,0.119000002742,0.3303862441,0.3303862441
reservoir_property_p51_r1-a86ec01268587ff65ca5,15/9-F-11,15/9-F-11 A,3619,2,0.146999999881,0.46261840886,0.146999999881,0.46261840886,0.46261840886
reservoir_property_p51_r1-5763d413da5d299d5ee1,15/9-F-11,15/9-F-11 A,3621,2,0.280999988317,0.46019343036,0.280999988317,0.46019343036,0.46019343036
reservoir_property_p51_r1-1417906868a00cc16b15,15/9-F-11,15/9-F-11 A,3623,2,0.186000004411,0.313654406812,0.186000004411,0.313654406812,0.313654406812
reservoir_property_p51_r1-94f6c5dafaf4a89baad9,15/9-F-11,15/9-F-11 A,3625,2,0.152999997139,0.31055317422,0.152999997139,0.31055317422,0.31055317422
reservoir_property_p51_r1-2ec8ce81b0f744bf68de,15/9-F-11,15/9-F-11 A,3627,2,0.370999991894,0.456503627842,0.370999991894,0.456503627842,0.456503627842
reservoir_property_p51_r1-51f56ed578336ce3a850,15/9-F-11,15/9-F-11 A,3629,2,0.384000003338,0.608565320797,0.384000003338,0.608565320797,0.608565320797
reservoir_property_p51_r1-0da2fd9fb307909936c1,15/9-F-11,15/9-F-11 A,3631,2,0.874000012875,0.496476757522,0.874000012875,0.496476757522,0.496476757522
reservoir_property_p51_r1-0811cb19bb55edd25c7b,15/9-F-11,15/9-F-11 A,3633,2,0.254000008106,0.373306122334,0.254000008106,0.373306122334,0.373306122334
reservoir_property_p51_r1-9276b3f95aab9ff0356a,15/9-F-11,15/9-F-11 A,3635,2,0.280999988317,0.375513365389,0.280999988317,0.375513365389,0.375513365389
reservoir_property_p51_r1-454b9b62a503ee0d6014,15/9-F-11,15/9-F-11 A,3637,2,0.412000000477,0.409352673253,0.412000000477,0.409352673253,0.409352673253
reservoir_property_p51_r1-5200bf8beb0216ffda71,15/9-F-11,15/9-F-11 A,3639,2,0.414999991655,0.437268809221,0.414999991655,0.437268809221,0.437268809221
reservoir_property_p51_r1-a3113f161d8b6552ca42,15/9-F-11,15/9-F-11 A,3641,2,0.363999992609,0.506216588871,0.363999992609,0.506216588871,0.506216588871
reservoir_property_p51_r1-48ffcc838a530575b8bb,15/9-F-11,15/9-F-11 A,3643,2,0.442000001669,0.515230733921,0.442000001669,0.515230733921,0.515230733921
reservoir_property_p51_r1-dbfc72017171fa315dfe,15/9-F-11,15/9-F-11 A,3645,2,0.476000010967,0.49152734115,0.476000010967,0.49152734115,0.49152734115
reservoir_property_p51_r1-9437fb7e4504db8b298a,15/9-F-11,15/9-F-11 A,3647,2,0.103000000119,0.39257408387,0.103000000119,0.39257408387,0.39257408387
reservoir_property_p51_r1-12984c9274a64598a201,15/9-F-11,15/9-F-11 A,3649,2,0.101999998093,0.34625699954,0.101999998093,0.34625699954,0.34625699954
reservoir_property_p51_r1-d211ce6c2ae283db3f82,15/9-F-11,15/9-F-11 A,3651,2,0.082999996841,0.435462610484,0.082999996841,0.435462610484,0.435462610484
reservoir_property_p51_r1-3e5419bcfbfe85daae76,15/9-F-11,15/9-F-11 A,3653,2,0.256000012159,0.588353439368,0.256000012159,0.588353439368,0.588353439368
reservoir_property_p51_r1-bb5b4e488c740d5376bc,15/9-F-11,15/9-F-11 A,3655,2,0.486999988556,0.596390800314,0.486999988556,0.596390800314,0.596390800314
reservoir_property_p51_r1-9c6d1fec47f513f940c7,15/9-F-11,15/9-F-11 A,3657,2,0.365999996662,0.445814483096,0.365999996662,0.445814483096,0.445814483096
reservoir_property_p51_r1-81911467babf28000bc1,15/9-F-11,15/9-F-11 A,3659,2,0.252000004053,0.512504751218,0.252000004053,0.512504751218,0.512504751218
reservoir_property_p51_r1-9371ab372d8527ca6562,15/9-F-11,15/9-F-11 A,3662.7,2,1,0.703185308532,1,0.703185308532,0.703185308532
reservoir_property_p51_r1-c8b6d8cf760a9a865abf,15/9-F-11,15/9-F-11 A,3664.7,2,0.286000013351,0.469007727208,0.286000013351,0.469007727208,0.469007727208
reservoir_property_p51_r1-0795efd0a96b7f6a20f2,15/9-F-11,15/9-F-11 A,3666.7,2,0.280000001192,0.386654374075,0.280000001192,0.386654374075,0.386654374075
reservoir_property_p51_r1-7ba9f672866db8c150d0,15/9-F-11,15/9-F-11 A,3668.7,2,0.312999993563,0.362918741396,0.312999993563,0.362918741396,0.362918741396
reservoir_property_p51_r1-41d382561985b8d43516,15/9-F-11,15/9-F-11 A,3670.7,2,0.29699999094,0.383410942628,0.29699999094,0.383410942628,0.383410942628
reservoir_property_p51_r1-81c422b3a9ad0bd4ead5,15/9-F-11,15/9-F-11 A,3672.7,2,0.319000005722,0.394809404194,0.319000005722,0.394809404194,0.394809404194
reservoir_property_p51_r1-75be831fea39e1abf0c2,15/9-F-11,15/9-F-11 A,3674.7,2,0.312999993563,0.421336279211,0.312999993563,0.421336279211,0.421336279211
reservoir_property_p51_r1-739f2c3d760239837e4b,15/9-F-11,15/9-F-11 A,3676.7,2,0.261999994516,0.422914394967,0.261999994516,0.422914394967,0.422914394967
reservoir_property_p51_r1-df9f602393d5aec6a331,15/9-F-11,15/9-F-11 A,3678.7,2,0.223000004888,0.412985870466,0.223000004888,0.412985870466,0.412985870466
reservoir_property_p51_r1-e478a2a6d95f4e616a38,15/9-F-11,15/9-F-11 A,3680.7,2,0.211999997497,0.410543305043,0.211999997497,0.410543305043,0.410543305043
reservoir_property_p51_r1-72205ae967d6dcde7894,15/9-F-11,15/9-F-11 A,3682.7,2,0.170000001788,0.43093925998,0.170000001788,0.43093925998,0.43093925998
reservoir_property_p51_r1-df5cc6fef39b0e892cef,15/9-F-11,15/9-F-11 A,3684.7,2,0.328999996185,0.436550385179,0.328999996185,0.436550385179,0.436550385179
reservoir_property_p51_r1-3417f16ff14123666416,15/9-F-11,15/9-F-11 A,3686.7,2,0.337000012398,0.426021100358,0.337000012398,0.426021100358,0.426021100358
reservoir_property_p51_r1-10ed48a7122d16610c16,15/9-F-11,15/9-F-11 A,3688.7,2,0.317999988794,0.422344341421,0.317999988794,0.422344341421,0.422344341421
reservoir_property_p51_r1-53dcc044e9c06b69103a,15/9-F-11,15/9-F-11 A,3690.7,2,0.33599999547,0.446387809521,0.33599999547,0.446387809521,0.446387809521
reservoir_property_p51_r1-143d5df53e02b68648b5,15/9-F-11,15/9-F-11 A,3692.7,2,0.305999994278,0.43999349319,0.305999994278,0.43999349319,0.43999349319
reservoir_property_p51_r1-14274388d2073f220099,15/9-F-11,15/9-F-11 A,3694.7,2,0.312000006437,0.410141803993,0.312000006437,0.410141803993,0.410141803993
reservoir_property_p51_r1-312d2ec3359d5ae951da,15/9-F-11,15/9-F-11 A,3696.7,2,0.347999989986,0.434452398977,0.347999989986,0.434452398977,0.434452398977
reservoir_property_p51_r1-97282a32c199c6cf131b,15/9-F-11,15/9-F-11 A,3698.7,2,0.523000001907,0.459325988913,0.523000001907,0.459325988913,0.459325988913
reservoir_property_p51_r1-2ef1688840c0a2b7233b,15/9-F-11,15/9-F-11 A,3700.7,2,0.509999990463,0.469423718909,0.509999990463,0.469423718909,0.469423718909
reservoir_property_p51_r1-29bad6490c6aff6583a0,15/9-F-11,15/9-F-11 A,3702.7,2,0.875999987125,0.586922576645,0.875999987125,0.586922576645,0.586922576645
reservoir_property_p51_r1-0e9de942bf17ec783902,15/9-F-11,15/9-F-11 B,3445.5,2,0.869000017643,0.712616190109,0.869000017643,0.712616190109,0.712616190109
reservoir_property_p51_r1-90d4e6df6ce860cd8519,15/9-F-11,15/9-F-11 B,3447.5,2,0.799000024796,0.712400157719,0.799000024796,0.712400157719,0.712400157719
reservoir_property_p51_r1-cfd1db741904f6373c32,15/9-F-11,15/9-F-11 B,3449.5,2,0.901000022888,0.80798093063,0.901000022888,0.80798093063,0.80798093063
reservoir_property_p51_r1-3d9e28ce47d9191d9484,15/9-F-11,15/9-F-11 B,3451.5,2,1,0.961394907349,1,0.961394907349,0.961394907349
reservoir_property_p51_r1-6306dacb3682ae1af4aa,15/9-F-11,15/9-F-11 B,3453.5,2,1,1.13156022276,1,1.13156022276,1
reservoir_property_p51_r1-5dd571d826737c228f8c,15/9-F-11,15/9-F-11 B,3455.5,2,1,1.26331593114,1,1.26331593114,1
reservoir_property_p51_r1-648080008eb5133d3e83,15/9-F-11,15/9-F-11 B,3458.9,2,1,1.11197717758,1,1.11197717758,1
reservoir_property_p51_r1-fe158b1677c7d212190a,15/9-F-11,15/9-F-11 B,3460.9,2,1,0.984273113661,1,0.984273113661,0.984273113661
reservoir_property_p51_r1-f1e5e1bd115cc228a0b3,15/9-F-11,15/9-F-11 B,3462.9,2,1,0.853826167561,1,0.853826167561,0.853826167561
reservoir_property_p51_r1-2857eefcec5abbfe01c2,15/9-F-11,15/9-F-11 B,3464.9,2,1,0.878741835527,1,0.878741835527,0.878741835527
reservoir_property_p51_r1-9ee851cd6618b8043330,15/9-F-11,15/9-F-11 B,3466.9,2,1,0.777565722,1,0.777565722,0.777565722
reservoir_property_p51_r1-1098695489073fe9c070,15/9-F-11,15/9-F-11 B,3468.9,2,0.652999997139,0.602341037711,0.652999997139,0.602341037711,0.602341037711
reservoir_property_p51_r1-adc005c06bc79837891f,15/9-F-11,15/9-F-11 B,3470.9,2,0.116999998689,0.418086341203,0.116999998689,0.418086341203,0.418086341203
reservoir_property_p51_r1-686929943752f1c1c3e0,15/9-F-11,15/9-F-11 B,3472.9,2,0.112999998033,0.288546910957,0.112999998033,0.288546910957,0.288546910957
reservoir_property_p51_r1-d94f3a20d685bacfc84b,15/9-F-11,15/9-F-11 B,3474.9,2,0.112000003457,0.288532696536,0.112000003457,0.288532696536,0.288532696536
reservoir_property_p51_r1-3ccec8b1fe8fbd32167a,15/9-F-11,15/9-F-11 B,3476.9,2,0.10000000149,0.288946059923,0.10000000149,0.288946059923,0.288946059923
reservoir_property_p51_r1-0fbabeb82ab291fdbd94,15/9-F-11,15/9-F-11 B,3478.9,2,0.0939999967813,0.268418630296,0.0939999967813,0.268418630296,0.268418630296
reservoir_property_p51_r1-a874a5064432e2ee9bbc,15/9-F-11,15/9-F-11 B,3480.9,2,0.0939999967813,0.241017154275,0.0939999967813,0.241017154275,0.241017154275
reservoir_property_p51_r1-ffc52e2ee1b1dcdf3629,15/9-F-11,15/9-F-11 B,3482.9,2,0.0960000008345,0.239852818758,0.0960000008345,0.239852818758,0.239852818758
reservoir_property_p51_r1-d3fac9e7bd231e843505,15/9-F-11,15/9-F-11 B,3484.9,2,0.107000000775,0.251040138852,0.107000000775,0.251040138852,0.251040138852
reservoir_property_p51_r1-38f583584d468fcdbf67,15/9-F-11,15/9-F-11 B,3486.9,2,0.104999996722,0.266572289723,0.104999996722,0.266572289723,0.266572289723
reservoir_property_p51_r1-241524d3f4007aaf88d1,15/9-F-11,15/9-F-11 B,3488.9,2,0.108000002801,0.286616665046,0.108000002801,0.286616665046,0.286616665046
reservoir_property_p51_r1-53ff9655699d140f2290,15/9-F-11,15/9-F-11 B,3490.9,2,0.108999997377,0.331806308823,0.108999997377,0.331806308823,0.331806308823
reservoir_property_p51_r1-651c0a6d8866e822bd1e,15/9-F-11,15/9-F-11 B,3492.9,2,0.112000003457,0.335069358192,0.112000003457,0.335069358192,0.335069358192
reservoir_property_p51_r1-e269d292d10eba113584,15/9-F-11,15/9-F-11 B,3494.9,2,0.103000000119,0.349240965609,0.103000000119,0.349240965609,0.349240965609
reservoir_property_p51_r1-4ccbc016c9fad8300898,15/9-F-11,15/9-F-11 B,3496.9,2,0.0939999967813,0.307497454966,0.0939999967813,0.307497454966,0.307497454966
reservoir_property_p51_r1-7ef0d4b11f3a86c9d64a,15/9-F-11,15/9-F-11 B,3498.9,2,0.10000000149,0.221704847118,0.10000000149,0.221704847118,0.221704847118
reservoir_property_p51_r1-11b30ca8a00201b82bc4,15/9-F-11,15/9-F-11 B,3500.9,2,0.0960000008345,0.190753040451,0.0960000008345,0.190753040451,0.190753040451
reservoir_property_p51_r1-2a4f84080968dae361e9,15/9-F-11,15/9-F-11 B,3502.9,2,0.0909999981523,0.0266629505074,0.0909999981523,0.0266629505074,0.0266629505074
reservoir_property_p51_r1-ef0e2c9211b4b9ae4704,15/9-F-11,15/9-F-11 B,3504.9,2,0.122000001371,0.104372391584,0.122000001371,0.104372391584,0.104372391584
reservoir_property_p51_r1-ad78bdd621639d668826,15/9-F-11,15/9-F-11 B,3506.9,2,0.28900000453,0.498171808423,0.28900000453,0.498171808423,0.498171808423
reservoir_property_p51_r1-53697560f9c8420b458d,15/9-F-11,15/9-F-11 B,3508.9,2,0.224000006914,0.483244046435,0.224000006914,0.483244046435,0.483244046435
reservoir_property_p51_r1-b25600f9a09c16f436de,15/9-F-11,15/9-F-11 B,3510.9,2,0.192000001669,0.168357631076,0.192000001669,0.168357631076,0.168357631076
reservoir_property_p51_r1-b534b27eeb3a14e5c956,15/9-F-11,15/9-F-11 B,3512.9,2,0.133000001311,-0.00357041315605,0.133000001311,-0.00357041315605,0
reservoir_property_p51_r1-c501cf80d77fc142f2e6,15/9-F-11,15/9-F-11 B,3514.9,2,0.115999996662,0.13747049921,0.115999996662,0.13747049921,0.13747049921
reservoir_property_p51_r1-8765a8a1ca5ae4849e4e,15/9-F-11,15/9-F-11 B,3516.9,2,0.129999995232,0.288210668328,0.129999995232,0.288210668328,0.288210668328
reservoir_property_p51_r1-29786f55fe6a48646b00,15/9-F-11,15/9-F-11 B,3518.9,2,0.135000005364,0.429530742945,0.135000005364,0.429530742945,0.429530742945
reservoir_property_p51_r1-e54f3ede853940791747,15/9-F-11,15/9-F-11 B,3520.9,2,0.27500000596,0.476138689781,0.27500000596,0.476138689781,0.476138689781
reservoir_property_p51_r1-f19cec998dcfc0731e3a,15/9-F-11,15/9-F-11 B,3522.9,2,0.0740000009537,0.305110859964,0.0740000009537,0.305110859964,0.305110859964
reservoir_property_p51_r1-4c87334756d3f526ffe1,15/9-F-11,15/9-F-11 B,3524.9,2,0.0939999967813,0.238949519294,0.0939999967813,0.238949519294,0.238949519294
reservoir_property_p51_r1-e76f0c9fc46d6b2b5f36,15/9-F-11,15/9-F-11 B,3526.9,2,0.136999994516,0.266929634972,0.136999994516,0.266929634972,0.266929634972
reservoir_property_p51_r1-1881bde4211c284b6023,15/9-F-11,15/9-F-11 B,3528.9,2,0.370999991894,0.303160637164,0.370999991894,0.303160637164,0.303160637164
reservoir_property_p51_r1-ddfb534e9ee9ed326bc5,15/9-F-11,15/9-F-11 B,3530.9,2,0.486999988556,0.312082064195,0.486999988556,0.312082064195,0.312082064195
reservoir_property_p51_r1-3df20c4bf1cd1af07671,15/9-F-11,15/9-F-11 B,3532.9,2,0.52999997139,0.307843034232,0.52999997139,0.307843034232,0.307843034232
reservoir_property_p51_r1-31c85b7351c25b79182f,15/9-F-11,15/9-F-11 B,3534.9,2,0.493999987841,0.30666169706,0.493999987841,0.30666169706,0.30666169706
reservoir_property_p51_r1-aa577010aa68bd9c4dd8,15/9-F-11,15/9-F-11 B,3536.9,2,0.497000008821,0.320529121334,0.497000008821,0.320529121334,0.320529121334
reservoir_property_p51_r1-e6e215a9e7c95b560f2d,15/9-F-11,15/9-F-11 B,3538.9,2,0.391999989748,0.402182038829,0.391999989748,0.402182038829,0.402182038829
reservoir_property_p51_r1-839a7818e125cfaa86fe,15/9-F-11,15/9-F-11 B,3540.9,2,0.404000014067,0.519764883613,0.404000014067,0.519764883613,0.519764883613
reservoir_property_p51_r1-2c35a060da4d14bbbfe2,15/9-F-11,15/9-F-11 B,3542.9,2,0.340999990702,0.598881167463,0.340999990702,0.598881167463,0.598881167463
reservoir_property_p51_r1-6a1bc6ce4d6d44e5d3e1,15/9-F-11,15/9-F-11 B,3544.9,2,0.522000014782,0.674810906159,0.522000014782,0.674810906159,0.674810906159
reservoir_property_p51_r1-7cee715fda8c6114e8a9,15/9-F-11,15/9-F-11 B,3546.9,2,0.620999991894,0.691269745676,0.620999991894,0.691269745676,0.691269745676
reservoir_property_p51_r1-b781275227d406658da4,15/9-F-11,15/9-F-11 B,3548.9,2,0.388000011444,0.596742254626,0.388000011444,0.596742254626,0.596742254626
reservoir_property_p51_r1-26472212f19e4d5cc82a,15/9-F-11,15/9-F-11 B,3550.9,2,0.358000010252,0.577302385271,0.358000010252,0.577302385271,0.577302385271
reservoir_property_p51_r1-4dea09e7bdb3367016a4,15/9-F-11,15/9-F-11 B,3552.9,2,0.335000008345,0.602540662558,0.335000008345,0.602540662558,0.602540662558
reservoir_property_p51_r1-8ea3ab54245ef39eb50b,15/9-F-11,15/9-F-11 B,3554.9,2,0.559000015259,0.663303526625,0.559000015259,0.663303526625,0.663303526625
reservoir_property_p51_r1-e47af1f36b8ba7ce7791,15/9-F-11,15/9-F-11 B,3556.9,2,0.563000023365,0.719814186588,0.563000023365,0.719814186588,0.719814186588
reservoir_property_p51_r1-b49bccfe1873ece3ef49,15/9-F-11,15/9-F-11 B,3558.9,2,1,0.753783928091,1,0.753783928091,0.753783928091
reservoir_property_p51_r1-ed50bac9a729b02de97b,15/9-F-11,15/9-F-11 B,3560.9,2,0.5,0.732197798003,0.5,0.732197798003,0.732197798003
reservoir_property_p51_r1-fee30fb92561a6f42f46,15/9-F-11,15/9-F-11 B,3562.9,2,0.575999975204,0.654034373026,0.575999975204,0.654034373026,0.654034373026
reservoir_property_p51_r1-30916dd3d5e3af359097,15/9-F-11,15/9-F-11 B,3564.9,2,0.393999993801,0.614762660126,0.393999993801,0.614762660126,0.614762660126
reservoir_property_p51_r1-a1878b989fb7834f528e,15/9-F-11,15/9-F-11 B,3566.9,2,0.298999994993,0.595237867798,0.298999994993,0.595237867798,0.595237867798
reservoir_property_p51_r1-eeaf0d8873a91f7ae2b4,15/9-F-11,15/9-F-11 B,3568.9,2,0.261000007391,0.56000750179,0.261000007391,0.56000750179,0.56000750179
reservoir_property_p51_r1-b4b7129745ca4888c7a0,15/9-F-11,15/9-F-11 B,3570.9,2,0.206000000238,0.564526036702,0.206000000238,0.564526036702,0.564526036702
reservoir_property_p51_r1-0d4b973184b258cd5b15,15/9-F-11,15/9-F-11 B,3572.9,2,0.256999999285,0.58866260696,0.256999999285,0.58866260696,0.58866260696
reservoir_property_p51_r1-a0d7ce4ca83ab0edac54,15/9-F-11,15/9-F-11 B,3574.9,2,0.217999994755,0.549465325741,0.217999994755,0.549465325741,0.549465325741
reservoir_property_p51_r1-27d57cfd8243ebd7bd39,15/9-F-11,15/9-F-11 B,3576.9,2,0.261000007391,0.510165330987,0.261000007391,0.510165330987,0.510165330987
reservoir_property_p51_r1-86741ddf612cf378e7df,15/9-F-11,15/9-F-11 B,3578.9,2,0.252999991179,0.515860456322,0.252999991179,0.515860456322,0.515860456322
reservoir_property_p51_r1-bb8c78caac1ddd1c9791,15/9-F-11,15/9-F-11 B,3580.9,2,0.240999996662,0.507133075772,0.240999996662,0.507133075772,0.507133075772
reservoir_property_p51_r1-a3a012c96ec48b736404,15/9-F-11,15/9-F-11 B,3582.9,2,0.256000012159,0.516569605027,0.256000012159,0.516569605027,0.516569605027
reservoir_property_p51_r1-5e1c58a9679f78ab85e5,15/9-F-11,15/9-F-11 B,3584.9,2,0.284000009298,0.582190445958,0.284000009298,0.582190445958,0.582190445958
reservoir_property_p51_r1-160684d9fc57f78442cb,15/9-F-11,15/9-F-11 B,3586.9,2,0.423999994993,0.623767734424,0.423999994993,0.623767734424,0.623767734424
reservoir_property_p51_r1-36ff5195f0177f7566d5,15/9-F-11,15/9-F-11 B,3588.9,2,0.430999994278,0.548854633084,0.430999994278,0.548854633084,0.548854633084
reservoir_property_p51_r1-591d4d2eeabf4efb04ac,15/9-F-11,15/9-F-11 B,3590.9,2,0.221000000834,0.414150481174,0.221000000834,0.414150481174,0.414150481174
reservoir_property_p51_r1-6d6aa1dbeebaffadf7a5,15/9-F-11,15/9-F-11 B,3592.9,2,0.230000004172,0.346332804558,0.230000004172,0.346332804558,0.346332804558
reservoir_property_p51_r1-787ce6e4c42f703dfae9,15/9-F-11,15/9-F-11 B,3594.9,2,0.232999995351,0.345132753271,0.232999995351,0.345132753271,0.345132753271
reservoir_property_p51_r1-bf81a78e8e71c07b5297,15/9-F-11,15/9-F-11 B,3596.9,2,0.22499999404,0.384394028307,0.22499999404,0.384394028307,0.384394028307
reservoir_property_p51_r1-cf23b5c39606142bc8af,15/9-F-11,15/9-F-11 B,3598.9,2,0.381999999285,0.513550181538,0.381999999285,0.513550181538,0.513550181538
reservoir_property_p51_r1-a43ffd9ee350025338d2,15/9-F-11,15/9-F-11 B,3600.9,2,0.305999994278,0.585949085448,0.305999994278,0.585949085448,0.585949085448
reservoir_property_p51_r1-0b083cacfc5bf6c9b5fa,15/9-F-11,15/9-F-11 B,3602.9,2,0.33599999547,0.564779160866,0.33599999547,0.564779160866,0.564779160866
reservoir_property_p51_r1-f88371fe144940d96e0b,15/9-F-11,15/9-F-11 B,3604.9,2,0.361000001431,0.533351664444,0.361000001431,0.533351664444,0.533351664444
reservoir_property_p51_r1-cf3880095729b1c977e3,15/9-F-11,15/9-F-11 B,3606.9,2,0.36700001359,0.541785829554,0.36700001359,0.541785829554,0.541785829554
reservoir_property_p51_r1-3dd584bcb770d3a9742c,15/9-F-11,15/9-F-11 B,3608.9,2,0.430999994278,0.602616650141,0.430999994278,0.602616650141,0.602616650141
reservoir_property_p51_r1-a42073d03c4d99e778dd,15/9-F-11,15/9-F-11 B,3610.9,2,0.566999971867,0.678307010583,0.566999971867,0.678307010583,0.678307010583
reservoir_property_p51_r1-bfddcc190f7336e2e1e0,15/9-F-11,15/9-F-11 B,3612.9,2,0.573000013828,0.695287223661,0.573000013828,0.695287223661,0.695287223661
reservoir_property_p51_r1-bc3f53adad1058bc80d4,15/9-F-11,15/9-F-11 B,3614.9,2,0.134000003338,0.521219562646,0.134000003338,0.521219562646,0.521219562646
reservoir_property_p51_r1-34ca3ae0449ea83460fd,15/9-F-11,15/9-F-11 B,3616.9,2,0.0939999967813,0.351832112752,0.0939999967813,0.351832112752,0.351832112752
reservoir_property_p51_r1-f1cde8195e606a707382,15/9-F-11,15/9-F-11 B,3618.9,2,0.10000000149,0.195134772872,0.10000000149,0.195134772872,0.195134772872
reservoir_property_p51_r1-94c2b452a583c044c688,15/9-F-11,15/9-F-11 B,3620.9,2,0.097999997437,0.0940428977846,0.097999997437,0.0940428977846,0.0940428977846
reservoir_property_p51_r1-cdfc1c957124413f0e9c,15/9-F-11,15/9-F-11 B,3622.9,2,0.0949999988079,0.126081447964,0.0949999988079,0.126081447964,0.126081447964
reservoir_property_p51_r1-5a92cefbd6d24aefb92d,15/9-F-11,15/9-F-11 B,3624.9,2,0.151999995112,0.446118029672,0.151999995112,0.446118029672,0.446118029672
reservoir_property_p51_r1-8dd638d1ac17a35b4485,15/9-F-11,15/9-F-11 B,3626.9,2,0.358999997377,0.695377948989,0.358999997377,0.695377948989,0.695377948989
reservoir_property_p51_r1-9500abdf619fe6171fd9,15/9-F-11,15/9-F-11 B,3628.9,2,0.178000003099,0.694903644374,0.178000003099,0.694903644374,0.694903644374
reservoir_property_p51_r1-f9310a8902fb514e250f,15/9-F-11,15/9-F-11 B,3630.9,2,0.444000005722,0.693550988454,0.444000005722,0.693550988454,0.693550988454
reservoir_property_p51_r1-216e3018bf0bb152050b,15/9-F-11,15/9-F-11 B,3632.9,2,0.658999979496,0.6828273538,0.658999979496,0.6828273538,0.6828273538
reservoir_property_p51_r1-2e272de25bbcfe62b162,15/9-F-11,15/9-F-11 B,3634.9,2,0.363999992609,0.593203101432,0.363999992609,0.593203101432,0.593203101432
reservoir_property_p51_r1-9373ac0a3c39fa99fe65,15/9-F-11,15/9-F-11 B,3636.9,2,0.513000011444,0.583663060088,0.513000011444,0.583663060088,0.583663060088
reservoir_property_p51_r1-e20e4e861303d327b81e,15/9-F-11,15/9-F-11 B,3638.9,2,0.379999995232,0.588860123387,0.379999995232,0.588860123387,0.588860123387
reservoir_property_p51_r1-7e447b89085f310f5d6c,15/9-F-11,15/9-F-11 B,3640.9,2,0.226999998093,0.533048572715,0.226999998093,0.533048572715,0.533048572715
reservoir_property_p51_r1-9ad652d67a6697e49d01,15/9-F-11,15/9-F-11 B,3642.9,2,0.256999999285,0.49917775779,0.256999999285,0.49917775779,0.49917775779
reservoir_property_p51_r1-8c2d621e2e768551458b,15/9-F-11,15/9-F-11 B,3644.9,2,0.194000005722,0.513695261009,0.194000005722,0.513695261009,0.513695261009
reservoir_property_p51_r1-ac36fb653b2657da7fa5,15/9-F-11,15/9-F-11 B,3646.9,2,0.187000006437,0.516245096549,0.187000006437,0.516245096549,0.516245096549
reservoir_property_p51_r1-74458b4cf7de675a5b27,15/9-F-11,15/9-F-11 B,3648.9,2,0.21400000155,0.527366453684,0.21400000155,0.527366453684,0.527366453684
reservoir_property_p51_r1-e4c2959754626ed15722,15/9-F-11,15/9-F-11 B,3650.9,2,0.277000010014,0.562515207213,0.277000010014,0.562515207213,0.562515207213
reservoir_property_p51_r1-04013f55c26da80cec29,15/9-F-11,15/9-F-11 B,3652.9,2,0.33599999547,0.543584484573,0.33599999547,0.543584484573,0.543584484573
reservoir_property_p51_r1-4b54aee4131376b32d32,15/9-F-11,15/9-F-11 B,3654.9,2,0.323000013828,0.524056746806,0.323000013828,0.524056746806,0.524056746806
reservoir_property_p51_r1-789d0f09b28a02318e19,15/9-F-11,15/9-F-11 B,3656.9,2,0.395000010729,0.553481167421,0.395000010729,0.553481167421,0.553481167421
reservoir_property_p51_r1-ecc92d5a88083a11eeaa,15/9-F-11,15/9-F-11 B,3658.9,2,0.430999994278,0.505988742919,0.430999994278,0.505988742919,0.505988742919
reservoir_property_p51_r1-e966b58ad21bae928fa0,15/9-F-11,15/9-F-11 B,3660.9,2,0.416999995708,0.418247888848,0.416999995708,0.418247888848,0.418247888848
reservoir_property_p51_r1-97de7605d675e6ebc361,15/9-F-11,15/9-F-11 B,3662.9,2,0.404000014067,0.374733999476,0.404000014067,0.374733999476,0.374733999476
reservoir_property_p51_r1-1f5f6af6dcc465525caf,15/9-F-11,15/9-F-11 B,3664.9,2,0.303000003099,0.352836401714,0.303000003099,0.352836401714,0.352836401714
reservoir_property_p51_r1-6506c671b715a318a48b,15/9-F-11,15/9-F-11 B,3666.9,2,0.138999998569,0.157546717264,0.138999998569,0.157546717264,0.157546717264
reservoir_property_p51_r1-b5b9dd3fac58c9339e4c,15/9-F-11,15/9-F-11 B,3668.9,2,0.101999998093,-0.0683914593873,0.101999998093,-0.0683914593873,0
reservoir_property_p51_r1-5ce2cf3af4d3f3787cfa,15/9-F-11,15/9-F-11 B,3670.9,2,0.0890000015497,0.0830431367264,0.0890000015497,0.0830431367264,0.0830431367264
reservoir_property_p51_r1-a6872bba7fcb3134457d,15/9-F-11,15/9-F-11 B,3672.9,2,0.0930000022054,0.270839785676,0.0930000022054,0.270839785676,0.270839785676
reservoir_property_p51_r1-c2db6c21dd4028022a5e,15/9-F-11,15/9-F-11 B,3674.9,2,0.104000002146,0.258739486124,0.104000002146,0.258739486124,0.258739486124
reservoir_property_p51_r1-8b7d6b9f0fffdb434e8d,15/9-F-11,15/9-F-11 B,3676.9,2,0.097999997437,0.237549209179,0.097999997437,0.237549209179,0.237549209179
reservoir_property_p51_r1-c6c0c33dd8ea9c095f84,15/9-F-11,15/9-F-11 B,3678.9,2,0.097999997437,0.237058170931,0.097999997437,0.237058170931,0.237058170931
reservoir_property_p51_r1-945df4661d5309c0c4a4,15/9-F-11,15/9-F-11 B,3680.9,2,0.0989999994636,0.246350312248,0.0989999994636,0.246350312248,0.246350312248
reservoir_property_p51_r1-efef4e7bfca9dad1f3bd,15/9-F-11,15/9-F-11 B,3682.9,2,0.10000000149,0.250666605967,0.10000000149,0.250666605967,0.250666605967
reservoir_property_p51_r1-f110733904fa60120f28,15/9-F-11,15/9-F-11 B,3684.9,2,0.0949999988079,0.236138291849,0.0949999988079,0.236138291849,0.236138291849
reservoir_property_p51_r1-73865a1fe8d258150300,15/9-F-11,15/9-F-11 B,3686.9,2,0.0989999994636,0.258639242257,0.0989999994636,0.258639242257,0.258639242257
reservoir_property_p51_r1-e63d5b14679059d43067,15/9-F-11,15/9-F-11 B,3688.9,2,0.097000002861,0.266330476988,0.097000002861,0.266330476988,0.266330476988
reservoir_property_p51_r1-f92ab60fd18cb21cc8d3,15/9-F-11,15/9-F-11 B,3690.9,2,0.10000000149,0.242433098269,0.10000000149,0.242433098269,0.242433098269
reservoir_property_p51_r1-271e67c15b593ce8cbc2,15/9-F-11,15/9-F-11 B,3692.9,2,0.097999997437,0.256630009528,0.097999997437,0.256630009528,0.256630009528
reservoir_property_p51_r1-381b0f756e1727f5dee7,15/9-F-11,15/9-F-11 B,3694.9,2,0.10000000149,0.257836811348,0.10000000149,0.257836811348,0.257836811348
reservoir_property_p51_r1-8d38302e0aa39ea9502e,15/9-F-11,15/9-F-11 B,3696.9,2,0.10000000149,0.256842345908,0.10000000149,0.256842345908,0.256842345908
reservoir_property_p51_r1-7220f6c6b2d6255f807d,15/9-F-11,15/9-F-11 B,3698.9,2,0.097999997437,0.243419290353,0.097999997437,0.243419290353,0.243419290353
reservoir_property_p51_r1-d15bff6c6879eeedc94e,15/9-F-11,15/9-F-11 B,3700.9,2,0.101999998093,0.242329628731,0.101999998093,0.242329628731,0.242329628731
reservoir_property_p51_r1-bc599d2b5e52f02d582e,15/9-F-11,15/9-F-11 B,3702.9,2,0.0989999994636,0.253389937553,0.0989999994636,0.253389937553,0.253389937553
reservoir_property_p51_r1-0abbdf9adb7fbcb640a4,15/9-F-11,15/9-F-11 B,3704.9,2,0.10000000149,0.252928518251,0.10000000149,0.252928518251,0.252928518251
reservoir_property_p51_r1-8d2f46ed8dc0ef9c913e,15/9-F-11,15/9-F-11 B,3706.9,2,0.104000002146,0.258884555398,0.104000002146,0.258884555398,0.258884555398
reservoir_property_p51_r1-91fb1724fe6d44223c0f,15/9-F-11,15/9-F-11 B,3708.9,2,0.10000000149,0.254468617689,0.10000000149,0.254468617689,0.254468617689
reservoir_property_p51_r1-ec8fe64ab8359c21938f,15/9-F-11,15/9-F-11 B,3710.9,2,0.10000000149,0.251397322386,0.10000000149,0.251397322386,0.251397322386
reservoir_property_p51_r1-171a7d4e74c501520999,15/9-F-11,15/9-F-11 B,3712.9,2,0.104999996722,0.261967267767,0.104999996722,0.261967267767,0.261967267767
reservoir_property_p51_r1-bc2d22ebb44e6669d020,15/9-F-11,15/9-F-11 B,3714.9,2,0.108999997377,0.26214526356,0.108999997377,0.26214526356,0.26214526356
reservoir_property_p51_r1-5bab06a152b0a9d5b8de,15/9-F-11,15/9-F-11 B,3716.9,2,0.0989999994636,0.243548504967,0.0989999994636,0.243548504967,0.243548504967
reservoir_property_p51_r1-880e4d2f9de982458070,15/9-F-11,15/9-F-11 B,3718.9,2,0.097999997437,0.237954833939,0.097999997437,0.237954833939,0.237954833939
reservoir_property_p51_r1-e5d24bebcde6bb4a401e,15/9-F-11,15/9-F-11 B,3720.9,2,0.10000000149,0.246464030849,0.10000000149,0.246464030849,0.246464030849
reservoir_property_p51_r1-bae5adbd367892a474dd,15/9-F-11,15/9-F-11 B,3722.9,2,0.104000002146,0.263579546115,0.104000002146,0.263579546115,0.263579546115
reservoir_property_p51_r1-b64a11ce30e657638ae0,15/9-F-11,15/9-F-11 B,3724.9,2,0.104999996722,0.268249719368,0.104999996722,0.268249719368,0.268249719368
reservoir_property_p51_r1-195b0e50ee1f67cd1966,15/9-F-11,15/9-F-11 B,3726.9,2,0.101000003517,0.255024388194,0.101000003517,0.255024388194,0.255024388194
reservoir_property_p51_r1-b9d0bf549e8ac9278668,15/9-F-11,15/9-F-11 B,3728.9,2,0.101999998093,0.251523680909,0.101999998093,0.251523680909,0.251523680909
reservoir_property_p51_r1-5e4ca4c4b49c06f05522,15/9-F-11,15/9-F-11 B,3730.9,2,0.101999998093,0.253090052201,0.101999998093,0.253090052201,0.253090052201
reservoir_property_p51_r1-045a0df01fff4a2f0edf,15/9-F-11,15/9-F-11 B,3732.9,2,0.101999998093,0.260909323675,0.101999998093,0.260909323675,0.260909323675
reservoir_property_p51_r1-ca3f2fede876be127263,15/9-F-11,15/9-F-11 B,3734.9,2,0.101999998093,0.263624722823,0.101999998093,0.263624722823,0.263624722823
reservoir_property_p51_r1-02b5c582b0b4c57287da,15/9-F-11,15/9-F-11 B,3736.9,2,0.103000000119,0.262937777901,0.103000000119,0.262937777901,0.262937777901
reservoir_property_p51_r1-75c074ed5ac36bed1f91,15/9-F-11,15/9-F-11 B,3738.9,2,0.105999998748,0.270486114688,0.105999998748,0.270486114688,0.270486114688
reservoir_property_p51_r1-96a6b40c245f124eb6a0,15/9-F-11,15/9-F-11 B,3740.9,2,0.104999996722,0.264276420056,0.104999996722,0.264276420056,0.264276420056
reservoir_property_p51_r1-c601a8c637b0d00f0ad6,15/9-F-11,15/9-F-11 B,3742.9,2,0.101999998093,0.259978136826,0.101999998093,0.259978136826,0.259978136826
reservoir_property_p51_r1-537057ea14674f831085,15/9-F-11,15/9-F-11 B,3744.9,2,0.101000003517,0.262761898676,0.101000003517,0.262761898676,0.262761898676
reservoir_property_p51_r1-e56a573ae2bee60fa018,15/9-F-11,15/9-F-11 B,3746.9,2,0.101000003517,0.263200416755,0.101000003517,0.263200416755,0.263200416755
reservoir_property_p51_r1-ab8a3f317c9774c55324,15/9-F-11,15/9-F-11 B,3748.9,2,0.101000003517,0.265489296641,0.101000003517,0.265489296641,0.265489296641
reservoir_property_p51_r1-7bd923963c33925493b2,15/9-F-11,15/9-F-11 B,3750.9,2,0.101000003517,0.267625805675,0.101000003517,0.267625805675,0.267625805675
reservoir_property_p51_r1-f17660a0eb104eba7fcc,15/9-F-11,15/9-F-11 B,3752.9,2,0.101999998093,0.259786350357,0.101999998093,0.259786350357,0.259786350357
reservoir_property_p51_r1-50cf30df4fd979416436,15/9-F-11,15/9-F-11 B,3754.9,2,0.097999997437,0.258979389742,0.097999997437,0.258979389742,0.258979389742
reservoir_property_p51_r1-5bdf6b033bcc279276fa,15/9-F-11,15/9-F-11 B,3756.9,2,0.101000003517,0.273232373785,0.101000003517,0.273232373785,0.273232373785
reservoir_property_p51_r1-36bdce621e51bea1f4cb,15/9-F-11,15/9-F-11 B,3758.9,2,0.103000000119,0.282298700518,0.103000000119,0.282298700518,0.282298700518
reservoir_property_p51_r1-e67ec8e9cf34042f29bd,15/9-F-11,15/9-F-11 B,3760.9,2,0.0989999994636,0.281970026777,0.0989999994636,0.281970026777,0.281970026777
reservoir_property_p51_r1-6027e933216924007cca,15/9-F-11,15/9-F-11 B,3762.9,2,0.097999997437,0.29260353896,0.097999997437,0.29260353896,0.29260353896
reservoir_property_p51_r1-cadabb091b1399588e32,15/9-F-11,15/9-F-11 B,3764.9,2,0.0989999994636,0.293326960093,0.0989999994636,0.293326960093,0.293326960093
reservoir_property_p51_r1-f4fe23fcd2ea0aa35c2f,15/9-F-11,15/9-F-11 B,3766.9,2,0.0989999994636,0.272806683741,0.0989999994636,0.272806683741,0.272806683741
reservoir_property_p51_r1-9e2f7455d5c2d929f75d,15/9-F-11,15/9-F-11 B,3768.9,2,0.0949999988079,0.261462347211,0.0949999988079,0.261462347211,0.261462347211
reservoir_property_p51_r1-e3d3481a537d6783657e,15/9-F-11,15/9-F-11 B,3770.9,2,0.10000000149,0.269607317934,0.10000000149,0.269607317934,0.269607317934
reservoir_property_p51_r1-ab16de29693c4cb2ac96,15/9-F-11,15/9-F-11 B,3772.9,2,0.097000002861,0.264674424504,0.097000002861,0.264674424504,0.264674424504
reservoir_property_p51_r1-828809cec7435009c12d,15/9-F-11,15/9-F-11 B,3774.9,2,0.0960000008345,0.257552118995,0.0960000008345,0.257552118995,0.257552118995
reservoir_property_p51_r1-e811bbec3a14b0bfc77d,15/9-F-11,15/9-F-11 B,3776.9,2,0.0930000022054,0.268457696773,0.0930000022054,0.268457696773,0.268457696773
reservoir_property_p51_r1-c1c7d3a72c1b6e621c1b,15/9-F-11,15/9-F-11 B,3778.9,2,0.0949999988079,0.265936431512,0.0949999988079,0.265936431512,0.265936431512
reservoir_property_p51_r1-5a6a0b4ca4667826e5f9,15/9-F-11,15/9-F-11 B,3780.9,2,0.0949999988079,0.274909892949,0.0949999988079,0.274909892949,0.274909892949
reservoir_property_p51_r1-767562c90de7e38381bf,15/9-F-11,15/9-F-11 B,3782.9,2,0.101000003517,0.276988402812,0.101000003517,0.276988402812,0.276988402812
reservoir_property_p51_r1-61e3c5ea09f957872afb,15/9-F-11,15/9-F-11 B,3784.9,2,0.0949999988079,0.269462266369,0.0949999988079,0.269462266369,0.269462266369
reservoir_property_p51_r1-9a783e3fde840042fa6b,15/9-F-11,15/9-F-11 B,3786.9,2,0.0949999988079,0.23098491434,0.0949999988079,0.23098491434,0.23098491434
reservoir_property_p51_r1-e077b60d9cf398445aeb,15/9-F-11,15/9-F-11 B,3788.9,2,0.097999997437,0.238915908559,0.097999997437,0.238915908559,0.238915908559
reservoir_property_p51_r1-5e8c73de3d7ed283b9b5,15/9-F-11,15/9-F-11 B,3790.9,2,0.107000000775,0.287002204788,0.107000000775,0.287002204788,0.287002204788
reservoir_property_p51_r1-a46d64b04f67e82d59a3,15/9-F-11,15/9-F-11 B,3792.9,2,0.10000000149,0.287723481005,0.10000000149,0.287723481005,0.287723481005
reservoir_property_p51_r1-a98d9f11fafc53b802ad,15/9-F-11,15/9-F-11 B,3794.9,2,0.101000003517,0.279268167481,0.101000003517,0.279268167481,0.279268167481
reservoir_property_p51_r1-a7a3b586861836d8633f,15/9-F-11,15/9-F-11 B,3796.9,2,0.097000002861,0.274732953423,0.097000002861,0.274732953423,0.274732953423
reservoir_property_p51_r1-ad194c77535fa047cb14,15/9-F-11,15/9-F-11 B,3798.9,2,0.101000003517,0.284811168236,0.101000003517,0.284811168236,0.284811168236
reservoir_property_p51_r1-70588638c87fb9160b6a,15/9-F-11,15/9-F-11 B,3800.9,2,0.111000001431,0.294992293125,0.111000001431,0.294992293125,0.294992293125
reservoir_property_p51_r1-044510e302bdca638e78,15/9-F-11,15/9-F-11 B,3802.9,2,0.107000000775,0.310086881767,0.107000000775,0.310086881767,0.310086881767
reservoir_property_p51_r1-e1fbcccc9dccfb2daa5a,15/9-F-11,15/9-F-11 B,3804.9,2,0.105999998748,0.303646637366,0.105999998748,0.303646637366,0.303646637366
reservoir_property_p51_r1-f3e0a27622ba3dfdaf0f,15/9-F-11,15/9-F-11 B,3806.9,2,0.115999996662,0.310364176981,0.115999996662,0.310364176981,0.310364176981
reservoir_property_p51_r1-cc4b5ae09f2c4274ed60,15/9-F-11,15/9-F-11 B,3808.9,2,0.129999995232,0.722784110658,0.129999995232,0.722784110658,0.722784110658
reservoir_property_p51_r1-33e53e0fb0c69d1235b7,15/9-F-11,15/9-F-11 B,3810.9,2,1,1.07210328721,1,1.07210328721,1
reservoir_property_p51_r1-2387a67ae5b13e2d1c08,15/9-F-11,15/9-F-11 B,3812.9,2,0.995000004768,1.03160668258,0.995000004768,1.03160668258,1
reservoir_property_p51_r1-5bcab8b76570ce33db00,15/9-F-11,15/9-F-11 B,3814.9,2,1,1.09297142068,1,1.09297142068,1
reservoir_property_p51_r1-9bdebc543233b4a6b451,15/9-F-11,15/9-F-11 B,3816.9,2,1,1.20984368903,1,1.20984368903,1
reservoir_property_p51_r1-15e22134904d9966fc50,15/9-F-11,15/9-F-11 B,3818.9,2,1,1.21423549475,1,1.21423549475,1
reservoir_property_p51_r1-34bda776a6f7e3dc1815,15/9-F-11,15/9-F-11 B,3820.9,2,1,1.20774477136,1,1.20774477136,1
reservoir_property_p51_r1-7b122be8e5ebb334acb2,15/9-F-11,15/9-F-11 B,3822.9,2,1,1.18633598577,1,1.18633598577,1
reservoir_property_p51_r1-971d52c6ca8db016ef64,15/9-F-11,15/9-F-11 B,3824.9,2,1,1.11863140411,1,1.11863140411,1
reservoir_property_p51_r1-5ea97879af14be25c52b,15/9-F-11,15/9-F-11 B,3826.9,2,1,1.10788566673,1,1.10788566673,1
reservoir_property_p51_r1-df5ff55f94be4071a2e9,15/9-F-11,15/9-F-11 B,3828.9,2,1,1.13028479886,1,1.13028479886,1
reservoir_property_p51_r1-3fa67ba35c8bf3b7d15b,15/9-F-11,15/9-F-11 B,3830.9,2,1,1.13800613946,1,1.13800613946,1
reservoir_property_p51_r1-3ff3dcdc79303dd741b9,15/9-F-11,15/9-F-11 B,3832.9,2,1,1.13950365215,1,1.13950365215,1
reservoir_property_p51_r1-25bc2d7f5c8340ec9cd6,15/9-F-11,15/9-F-11 B,3834.9,2,1,1.15570332547,1,1.15570332547,1
reservoir_property_p51_r1-ccbaf0ae124bdce9483e,15/9-F-11,15/9-F-11 B,3836.9,2,1,1.13486924007,1,1.13486924007,1
reservoir_property_p51_r1-ff972f92bf243f0a5b1b,15/9-F-11,15/9-F-11 B,3838.9,2,1,1.09955705563,1,1.09955705563,1
reservoir_property_p51_r1-4f60db54049ba1a0840e,15/9-F-11,15/9-F-11 B,3840.9,2,1,1.06646300065,1,1.06646300065,1
reservoir_property_p51_r1-1cac6d6d52eb3ea41bf6,15/9-F-11,15/9-F-11 B,3842.9,2,1,1.01789605506,1,1.01789605506,1
reservoir_property_p51_r1-93d2a5fd276de00e61e3,15/9-F-11,15/9-F-11 B,3844.9,2,1,0.970881711565,1,0.970881711565,0.970881711565
reservoir_property_p51_r1-800556a987b7f4d37a16,15/9-F-11,15/9-F-11 B,3846.9,2,1,0.97149116541,1,0.97149116541,0.97149116541
reservoir_property_p51_r1-481678368314ef856da1,15/9-F-11,15/9-F-11 B,3848.9,2,1,1.04008933924,1,1.04008933924,1
reservoir_property_p51_r1-626a7647e0e9927924e4,15/9-F-11,15/9-F-11 B,3850.9,2,1,1.09537095587,1,1.09537095587,1
reservoir_property_p51_r1-cf8be0a77d4996bc68e8,15/9-F-11,15/9-F-11 B,3852.9,2,1,0.980704129868,1,0.980704129868,0.980704129868
reservoir_property_p51_r1-47c657ef21e23d182011,15/9-F-11,15/9-F-11 B,3854.9,2,1,0.874338863162,1,0.874338863162,0.874338863162
reservoir_property_p51_r1-6c083518bf5a3023e1df,15/9-F-11,15/9-F-11 B,3856.9,2,1,0.846403122162,1,0.846403122162,0.846403122162
reservoir_property_p51_r1-8ac8303e44d866f75a2c,15/9-F-11,15/9-F-11 B,3858.9,2,1,0.796083101305,1,0.796083101305,0.796083101305
reservoir_property_p51_r1-bc67f8375daf9dcac880,15/9-F-11,15/9-F-11 B,3860.9,2,0.939999997616,0.769962724976,0.939999997616,0.769962724976,0.769962724976
reservoir_property_p51_r1-f97c8a7f72662dbf0d77,15/9-F-11,15/9-F-11 B,3862.9,2,0.351000010967,0.760043181091,0.351000010967,0.760043181091,0.760043181091
reservoir_property_p51_r1-088c1cc252632e8b2a15,15/9-F-11,15/9-F-11 B,3864.9,2,0.360000014305,0.708796887491,0.360000014305,0.708796887491,0.708796887491
reservoir_property_p51_r1-7d6d4ae8fa1ad752d49f,15/9-F-11,15/9-F-11 B,3866.9,2,0.229000002146,0.656382330414,0.229000002146,0.656382330414,0.656382330414
reservoir_property_p51_r1-07b8d76a0b15972fc0de,15/9-F-11,15/9-F-11 B,3868.9,2,0.582000017166,0.717051823621,0.582000017166,0.717051823621,0.717051823621
reservoir_property_p51_r1-2b3b7dbc18476da3146f,15/9-F-11,15/9-F-11 B,3870.9,2,1,0.807127085144,1,0.807127085144,0.807127085144
reservoir_property_p51_r1-0b3fe1457a1f257ec316,15/9-F-11,15/9-F-11 B,3872.9,2,1,0.816026639781,1,0.816026639781,0.816026639781
reservoir_property_p51_r1-7090c1f99a9e635e0353,15/9-F-11,15/9-F-11 B,3874.9,2,1,0.809508045013,1,0.809508045013,0.809508045013
reservoir_property_p51_r1-b29aec4051acefa5b07b,15/9-F-11,15/9-F-11 B,3876.9,2,1,0.824885200493,1,0.824885200493,0.824885200493
reservoir_property_p51_r1-7e87db5c93563b887cdd,15/9-F-11,15/9-F-11 B,3878.9,2,1,0.858934324712,1,0.858934324712,0.858934324712
reservoir_property_p51_r1-e46dd0296c8092ab586d,15/9-F-11,15/9-F-11 B,3880.9,2,1,0.880308271491,1,0.880308271491,0.880308271491
reservoir_property_p51_r1-945a0a0fcf89e52ab467,15/9-F-11,15/9-F-11 B,3882.9,2,1,0.836966328526,1,0.836966328526,0.836966328526
reservoir_property_p51_r1-b6d45b38b144dfff465d,15/9-F-11,15/9-F-11 B,3884.9,2,1,0.733234779839,1,0.733234779839,0.733234779839
reservoir_property_p51_r1-8a79bcccb694b3b94292,15/9-F-11,15/9-F-11 B,3886.9,2,0.861999988556,0.734325328447,0.861999988556,0.734325328447,0.734325328447
reservoir_property_p51_r1-8848fa4fc09c4eb72d59,15/9-F-11,15/9-F-11 B,3888.9,2,1,0.810420353723,1,0.810420353723,0.810420353723
reservoir_property_p51_r1-2cf9e23b247e66fa7d9f,15/9-F-11,15/9-F-11 B,3890.9,2,1,0.892060150302,1,0.892060150302,0.892060150302
reservoir_property_p51_r1-78b4eea81b4a2348eb56,15/9-F-11,15/9-F-11 B,3892.9,2,1,0.863100993935,1,0.863100993935,0.863100993935
reservoir_property_p51_r1-2a06d2916fd5811458f4,15/9-F-11,15/9-F-11 B,3894.9,2,0.233999997377,0.699020090385,0.233999997377,0.699020090385,0.699020090385
reservoir_property_p51_r1-0b82380c371c50d3bf4d,15/9-F-11,15/9-F-11 B,3896.9,2,0.125,0.548273037119,0.125,0.548273037119,0.548273037119
reservoir_property_p51_r1-ec4b52442c8106744ade,15/9-F-11,15/9-F-11 B,3898.9,2,0.109999999404,0.344116316388,0.109999999404,0.344116316388,0.344116316388
reservoir_property_p51_r1-bc5ce6b2362aad4065dd,15/9-F-11,15/9-F-11 B,3900.9,2,0.0799999982119,0.236897185982,0.0799999982119,0.236897185982,0.236897185982
reservoir_property_p51_r1-287f9a7d59a5902d1d9e,15/9-F-11,15/9-F-11 B,3902.9,2,0.0799999982119,0.322256915978,0.0799999982119,0.322256915978,0.322256915978
reservoir_property_p51_r1-8041985dbfc49300bf05,15/9-F-11,15/9-F-11 B,3904.9,2,0.054999999702,0.336292392287,0.054999999702,0.336292392287,0.336292392287
reservoir_property_p51_r1-01ce64b172893d2426fa,15/9-F-11,15/9-F-11 B,3906.9,2,0.082999996841,0.321302750088,0.082999996841,0.321302750088,0.321302750088
reservoir_property_p51_r1-79659bf59964a4bb175d,15/9-F-11,15/9-F-11 B,3908.9,2,0.112000003457,0.305929764135,0.112000003457,0.305929764135,0.305929764135
reservoir_property_p51_r1-a66988e5fb119af9717d,15/9-F-11,15/9-F-11 B,3910.9,2,0.112999998033,0.282772563291,0.112999998033,0.282772563291,0.282772563291
reservoir_property_p51_r1-97702da8d77d16051ee7,15/9-F-11,15/9-F-11 B,3912.9,2,0.104999996722,0.271989537045,0.104999996722,0.271989537045,0.271989537045
reservoir_property_p51_r1-3ea37aaac9c9276ae19b,15/9-F-11,15/9-F-11 B,3914.9,2,0.103000000119,0.267685406542,0.103000000119,0.267685406542,0.267685406542
reservoir_property_p51_r1-1dfec23bdae30e3224d4,15/9-F-11,15/9-F-11 B,3916.9,2,0.097999997437,0.25575200749,0.097999997437,0.25575200749,0.25575200749
reservoir_property_p51_r1-12ecad06955960b19573,15/9-F-11,15/9-F-11 B,3918.9,2,0.103000000119,0.251058987207,0.103000000119,0.251058987207,0.251058987207
reservoir_property_p51_r1-cc05909ecd19c8a2a155,15/9-F-11,15/9-F-11 B,3920.9,2,0.115000002086,0.267007310398,0.115000002086,0.267007310398,0.267007310398
reservoir_property_p51_r1-644657be168def8936dc,15/9-F-11,15/9-F-11 B,3922.9,2,0.109999999404,0.259119044836,0.109999999404,0.259119044836,0.259119044836
reservoir_property_p51_r1-0963e2c264ff3b2205e0,15/9-F-11,15/9-F-11 B,3924.9,2,0.115000002086,0.248553486735,0.115000002086,0.248553486735,0.248553486735
reservoir_property_p51_r1-cddd68a97b6ee2c85eca,15/9-F-11,15/9-F-11 B,3926.9,2,0.116999998689,0.255794862575,0.116999998689,0.255794862575,0.255794862575
reservoir_property_p51_r1-5acf84f7f8f0ada14abc,15/9-F-11,15/9-F-11 B,3928.9,2,0.112999998033,0.254258021851,0.112999998033,0.254258021851,0.254258021851
reservoir_property_p51_r1-b5434759b2201fa74cd1,15/9-F-11,15/9-F-11 B,3930.9,2,0.104999996722,0.258187594055,0.104999996722,0.258187594055,0.258187594055
reservoir_property_p51_r1-14540ced15236f12ea97,15/9-F-11,15/9-F-11 B,3932.9,2,0.11400000006,0.167718221622,0.11400000006,0.167718221622,0.167718221622
reservoir_property_p51_r1-46fc36b11da28b6c2b60,15/9-F-11,15/9-F-11 B,3934.9,2,0.273000001907,0.451850593527,0.273000001907,0.451850593527,0.451850593527
reservoir_property_p51_r1-b240354e0b80d66d31c4,15/9-F-11,15/9-F-11 B,3936.9,2,0.625999987125,0.736963700065,0.625999987125,0.736963700065,0.736963700065
reservoir_property_p51_r1-6a4164e216af24a39724,15/9-F-11,15/9-F-11 B,3938.9,2,0.300999999046,0.63929651528,0.300999999046,0.63929651528,0.63929651528
reservoir_property_p51_r1-be1f0f0abcfa8fe42961,15/9-F-11,15/9-F-11 B,3940.9,2,0.46099999547,0.681071586329,0.46099999547,0.681071586329,0.681071586329
reservoir_property_p51_r1-5878e19810657cee1df6,15/9-F-11,15/9-F-11 B,3942.9,2,0.736999988556,0.826519987171,0.736999988556,0.826519987171,0.826519987171
reservoir_property_p51_r1-55d90e4019617115ec7d,15/9-F-11,15/9-F-11 B,3944.9,2,1,0.924891417999,1,0.924891417999,0.924891417999
reservoir_property_p51_r1-cd7a348ec888c23b0739,15/9-F-11,15/9-F-11 B,3946.9,2,1,0.955560631979,1,0.955560631979,0.955560631979
reservoir_property_p51_r1-063b0743f2b1b497fbf1,15/9-F-11,15/9-F-11 B,3948.9,2,1,0.922411619641,1,0.922411619641,0.922411619641
reservoir_property_p51_r1-420b4cf583bd3ae63b01,15/9-F-11,15/9-F-11 B,3950.9,2,1,0.698679403261,1,0.698679403261,0.698679403261
reservoir_property_p51_r1-7bd4e5a9a124034bc5ea,15/9-F-11,15/9-F-11 B,3952.9,2,0.108000002801,0.400927730031,0.108000002801,0.400927730031,0.400927730031
reservoir_property_p51_r1-21c68acdc97cb9be5321,15/9-F-11,15/9-F-11 B,3954.9,2,0.101000003517,0.284943771396,0.101000003517,0.284943771396,0.284943771396
reservoir_property_p51_r1-231db2873ef352c7cf4c,15/9-F-11,15/9-F-11 B,3956.9,2,0.104999996722,0.27307180265,0.104999996722,0.27307180265,0.27307180265
reservoir_property_p51_r1-9cfce70c825d212dc4b8,15/9-F-11,15/9-F-11 B,3958.9,2,0.112000003457,0.27937442913,0.112000003457,0.27937442913,0.27937442913
reservoir_property_p51_r1-2a2ec2a0d1cea4e31a9c,15/9-F-11,15/9-F-11 B,3960.9,2,0.107000000775,0.279614307048,0.107000000775,0.279614307048,0.279614307048
reservoir_property_p51_r1-129900607fb1b580aac0,15/9-F-11,15/9-F-11 B,3962.9,2,0.107000000775,0.264600908801,0.107000000775,0.264600908801,0.264600908801
reservoir_property_p51_r1-3901a273400c65a5be32,15/9-F-11,15/9-F-11 B,3964.9,2,0.109999999404,0.267606340577,0.109999999404,0.267606340577,0.267606340577
reservoir_property_p51_r1-722a536dfbec86f7cd5e,15/9-F-11,15/9-F-11 B,3966.9,2,0.108000002801,0.288364916446,0.108000002801,0.288364916446,0.288364916446
reservoir_property_p51_r1-f9d4fc8012b7a9df4fbe,15/9-F-11,15/9-F-11 B,3968.9,2,0.111000001431,0.27877366325,0.111000001431,0.27877366325,0.27877366325
reservoir_property_p51_r1-7ddf47d9fd1a04811f5b,15/9-F-11,15/9-F-11 B,3970.9,2,0.115999996662,0.28802798281,0.115999996662,0.28802798281,0.28802798281
reservoir_property_p51_r1-5686c30ac9680a073d11,15/9-F-11,15/9-F-11 B,3972.9,2,0.120999999344,0.303415138246,0.120999999344,0.303415138246,0.303415138246
reservoir_property_p51_r1-73189d122dd24c5b172e,15/9-F-11,15/9-F-11 B,3974.9,2,0.115999996662,0.301824065837,0.115999996662,0.301824065837,0.301824065837
reservoir_property_p51_r1-b98867b239b23a793ae4,15/9-F-11,15/9-F-11 B,3976.9,2,0.115000002086,0.332379999648,0.115000002086,0.332379999648,0.332379999648
reservoir_property_p51_r1-bf1867f66d04e9d0e122,15/9-F-11,15/9-F-11 B,3978.9,2,0.146999999881,0.441386912404,0.146999999881,0.441386912404,0.441386912404
reservoir_property_p51_r1-0b6cbb6c34c844212bad,15/9-F-11,15/9-F-11 B,3980.9,2,0.171000003815,0.499197090158,0.171000003815,0.499197090158,0.499197090158
reservoir_property_p51_r1-1c078d095488e7b41962,15/9-F-11,15/9-F-11 B,3982.9,2,0.148000001907,0.476620782331,0.148000001907,0.476620782331,0.476620782331
reservoir_property_p51_r1-3fd8402d0220a4fd6ff2,15/9-F-11,15/9-F-11 B,3984.9,2,0.148000001907,0.467573970142,0.148000001907,0.467573970142,0.467573970142
reservoir_property_p51_r1-e2a74599662717b919c2,15/9-F-11,15/9-F-11 B,3986.9,2,0.140000000596,0.444255356857,0.140000000596,0.444255356857,0.444255356857
reservoir_property_p51_r1-f15892b251b1b3621d49,15/9-F-11,15/9-F-11 B,3988.9,2,0.133000001311,0.42652629819,0.133000001311,0.42652629819,0.42652629819
reservoir_property_p51_r1-5bc77287a7d1f97e5230,15/9-F-11,15/9-F-11 B,3990.9,2,0.130999997258,0.379125756586,0.130999997258,0.379125756586,0.379125756586
reservoir_property_p51_r1-6c4f8042683c3112401a,15/9-F-11,15/9-F-11 B,3992.9,2,0.109999999404,0.35202799194,0.109999999404,0.35202799194,0.35202799194
reservoir_property_p51_r1-d6f61cea45693ee18f7e,15/9-F-11,15/9-F-11 B,3994.9,2,0.082999996841,0.331350361276,0.082999996841,0.331350361276,0.331350361276
reservoir_property_p51_r1-103377daf7abc224652b,15/9-F-11,15/9-F-11 B,3996.9,2,0.105999998748,0.263532782228,0.105999998748,0.263532782228,0.263532782228
reservoir_property_p51_r1-3f3bf94272081977acf3,15/9-F-11,15/9-F-11 B,3998.9,2,0.126000002027,0.272931700027,0.126000002027,0.272931700027,0.272931700027
reservoir_property_p51_r1-eaf5ec3101fce153b35d,15/9-F-11,15/9-F-11 B,4000.9,2,0.263999998569,0.275931862908,0.263999998569,0.275931862908,0.275931862908
reservoir_property_p51_r1-350133160447aaf5c128,15/9-F-11,15/9-F-11 B,4002.9,2,0.097000002861,0.300697425257,0.097000002861,0.300697425257,0.300697425257
reservoir_property_p51_r1-d619a92db34baefc6d6e,15/9-F-11,15/9-F-11 B,4004.9,2,0.212999999523,0.440047941651,0.212999999523,0.440047941651,0.440047941651
reservoir_property_p51_r1-1a9d818a909787dc038b,15/9-F-11,15/9-F-11 B,4006.9,2,0.537000000477,0.577934722869,0.537000000477,0.577934722869,0.577934722869
reservoir_property_p51_r1-bfd5312370a3afcebf79,15/9-F-11,15/9-F-11 B,4008.9,2,0.190999999642,0.602782003645,0.190999999642,0.602782003645,0.602782003645
reservoir_property_p51_r1-cf5668a87a24a9cacf22,15/9-F-11,15/9-F-11 B,4010.9,2,0.156000003219,0.539695601669,0.156000003219,0.539695601669,0.539695601669
reservoir_property_p51_r1-f08d59ce32161f8f9eff,15/9-F-11,15/9-F-11 B,4012.9,2,0.149000003934,0.507407329154,0.149000003934,0.507407329154,0.507407329154
reservoir_property_p51_r1-bc8bc460e2246b8c1f9c,15/9-F-11,15/9-F-11 B,4014.9,2,0.181999996305,0.514190452406,0.181999996305,0.514190452406,0.514190452406
reservoir_property_p51_r1-b5965a0b3745c6e60fab,15/9-F-11,15/9-F-11 B,4016.9,2,0.165000006557,0.50698059867,0.165000006557,0.50698059867,0.50698059867
reservoir_property_p51_r1-80412192bdb4f5bcc8a8,15/9-F-11,15/9-F-11 B,4018.9,2,0.140000000596,0.450322708844,0.140000000596,0.450322708844,0.450322708844
reservoir_property_p51_r1-a10ab47c2059ce19a72e,15/9-F-11,15/9-F-11 B,4020.9,2,0.142000004649,0.392194876714,0.142000004649,0.392194876714,0.392194876714
reservoir_property_p51_r1-4a2a17bfb3dd44a422f7,15/9-F-11,15/9-F-11 B,4022.9,2,0.112999998033,0.32818011047,0.112999998033,0.32818011047,0.32818011047
reservoir_property_p51_r1-c18d9770c9dc40f7db00,15/9-F-11,15/9-F-11 B,4024.9,2,0.116999998689,0.339181580684,0.116999998689,0.339181580684,0.339181580684
reservoir_property_p51_r1-4600042dcf1eb528a2d3,15/9-F-11,15/9-F-11 B,4026.9,2,0.112000003457,0.509133275499,0.112000003457,0.509133275499,0.509133275499
reservoir_property_p51_r1-ec40dd0f9287ec0773b5,15/9-F-11,15/9-F-11 B,4028.9,2,0.846000015736,0.580141428375,0.846000015736,0.580141428375,0.580141428375
reservoir_property_p51_r1-0c54cc2014c1975af1f3,15/9-F-11,15/9-F-11 B,4030.9,2,0.10000000149,0.448419405505,0.10000000149,0.448419405505,0.448419405505
reservoir_property_p51_r1-f2e6f0f8a7dbb95d52d8,15/9-F-11,15/9-F-11 B,4032.9,2,0.0869999974966,0.326205585756,0.0869999974966,0.326205585756,0.326205585756
reservoir_property_p51_r1-00a4972a49b8361f20a0,15/9-F-11,15/9-F-11 B,4034.9,2,0.116999998689,0.285733268938,0.116999998689,0.285733268938,0.285733268938
reservoir_property_p51_r1-39a745a7c3b677f873ed,15/9-F-11,15/9-F-11 B,4036.9,2,0.128999993205,0.255936513937,0.128999993205,0.255936513937,0.255936513937
reservoir_property_p51_r1-4268ac9cea09589b1e3f,15/9-F-11,15/9-F-11 B,4038.9,2,0.126000002027,0.242338335396,0.126000002027,0.242338335396,0.242338335396
reservoir_property_p51_r1-8e22ede83d5f17594a06,15/9-F-11,15/9-F-11 B,4040.9,2,0.125,0.18817331312,0.125,0.18817331312,0.18817331312
reservoir_property_p51_r1-ea66a1ef35f26060ee05,15/9-F-11,15/9-F-11 B,4042.9,2,0.361000001431,0.396343536335,0.361000001431,0.396343536335,0.396343536335
reservoir_property_p51_r1-ad0df1a33c8308a43a37,15/9-F-11,15/9-F-11 B,4044.9,2,0.175999999046,0.541912505354,0.175999999046,0.541912505354,0.541912505354
reservoir_property_p51_r1-fea83723eca310ac6919,15/9-F-11,15/9-F-11 B,4046.9,2,0.211999997497,0.405447901225,0.211999997497,0.405447901225,0.405447901225
reservoir_property_p51_r1-ad686851b9b9aaa8b8fd,15/9-F-11,15/9-F-11 B,4048.9,2,0.175999999046,0.406651165806,0.175999999046,0.406651165806,0.406651165806
reservoir_property_p51_r1-834c036f9e90ef632088,15/9-F-11,15/9-F-11 B,4050.9,2,0.115999996662,0.419986015111,0.115999996662,0.419986015111,0.419986015111
reservoir_property_p51_r1-a3f3cac77a4ed4f8a3c7,15/9-F-11,15/9-F-11 B,4052.9,2,0.107000000775,0.178830747958,0.107000000775,0.178830747958,0.178830747958
reservoir_property_p51_r1-2e6f42addf722d4e83f3,15/9-F-11,15/9-F-11 B,4054.9,2,0.107000000775,0.130546368307,0.107000000775,0.130546368307,0.130546368307
reservoir_property_p51_r1-7b45973f085b3e33897f,15/9-F-11,15/9-F-11 B,4056.9,2,0.0839999988675,0.303387065648,0.0839999988675,0.303387065648,0.303387065648
reservoir_property_p51_r1-19fc471e15f288982624,15/9-F-11,15/9-F-11 B,4058.9,2,0.423999994993,0.506357665632,0.423999994993,0.506357665632,0.506357665632
reservoir_property_p51_r1-847ce1d787b6102704d1,15/9-F-11,15/9-F-11 B,4060.9,2,0.814999997616,0.748517797918,0.814999997616,0.748517797918,0.748517797918
reservoir_property_p51_r1-c5e422de3f8b9c767206,15/9-F-11,15/9-F-11 B,4062.9,2,0.488000005484,0.500057280083,0.488000005484,0.500057280083,0.500057280083
reservoir_property_p51_r1-a8175ffeb7ac905ef983,15/9-F-11,15/9-F-11 B,4064.9,2,0.178000003099,0.276645929388,0.178000003099,0.276645929388,0.276645929388
reservoir_property_p51_r1-c10fa44a197027818e83,15/9-F-11,15/9-F-11 B,4066.9,2,0.140000000596,0.348940207361,0.140000000596,0.348940207361,0.348940207361
reservoir_property_p51_r1-9d71f55097e1131b28d5,15/9-F-11,15/9-F-11 B,4068.9,2,0.120999999344,0.292866895778,0.120999999344,0.292866895778,0.292866895778
reservoir_property_p51_r1-a8c550f8318d16a3daf4,15/9-F-11,15/9-F-11 B,4070.9,2,0.119999997318,0.269642675159,0.119999997318,0.269642675159,0.269642675159
reservoir_property_p51_r1-3740507b6a71df17ce0d,15/9-F-11,15/9-F-11 B,4072.9,2,0.122000001371,0.274689568921,0.122000001371,0.274689568921,0.274689568921
reservoir_property_p51_r1-5c2fdaa5fcefea10392f,15/9-F-11,15/9-F-11 B,4074.9,2,0.130999997258,0.305036083605,0.130999997258,0.305036083605,0.305036083605
reservoir_property_p51_r1-01f15f9bb9b1a3ed192a,15/9-F-11,15/9-F-11 B,4076.9,2,0.462999999523,0.534150644872,0.462999999523,0.534150644872,0.534150644872
reservoir_property_p51_r1-023ebcf3aa9dbde82c84,15/9-F-11,15/9-F-11 B,4078.9,2,0.605000019073,0.679970615661,0.605000019073,0.679970615661,0.679970615661
reservoir_property_p51_r1-718e11b11684e1673538,15/9-F-11,15/9-F-11 B,4080.9,2,0.572000026703,0.667681407064,0.572000026703,0.667681407064,0.667681407064
reservoir_property_p51_r1-628e122c3c815a232296,15/9-F-11,15/9-F-11 B,4082.9,2,0.524999976158,0.473071243138,0.524999976158,0.473071243138,0.473071243138
reservoir_property_p51_r1-060c103c5c26cd2095aa,15/9-F-11,15/9-F-11 B,4084.9,2,0.486000001431,0.278303218794,0.486000001431,0.278303218794,0.278303218794
reservoir_property_p51_r1-8221528baa1ad56f3d71,15/9-F-11,15/9-F-11 B,4086.9,2,0.634999990463,0.267410043307,0.634999990463,0.267410043307,0.267410043307
reservoir_property_p51_r1-a98a240555aa5c5947dc,15/9-F-11,15/9-F-11 B,4088.9,2,0.284999996424,0.127549385665,0.284999996424,0.127549385665,0.127549385665
reservoir_property_p51_r1-dd0b88a63ef3160fb71f,15/9-F-11,15/9-F-11 B,4090.9,2,0.16099999845,0.200151942578,0.16099999845,0.200151942578,0.200151942578
reservoir_property_p51_r1-5ff8717e0fc5379c5d0f,15/9-F-11,15/9-F-11 B,4092.9,2,0.314999997616,0.470618709075,0.314999997616,0.470618709075,0.470618709075
reservoir_property_p51_r1-e158b83d8c77964d0fe7,15/9-F-11,15/9-F-11 B,4094.9,2,0.261999994516,0.578365036582,0.261999994516,0.578365036582,0.578365036582
reservoir_property_p51_r1-6b12bd46d6e6357564cf,15/9-F-11,15/9-F-11 B,4096.9,2,0.268999993801,0.635448697826,0.268999993801,0.635448697826,0.635448697826
reservoir_property_p51_r1-9d23dc62522ec5d28dae,15/9-F-11,15/9-F-11 B,4098.9,2,0.753000020981,0.723303074717,0.753000020981,0.723303074717,0.723303074717
reservoir_property_p51_r1-69b8fcf8d7183ee4a478,15/9-F-11,15/9-F-11 B,4100.9,2,0.643999993801,0.717683424109,0.643999993801,0.717683424109,0.717683424109
reservoir_property_p51_r1-f312bc8f73429a0a30f6,15/9-F-11,15/9-F-11 B,4102.9,2,0.580999970436,0.743665097857,0.580999970436,0.743665097857,0.743665097857
reservoir_property_p51_r1-c21f3b1866e23aa01510,15/9-F-11,15/9-F-11 B,4104.9,2,1,0.869123599716,1,0.869123599716,0.869123599716
reservoir_property_p51_r1-d9f76c346095fb05f5a4,15/9-F-11,15/9-F-11 B,4106.9,2,1,0.850870382361,1,0.850870382361,0.850870382361
reservoir_property_p51_r1-2f3fa235db04751545b2,15/9-F-11,15/9-F-11 B,4108.9,2,0.172000005841,0.489276468605,0.172000005841,0.489276468605,0.489276468605
reservoir_property_p51_r1-3a11daf810800f737cee,15/9-F-11,15/9-F-11 B,4110.9,2,0.097000002861,0.280041314591,0.097000002861,0.280041314591,0.280041314591
reservoir_property_p51_r1-b9aa2d943e81066721f3,15/9-F-11,15/9-F-11 B,4112.9,2,0.115000002086,0.342565011343,0.115000002086,0.342565011343,0.342565011343
reservoir_property_p51_r1-e3f9056f235f478ff385,15/9-F-11,15/9-F-11 B,4114.9,2,0.15000000596,0.380281461278,0.15000000596,0.380281461278,0.380281461278
reservoir_property_p51_r1-730e31cde2ae928d4245,15/9-F-11,15/9-F-11 B,4116.9,2,0.280000001192,0.390718983185,0.280000001192,0.390718983185,0.390718983185
reservoir_property_p51_r1-7f107a0a214c7d8b2a3a,15/9-F-11,15/9-F-11 B,4118.9,2,0.352999985218,0.361968570917,0.352999985218,0.361968570917,0.361968570917
reservoir_property_p51_r1-03d4a863e350517a6942,15/9-F-11,15/9-F-11 B,4120.9,2,0.391000002623,0.353760133774,0.391000002623,0.353760133774,0.353760133774
reservoir_property_p51_r1-4117ae0171cc8baf4a07,15/9-F-11,15/9-F-11 B,4122.9,2,0.381999999285,0.396272398142,0.381999999285,0.396272398142,0.396272398142
reservoir_property_p51_r1-2659a88c9907b6650219,15/9-F-11,15/9-F-11 B,4124.9,2,0.300999999046,0.382896149853,0.300999999046,0.382896149853,0.382896149853
reservoir_property_p51_r1-83db7934ba30b88ad7fd,15/9-F-11,15/9-F-11 B,4126.9,2,0.448000013828,0.323988831739,0.448000013828,0.323988831739,0.323988831739
reservoir_property_p51_r1-353636eb86bcbb2f0032,15/9-F-11,15/9-F-11 B,4128.9,2,0.423999994993,0.386241923486,0.423999994993,0.386241923486,0.386241923486
reservoir_property_p51_r1-938910b013253c2b112e,15/9-F-11,15/9-F-11 B,4130.9,2,0.495000004768,0.384684886181,0.495000004768,0.384684886181,0.384684886181
reservoir_property_p51_r1-3287805e22f7f374832d,15/9-F-11,15/9-F-11 B,4132.9,2,0.490999996662,0.31434531054,0.490999996662,0.31434531054,0.31434531054
reservoir_property_p51_r1-9380218b99dd1b3e835d,15/9-F-11,15/9-F-11 B,4134.9,2,0.507000029087,0.300424613376,0.507000029087,0.300424613376,0.300424613376
reservoir_property_p51_r1-a7ae3a177e4b6c03fe5c,15/9-F-11,15/9-F-11 B,4136.9,2,0.51700001955,0.31392374444,0.51700001955,0.31392374444,0.31392374444
reservoir_property_p51_r1-084f254e59c90cba664f,15/9-F-11,15/9-F-11 B,4138.9,2,0.395000010729,0.321095735461,0.395000010729,0.321095735461,0.321095735461
reservoir_property_p51_r1-3e4895a8352056ae374d,15/9-F-11,15/9-F-11 B,4140.9,2,0.270999997854,0.329202280579,0.270999997854,0.329202280579,0.329202280579
reservoir_property_p51_r1-35d1ccd8abe1cbff24e7,15/9-F-11,15/9-F-11 B,4142.9,2,0.319999992847,0.388409925894,0.319999992847,0.388409925894,0.388409925894
reservoir_property_p51_r1-b29f40428d09c8138e9e,15/9-F-11,15/9-F-11 B,4144.9,2,0.448000013828,0.463673037289,0.448000013828,0.463673037289,0.463673037289
reservoir_property_p51_r1-64c6851468f2f0c21171,15/9-F-11,15/9-F-11 B,4146.9,2,0.368999987841,0.419266143766,0.368999987841,0.419266143766,0.419266143766
reservoir_property_p51_r1-08a1d4d0160303eb186c,15/9-F-11,15/9-F-11 B,4148.9,2,0.393999993801,0.325658192277,0.393999993801,0.325658192277,0.325658192277
reservoir_property_p51_r1-48ddac98d42bee02f076,15/9-F-11,15/9-F-11 B,4150.9,2,0.446000009775,0.318334307162,0.446000009775,0.318334307162,0.318334307162
reservoir_property_p51_r1-31112aab03481e38c806,15/9-F-11,15/9-F-11 B,4152.9,2,0.448000013828,0.320026881376,0.448000013828,0.320026881376,0.320026881376
reservoir_property_p51_r1-fd5482f8316087406f94,15/9-F-11,15/9-F-11 B,4154.9,2,0.428999990225,0.331480209426,0.428999990225,0.331480209426,0.331480209426
reservoir_property_p51_r1-168f226e9ab761e42316,15/9-F-11,15/9-F-11 B,4156.9,2,0.451999992132,0.324917340063,0.451999992132,0.324917340063,0.324917340063
reservoir_property_p51_r1-635f3bb41fc17d09e5ba,15/9-F-11,15/9-F-11 B,4158.9,2,0.446999996901,0.312544218864,0.446999996901,0.312544218864,0.312544218864
reservoir_property_p51_r1-864150d730be790c68b2,15/9-F-11,15/9-F-11 B,4160.9,2,0.43900001049,0.319046288051,0.43900001049,0.319046288051,0.319046288051
reservoir_property_p51_r1-ef0ce68356424dddf37e,15/9-F-11,15/9-F-11 B,4162.9,2,0.448000013828,0.326966581027,0.448000013828,0.326966581027,0.326966581027
reservoir_property_p51_r1-45e1637f256221c2e5e9,15/9-F-11,15/9-F-11 B,4164.9,2,0.453999996185,0.328610264758,0.453999996185,0.328610264758,0.328610264758
reservoir_property_p51_r1-afa247f6526f17bda75d,15/9-F-11,15/9-F-11 B,4166.9,2,0.428999990225,0.324970544198,0.428999990225,0.324970544198,0.324970544198
reservoir_property_p51_r1-685dcfc387fccc5ca172,15/9-F-11,15/9-F-11 B,4168.9,2,0.449000000954,0.340490297668,0.449000000954,0.340490297668,0.340490297668
reservoir_property_p51_r1-47000bb96f81f8366c46,15/9-F-11,15/9-F-11 B,4170.9,2,0.476000010967,0.371484494151,0.476000010967,0.371484494151,0.371484494151
reservoir_property_p51_r1-e5f70f2b2c15727eed5a,15/9-F-11,15/9-F-11 B,4172.9,2,0.460000008345,0.3551747633,0.460000008345,0.3551747633,0.3551747633
reservoir_property_p51_r1-f1433220356a0f12d03d,15/9-F-11,15/9-F-11 B,4174.9,2,0.368000000715,0.330519474398,0.368000000715,0.330519474398,0.330519474398
reservoir_property_p51_r1-49dd96d7fa44b33d9981,15/9-F-11,15/9-F-11 B,4176.9,2,0.307000011206,0.326628744508,0.307000011206,0.326628744508,0.326628744508
reservoir_property_p51_r1-6ca9a0667450d1508c5b,15/9-F-11,15/9-F-11 B,4178.9,2,0.291999995708,0.320594490352,0.291999995708,0.320594490352,0.320594490352
reservoir_property_p51_r1-97a19b8d50cdd97be658,15/9-F-11,15/9-F-11 B,4180.9,2,0.256999999285,0.330825463984,0.256999999285,0.330825463984,0.330825463984
reservoir_property_p51_r1-a3fd32435ef7a15de465,15/9-F-11,15/9-F-11 B,4182.9,2,0.312999993563,0.332903872359,0.312999993563,0.332903872359,0.332903872359
reservoir_property_p51_r1-4ab2f94785aa585c035e,15/9-F-11,15/9-F-11 B,4184.9,2,0.296000003815,0.320805006271,0.296000003815,0.320805006271,0.320805006271
reservoir_property_p51_r1-176f7b5f0eccad45766b,15/9-F-11,15/9-F-11 B,4186.9,2,0.300000011921,0.31405076361,0.300000011921,0.31405076361,0.31405076361
reservoir_property_p51_r1-4c24557dbb749e47b6ec,15/9-F-11,15/9-F-11 B,4188.9,2,0.140000000596,0.266424435751,0.140000000596,0.266424435751,0.266424435751
reservoir_property_p51_r1-741028ccdab5d36b08f3,15/9-F-11,15/9-F-11 B,4190.9,2,0.126000002027,0.235909428672,0.126000002027,0.235909428672,0.235909428672
reservoir_property_p51_r1-6da9e9521746b5c2c2e8,15/9-F-11,15/9-F-11 B,4192.9,2,0.119000002742,0.231945605782,0.119000002742,0.231945605782,0.231945605782
reservoir_property_p51_r1-2768be308e105ad071ce,15/9-F-11,15/9-F-11 B,4194.9,2,0.119000002742,0.23649739152,0.119000002742,0.23649739152,0.23649739152
reservoir_property_p51_r1-56d387a244a2a613d009,15/9-F-11,15/9-F-11 B,4196.9,2,0.122000001371,0.232337220168,0.122000001371,0.232337220168,0.232337220168
reservoir_property_p51_r1-51594ca32a972912d2cc,15/9-F-11,15/9-F-11 B,4198.9,2,0.119999997318,0.226169440746,0.119999997318,0.226169440746,0.226169440746
reservoir_property_p51_r1-499de8e3611fc73a67eb,15/9-F-11,15/9-F-11 B,4200.9,2,0.118000000715,0.227376721666,0.118000000715,0.227376721666,0.227376721666
reservoir_property_p51_r1-4003a6d690f9b8edd990,15/9-F-11,15/9-F-11 B,4202.9,2,0.119000002742,0.238379219071,0.119000002742,0.238379219071,0.238379219071
reservoir_property_p51_r1-4c09a64b4956b4bac7f2,15/9-F-11,15/9-F-11 B,4204.9,2,0.12800000608,0.267988382744,0.12800000608,0.267988382744,0.267988382744
reservoir_property_p51_r1-db9e24fe25028261c619,15/9-F-11,15/9-F-11 B,4206.9,2,0.128999993205,0.277020009748,0.128999993205,0.277020009748,0.277020009748
reservoir_property_p51_r1-2adf5f4019726f29c6af,15/9-F-11,15/9-F-11 B,4208.9,2,0.131999999285,0.283295105405,0.131999999285,0.283295105405,0.283295105405
reservoir_property_p51_r1-7cc962a1c7b96c1a5633,15/9-F-11,15/9-F-11 B,4210.9,2,0.131999999285,0.302659115194,0.131999999285,0.302659115194,0.302659115194
reservoir_property_p51_r1-e33306c1e08cab504e1c,15/9-F-11,15/9-F-11 B,4212.9,2,0.127000004053,0.298220756118,0.127000004053,0.298220756118,0.298220756118
reservoir_property_p51_r1-20b2a95e88e80f2d075b,15/9-F-11,15/9-F-11 B,4214.9,2,0.123999997973,0.284394742595,0.123999997973,0.284394742595,0.284394742595
reservoir_property_p51_r1-c9dae570e33429f80bd0,15/9-F-11,15/9-F-11 B,4216.9,2,0.12800000608,0.287442816365,0.12800000608,0.287442816365,0.287442816365
reservoir_property_p51_r1-0db980d395c7275790fe,15/9-F-11,15/9-F-11 B,4218.9,2,0.130999997258,0.292113542316,0.130999997258,0.292113542316,0.292113542316
reservoir_property_p51_r1-f0e0827d68ce171a8320,15/9-F-11,15/9-F-11 B,4220.9,2,0.148000001907,0.319449575393,0.148000001907,0.319449575393,0.319449575393
reservoir_property_p51_r1-34321ad417630df303c3,15/9-F-11,15/9-F-11 B,4222.9,2,0.201000005007,0.218494058892,0.201000005007,0.218494058892,0.218494058892
reservoir_property_p51_r1-0c88ffee9dccbf292171,15/9-F-11,15/9-F-11 B,4224.9,2,0.224000006914,0.0741084770295,0.224000006914,0.0741084770295,0.0741084770295
reservoir_property_p51_r1-63b006b36d3b97e00ef8,15/9-F-11,15/9-F-11 B,4226.9,2,0.186000004411,0.0799658987302,0.186000004411,0.0799658987302,0.0799658987302
reservoir_property_p51_r1-1f68c1f10a2b1a92050e,15/9-F-11,15/9-F-11 B,4228.9,2,0.158000007272,0.215408939601,0.158000007272,0.215408939601,0.215408939601
reservoir_property_p51_r1-85ecacbc64d09f438326,15/9-F-11,15/9-F-11 B,4230.9,2,0.137999996543,0.290097786515,0.137999996543,0.290097786515,0.290097786515
reservoir_property_p51_r1-f709652e58e333872ab1,15/9-F-11,15/9-F-11 B,4232.9,2,0.136999994516,0.280715312835,0.136999994516,0.280715312835,0.280715312835
reservoir_property_p51_r1-c6a715929a6af97ab236,15/9-F-11,15/9-F-11 B,4234.9,2,0.131999999285,0.282935167207,0.131999999285,0.282935167207,0.282935167207
reservoir_property_p51_r1-59474270abf3088f73a5,15/9-F-11,15/9-F-11 B,4236.9,2,0.144999995828,0.391252483549,0.144999995828,0.391252483549,0.391252483549
reservoir_property_p51_r1-9862fbe2b5182588d72c,15/9-F-11,15/9-F-11 B,4238.9,2,0.93900001049,0.476561422792,0.93900001049,0.476561422792,0.476561422792
reservoir_property_p51_r1-93d3ba77f92bab877169,15/9-F-11,15/9-F-11 B,4240.9,2,0.521000027657,0.498464990531,0.521000027657,0.498464990531,0.498464990531
reservoir_property_p51_r1-7203cd72405e3be7a85e,15/9-F-11,15/9-F-11 B,4242.9,2,0.93599998951,0.572004550256,0.93599998951,0.572004550256,0.572004550256
reservoir_property_p51_r1-0f61afcbbb31f41178e9,15/9-F-11,15/9-F-11 B,4244.9,2,0.199000000954,0.47592666297,0.199000000954,0.47592666297,0.47592666297
reservoir_property_p51_r1-9f5266858c45014a2397,15/9-F-11,15/9-F-11 B,4246.9,2,0.228000000119,0.390233217716,0.228000000119,0.390233217716,0.390233217716
reservoir_property_p51_r1-efb005b6c765d880140f,15/9-F-11,15/9-F-11 B,4248.9,2,0.303999990225,0.422006331882,0.303999990225,0.422006331882,0.422006331882
reservoir_property_p51_r1-86e45c16059467eafbe6,15/9-F-11,15/9-F-11 B,4250.9,2,0.375,0.484094226674,0.375,0.484094226674,0.484094226674
reservoir_property_p51_r1-13161782af850160b633,15/9-F-11,15/9-F-11 B,4252.9,2,0.223000004888,0.493432917252,0.223000004888,0.493432917252,0.493432917252
reservoir_property_p51_r1-f2f105a94d6c63e41109,15/9-F-11,15/9-F-11 B,4254.9,2,0.256999999285,0.583664338373,0.256999999285,0.583664338373,0.583664338373
reservoir_property_p51_r1-c69b61af7cf583705ce4,15/9-F-11,15/9-F-11 B,4256.9,2,1,0.69976150054,1,0.69976150054,0.69976150054
reservoir_property_p51_r1-dedd2f73714749b745af,15/9-F-11,15/9-F-11 B,4258.9,2,0.21099999547,0.642986800224,0.21099999547,0.642986800224,0.642986800224
reservoir_property_p51_r1-09a4d158f79659f45523,15/9-F-11,15/9-F-11 B,4260.9,2,0.266000002623,0.603703880234,0.266000002623,0.603703880234,0.603703880234
reservoir_property_p51_r1-9242053a11d9315188d1,15/9-F-11,15/9-F-11 B,4262.9,2,0.426999986172,0.646087906717,0.426999986172,0.646087906717,0.646087906717
reservoir_property_p51_r1-7fcce9239a4dcc3a39ed,15/9-F-11,15/9-F-11 B,4264.9,2,0.280000001192,0.520523537265,0.280000001192,0.520523537265,0.520523537265
reservoir_property_p51_r1-a18767f0ba4db7b10af1,15/9-F-11,15/9-F-11 B,4266.9,2,0.17499999702,0.397950103128,0.17499999702,0.397950103128,0.397950103128
reservoir_property_p51_r1-b7de8f1bd551b2bc1f1e,15/9-F-11,15/9-F-11 B,4268.9,2,0.148000001907,0.340612864708,0.148000001907,0.340612864708,0.340612864708
reservoir_property_p51_r1-34ef50298fba454f7774,15/9-F-11,15/9-F-11 B,4270.9,2,0.129999995232,0.273956730188,0.129999995232,0.273956730188,0.273956730188
reservoir_property_p51_r1-25fa5015ed7bbd6be752,15/9-F-11,15/9-F-11 B,4272.9,2,0.112999998033,0.242416628741,0.112999998033,0.242416628741,0.242416628741
reservoir_property_p51_r1-a6a9b9728321e4f20b35,15/9-F-11,15/9-F-11 B,4274.9,2,0.097999997437,0.255931490535,0.097999997437,0.255931490535,0.255931490535
reservoir_property_p51_r1-1b0ab35762167fc00629,15/9-F-11,15/9-F-11 B,4276.9,2,0.116999998689,0.28191510552,0.116999998689,0.28191510552,0.28191510552
reservoir_property_p51_r1-53ed4b600d23174eb501,15/9-F-11,15/9-F-11 B,4278.9,2,0.118000000715,0.347743161439,0.118000000715,0.347743161439,0.347743161439
reservoir_property_p51_r1-fc0f625b80a7b951d98e,15/9-F-11,15/9-F-11 B,4280.9,2,0.437000006437,0.417334607674,0.437000006437,0.417334607674,0.417334607674
reservoir_property_p51_r1-a96743515c0f4edd71ea,15/9-F-11,15/9-F-11 B,4282.9,2,0.945999979973,0.641618726513,0.945999979973,0.641618726513,0.641618726513
reservoir_property_p51_r1-d3abf41c8811daff7523,15/9-F-11,15/9-F-11 B,4284.9,2,0.883000016212,0.771824259921,0.883000016212,0.771824259921,0.771824259921
reservoir_property_p51_r1-3562c91b2b1ed7750e41,15/9-F-11,15/9-F-11 B,4286.9,2,0.108000002801,0.396775670683,0.108000002801,0.396775670683,0.396775670683
reservoir_property_p51_r1-a0fc5ce08a5d8e0f5dea,15/9-F-11,15/9-F-11 B,4288.9,2,0.070000000298,0.206303651014,0.070000000298,0.206303651014,0.206303651014
reservoir_property_p51_r1-2c2866b52b365bf49896,15/9-F-11,15/9-F-11 B,4290.9,2,0.111000001431,0.336752829123,0.111000001431,0.336752829123,0.336752829123
reservoir_property_p51_r1-0a52fe29b5290e270854,15/9-F-11,15/9-F-11 B,4292.9,2,0.122000001371,0.337677176572,0.122000001371,0.337677176572,0.337677176572
reservoir_property_p51_r1-5595951d26e6ac1c39ae,15/9-F-11,15/9-F-11 B,4294.9,2,1,0.579768610239,1,0.579768610239,0.579768610239
reservoir_property_p51_r1-50d011832c672e2dc79e,15/9-F-11,15/9-F-11 B,4300.3,2,0.158999994397,0.461459515503,0.158999994397,0.461459515503,0.461459515503
reservoir_property_p51_r1-3a7145b3ab6311e8f25d,15/9-F-11,15/9-F-11 B,4302.3,2,0.129999995232,0.520368622537,0.129999995232,0.520368622537,0.520368622537
reservoir_property_p51_r1-d419774011859483de22,15/9-F-11,15/9-F-11 B,4304.3,2,0.144999995828,0.451037566418,0.144999995828,0.451037566418,0.451037566418
reservoir_property_p51_r1-e12a65d16ae7f5d59679,15/9-F-11,15/9-F-11 B,4306.3,2,0.172000005841,0.333680150338,0.172000005841,0.333680150338,0.333680150338
reservoir_property_p51_r1-565ab635df568efe1b6f,15/9-F-11,15/9-F-11 B,4308.3,2,0.168999999762,0.332297174527,0.168999999762,0.332297174527,0.332297174527
reservoir_property_p51_r1-7b3b2ae25cc1fe5ebfe9,15/9-F-11,15/9-F-11 T2,4400.6,2,1,0.588707635906,1,0.588707635906,0.588707635906
reservoir_property_p51_r1-eef3f72c25a8405135e1,15/9-F-11,15/9-F-11 T2,4402.6,2,1,0.610286360768,1,0.610286360768,0.610286360768
reservoir_property_p51_r1-f943b900a64502180b81,15/9-F-11,15/9-F-11 T2,4404.6,2,1,0.602920117853,1,0.602920117853,0.602920117853
reservoir_property_p51_r1-aecb03b323286c41747d,15/9-F-11,15/9-F-11 T2,4406.6,2,1,0.544436404569,1,0.544436404569,0.544436404569
reservoir_property_p51_r1-06650b8a442cfd04d4a1,15/9-F-11,15/9-F-11 T2,4408.6,2,1,0.505525312851,1,0.505525312851,0.505525312851
reservoir_property_p51_r1-50948e33c7f313a75821,15/9-F-11,15/9-F-11 T2,4410.6,2,1,0.560461537376,1,0.560461537376,0.560461537376
reservoir_property_p51_r1-d766612d437e9ba4874f,15/9-F-11,15/9-F-11 T2,4412.6,2,0.958000004292,0.712264880681,0.958000004292,0.712264880681,0.712264880681
reservoir_property_p51_r1-b0429195018cd4c790e4,15/9-F-11,15/9-F-11 T2,4414.6,2,1,0.739230433378,1,0.739230433378,0.739230433378
reservoir_property_p51_r1-dab073f1a320116f4365,15/9-F-11,15/9-F-11 T2,4416.6,2,0.462000012398,0.638199308139,0.462000012398,0.638199308139,0.638199308139
reservoir_property_p51_r1-5604e532d314abad691e,15/9-F-11,15/9-F-11 T2,4418.6,2,0.488000005484,0.576841520873,0.488000005484,0.576841520873,0.576841520873
reservoir_property_p51_r1-022dbb60f8a15d81b61a,15/9-F-11,15/9-F-11 T2,4420.6,2,1,0.608467808601,1,0.608467808601,0.608467808601
reservoir_property_p51_r1-5af141b5856ee30bc698,15/9-F-11,15/9-F-11 T2,4422.6,2,1,0.630384979202,1,0.630384979202,0.630384979202
reservoir_property_p51_r1-33b640b19ab12d920935,15/9-F-11,15/9-F-11 T2,4424.6,2,1,0.600526094764,1,0.600526094764,0.600526094764
reservoir_property_p51_r1-cb340997a238385357a7,15/9-F-11,15/9-F-11 T2,4426.6,2,1,0.57628605852,1,0.57628605852,0.57628605852
reservoir_property_p51_r1-664dbc2565265e8fe649,15/9-F-11,15/9-F-11 T2,4428.6,2,1,0.603582890031,1,0.603582890031,0.603582890031
reservoir_property_p51_r1-08cab6f36c81d873bd2a,15/9-F-11,15/9-F-11 T2,4430.6,2,1,0.66166938854,1,0.66166938854,0.66166938854
reservoir_property_p51_r1-869c97c4868dacfd8988,15/9-F-11,15/9-F-11 T2,4432.6,2,1,0.685065092853,1,0.685065092853,0.685065092853
reservoir_property_p51_r1-95b534ab119f581828f6,15/9-F-11,15/9-F-11 T2,4434.6,2,1,0.623871725298,1,0.623871725298,0.623871725298
reservoir_property_p51_r1-3ddbf46b2ad0e010e1ea,15/9-F-11,15/9-F-11 T2,4436.6,2,1,0.538344291865,1,0.538344291865,0.538344291865
reservoir_property_p51_r1-20df2492269150d61167,15/9-F-11,15/9-F-11 T2,4438.6,2,0.967000007629,0.518545407998,0.967000007629,0.518545407998,0.518545407998
reservoir_property_p51_r1-18b2b73f553186a48d09,15/9-F-11,15/9-F-11 T2,4440.6,2,0.943000018597,0.549515017118,0.943000018597,0.549515017118,0.549515017118
reservoir_property_p51_r1-3ca52cf198949916ef17,15/9-F-11,15/9-F-11 T2,4442.6,2,0.939999997616,0.603114816269,0.939999997616,0.603114816269,0.603114816269
reservoir_property_p51_r1-18cf671e4332bb8eac36,15/9-F-11,15/9-F-11 T2,4444.6,2,1,0.653386938648,1,0.653386938648,0.653386938648
reservoir_property_p51_r1-0a48cf6a95e9a919c852,15/9-F-11,15/9-F-11 T2,4446.6,2,0.966000020504,0.761122972452,0.966000020504,0.761122972452,0.761122972452
reservoir_property_p51_r1-63fb285af5619fffa304,15/9-F-11,15/9-F-11 T2,4448.6,2,0.966000020504,0.713223307483,0.966000020504,0.713223307483,0.713223307483
reservoir_property_p51_r1-304bf3829b1be7b0246c,15/9-F-11,15/9-F-11 T2,4450.6,2,0.92199999094,0.506872851772,0.92199999094,0.506872851772,0.506872851772
reservoir_property_p51_r1-a75decbef6c4d9266c61,15/9-F-11,15/9-F-11 T2,4452.6,2,0.945999979973,0.530743585941,0.945999979973,0.530743585941,0.530743585941
reservoir_property_p51_r1-627c465d3823f663425e,15/9-F-11,15/9-F-11 T2,4454.6,2,0.773999989033,0.719185161767,0.773999989033,0.719185161767,0.719185161767
reservoir_property_p51_r1-1e7610968cb5fabbe70d,15/9-F-11,15/9-F-11 T2,4456.6,2,1,0.818137579764,1,0.818137579764,0.818137579764
reservoir_property_p51_r1-0ac9de685fea25da969e,15/9-F-11,15/9-F-11 T2,4458.6,2,1,0.773019690968,1,0.773019690968,0.773019690968
reservoir_property_p51_r1-df7abf69194a9ad86c7d,15/9-F-11,15/9-F-11 T2,4460.6,2,0.976999998093,0.695608901274,0.976999998093,0.695608901274,0.695608901274
reservoir_property_p51_r1-c61a87f37791364aac5d,15/9-F-11,15/9-F-11 T2,4462.6,2,0.961000025272,0.716584686183,0.961000025272,0.716584686183,0.716584686183
reservoir_property_p51_r1-78bdc251edeeb5fa73a7,15/9-F-11,15/9-F-11 T2,4464.6,2,0.771000027657,0.64431820532,0.771000027657,0.64431820532,0.64431820532
reservoir_property_p51_r1-f6727249a8e4d91e5714,15/9-F-11,15/9-F-11 T2,4466.6,2,1,0.466391970331,1,0.466391970331,0.466391970331
reservoir_property_p51_r1-a0de1f1dd73c128e5c8d,15/9-F-11,15/9-F-11 T2,4468.6,2,1,0.454345654869,1,0.454345654869,0.454345654869
reservoir_property_p51_r1-d53314085d97a0d4b572,15/9-F-11,15/9-F-11 T2,4470.6,2,0.987999975681,0.473773381371,0.987999975681,0.473773381371,0.473773381371
reservoir_property_p51_r1-29ed6b113c540501e567,15/9-F-11,15/9-F-11 T2,4472.6,2,0.930000007153,0.481426051591,0.930000007153,0.481426051591,0.481426051591
reservoir_property_p51_r1-dd6a219cda221ddd26d4,15/9-F-11,15/9-F-11 T2,4474.6,2,0.90499997139,0.464093363536,0.90499997139,0.464093363536,0.464093363536
reservoir_property_p51_r1-b306ce7e6cefdf2178e7,15/9-F-11,15/9-F-11 T2,4476.6,2,0.967000007629,0.446552005798,0.967000007629,0.446552005798,0.446552005798
reservoir_property_p51_r1-bb1368e05347089a6bfe,15/9-F-11,15/9-F-11 T2,4478.6,2,1,0.450060603551,1,0.450060603551,0.450060603551
reservoir_property_p51_r1-cbe7b099ca21e97f54ed,15/9-F-11,15/9-F-11 T2,4480.6,2,1,0.46482477354,1,0.46482477354,0.46482477354
reservoir_property_p51_r1-cfc3c00464c01e956ae4,15/9-F-11,15/9-F-11 T2,4482.6,2,1,0.486426145249,1,0.486426145249,0.486426145249
reservoir_property_p51_r1-6d2726afb02c3085a208,15/9-F-11,15/9-F-11 T2,4484.6,2,0.903999984264,0.532398590253,0.903999984264,0.532398590253,0.532398590253
reservoir_property_p51_r1-6e3bcfa776508ed00b51,15/9-F-11,15/9-F-11 T2,4486.6,2,1,0.531839523062,1,0.531839523062,0.531839523062
reservoir_property_p51_r1-7718a780287384012ae8,15/9-F-11,15/9-F-11 T2,4488.6,2,1,0.478544943434,1,0.478544943434,0.478544943434
reservoir_property_p51_r1-3bb97bd9ee10771b5721,15/9-F-11,15/9-F-11 T2,4490.6,2,1,0.443182665604,1,0.443182665604,0.443182665604
reservoir_property_p51_r1-182e66ec00ec82a6916d,15/9-F-11,15/9-F-11 T2,4492.6,2,1,0.473586532841,1,0.473586532841,0.473586532841
reservoir_property_p51_r1-188c99f409134947b62b,15/9-F-11,15/9-F-11 T2,4494.6,2,1,0.513201029998,1,0.513201029998,0.513201029998
reservoir_property_p51_r1-5c24b61c90079ee94744,15/9-F-11,15/9-F-11 T2,4496.6,2,1,0.558060971206,1,0.558060971206,0.558060971206
reservoir_property_p51_r1-ef56fa1811b30c34ea7a,15/9-F-11,15/9-F-11 T2,4498.6,2,1,0.651751871664,1,0.651751871664,0.651751871664
reservoir_property_p51_r1-8a05122b29aa4a032fc8,15/9-F-11,15/9-F-11 T2,4500.6,2,1,0.775918864471,1,0.775918864471,0.775918864471
reservoir_property_p51_r1-e1e0412ddfeeaf96d26e,15/9-F-11,15/9-F-11 T2,4502.6,2,0.856999993324,0.787204458402,0.856999993324,0.787204458402,0.787204458402
reservoir_property_p51_r1-84d4ccb12bf3f48851f4,15/9-F-11,15/9-F-11 T2,4504.6,2,1,0.771353271208,1,0.771353271208,0.771353271208
reservoir_property_p51_r1-639e53c6dc5629f64950,15/9-F-11,15/9-F-11 T2,4506.6,2,1,0.806607143823,1,0.806607143823,0.806607143823
reservoir_property_p51_r1-9b66cde7ebce6bb587d2,15/9-F-11,15/9-F-11 T2,4508.6,2,1,0.910025602851,1,0.910025602851,0.910025602851
reservoir_property_p51_r1-58df677b156117e45ce6,15/9-F-11,15/9-F-11 T2,4510.6,2,1,0.935947554899,1,0.935947554899,0.935947554899
reservoir_property_p51_r1-1c4d1fb51e11f6a695f6,15/9-F-11,15/9-F-11 T2,4512.6,2,1,0.876323484538,1,0.876323484538,0.876323484538
reservoir_property_p51_r1-3f38a6c034b96db4b973,15/9-F-12,15/9-F-12,3117.9516,0,1,1.23469983204,1,1.23469983204,1
reservoir_property_p51_r1-6702cde9baa3f335b90e,15/9-F-12,15/9-F-12,3120.0852,0,1,1.14483835999,1,1.14483835999,1
reservoir_property_p51_r1-b0e20fbd8d273e57a3e3,15/9-F-12,15/9-F-12,3122.2188,0,1,0.981835016015,1,0.981835016015,0.981835016015
reservoir_property_p51_r1-8b6fd913805ebe4d533e,15/9-F-12,15/9-F-12,3124.3524,0,1,0.993552999258,1,0.993552999258,0.993552999258
reservoir_property_p51_r1-0ab016a2d4b4acacb9bb,15/9-F-12,15/9-F-12,3126.486,0,0.018200000748,0.745851081833,0.018200000748,0.745851081833,0.745851081833
reservoir_property_p51_r1-529b790809eb55baff07,15/9-F-12,15/9-F-12,3128.6196,0,0.0833000019193,0.495089709474,0.0833000019193,0.495089709474,0.495089709474
reservoir_property_p51_r1-74569bc3997d5ab7aeb9,15/9-F-12,15/9-F-12,3130.7532,0,0.0940999910235,0.514710078161,0.0940999910235,0.514710078161,0.514710078161
reservoir_property_p51_r1-0bb63087fb396f51163e,15/9-F-12,15/9-F-12,3132.8868,0,0.106100000441,0.593435843041,0.106100000441,0.593435843041,0.593435843041
reservoir_property_p51_r1-fc5548e4901c4f3568b0,15/9-F-12,15/9-F-12,3135.0204,0,0.382899999619,0.581465795933,0.382899999619,0.581465795933,0.581465795933
reservoir_property_p51_r1-b5640b0e4e6e0e91b0cd,15/9-F-12,15/9-F-12,3137.154,0,0.11060000211,0.522942349671,0.11060000211,0.522942349671,0.522942349671
reservoir_property_p51_r1-f3333510eb6abf2cda63,15/9-F-12,15/9-F-12,3139.2876,0,0.256300002337,0.680451708163,0.256300002337,0.680451708163,0.680451708163
reservoir_property_p51_r1-d65121186fd853fa16cb,15/9-F-12,15/9-F-12,3141.4212,0,0.351200014353,0.747326945741,0.351200014353,0.747326945741,0.747326945741
reservoir_property_p51_r1-37b4f55493cd6f9b9af0,15/9-F-12,15/9-F-12,3143.5548,0,0.107100002468,0.597969985546,0.107100002468,0.597969985546,0.597969985546
reservoir_property_p51_r1-592a04ee28bcee2d52d2,15/9-F-12,15/9-F-12,3145.6884,0,0.147599995136,0.711707315879,0.147599995136,0.711707315879,0.711707315879
reservoir_property_p51_r1-d6737e6a5336bd154c59,15/9-F-12,15/9-F-12,3147.822,0,0.71590000391,0.856609721826,0.71590000391,0.856609721826,0.856609721826
reservoir_property_p51_r1-2539d0334f0fac390359,15/9-F-12,15/9-F-12,3149.9556,0,0.217099994421,0.668152057112,0.217099994421,0.668152057112,0.668152057112
reservoir_property_p51_r1-c5132bbbdd362f888613,15/9-F-12,15/9-F-12,3152.0892,0,0.163299992681,0.436453052999,0.163299992681,0.436453052999,0.436453052999
reservoir_property_p51_r1-0e684dd1f15068b53faf,15/9-F-12,15/9-F-12,3154.2228,0,0.15189999342,0.439835071937,0.15189999342,0.439835071937,0.439835071937
reservoir_property_p51_r1-2ca20e3df29d18fe515e,15/9-F-12,15/9-F-12,3156.3564,0,0.126200005412,0.430772052593,0.126200005412,0.430772052593,0.430772052593
reservoir_property_p51_r1-a51fa3887ef25026c3a1,15/9-F-12,15/9-F-12,3158.49,0,0.126499995589,0.428873360203,0.126499995589,0.428873360203,0.428873360203
reservoir_property_p51_r1-7ed1f6ea47c96c23d0d7,15/9-F-12,15/9-F-12,3160.6236,0,0.162400007248,0.519696601164,0.162400007248,0.519696601164,0.519696601164
reservoir_property_p51_r1-625454f1895f1b2d6ecf,15/9-F-12,15/9-F-12,3162.7572,0,0.442600011826,0.582175248666,0.442600011826,0.582175248666,0.582175248666
reservoir_property_p51_r1-8c2a082a676d77f162cb,15/9-F-12,15/9-F-12,3164.8908,0,0.0886999890208,0.547558337908,0.0886999890208,0.547558337908,0.547558337908
reservoir_property_p51_r1-1bac30db3abe519b92de,15/9-F-12,15/9-F-12,3167.0244,0,0.222200006247,0.487841536095,0.222200006247,0.487841536095,0.487841536095
reservoir_property_p51_r1-6e88bf417c68aa55fd1d,15/9-F-12,15/9-F-12,3169.158,0,0.126499995589,0.465645524513,0.126499995589,0.465645524513,0.465645524513
reservoir_property_p51_r1-99365b57af8be71b2956,15/9-F-12,15/9-F-12,3171.2916,0,0.111000001431,0.461518975096,0.111000001431,0.461518975096,0.461518975096
reservoir_property_p51_r1-4b21e233f79a2e1263ce,15/9-F-12,15/9-F-12,3173.4252,0,0.12690000236,0.473725969794,0.12690000236,0.473725969794,0.473725969794
reservoir_property_p51_r1-f4ec491f6d302e188e9a,15/9-F-12,15/9-F-12,3175.5588,0,0.141100004315,0.486728550697,0.141100004315,0.486728550697,0.486728550697
reservoir_property_p51_r1-e98ef5c0e3e7704ae4a6,15/9-F-12,15/9-F-12,3177.6924,0,0.130099996924,0.500498942378,0.130099996924,0.500498942378,0.500498942378
reservoir_property_p51_r1-61f97be7b5afc0f5507f,15/9-F-12,15/9-F-12,3179.826,0,0.153999984264,0.621809084341,0.153999984264,0.621809084341,0.621809084341
reservoir_property_p51_r1-1e26b22d7402bdcf7a70,15/9-F-12,15/9-F-12,3181.9596,0,0.14280000329,0.576019468281,0.14280000329,0.576019468281,0.576019468281
reservoir_property_p51_r1-95879c6487610302bd53,15/9-F-12,15/9-F-12,3184.0932,0,0.0932999923825,0.438812941804,0.0932999923825,0.438812941804,0.438812941804
reservoir_property_p51_r1-58d88d81d85ed22b4793,15/9-F-12,15/9-F-12,3186.2268,0,0.0727000012994,0.394825775232,0.0727000012994,0.394825775232,0.394825775232
reservoir_property_p51_r1-4e29e75f3887a0d30065,15/9-F-12,15/9-F-12,3188.3604,0,0.0476000010967,0.347273418286,0.0476000010967,0.347273418286,0.347273418286
reservoir_property_p51_r1-40491812d41b4b76c4eb,15/9-F-12,15/9-F-12,3190.494,0,0.0405000001192,0.335044416997,0.0405000001192,0.335044416997,0.335044416997
reservoir_property_p51_r1-a630d9b5e79f5bb9b3d3,15/9-F-12,15/9-F-12,3192.6276,0,0.0386000014842,0.35065982167,0.0386000014842,0.35065982167,0.35065982167
reservoir_property_p51_r1-8335b643c3e08fc0b98c,15/9-F-12,15/9-F-12,3194.7612,0,0.0504000000656,0.401827867323,0.0504000000656,0.401827867323,0.401827867323
reservoir_property_p51_r1-2652690bc997d0508def,15/9-F-12,15/9-F-12,3196.8948,0,0.0531999915838,0.417364615413,0.0531999915838,0.417364615413,0.417364615413
reservoir_property_p51_r1-bcf21b7e633bdf6be496,15/9-F-12,15/9-F-12,3199.0284,0,0.05229999125,0.391524686668,0.05229999125,0.391524686668,0.391524686668
reservoir_property_p51_r1-68e11e2f625b1d8092a9,15/9-F-12,15/9-F-12,3201.162,0,0.0511000007391,0.379809633702,0.0511000007391,0.379809633702,0.379809633702
reservoir_property_p51_r1-21b08e3e961646d87d7a,15/9-F-12,15/9-F-12,3203.2956,0,0.0527000017464,0.352307266955,0.0527000017464,0.352307266955,0.352307266955
reservoir_property_p51_r1-6767df83333feb62bf4d,15/9-F-12,15/9-F-12,3205.4292,0,0.0654999911785,0.378547911258,0.0654999911785,0.378547911258,0.378547911258
reservoir_property_p51_r1-4d760c029e448352b292,15/9-F-12,15/9-F-12,3207.5628,0,0.0749000012875,0.444180721592,0.0749000012875,0.444180721592,0.444180721592
reservoir_property_p51_r1-636663cf6a84b4ef2112,15/9-F-12,15/9-F-12,3209.6964,0,0.106799989939,0.49867587335,0.106799989939,0.49867587335,0.49867587335
reservoir_property_p51_r1-2ef063667eded60f5077,15/9-F-12,15/9-F-12,3211.83,0,0.112199991941,0.502528085045,0.112199991941,0.502528085045,0.502528085045
reservoir_property_p51_r1-b334c842bda1ef328f38,15/9-F-12,15/9-F-12,3213.9636,0,0.119999989867,0.466938244604,0.119999989867,0.466938244604,0.466938244604
reservoir_property_p51_r1-8c95ac841810a2d93b76,15/9-F-12,15/9-F-12,3216.0972,0,0.153899982572,0.527600391378,0.153899982572,0.527600391378,0.527600391378
reservoir_property_p51_r1-425b1e4863342e3b24c9,15/9-F-12,15/9-F-12,3218.2308,0,0.161699995399,0.500328524203,0.161699995399,0.500328524203,0.500328524203
reservoir_property_p51_r1-68b14c42407d8d231682,15/9-F-12,15/9-F-12,3220.3644,0,0.11439999193,0.406321313042,0.11439999193,0.406321313042,0.406321313042
reservoir_property_p51_r1-4b6087e77fc13272607a,15/9-F-12,15/9-F-12,3222.498,0,0.127599984407,0.392000571805,0.127599984407,0.392000571805,0.392000571805
reservoir_property_p51_r1-7345b5c9198a2bbb62f5,15/9-F-12,15/9-F-12,3224.6316,0,0.127599984407,0.405914164496,0.127599984407,0.405914164496,0.405914164496
reservoir_property_p51_r1-76e3d221da9d5e6c6d05,15/9-F-12,15/9-F-12,3226.7652,0,0.132499992847,0.414077294149,0.132499992847,0.414077294149,0.414077294149
reservoir_property_p51_r1-2acf63a10c98b888c2fc,15/9-F-12,15/9-F-12,3228.8988,0,0.142100006342,0.419713101207,0.142100006342,0.419713101207,0.419713101207
reservoir_property_p51_r1-dfeef5cbc2de34efba95,15/9-F-12,15/9-F-12,3231.0324,0,0.152500003576,0.461665630745,0.152500003576,0.461665630745,0.461665630745
reservoir_property_p51_r1-97f72964ae6ff42ad85d,15/9-F-12,15/9-F-12,3233.166,0,0.260899990797,0.53155124587,0.260899990797,0.53155124587,0.53155124587
reservoir_property_p51_r1-ae909583c02e00b7d815,15/9-F-12,15/9-F-12,3235.2996,0,0.153099983931,0.557788137875,0.153099983931,0.557788137875,0.557788137875
reservoir_property_p51_r1-93ad04da55e66902a172,15/9-F-12,15/9-F-12,3237.4332,0,0.125599995255,0.507131980381,0.125599995255,0.507131980381,0.507131980381
reservoir_property_p51_r1-ca712d32515a21890840,15/9-F-12,15/9-F-12,3239.5668,0,0.122100003064,0.463048330938,0.122100003064,0.463048330938,0.463048330938
reservoir_property_p51_r1-66c6e53a35be384ed606,15/9-F-12,15/9-F-12,3241.7004,0,0.125,0.491444047548,0.125,0.491444047548,0.491444047548
reservoir_property_p51_r1-8a405574e92664aef706,15/9-F-12,15/9-F-12,3243.834,0,0.165800005198,0.579317177418,0.165800005198,0.579317177418,0.579317177418
reservoir_property_p51_r1-fd659ec929231c7da9f2,15/9-F-12,15/9-F-12,3245.9676,0,0.138300001621,0.614084871054,0.138300001621,0.614084871054,0.614084871054
reservoir_property_p51_r1-033858a9d61fe79879d2,15/9-F-12,15/9-F-12,3248.1012,0,0.123300001025,0.570725145845,0.123300001025,0.570725145845,0.570725145845
reservoir_property_p51_r1-beec79ac877ddf064871,15/9-F-12,15/9-F-12,3250.2348,0,0.140100002289,0.585160168844,0.140100002289,0.585160168844,0.585160168844
reservoir_property_p51_r1-8cef5dc89f2b0678a45b,15/9-F-12,15/9-F-12,3252.3684,0,0.142399996519,0.587108148119,0.142399996519,0.587108148119,0.587108148119
reservoir_property_p51_r1-64096ecfb67b34b655a0,15/9-F-12,15/9-F-12,3254.502,0,0.361699998379,0.570069114238,0.361699998379,0.570069114238,0.570069114238
reservoir_property_p51_r1-0c3094d23bfe42aace33,15/9-F-12,15/9-F-12,3256.6356,0,0.364100009203,0.55232972679,0.364100009203,0.55232972679,0.55232972679
reservoir_property_p51_r1-00b9538f1aa551abeac6,15/9-F-12,15/9-F-12,3258.7692,0,0.350600004196,0.661262486838,0.350600004196,0.661262486838,0.661262486838
reservoir_property_p51_r1-081480d994ce0e302f9e,15/9-F-12,15/9-F-12,3260.9028,0,0.384499996901,0.715253902857,0.384499996901,0.715253902857,0.715253902857
reservoir_property_p51_r1-4853f4318271c6ff1ec6,15/9-F-12,15/9-F-12,3263.0364,0,0.333499997854,0.651457955856,0.333499997854,0.651457955856,0.651457955856
reservoir_property_p51_r1-ff6ab928b550ff19f45f,15/9-F-12,15/9-F-12,3265.17,0,0.29730001092,0.657153630618,0.29730001092,0.657153630618,0.657153630618
reservoir_property_p51_r1-43d03b28a1252bd76a8a,15/9-F-12,15/9-F-12,3267.3036,0,0.311599999666,0.68913930462,0.311599999666,0.68913930462,0.68913930462
reservoir_property_p51_r1-b08e47142d609ebea6a6,15/9-F-12,15/9-F-12,3269.4372,0,0.259999990463,0.676569457015,0.259999990463,0.676569457015,0.676569457015
reservoir_property_p51_r1-ab626e8e55c47a09bb57,15/9-F-12,15/9-F-12,3271.5708,0,0.323799997568,0.699499195198,0.323799997568,0.699499195198,0.699499195198
reservoir_property_p51_r1-e58af9ede87719b98a66,15/9-F-12,15/9-F-12,3273.7044,0,0.348199993372,0.717064833478,0.348199993372,0.717064833478,0.717064833478
reservoir_property_p51_r1-d909f087ed7d09a13949,15/9-F-12,15/9-F-12,3275.838,0,0.326000005007,0.690386009282,0.326000005007,0.690386009282,0.690386009282
reservoir_property_p51_r1-0bf3115bf45dea98b967,15/9-F-12,15/9-F-12,3277.9716,0,0.652400016785,0.728492297629,0.652400016785,0.728492297629,0.728492297629
reservoir_property_p51_r1-9a782908f3cf39dc1e3b,15/9-F-12,15/9-F-12,3280.1052,0,0.78560000658,0.821900178669,0.78560000658,0.821900178669,0.821900178669
reservoir_property_p51_r1-484e2de3e11569818132,15/9-F-12,15/9-F-12,3282.2388,0,0.96130001545,0.964866213153,0.96130001545,0.964866213153,0.964866213153
reservoir_property_p51_r1-b4efbbf6fd337022a4d6,15/9-F-12,15/9-F-12,3284.3724,0,1,0.974930182614,1,0.974930182614,0.974930182614
reservoir_property_p51_r1-eba7b2e68048890519c4,15/9-F-12,15/9-F-12,3286.506,0,1,0.965860551626,1,0.965860551626,0.965860551626
reservoir_property_p51_r1-9c419a917f8951844810,15/9-F-12,15/9-F-12,3288.6396,0,0.95039999485,1.01332979697,0.95039999485,1.01332979697,1
