sample_id,family_id,well_id,depth_m,fold_id,truth_model_domain,prediction_model_domain,truth_physical,prediction_physical_unclipped,prediction_physical_bounded
reservoir_property_p51_r1-c82c5b891df29e7e1807,15/9-19,15/9-19 A,3839.5656,1,0.278200000525,0.415365678559,0.278200000525,0.415365678559,0.415365678559
reservoir_property_p51_r1-1963a20e391bb3309902,15/9-19,15/9-19 A,3841.6992,0,0.179399996996,0.343109905364,0.179399996996,0.343109905364,0.343109905364
reservoir_property_p51_r1-fe974d79cb240d283870,15/9-19,15/9-19 A,3843.8328,1,0.320199996233,0.305930338238,0.320199996233,0.305930338238,0.305930338238
reservoir_property_p51_r1-554169715805611d6505,15/9-19,15/9-19 A,3845.9664,0,0.208000004292,0.337868317797,0.208000004292,0.337868317797,0.337868317797
reservoir_property_p51_r1-e9faa83dbd75146b922d,15/9-19,15/9-19 A,3848.1,0,0.859700024128,0.427936926855,0.859700024128,0.427936926855,0.427936926855
reservoir_property_p51_r1-b21ead1ab61170abe768,15/9-19,15/9-19 A,3850.2336,1,0.851899981499,0.412660962325,0.851899981499,0.412660962325,0.412660962325
reservoir_property_p51_r1-8cbfd7b4b6577ea396b6,15/9-19,15/9-19 A,3852.3672,0,0.203700006008,0.453353086449,0.203700006008,0.453353086449,0.453353086449
reservoir_property_p51_r1-157edc8d66166411b41c,15/9-19,15/9-19 A,3854.5008,2,1,0.579678375843,1,0.579678375843,0.579678375843
reservoir_property_p51_r1-eefb76085578cf371e11,15/9-19,15/9-19 A,3856.6344,2,0.259600013494,0.510007282083,0.259600013494,0.510007282083,0.510007282083
reservoir_property_p51_r1-ba88d3aa1dead4c37a0a,15/9-19,15/9-19 A,3858.768,3,0.232600003481,0.367174106353,0.232600003481,0.367174106353,0.367174106353
reservoir_property_p51_r1-4b01174c986da8207347,15/9-19,15/9-19 A,3860.9016,1,0.101400002837,0.263722297424,0.101400002837,0.263722297424,0.263722297424
reservoir_property_p51_r1-adc4e2d20a333d442972,15/9-19,15/9-19 A,3863.0352,3,0.100900001824,0.211791429069,0.100900001824,0.211791429069,0.211791429069
reservoir_property_p51_r1-86ed2576ff87ddf2e6f9,15/9-19,15/9-19 A,3865.1688,3,0.0854000002146,0.201904336874,0.0854000002146,0.201904336874,0.201904336874
reservoir_property_p51_r1-71e20c83ac5524dbd4aa,15/9-19,15/9-19 A,3867.3024,1,0.0934000015259,0.226038545022,0.0934000015259,0.226038545022,0.226038545022
reservoir_property_p51_r1-8b23836a45e0e18009f5,15/9-19,15/9-19 A,3869.436,1,0.0854000002146,0.20972738447,0.0854000002146,0.20972738447,0.20972738447
reservoir_property_p51_r1-ee4a3c96e1393e892666,15/9-19,15/9-19 A,3871.5696,0,0.101199999452,0.216513580615,0.101199999452,0.216513580615,0.216513580615
reservoir_property_p51_r1-8cffe42d063d40cd6fd3,15/9-19,15/9-19 A,3873.7032,1,0.104400001466,0.290927162946,0.104400001466,0.290927162946,0.290927162946
reservoir_property_p51_r1-74be318bc57b2dd39843,15/9-19,15/9-19 A,3875.8368,0,0.350600004196,0.506316507565,0.350600004196,0.506316507565,0.506316507565
reservoir_property_p51_r1-ef6176b25058728b8a75,15/9-19,15/9-19 A,3877.9704,2,0.169599995017,0.59429971939,0.169599995017,0.59429971939,0.59429971939
reservoir_property_p51_r1-2b8e6ccf04b6acc524ba,15/9-19,15/9-19 A,3880.104,0,0.325599998236,0.534605968471,0.325599998236,0.534605968471,0.534605968471
reservoir_property_p51_r1-05f0299cb2d43e708a38,15/9-19,15/9-19 A,3882.2376,1,0.210500001907,0.405757576642,0.210500001907,0.405757576642,0.405757576642
reservoir_property_p51_r1-0bbb78431a16c310d16d,15/9-19,15/9-19 A,3884.3712,1,0.251599997282,0.42757496351,0.251599997282,0.42757496351,0.42757496351
reservoir_property_p51_r1-53b0c2d8b1aa1f1043ea,15/9-19,15/9-19 A,3886.5048,2,0.185699999332,0.393389223749,0.185699999332,0.393389223749,0.393389223749
reservoir_property_p51_r1-21d9afbf8716251e6dcf,15/9-19,15/9-19 A,3888.6384,1,0.214800000191,0.339946787331,0.214800000191,0.339946787331,0.339946787331
reservoir_property_p51_r1-b410868ca057738d21a3,15/9-19,15/9-19 A,3890.772,3,0.230800002813,0.388294322725,0.230800002813,0.388294322725,0.388294322725
reservoir_property_p51_r1-029c92d38f813b260b8c,15/9-19,15/9-19 A,3892.9056,1,0.211899995804,0.448224857327,0.211899995804,0.448224857327,0.448224857327
reservoir_property_p51_r1-fd8572584c089825c58d,15/9-19,15/9-19 A,3895.0392,1,0.285299986601,0.43584174976,0.285299986601,0.43584174976,0.43584174976
reservoir_property_p51_r1-4a98aad73b54e05450d6,15/9-19,15/9-19 A,3897.1728,3,0.25569999218,0.395670211912,0.25569999218,0.395670211912,0.395670211912
reservoir_property_p51_r1-5222af628774f4d29812,15/9-19,15/9-19 A,3899.3064,0,0.202999994159,0.359692778464,0.202999994159,0.359692778464,0.359692778464
reservoir_property_p51_r1-b24f628f40d9912a4a57,15/9-19,15/9-19 A,3901.44,1,0.20530000329,0.309762739581,0.20530000329,0.309762739581,0.309762739581
reservoir_property_p51_r1-98b0c25c053b60754842,15/9-19,15/9-19 A,3903.5736,2,0.243499994278,0.354412490445,0.243499994278,0.354412490445,0.354412490445
reservoir_property_p51_r1-15b0cc17d6f671ddad2f,15/9-19,15/9-19 A,3905.7072,0,0.257699996233,0.356328112561,0.257699996233,0.356328112561,0.356328112561
reservoir_property_p51_r1-37cd85bd1039f0fb621f,15/9-19,15/9-19 A,3907.8408,0,0.20000000298,0.379613142307,0.20000000298,0.379613142307,0.379613142307
reservoir_property_p51_r1-d7cfe2a01f79bc3bfdeb,15/9-19,15/9-19 A,3909.9744,3,0.257499992847,0.377625672348,0.257499992847,0.377625672348,0.377625672348
reservoir_property_p51_r1-1eb04d9daf364c9b0e78,15/9-19,15/9-19 A,3912.108,2,0.245199993253,0.357035391738,0.245199993253,0.357035391738,0.357035391738
reservoir_property_p51_r1-a1d5a592554ea15ffea6,15/9-19,15/9-19 A,3914.2416,2,0.25569999218,0.403806565769,0.25569999218,0.403806565769,0.403806565769
reservoir_property_p51_r1-95e15844b5ac76025022,15/9-19,15/9-19 A,3916.3752,2,0.282700002193,0.43528276824,0.282700002193,0.43528276824,0.43528276824
reservoir_property_p51_r1-5310a7e7b4271355abaa,15/9-19,15/9-19 A,3918.5088,1,0.381700009108,0.497083404331,0.381700009108,0.497083404331,0.497083404331
reservoir_property_p51_r1-a87bb0be089ebb81db40,15/9-19,15/9-19 A,3920.6424,1,1,0.673684287995,1,0.673684287995,0.673684287995
reservoir_property_p51_r1-2c827d5bf1b7b2c72471,15/9-19,15/9-19 A,3922.776,2,1,0.703063991436,1,0.703063991436,0.703063991436
reservoir_property_p51_r1-d7c43bb402ed0dfa7845,15/9-19,15/9-19 A,3924.9096,2,0.750599980354,0.687413843067,0.750599980354,0.687413843067,0.687413843067
reservoir_property_p51_r1-2fd3c77299aba260cbc2,15/9-19,15/9-19 A,3927.0432,3,0.923099994659,0.653368842762,0.923099994659,0.653368842762,0.653368842762
reservoir_property_p51_r1-482ca5e8f089f800b149,15/9-19,15/9-19 A,3929.1768,1,0.627300024033,0.581477855402,0.627300024033,0.581477855402,0.581477855402
reservoir_property_p51_r1-6368e91c7b49eb48f555,15/9-19,15/9-19 A,3931.3104,0,1,0.664509579871,1,0.664509579871,0.664509579871
reservoir_property_p51_r1-e245e2b7be260e10d89d,15/9-19,15/9-19 A,3933.444,3,1,0.805005047501,1,0.805005047501,0.805005047501
reservoir_property_p51_r1-c4646559245407a189bd,15/9-19,15/9-19 A,3935.5776,0,0.879599988461,0.702570088551,0.879599988461,0.702570088551,0.702570088551
reservoir_property_p51_r1-7288da4e92a9b94012df,15/9-19,15/9-19 A,3937.7112,3,0.650900006294,0.618547998352,0.650900006294,0.618547998352,0.618547998352
reservoir_property_p51_r1-7730fe1274b31c527544,15/9-19,15/9-19 A,3939.8448,0,1,0.621837628072,1,0.621837628072,0.621837628072
reservoir_property_p51_r1-4269d6afb067480d3d74,15/9-19,15/9-19 A,3941.9784,0,1,0.771633647302,1,0.771633647302,0.771633647302
reservoir_property_p51_r1-36d004f1b0ef6b98c067,15/9-19,15/9-19 A,3944.112,3,0.877799987793,0.814363923799,0.877799987793,0.814363923799,0.814363923799
reservoir_property_p51_r1-fc0b15025295be2d1721,15/9-19,15/9-19 A,3946.2456,0,1,0.738894286537,1,0.738894286537,0.738894286537
reservoir_property_p51_r1-6ce722e91999e30b030f,15/9-19,15/9-19 A,3948.3792,0,0.910799980164,0.632507241529,0.910799980164,0.632507241529,0.632507241529
reservoir_property_p51_r1-ef1ad8b8028fd49ddc4f,15/9-19,15/9-19 A,3950.5128,1,1,0.630530885666,1,0.630530885666,0.630530885666
reservoir_property_p51_r1-f3d652b75bda5eb9cbf2,15/9-19,15/9-19 A,3952.6464,3,0.897000014782,0.622794293748,0.897000014782,0.622794293748,0.622794293748
reservoir_property_p51_r1-abd5ddc6451bcbcdd444,15/9-19,15/9-19 A,3954.78,2,0.828299999237,0.583362978211,0.828299999237,0.583362978211,0.583362978211
reservoir_property_p51_r1-48f2e104933dfb6b8333,15/9-19,15/9-19 A,3956.9136,0,0.965300023556,0.572271317039,0.965300023556,0.572271317039,0.572271317039
reservoir_property_p51_r1-80d0cf104d57aaf84b64,15/9-19,15/9-19 A,3959.0472,2,0.867399990559,0.694830451634,0.867399990559,0.694830451634,0.694830451634
reservoir_property_p51_r1-e8971e133fc2020c291f,15/9-19,15/9-19 A,3961.1808,2,0.898000001907,0.694660806253,0.898000001907,0.694660806253,0.694660806253
reservoir_property_p51_r1-2a2dc31ff88488cd7591,15/9-19,15/9-19 A,3963.3144,2,0.99169999361,0.658194466743,0.99169999361,0.658194466743,0.658194466743
reservoir_property_p51_r1-5f9023d0346bb7db4d0c,15/9-19,15/9-19 BT2,4039.9716,3,1,0.368406859572,1,0.368406859572,0.368406859572
reservoir_property_p51_r1-17eb1e25bbbc88a94216,15/9-19,15/9-19 BT2,4042.1052,3,1,0.375354314211,1,0.375354314211,0.375354314211
reservoir_property_p51_r1-6c7658fe80039c29d01c,15/9-19,15/9-19 BT2,4044.2388,1,0.978100001812,0.373073714565,0.978100001812,0.373073714565,0.373073714565
reservoir_property_p51_r1-c4d972db396a804b6e68,15/9-19,15/9-19 BT2,4046.3724,0,1,0.405747501317,1,0.405747501317,0.405747501317
reservoir_property_p51_r1-0d5cf65e32752909676d,15/9-19,15/9-19 BT2,4048.506,3,0.945599973202,0.430024577351,0.945599973202,0.430024577351,0.430024577351
reservoir_property_p51_r1-83dd5d6464a142941499,15/9-19,15/9-19 BT2,4050.6396,1,0.873399972916,0.432077335634,0.873399972916,0.432077335634,0.432077335634
reservoir_property_p51_r1-f7a2682f45a52a1db059,15/9-19,15/9-19 BT2,4052.7732,3,1,0.453450241916,1,0.453450241916,0.453450241916
reservoir_property_p51_r1-f9ae65e0657a3121113a,15/9-19,15/9-19 BT2,4054.9068,3,0.992699980736,0.375551786822,0.992699980736,0.375551786822,0.375551786822
reservoir_property_p51_r1-db439f8c7b0d4bd04d6f,15/9-19,15/9-19 BT2,4057.0404,3,1,0.372419456613,1,0.372419456613,0.372419456613
reservoir_property_p51_r1-a7a18be6e023dabcb84e,15/9-19,15/9-19 BT2,4059.174,1,1,0.395087378334,1,0.395087378334,0.395087378334
reservoir_property_p51_r1-f18e185fd42e53603cbe,15/9-19,15/9-19 BT2,4061.3076,3,1,0.413932719362,1,0.413932719362,0.413932719362
reservoir_property_p51_r1-eca180adcf269306e40e,15/9-19,15/9-19 BT2,4063.4412,2,1,0.517793516269,1,0.517793516269,0.517793516269
reservoir_property_p51_r1-d55e2b07ae322ddacf1b,15/9-19,15/9-19 BT2,4065.5748,3,0.939199984074,0.5248345142,0.939199984074,0.5248345142,0.5248345142
reservoir_property_p51_r1-e5dffe3e0b960a8909f1,15/9-19,15/9-19 BT2,4067.7084,0,1,0.489103047544,1,0.489103047544,0.489103047544
reservoir_property_p51_r1-2942949578935c453b7d,15/9-19,15/9-19 BT2,4069.842,2,1,0.579383355592,1,0.579383355592,0.579383355592
reservoir_property_p51_r1-3fb7e0a49f7f424b71bd,15/9-19,15/9-19 BT2,4071.9756,0,1,0.650399684079,1,0.650399684079,0.650399684079
reservoir_property_p51_r1-0ef440a79a6c325b9485,15/9-19,15/9-19 BT2,4074.1092,3,1,0.612965331479,1,0.612965331479,0.612965331479
reservoir_property_p51_r1-8b0dfe4fd19568417549,15/9-19,15/9-19 BT2,4076.2428,1,1,0.68307462825,1,0.68307462825,0.68307462825
reservoir_property_p51_r1-61d8c6da5f43e3c3a8c9,15/9-19,15/9-19 BT2,4078.3764,3,0.978100001812,0.615428869275,0.978100001812,0.615428869275,0.615428869275
reservoir_property_p51_r1-2c435b2f5ec28e30c92a,15/9-19,15/9-19 BT2,4080.51,1,1,0.422201325131,1,0.422201325131,0.422201325131
reservoir_property_p51_r1-1492cd74a90b4db31f7c,15/9-19,15/9-19 BT2,4082.6436,0,1,0.347578930158,1,0.347578930158,0.347578930158
reservoir_property_p51_r1-e4c619aa61e7c9c4c69e,15/9-19,15/9-19 BT2,4084.7772,1,0.995999991894,0.384939638915,0.995999991894,0.384939638915,0.384939638915
reservoir_property_p51_r1-0407ee04f6ddb66a1a56,15/9-19,15/9-19 BT2,4086.9108,0,1,0.400903778881,1,0.400903778881,0.400903778881
reservoir_property_p51_r1-74439ba92582a84ba471,15/9-19,15/9-19 BT2,4089.0444,0,1,0.38546936746,1,0.38546936746,0.38546936746
reservoir_property_p51_r1-9bf9284f92d26be1d274,15/9-19,15/9-19 BT2,4091.178,2,1,0.426119518284,1,0.426119518284,0.426119518284
reservoir_property_p51_r1-645867ec61a985871c4c,15/9-19,15/9-19 BT2,4093.3116,0,1,0.402961920962,1,0.402961920962,0.402961920962
reservoir_property_p51_r1-cfdf9b0049feed6a747f,15/9-19,15/9-19 BT2,4095.4452,0,0.865800023079,0.414659171072,0.865800023079,0.414659171072,0.414659171072
reservoir_property_p51_r1-52b3257a3ea06c05215f,15/9-19,15/9-19 BT2,4097.5788,3,0.973399996758,0.421870735194,0.973399996758,0.421870735194,0.421870735194
reservoir_property_p51_r1-c192d53d443568006318,15/9-19,15/9-19 BT2,4099.7124,3,1,0.517652919445,1,0.517652919445,0.517652919445
reservoir_property_p51_r1-7e7e6dcc83e62f16b2a7,15/9-19,15/9-19 BT2,4101.846,3,1,0.532066402121,1,0.532066402121,0.532066402121
reservoir_property_p51_r1-8053c6131cedcb32f61b,15/9-19,15/9-19 BT2,4103.9796,1,1,0.508770912687,1,0.508770912687,0.508770912687
reservoir_property_p51_r1-fb3cceeb3a4ce1d6fd01,15/9-19,15/9-19 BT2,4106.1132,2,1,0.428862218615,1,0.428862218615,0.428862218615
reservoir_property_p51_r1-4e718ca88f4887b2bd0c,15/9-19,15/9-19 BT2,4108.2468,1,0.920199990273,0.439803157163,0.920199990273,0.439803157163,0.439803157163
reservoir_property_p51_r1-b418c56149f6ec7619f3,15/9-19,15/9-19 BT2,4110.3804,1,1,0.431319728636,1,0.431319728636,0.431319728636
reservoir_property_p51_r1-50ec9c8e748675c1780b,15/9-19,15/9-19 BT2,4112.514,1,1,0.433575156042,1,0.433575156042,0.433575156042
reservoir_property_p51_r1-61e6173eb6face567e7b,15/9-19,15/9-19 BT2,4114.6476,2,1,0.364558615777,1,0.364558615777,0.364558615777
reservoir_property_p51_r1-2b215e73c517e3d41ddc,15/9-19,15/9-19 BT2,4116.7812,3,1,0.346632126519,1,0.346632126519,0.346632126519
reservoir_property_p51_r1-b8eed999fd8eda807685,15/9-19,15/9-19 BT2,4118.9148,2,1,0.31318279137,1,0.31318279137,0.31318279137
reservoir_property_p51_r1-da56dacb5179280cfe8f,15/9-19,15/9-19 BT2,4121.0484,1,1,0.377274314259,1,0.377274314259,0.377274314259
reservoir_property_p51_r1-2670d98ab1ae8e8fa0c3,15/9-19,15/9-19 BT2,4123.182,3,1,0.308690957832,1,0.308690957832,0.308690957832
reservoir_property_p51_r1-bc5d03ad223768b5016a,15/9-19,15/9-19 BT2,4125.3156,2,1,0.308658709152,1,0.308658709152,0.308658709152
reservoir_property_p51_r1-be076e89fde786b423f8,15/9-19,15/9-19 BT2,4127.4492,2,1,0.28466022195,1,0.28466022195,0.28466022195
reservoir_property_p51_r1-56b8b3420a07934e1600,15/9-19,15/9-19 BT2,4129.5828,2,1,0.291912402244,1,0.291912402244,0.291912402244
reservoir_property_p51_r1-16ddefd7012a9ec1d84e,15/9-19,15/9-19 BT2,4131.7164,3,1,0.303058908146,1,0.303058908146,0.303058908146
reservoir_property_p51_r1-be453fb7f5b5fb6d6dc7,15/9-19,15/9-19 BT2,4133.85,1,0.9700999856,0.337882370405,0.9700999856,0.337882370405,0.337882370405
reservoir_property_p51_r1-0e5276b6055c5f46c990,15/9-19,15/9-19 BT2,4135.9836,0,1,0.347410319972,1,0.347410319972,0.347410319972
reservoir_property_p51_r1-75f3af5dea0fc3b8bc18,15/9-19,15/9-19 BT2,4138.1172,0,0.49509999156,0.378951198184,0.49509999156,0.378951198184,0.378951198184
reservoir_property_p51_r1-d8f352d5bffdfa9933a0,15/9-19,15/9-19 BT2,4140.2508,3,1,0.36276782016,1,0.36276782016,0.36276782016
reservoir_property_p51_r1-f57780042299ff0bb4c0,15/9-19,15/9-19 BT2,4142.3844,1,0.904100000858,0.325860937994,0.904100000858,0.325860937994,0.325860937994
reservoir_property_p51_r1-f7df0942c045e791ea97,15/9-19,15/9-19 BT2,4144.518,1,0.931500017643,0.290410068409,0.931500017643,0.290410068409,0.290410068409
reservoir_property_p51_r1-f77f21a917f8e2bb4453,15/9-19,15/9-19 BT2,4146.6516,3,0.888100028038,0.309703314762,0.888100028038,0.309703314762,0.309703314762
reservoir_property_p51_r1-90ae4a78ff185f815bbe,15/9-19,15/9-19 BT2,4148.7852,1,1,0.185261382857,1,0.185261382857,0.185261382857
reservoir_property_p51_r1-caf20a32eb1cce9b728d,15/9-19,15/9-19 BT2,4150.9188,2,1,0.196421156416,1,0.196421156416,0.196421156416
reservoir_property_p51_r1-b5581e403eb22a9df522,15/9-19,15/9-19 BT2,4153.0524,1,1,0.24558685639,1,0.24558685639,0.24558685639
reservoir_property_p51_r1-3fe00fa7843c63cb5069,15/9-19,15/9-19 BT2,4155.186,1,0.941399991512,0.255450492089,0.941399991512,0.255450492089,0.255450492089
reservoir_property_p51_r1-ee8199ff3b3d3a92dd3b,15/9-19,15/9-19 BT2,4157.3196,3,0.2757999897,0.336082520128,0.2757999897,0.336082520128,0.336082520128
reservoir_property_p51_r1-14303b1a409ae943241b,15/9-19,15/9-19 BT2,4159.4532,0,0.916100025177,0.254362813298,0.916100025177,0.254362813298,0.254362813298
reservoir_property_p51_r1-2424110cfa656c3e20ed,15/9-19,15/9-19 BT2,4161.5868,1,1,0.257410130665,1,0.257410130665,0.257410130665
reservoir_property_p51_r1-e4dcb87f43964bc42283,15/9-19,15/9-19 BT2,4163.7204,1,1,0.388918246286,1,0.388918246286,0.388918246286
reservoir_property_p51_r1-fa279f41172f2b46d8a7,15/9-19,15/9-19 BT2,4165.854,1,1,0.38441146363,1,0.38441146363,0.38441146363
reservoir_property_p51_r1-9a82322911d1538fb107,15/9-19,15/9-19 BT2,4167.9876,2,0.923099994659,0.454735110029,0.923099994659,0.454735110029,0.454735110029
reservoir_property_p51_r1-a5404e09df17407de685,15/9-19,15/9-19 BT2,4170.1212,1,1,0.345878649891,1,0.345878649891,0.345878649891
reservoir_property_p51_r1-b61032c8988d22de110d,15/9-19,15/9-19 BT2,4172.2548,3,0.913399994373,0.448288296807,0.913399994373,0.448288296807,0.448288296807
reservoir_property_p51_r1-5fd52a891c14eb2ec674,15/9-19,15/9-19 BT2,4174.3884,0,0.93900001049,0.442042541826,0.93900001049,0.442042541826,0.442042541826
reservoir_property_p51_r1-632b8d072ab14d84370f,15/9-19,15/9-19 BT2,4176.522,1,0.967999994755,0.482410546979,0.967999994755,0.482410546979,0.482410546979
reservoir_property_p51_r1-627fafe2433e9e258195,15/9-19,15/9-19 BT2,4178.6556,0,1,0.546781688428,1,0.546781688428,0.546781688428
reservoir_property_p51_r1-acc3e9ed568068a231eb,15/9-19,15/9-19 BT2,4180.7892,1,0.477499991655,0.826492588579,0.477499991655,0.826492588579,0.826492588579
reservoir_property_p51_r1-51047cca1addf691de5a,15/9-19,15/9-19 BT2,4182.9228,0,1,0.77674388517,1,0.77674388517,0.77674388517
reservoir_property_p51_r1-1778b37e8d76204de6b5,15/9-19,15/9-19 BT2,4185.0564,2,1,0.767227257583,1,0.767227257583,0.767227257583
reservoir_property_p51_r1-3732931f1dab15fb1ae8,15/9-19,15/9-19 BT2,4187.19,2,0.457700014114,0.812842781609,0.457700014114,0.812842781609,0.812842781609
reservoir_property_p51_r1-803d8dda07685417ac15,15/9-19,15/9-19 BT2,4189.3236,1,0.885100007057,0.951600290033,0.885100007057,0.951600290033,0.951600290033
reservoir_property_p51_r1-5d3a90b792abbdfd0416,15/9-19,15/9-19 BT2,4191.4572,1,1,1.03561043523,1,1.03561043523,1
reservoir_property_p51_r1-bc9998907f1ed9056af2,15/9-19,15/9-19 BT2,4193.5908,3,1,1.05368364441,1,1.05368364441,1
reservoir_property_p51_r1-3732ebca88252773d1c6,15/9-19,15/9-19 BT2,4195.7244,2,1,1.11920196386,1,1.11920196386,1
reservoir_property_p51_r1-a9cfe829449d62897cbd,15/9-19,15/9-19 SR,4269.9432,1,1,0.811267203783,1,0.811267203783,0.811267203783
reservoir_property_p51_r1-ce358540f331435b66ce,15/9-19,15/9-19 SR,4273.9056,1,1,0.879692244786,1,0.879692244786,0.879692244786
reservoir_property_p51_r1-973bba9c487f6d73cebf,15/9-19,15/9-19 SR,4276.0392,1,1,0.876309737207,1,0.876309737207,0.876309737207
reservoir_property_p51_r1-d68e98e909894fe502d6,15/9-19,15/9-19 SR,4278.1728,1,1,0.887217601794,1,0.887217601794,0.887217601794
reservoir_property_p51_r1-28b363ee45458e731cb9,15/9-19,15/9-19 SR,4280.3064,3,1,0.961286677419,1,0.961286677419,0.961286677419
reservoir_property_p51_r1-f993a075275f6edf91a1,15/9-19,15/9-19 SR,4282.44,2,1,0.972944581471,1,0.972944581471,0.972944581471
reservoir_property_p51_r1-3e030bdce98d6f8dd264,15/9-19,15/9-19 SR,4284.5736,3,1,0.972553795265,1,0.972553795265,0.972553795265
reservoir_property_p51_r1-7891ab9dbb0ef5c467e6,15/9-19,15/9-19 SR,4286.7072,3,1,0.985697296478,1,0.985697296478,0.985697296478
reservoir_property_p51_r1-434c7020b5853ed800b6,15/9-19,15/9-19 SR,4288.8408,2,1,0.976183455292,1,0.976183455292,0.976183455292
reservoir_property_p51_r1-9e714c3b24a10192ce2e,15/9-19,15/9-19 SR,4290.9744,1,1,0.919172122807,1,0.919172122807,0.919172122807
reservoir_property_p51_r1-86ac012091ab82f4544d,15/9-19,15/9-19 SR,4293.108,1,1,0.960785457389,1,0.960785457389,0.960785457389
reservoir_property_p51_r1-30bf9051d53730f79a53,15/9-19,15/9-19 SR,4295.2416,2,1,0.952258218409,1,0.952258218409,0.952258218409
reservoir_property_p51_r1-ab62a2045b781330f8c6,15/9-19,15/9-19 SR,4297.375,2,1,0.996417432713,1,0.996417432713,0.996417432713
reservoir_property_p51_r1-e0a592a358fb01109913,15/9-19,15/9-19 SR,4299.5088,0,1,1.01876853464,1,1.01876853464,1
reservoir_property_p51_r1-aad3053a7097065a6859,15/9-F-1,15/9-F-1 A,3430.6,2,1,1.16534097837,1,1.16534097837,1
reservoir_property_p51_r1-75ae061e8f9000495219,15/9-F-1,15/9-F-1 A,3432.6,1,1,1.27671379112,1,1.27671379112,1
reservoir_property_p51_r1-0a608aa6cdb2229c0489,15/9-F-1,15/9-F-1 A,3434.6,1,0.882000029087,0.899779814491,0.882000029087,0.899779814491,0.899779814491
reservoir_property_p51_r1-6910121701041a982dc0,15/9-F-1,15/9-F-1 A,3436.6,0,1,0.500448948643,1,0.500448948643,0.500448948643
reservoir_property_p51_r1-f9474c1ca000994ce73a,15/9-F-1,15/9-F-1 A,3438.6,1,0.578899979591,0.607536562555,0.578899979591,0.607536562555,0.607536562555
reservoir_property_p51_r1-9bb7f858c0054bd2f092,15/9-F-1,15/9-F-1 A,3440.6,1,0.731100022793,0.645158170769,0.731100022793,0.645158170769,0.645158170769
reservoir_property_p51_r1-134adcc7a7ef74b8b1fd,15/9-F-1,15/9-F-1 A,3442.6,1,0.776400029659,0.562857799618,0.776400029659,0.562857799618,0.562857799618
reservoir_property_p51_r1-a5ef3e955e2caf730929,15/9-F-1,15/9-F-1 A,3444.6,2,0.83370000124,0.541344034032,0.83370000124,0.541344034032,0.541344034032
reservoir_property_p51_r1-c21a8e20da38350152a2,15/9-F-1,15/9-F-1 A,3446.6,0,0.669099986553,0.510313281652,0.669099986553,0.510313281652,0.510313281652
reservoir_property_p51_r1-6789f2fc7722bf724393,15/9-F-1,15/9-F-1 A,3448.6,2,0.930999994278,0.613501123792,0.930999994278,0.613501123792,0.613501123792
reservoir_property_p51_r1-9b3bf10d1cd101b1abdb,15/9-F-1,15/9-F-1 A,3450.6,0,1,0.588961408871,1,0.588961408871,0.588961408871
reservoir_property_p51_r1-cc78df5177291bcc05fe,15/9-F-1,15/9-F-1 A,3452.6,1,0.908500015736,0.746231569092,0.908500015736,0.746231569092,0.746231569092
reservoir_property_p51_r1-6404c6ada7cc14ccd560,15/9-F-1,15/9-F-1 A,3454.6,0,1,0.548354989472,1,0.548354989472,0.548354989472
reservoir_property_p51_r1-d569b961f92e47de34ec,15/9-F-1,15/9-F-1 A,3456.6,3,1,0.450939537322,1,0.450939537322,0.450939537322
reservoir_property_p51_r1-3d30c8bbdf16298b333d,15/9-F-1,15/9-F-1 A,3458.6,0,0.480699986219,0.485461264839,0.480699986219,0.485461264839,0.485461264839
reservoir_property_p51_r1-c771e76ce1b55bf86b75,15/9-F-1,15/9-F-1 A,3460.6,2,1,0.526223726198,1,0.526223726198,0.526223726198
reservoir_property_p51_r1-aac1d578d62b49e27099,15/9-F-1,15/9-F-1 A,3462.6,2,1,0.531582409139,1,0.531582409139,0.531582409139
reservoir_property_p51_r1-51c0bb52d7a801e51ed1,15/9-F-1,15/9-F-1 A,3464.6,0,0.962400019169,0.669611275276,0.962400019169,0.669611275276,0.669611275276
reservoir_property_p51_r1-4fcd5e516330d8543cfa,15/9-F-1,15/9-F-1 A,3466.6,2,1,0.709946618399,1,0.709946618399,0.709946618399
reservoir_property_p51_r1-4a7af87c28d0acdb3166,15/9-F-1,15/9-F-1 A,3468.6,1,0.808000028133,0.744272669345,0.808000028133,0.744272669345,0.744272669345
reservoir_property_p51_r1-a7c937b526bbdf6495eb,15/9-F-1,15/9-F-1 A,3470.6,1,1,0.760817971035,1,0.760817971035,0.760817971035
reservoir_property_p51_r1-fd91be1e31f5fd815739,15/9-F-1,15/9-F-1 A,3472.6,2,1,0.755000085038,1,0.755000085038,0.755000085038
reservoir_property_p51_r1-51f76c40fbfdb1cd5f02,15/9-F-1,15/9-F-1 A,3474.6,3,1,0.706951081256,1,0.706951081256,0.706951081256
reservoir_property_p51_r1-b2027021bb2ec38fadec,15/9-F-1,15/9-F-1 A,3476.6,2,0.994499981403,0.662899270513,0.994499981403,0.662899270513,0.662899270513
reservoir_property_p51_r1-50e39d5ae1f287b78378,15/9-F-1,15/9-F-1 A,3478.6,3,1,0.58791454931,1,0.58791454931,0.58791454931
reservoir_property_p51_r1-c821bc567d9ce6c62529,15/9-F-1,15/9-F-1 A,3480.6,0,0.960399985313,0.591910407206,0.960399985313,0.591910407206,0.591910407206
reservoir_property_p51_r1-1d1b55d28bbc1282df82,15/9-F-1,15/9-F-1 B,3251.3,0,0.581700026989,0.490491305271,0.581700026989,0.490491305271,0.490491305271
reservoir_property_p51_r1-a7f5b50b7828b740f7f5,15/9-F-1,15/9-F-1 B,3253.3,2,0.542299985886,0.397083564513,0.542299985886,0.397083564513,0.397083564513
reservoir_property_p51_r1-8a0cde04ad7968b79dc1,15/9-F-1,15/9-F-1 B,3255.3,2,0.277000010014,0.342502619589,0.277000010014,0.342502619589,0.342502619589
reservoir_property_p51_r1-c49556fbbe6bd89ff14c,15/9-F-1,15/9-F-1 B,3257.3,2,0.393099993467,0.512761643274,0.393099993467,0.512761643274,0.512761643274
reservoir_property_p51_r1-447b0ea12ecbb91646b2,15/9-F-1,15/9-F-1 B,3259.3,0,1,0.536320602621,1,0.536320602621,0.536320602621
reservoir_property_p51_r1-43fa187b112e89a1f121,15/9-F-1,15/9-F-1 B,3261.3,3,0.378199994564,0.466146272467,0.378199994564,0.466146272467,0.466146272467
reservoir_property_p51_r1-fca26ac5283f6c989911,15/9-F-1,15/9-F-1 B,3263.3,1,1,0.421211708846,1,0.421211708846,0.421211708846
reservoir_property_p51_r1-11d65665aa4d40745035,15/9-F-1,15/9-F-1 B,3265.3,0,0.10909999907,0.258433644633,0.10909999907,0.258433644633,0.258433644633
reservoir_property_p51_r1-212804f3c1ebd8e1a38b,15/9-F-1,15/9-F-1 B,3267.3,2,0.117299996316,0.24739336126,0.117299996316,0.24739336126,0.24739336126
reservoir_property_p51_r1-91f8c3e3fe8e4532fa25,15/9-F-1,15/9-F-1 B,3269.3,1,0.522400021553,0.386613707166,0.522400021553,0.386613707166,0.386613707166
reservoir_property_p51_r1-6804b84f98a8eeeae1bc,15/9-F-1,15/9-F-1 B,3271.3,3,0.288100004196,0.404389312101,0.288100004196,0.404389312101,0.404389312101
reservoir_property_p51_r1-1dc81ceae51063db4b29,15/9-F-1,15/9-F-1 B,3273.3,1,0.252000004053,0.33178638594,0.252000004053,0.33178638594,0.33178638594
reservoir_property_p51_r1-3e8d1cf4320503754e2e,15/9-F-1,15/9-F-1 B,3275.3,0,0.34889999032,0.433563520109,0.34889999032,0.433563520109,0.433563520109
reservoir_property_p51_r1-af2b8e676792777de942,15/9-F-1,15/9-F-1 B,3277.3,2,1,0.587554482,1,0.587554482,0.587554482
reservoir_property_p51_r1-ef4ca2efde74bb98ec32,15/9-F-1,15/9-F-1 B,3279.3,3,0.531700015068,0.50091999092,0.531700015068,0.50091999092,0.50091999092
reservoir_property_p51_r1-0102c564ecdfe0fa7b57,15/9-F-1,15/9-F-1 B,3281.3,2,0.391200006008,0.495279661905,0.391200006008,0.495279661905,0.495279661905
reservoir_property_p51_r1-9003136593df695f3de3,15/9-F-1,15/9-F-1 B,3283.3,0,0.603200018406,0.580108768751,0.603200018406,0.580108768751,0.580108768751
reservoir_property_p51_r1-fa77940f9659d8b0ae6e,15/9-F-1,15/9-F-1 B,3285.3,0,0.626699984074,0.561314807731,0.626699984074,0.561314807731,0.561314807731
reservoir_property_p51_r1-f721ec200134c2e177d3,15/9-F-1,15/9-F-1 B,3287.3,1,0.587899982929,0.522475493738,0.587899982929,0.522475493738,0.522475493738
reservoir_property_p51_r1-7cefea5c31860686b82f,15/9-F-1,15/9-F-1 B,3289.3,1,0.127399995923,0.362133882948,0.127399995923,0.362133882948,0.362133882948
reservoir_property_p51_r1-8f392a18ef7ebb897d89,15/9-F-1,15/9-F-1 B,3291.3,3,0.0868000015616,0.284294160634,0.0868000015616,0.284294160634,0.284294160634
reservoir_property_p51_r1-a1794b20e4c302e8b749,15/9-F-1,15/9-F-1 B,3293.3,2,0.13369999826,0.298367355273,0.13369999826,0.298367355273,0.298367355273
reservoir_property_p51_r1-da9ceeb7c0a1a928e2b1,15/9-F-1,15/9-F-1 B,3295.3,0,0.385399997234,0.403277862632,0.385399997234,0.403277862632,0.403277862632
reservoir_property_p51_r1-979302475eaa572d2e54,15/9-F-1,15/9-F-1 B,3297.3,1,0.375400006771,0.473441958639,0.375400006771,0.473441958639,0.473441958639
reservoir_property_p51_r1-9f7deba1998be3a1c08f,15/9-F-1,15/9-F-1 B,3299.3,3,0.373400002718,0.502342333541,0.373400002718,0.502342333541,0.502342333541
reservoir_property_p51_r1-f15d7a36e61d5b540c60,15/9-F-1,15/9-F-1 B,3301.3,3,0.347000002861,0.473127320538,0.347000002861,0.473127320538,0.473127320538
reservoir_property_p51_r1-c1d406b7e0c2f1f8a313,15/9-F-1,15/9-F-1 B,3303.3,1,0.326099991798,0.585729529954,0.326099991798,0.585729529954,0.585729529954
reservoir_property_p51_r1-aeb895029f772745ce88,15/9-F-1,15/9-F-1 B,3305.3,0,1,0.858511337033,1,0.858511337033,0.858511337033
reservoir_property_p51_r1-4fd8f693147220acbbbf,15/9-F-1,15/9-F-1 B,3313.5,3,1,0.785668483719,1,0.785668483719,0.785668483719
reservoir_property_p51_r1-f48a8c765f4b5d8fe8e2,15/9-F-1,15/9-F-1 B,3315.5,3,1,0.800509523711,1,0.800509523711,0.800509523711
reservoir_property_p51_r1-7c0918cccea0a1ed5fc7,15/9-F-1,15/9-F-1 B,3317.5,3,1,0.842416299496,1,0.842416299496,0.842416299496
reservoir_property_p51_r1-90916c854c0c8d605aec,15/9-F-1,15/9-F-1 B,3319.5,3,1,0.808568735228,1,0.808568735228,0.808568735228
reservoir_property_p51_r1-14dc5ee09f52fc7a06c8,15/9-F-1,15/9-F-1 B,3321.5,1,1,0.778937464432,1,0.778937464432,0.778937464432
reservoir_property_p51_r1-df38cce6f2a353ca4c82,15/9-F-1,15/9-F-1 B,3323.5,0,1,0.836405184962,1,0.836405184962,0.836405184962
reservoir_property_p51_r1-ac8d27be352cd4be88de,15/9-F-1,15/9-F-1 B,3325.5,1,1,0.826960552946,1,0.826960552946,0.826960552946
reservoir_property_p51_r1-b40a81d12f8998ebacbd,15/9-F-1,15/9-F-1 B,3327.5,0,0.908599972725,0.693566176187,0.908599972725,0.693566176187,0.693566176187
reservoir_property_p51_r1-770468663c804e3f3b51,15/9-F-1,15/9-F-1 B,3329.5,3,0.966199994087,0.564485381807,0.966199994087,0.564485381807,0.564485381807
reservoir_property_p51_r1-47a98aa288dd56c7002f,15/9-F-1,15/9-F-1 B,3331.5,3,0.902400016785,0.598199755915,0.902400016785,0.598199755915,0.598199755915
reservoir_property_p51_r1-ebdb5f9226406b8e60e7,15/9-F-1,15/9-F-1 B,3333.5,2,1,0.584179166095,1,0.584179166095,0.584179166095
reservoir_property_p51_r1-3dd64cebddac91036c1b,15/9-F-1,15/9-F-1 B,3335.5,3,1,0.662990283569,1,0.662990283569,0.662990283569
reservoir_property_p51_r1-9bf7f09f56c31772e573,15/9-F-1,15/9-F-1 C,3256.4,0,0.682200014591,0.410362287935,0.682200014591,0.410362287935,0.410362287935
reservoir_property_p51_r1-499c8257961ecf0b32c7,15/9-F-1,15/9-F-1 C,3258.4,0,0.79129999876,0.370791033203,0.79129999876,0.370791033203,0.370791033203
reservoir_property_p51_r1-9564e978f2d7f9ecffc1,15/9-F-1,15/9-F-1 C,3260.4,0,0.722000002861,0.383895227158,0.722000002861,0.383895227158,0.383895227158
reservoir_property_p51_r1-4ba15d2703aff84a4f66,15/9-F-1,15/9-F-1 C,3262.4,0,0.770200014114,0.383781594655,0.770200014114,0.383781594655,0.383781594655
reservoir_property_p51_r1-ddec7e403327aafa7547,15/9-F-1,15/9-F-1 C,3264.4,2,0.81559997797,0.398372686646,0.81559997797,0.398372686646,0.398372686646
reservoir_property_p51_r1-c0d1aa05916d64574a7d,15/9-F-1,15/9-F-1 C,3266.4,2,0.870599985123,0.482232592085,0.870599985123,0.482232592085,0.482232592085
reservoir_property_p51_r1-f95c1db32c44829f10fe,15/9-F-1,15/9-F-1 C,3268.4,0,0.951699972153,0.559533857099,0.951699972153,0.559533857099,0.559533857099
reservoir_property_p51_r1-58e03042adf77d71a7a9,15/9-F-1,15/9-F-1 C,3270.4,2,0.615100026131,0.482467501904,0.615100026131,0.482467501904,0.482467501904
reservoir_property_p51_r1-193e0d84a9e04194e714,15/9-F-1,15/9-F-1 C,3272.4,0,0.807399988174,0.348453167917,0.807399988174,0.348453167917,0.348453167917
reservoir_property_p51_r1-56a0121deac186e4c92e,15/9-F-1,15/9-F-1 C,3274.4,0,0.905499994755,0.362429951706,0.905499994755,0.362429951706,0.362429951706
reservoir_property_p51_r1-57540c878139f3e7b885,15/9-F-1,15/9-F-1 C,3276.4,2,0.6875,0.450415706267,0.6875,0.450415706267,0.450415706267
reservoir_property_p51_r1-7745b82b813f3281544d,15/9-F-1,15/9-F-1 C,3278.4,2,0.600499987602,0.676374501769,0.600499987602,0.676374501769,0.676374501769
reservoir_property_p51_r1-d9eea74e10622bfdb40f,15/9-F-1,15/9-F-1 C,3280.4,3,1,0.846287148486,1,0.846287148486,0.846287148486
reservoir_property_p51_r1-9708bf89831e2e1ddbb9,15/9-F-1,15/9-F-1 C,3282.4,0,1,0.736323473192,1,0.736323473192,0.736323473192
reservoir_property_p51_r1-3d6999b07016da8e4dd2,15/9-F-1,15/9-F-1 C,3284.4,1,0.849900007248,0.651300668034,0.849900007248,0.651300668034,0.651300668034
reservoir_property_p51_r1-1e6ec50ba3f83871060c,15/9-F-1,15/9-F-1 C,3286.4,2,0.599799990654,0.762846041577,0.599799990654,0.762846041577,0.762846041577
reservoir_property_p51_r1-61049786f69724dfd3c6,15/9-F-1,15/9-F-1 C,3288.4,3,0.38820001483,0.794593879739,0.38820001483,0.794593879739,0.794593879739
reservoir_property_p51_r1-7498d21f09127b2ec9db,15/9-F-1,15/9-F-1 C,3290.4,2,0.306499987841,0.809711270585,0.306499987841,0.809711270585,0.809711270585
reservoir_property_p51_r1-10e37b270250c49abbab,15/9-F-1,15/9-F-1 C,3292.4,0,0.699400007725,0.752647762191,0.699400007725,0.752647762191,0.752647762191
reservoir_property_p51_r1-b21a1cc4f346f7012cfe,15/9-F-1,15/9-F-1 C,3294.4,1,0.488499999046,0.762103822867,0.488499999046,0.762103822867,0.762103822867
reservoir_property_p51_r1-478bcbdead0a22362a21,15/9-F-1,15/9-F-1 C,3296.4,1,1,0.856854655229,1,0.856854655229,0.856854655229
reservoir_property_p51_r1-d9070657b0af55f701e2,15/9-F-1,15/9-F-1 C,3298.4,2,1,0.894331372602,1,0.894331372602,0.894331372602
reservoir_property_p51_r1-d11e3e84d76939e1557d,15/9-F-1,15/9-F-1 C,3300.4,0,1,0.920997219051,1,0.920997219051,0.920997219051
reservoir_property_p51_r1-df95c4ba92b23607f873,15/9-F-1,15/9-F-1 C,3302.4,2,1,0.897847958268,1,0.897847958268,0.897847958268
reservoir_property_p51_r1-1a8617e23f148c7b271c,15/9-F-1,15/9-F-1 C,3304.4,1,0.78560000658,0.868726593256,0.78560000658,0.868726593256,0.868726593256
reservoir_property_p51_r1-a0a102296c2a569cf3c2,15/9-F-1,15/9-F-1 C,3306.4,1,1,0.915229065773,1,0.915229065773,0.915229065773
reservoir_property_p51_r1-3b5ee07c5419afd8baf8,15/9-F-1,15/9-F-1 C,3308.4,2,0.745000004768,0.872174620424,0.745000004768,0.872174620424,0.872174620424
reservoir_property_p51_r1-9142446fb331784e64d5,15/9-F-1,15/9-F-1 C,3310.4,1,1,0.769418479463,1,0.769418479463,0.769418479463
reservoir_property_p51_r1-12495fa20fdce1b98b08,15/9-F-1,15/9-F-1 C,3312.4,3,1,0.765247826081,1,0.765247826081,0.765247826081
reservoir_property_p51_r1-30b182a551d77c5f0219,15/9-F-1,15/9-F-1 C,3314.4,1,0.863499999046,0.822388056464,0.863499999046,0.822388056464,0.822388056464
reservoir_property_p51_r1-60ce6548930e488162d8,15/9-F-1,15/9-F-1 C,3316.4,1,1,0.905039658532,1,0.905039658532,0.905039658532
reservoir_property_p51_r1-1bf6e850daad7da40b38,15/9-F-1,15/9-F-1 C,3318.4,2,1,0.962162976722,1,0.962162976722,0.962162976722
reservoir_property_p51_r1-83dcbf16c7e8335ab152,15/9-F-1,15/9-F-1 C,3320.4,0,1,0.990324729311,1,0.990324729311,0.990324729311
reservoir_property_p51_r1-b554df2ec8e93aa807c0,15/9-F-1,15/9-F-1 C,3322.4,1,1,1.03364027097,1,1.03364027097,1
reservoir_property_p51_r1-7b9a0e09bf3b95d71bf8,15/9-F-1,15/9-F-1 C,3324.4,0,1,0.975372766005,1,0.975372766005,0.975372766005
reservoir_property_p51_r1-02e8e4cb18f3b3035495,15/9-F-1,15/9-F-1 C,3326.4,2,0.988399982452,0.880488557605,0.988399982452,0.880488557605,0.880488557605
reservoir_property_p51_r1-e5770a80806c46b505c3,15/9-F-1,15/9-F-1 C,3328.4,2,0.915000021458,0.866608293167,0.915000021458,0.866608293167,0.866608293167
reservoir_property_p51_r1-d76c4522f03a16e172db,15/9-F-1,15/9-F-1 C,3330.4,1,1,0.905851155171,1,0.905851155171,0.905851155171
reservoir_property_p51_r1-5956aa274dd7175206b7,15/9-F-1,15/9-F-1 C,3332.4,3,0.94010001421,0.90298959078,0.94010001421,0.90298959078,0.90298959078
reservoir_property_p51_r1-96bcb573591fdb17de4a,15/9-F-1,15/9-F-1 C,3334.4,3,1,0.917252731187,1,0.917252731187,0.917252731187
reservoir_property_p51_r1-3114e073eda52e0924ce,15/9-F-1,15/9-F-1 C,3336.4,1,0.947600007057,0.943844998288,0.947600007057,0.943844998288,0.943844998288
reservoir_property_p51_r1-624fba37885a1612e998,15/9-F-1,15/9-F-1 C,3338.4,2,1,0.921968512503,1,0.921968512503,0.921968512503
reservoir_property_p51_r1-6d87c0e47d60c7e461c3,15/9-F-1,15/9-F-1 C,3340.4,0,0.564499974251,0.839701853252,0.564499974251,0.839701853252,0.839701853252
reservoir_property_p51_r1-95e61c82088ed71d3273,15/9-F-1,15/9-F-1 C,3342.4,3,0.261299997568,0.671012929612,0.261299997568,0.671012929612,0.671012929612
reservoir_property_p51_r1-33dc5df2eb7012f994c0,15/9-F-1,15/9-F-1 C,3344.4,0,0.208599999547,0.591996825616,0.208599999547,0.591996825616,0.591996825616
reservoir_property_p51_r1-509d4aa6b57df80c13ba,15/9-F-1,15/9-F-1 C,3346.4,2,0.659200012684,0.598326318966,0.659200012684,0.598326318966,0.598326318966
reservoir_property_p51_r1-ef3cf5c9a46c439f78e7,15/9-F-1,15/9-F-1 C,3348.4,3,0.465400010347,0.608693510124,0.465400010347,0.608693510124,0.608693510124
reservoir_property_p51_r1-0cb716fa81edb00e4c5f,15/9-F-1,15/9-F-1 C,3350.4,0,0.644299983978,0.601637503134,0.644299983978,0.601637503134,0.601637503134
reservoir_property_p51_r1-a5908c4ca521784f5656,15/9-F-1,15/9-F-1 C,3352.4,1,0.613399982452,0.625619615176,0.613399982452,0.625619615176,0.625619615176
reservoir_property_p51_r1-bdbe752575d8d6c5a091,15/9-F-1,15/9-F-1 C,3354.4,0,0.56400001049,0.639289918717,0.56400001049,0.639289918717,0.639289918717
reservoir_property_p51_r1-7e34034854d7aa9720f7,15/9-F-1,15/9-F-1 C,3356.4,2,0.603399991989,0.640713619713,0.603399991989,0.640713619713,0.640713619713
reservoir_property_p51_r1-b3c629b058da5928c7f7,15/9-F-1,15/9-F-1 C,3358.4,3,0.506099998951,0.630721293856,0.506099998951,0.630721293856,0.630721293856
reservoir_property_p51_r1-0eb06cea201ee5fed6ee,15/9-F-1,15/9-F-1 C,3360.4,3,0.395000010729,0.690254446159,0.395000010729,0.690254446159,0.690254446159
reservoir_property_p51_r1-7ca86d62982fd6d08d3b,15/9-F-1,15/9-F-1 C,3362.4,3,0.456900000572,0.734829996317,0.456900000572,0.734829996317,0.734829996317
reservoir_property_p51_r1-042e1ca7c88533c0826d,15/9-F-1,15/9-F-1 C,3364.4,0,0.549099981785,0.71142726267,0.549099981785,0.71142726267,0.71142726267
reservoir_property_p51_r1-4a3756bcdc4ebc7c7260,15/9-F-1,15/9-F-1 C,3366.4,0,0.595300018787,0.724824236648,0.595300018787,0.724824236648,0.724824236648
reservoir_property_p51_r1-a69a0b89ba0cba756b80,15/9-F-1,15/9-F-1 C,3368.4,0,0.514699995518,0.787636435627,0.514699995518,0.787636435627,0.787636435627
reservoir_property_p51_r1-a8e97937674cde660c3c,15/9-F-1,15/9-F-1 C,3370.4,3,1,0.921021922607,1,0.921021922607,0.921021922607
reservoir_property_p51_r1-a9e3ea21dc6a5404082c,15/9-F-1,15/9-F-1 C,3372.4,3,1,0.960411331749,1,0.960411331749,0.960411331749
reservoir_property_p51_r1-befcd435662d9692828f,15/9-F-1,15/9-F-1 C,3374.4,2,1,0.947121544672,1,0.947121544672,0.947121544672
reservoir_property_p51_r1-00dc6341a8a3a054bd46,15/9-F-1,15/9-F-1 C,3376.4,3,1,0.935146160273,1,0.935146160273,0.935146160273
reservoir_property_p51_r1-2466e2b1be0244cefaa7,15/9-F-1,15/9-F-1 C,3378.4,3,0.699400007725,0.875024277615,0.699400007725,0.875024277615,0.875024277615
reservoir_property_p51_r1-a1c997337cac1f85b308,15/9-F-1,15/9-F-1 C,3380.4,2,1,0.824547723222,1,0.824547723222,0.824547723222
reservoir_property_p51_r1-36741033958274258596,15/9-F-1,15/9-F-1 C,3382.4,1,1,0.825044342405,1,0.825044342405,0.825044342405
reservoir_property_p51_r1-48d528494f86f7e4cef3,15/9-F-1,15/9-F-1 C,3384.4,1,0.739000022411,0.838166253548,0.739000022411,0.838166253548,0.838166253548
reservoir_property_p51_r1-cd78ec5fe28cd0802b99,15/9-F-1,15/9-F-1 C,3386.4,1,0.897199988365,0.695508280938,0.897199988365,0.695508280938,0.695508280938
reservoir_property_p51_r1-1da1f447911489c8c336,15/9-F-1,15/9-F-1 C,3388.4,1,0.697399973869,0.527123286265,0.697399973869,0.527123286265,0.527123286265
reservoir_property_p51_r1-129fa5e4ee0fb8d647a1,15/9-F-1,15/9-F-1 C,3390.4,1,0.719200015068,0.497701957571,0.719200015068,0.497701957571,0.497701957571
reservoir_property_p51_r1-08923321315a5a9dec40,15/9-F-1,15/9-F-1 C,3392.4,2,0.685500025749,0.493634868046,0.685500025749,0.493634868046,0.493634868046
reservoir_property_p51_r1-146f429acf27e2366c6a,15/9-F-1,15/9-F-1 C,3394.4,1,0.66479998827,0.478047431168,0.66479998827,0.478047431168,0.478047431168
reservoir_property_p51_r1-e06f3962b5b7c6016511,15/9-F-1,15/9-F-1 C,3396.4,3,0.666899979115,0.480280951525,0.666899979115,0.480280951525,0.480280951525
reservoir_property_p51_r1-c946bb78d9d6171c6577,15/9-F-1,15/9-F-1 C,3398.4,1,0.689300000668,0.483635036151,0.689300000668,0.483635036151,0.483635036151
reservoir_property_p51_r1-0cbdb74b4232a9418edc,15/9-F-1,15/9-F-1 C,3400.4,2,0.675999999046,0.486616793153,0.675999999046,0.486616793153,0.486616793153
reservoir_property_p51_r1-70d0a995ec8fea1db94e,15/9-F-1,15/9-F-1 C,3402.4,3,0.734099984169,0.499670944937,0.734099984169,0.499670944937,0.499670944937
reservoir_property_p51_r1-a79575295799e7c4fb74,15/9-F-1,15/9-F-1 C,3404.4,0,0.717800021172,0.463516091757,0.717800021172,0.463516091757,0.463516091757
reservoir_property_p51_r1-655f050da4672440946f,15/9-F-1,15/9-F-1 C,3406.4,2,0.691100001335,0.504123317445,0.691100001335,0.504123317445,0.504123317445
reservoir_property_p51_r1-7042a59b12e123430ec3,15/9-F-1,15/9-F-1 C,3408.4,3,0.688700020313,0.499380434971,0.688700020313,0.499380434971,0.499380434971
reservoir_property_p51_r1-e424a28794876a3269fb,15/9-F-1,15/9-F-1 C,3410.4,1,0.693300008774,0.490767456475,0.693300008774,0.490767456475,0.490767456475
reservoir_property_p51_r1-295d9f6532ae86f3e955,15/9-F-1,15/9-F-1 C,3412.4,0,0.713800013065,0.478421066553,0.713800013065,0.478421066553,0.478421066553
reservoir_property_p51_r1-035713e249d526b47f61,15/9-F-1,15/9-F-1 C,3414.4,0,0.731999993324,0.476452741874,0.731999993324,0.476452741874,0.476452741874
reservoir_property_p51_r1-47dbad30b85efd0d33ba,15/9-F-1,15/9-F-1 C,3416.4,0,0.705299973488,0.494092249895,0.705299973488,0.494092249895,0.494092249895
reservoir_property_p51_r1-bd689894576fc8da0e9f,15/9-F-1,15/9-F-1 C,3418.4,0,0.681200027466,0.670348710936,0.681200027466,0.670348710936,0.670348710936
reservoir_property_p51_r1-16dfb7f5cedcf2890a6d,15/9-F-1,15/9-F-1 C,3420.4,3,0.826399981976,0.864418901052,0.826399981976,0.864418901052,0.864418901052
reservoir_property_p51_r1-10a9e848853f426e04bb,15/9-F-1,15/9-F-1 C,3422.4,3,0.493699997663,0.826957453924,0.493699997663,0.826957453924,0.826957453924
reservoir_property_p51_r1-cc9289b606e1860ad4eb,15/9-F-1,15/9-F-1 C,3424.4,0,0.746800005436,0.772687974346,0.746800005436,0.772687974346,0.772687974346
reservoir_property_p51_r1-54886ca16b1925f87382,15/9-F-1,15/9-F-1 C,3426.4,2,0.643199980259,0.830568982645,0.643199980259,0.830568982645,0.830568982645
reservoir_property_p51_r1-aa5844453c1caa83c139,15/9-F-1,15/9-F-1 C,3428.4,0,0.76599997282,0.7939128137,0.76599997282,0.7939128137,0.7939128137
reservoir_property_p51_r1-77819e732b1bb114c966,15/9-F-1,15/9-F-1 C,3430.4,3,0.612399995327,0.763275810207,0.612399995327,0.763275810207,0.763275810207
reservoir_property_p51_r1-b7d3facbf450ab5752c6,15/9-F-1,15/9-F-1 C,3432.4,0,0.935800015926,0.746634098045,0.935800015926,0.746634098045,0.746634098045
reservoir_property_p51_r1-7c835c15e6de2d684c99,15/9-F-1,15/9-F-1 C,3434.4,3,1,0.773132664108,1,0.773132664108,0.773132664108
reservoir_property_p51_r1-2bd7e9b7fcce07983cf9,15/9-F-1,15/9-F-1 C,3436.4,1,0.992699980736,0.711549636287,0.992699980736,0.711549636287,0.711549636287
reservoir_property_p51_r1-bf9520af291b67fb38bf,15/9-F-1,15/9-F-1 C,3438.4,0,0.999100029469,0.703419927101,0.999100029469,0.703419927101,0.703419927101
reservoir_property_p51_r1-e6629dba03b734f3197f,15/9-F-1,15/9-F-1 C,3440.4,0,1,0.710209432383,1,0.710209432383,0.710209432383
reservoir_property_p51_r1-46ee0e1cd9d073535586,15/9-F-1,15/9-F-1 C,3442.4,0,0.853399991989,0.720322774514,0.853399991989,0.720322774514,0.720322774514
reservoir_property_p51_r1-6f6aa3ba19a594fbbb03,15/9-F-1,15/9-F-1 C,3444.4,2,0.611299991608,0.771380276038,0.611299991608,0.771380276038,0.771380276038
reservoir_property_p51_r1-f97cfc8afce06e70e296,15/9-F-1,15/9-F-1 C,3446.4,0,0.900600016117,0.691823835639,0.900600016117,0.691823835639,0.691823835639
reservoir_property_p51_r1-018299254372bf512f17,15/9-F-1,15/9-F-1 C,3448.4,0,0.815699994564,0.681283444293,0.815699994564,0.681283444293,0.681283444293
reservoir_property_p51_r1-9923c0b7280967a24c7d,15/9-F-1,15/9-F-1 C,3450.4,1,0.400299996138,0.872312531949,0.400299996138,0.872312531949,0.872312531949
reservoir_property_p51_r1-12faccfa7a7f6ef68777,15/9-F-1,15/9-F-1 C,3452.4,0,1,0.995075017513,1,0.995075017513,0.995075017513
reservoir_property_p51_r1-a4c21308a01f49dbb210,15/9-F-1,15/9-F-1 C,3454.4,0,0.860099971294,0.899568883235,0.860099971294,0.899568883235,0.899568883235
reservoir_property_p51_r1-cec5c89fe707a03f454d,15/9-F-1,15/9-F-1 C,3456.4,2,0.870800018311,0.733986209473,0.870800018311,0.733986209473,0.733986209473
reservoir_property_p51_r1-7bd9b54afb7e855f8314,15/9-F-1,15/9-F-1 C,3458.4,2,0.814499974251,0.685773856688,0.814499974251,0.685773856688,0.685773856688
reservoir_property_p51_r1-f1cc8ccb33f7752c90d6,15/9-F-1,15/9-F-1 C,3460.4,3,0.664300024509,0.800709324356,0.664300024509,0.800709324356,0.800709324356
reservoir_property_p51_r1-f422844cb54c2cc16ac3,15/9-F-1,15/9-F-1 C,3462.4,0,1,0.779676556283,1,0.779676556283,0.779676556283
reservoir_property_p51_r1-5abe2eb568bf7ca22524,15/9-F-1,15/9-F-1 C,3464.4,3,0.417499989271,0.736833680206,0.417499989271,0.736833680206,0.736833680206
reservoir_property_p51_r1-57385567ecc10b535038,15/9-F-1,15/9-F-1 C,3466.4,1,1,0.739357924468,1,0.739357924468,0.739357924468
reservoir_property_p51_r1-420d072da6e2d5bb7d09,15/9-F-1,15/9-F-1 C,3468.4,0,0.674499988556,0.845060258149,0.674499988556,0.845060258149,0.845060258149
reservoir_property_p51_r1-b473273a84ec22ab820d,15/9-F-1,15/9-F-1 C,3470.4,2,1,0.903076894906,1,0.903076894906,0.903076894906
reservoir_property_p51_r1-90af29f89bf9aff66598,15/9-F-1,15/9-F-1 C,3472.4,3,0.589999973774,0.791452568839,0.589999973774,0.791452568839,0.791452568839
reservoir_property_p51_r1-4fb4039b269c95b1337d,15/9-F-1,15/9-F-1 C,3474.4,1,0.653699994087,0.737985582954,0.653699994087,0.737985582954,0.737985582954
reservoir_property_p51_r1-278ca57c72495271d131,15/9-F-1,15/9-F-1 C,3476.4,2,0.757099986076,0.839366824654,0.757099986076,0.839366824654,0.839366824654
reservoir_property_p51_r1-07fb20999c750a3e438d,15/9-F-1,15/9-F-1 C,3478.4,1,0.848500013351,0.808554809328,0.848500013351,0.808554809328,0.808554809328
reservoir_property_p51_r1-a80c52b727d63883e9da,15/9-F-1,15/9-F-1 C,3480.4,2,0.473500013351,0.670929850637,0.473500013351,0.670929850637,0.670929850637
reservoir_property_p51_r1-af5d67f7074fa503cdf2,15/9-F-1,15/9-F-1 C,3482.4,2,0.317999988794,0.473565659898,0.317999988794,0.473565659898,0.473565659898
reservoir_property_p51_r1-6e16b250f6988bf60dd4,15/9-F-1,15/9-F-1 C,3484.4,3,0.295599997044,0.425303507383,0.295599997044,0.425303507383,0.425303507383
reservoir_property_p51_r1-29ce95d2f01d944f9d16,15/9-F-1,15/9-F-1 C,3486.4,2,0.259400010109,0.426679938003,0.259400010109,0.426679938003,0.426679938003
reservoir_property_p51_r1-a7ebe1b252d51d97de74,15/9-F-1,15/9-F-1 C,3488.4,3,0.32049998641,0.449247799058,0.32049998641,0.449247799058,0.449247799058
reservoir_property_p51_r1-531b69dc787f5f2ad92a,15/9-F-1,15/9-F-1 C,3490.4,3,0.379700005054,0.458973149667,0.379700005054,0.458973149667,0.458973149667
reservoir_property_p51_r1-376389ed2845c6974776,15/9-F-1,15/9-F-1 C,3492.4,3,0.339100003242,0.436785331352,0.339100003242,0.436785331352,0.436785331352
reservoir_property_p51_r1-397288f88a2bcc3ff57a,15/9-F-1,15/9-F-1 C,3494.4,1,0.334300011396,0.436030910872,0.334300011396,0.436030910872,0.436030910872
reservoir_property_p51_r1-273b934d96084f1049e1,15/9-F-1,15/9-F-1 C,3496.4,3,0.44810000062,0.475396119111,0.44810000062,0.475396119111,0.475396119111
reservoir_property_p51_r1-541b5eda474ad6082248,15/9-F-1,15/9-F-1 C,3498.4,3,0.380299985409,0.452862495175,0.380299985409,0.452862495175,0.452862495175
reservoir_property_p51_r1-f0029116f50ae2c7db64,15/9-F-1,15/9-F-1 C,3500.4,2,0.406300008297,0.447936938719,0.406300008297,0.447936938719,0.447936938719
reservoir_property_p51_r1-e062cd592753855a09bf,15/9-F-1,15/9-F-1 C,3502.4,0,0.716300010681,0.474818531344,0.716300010681,0.474818531344,0.474818531344
reservoir_property_p51_r1-b1cea273a5ab54ad211e,15/9-F-1,15/9-F-1 C,3504.4,2,0.426200002432,0.553914403362,0.426200002432,0.553914403362,0.553914403362
reservoir_property_p51_r1-115ac0c6d4eccbbbd80f,15/9-F-1,15/9-F-1 C,3506.4,0,0.291900008917,0.473731014952,0.291900008917,0.473731014952,0.473731014952
reservoir_property_p51_r1-059bd7089a053c3b037c,15/9-F-1,15/9-F-1 C,3508.4,3,0.292499989271,0.482856059977,0.292499989271,0.482856059977,0.482856059977
reservoir_property_p51_r1-ca49ee327c06f211ae65,15/9-F-1,15/9-F-1 C,3510.4,2,0.259600013494,0.504294381087,0.259600013494,0.504294381087,0.504294381087
reservoir_property_p51_r1-4969fbb6217de7f9edc5,15/9-F-1,15/9-F-1 C,3512.4,1,0.232700005174,0.516566786229,0.232700005174,0.516566786229,0.516566786229
reservoir_property_p51_r1-c2708d8460a4f55572d6,15/9-F-1,15/9-F-1 C,3514.4,1,0.207300007343,0.480511046716,0.207300007343,0.480511046716,0.480511046716
reservoir_property_p51_r1-f322933f287d0cbf8739,15/9-F-1,15/9-F-1 C,3516.4,3,0.200800001621,0.456540258579,0.200800001621,0.456540258579,0.456540258579
reservoir_property_p51_r1-6107aaa8e5c5e6008960,15/9-F-1,15/9-F-1 C,3518.4,2,0.192300006747,0.42819625802,0.192300006747,0.42819625802,0.42819625802
reservoir_property_p51_r1-42889311602739c890d2,15/9-F-1,15/9-F-1 C,3520.4,1,0.199799999595,0.406060826086,0.199799999595,0.406060826086,0.406060826086
reservoir_property_p51_r1-d37a13c28387a45c757b,15/9-F-1,15/9-F-1 C,3522.4,2,0.2037999928,0.403733271301,0.2037999928,0.403733271301,0.403733271301
reservoir_property_p51_r1-2ab4be43e70c62f17a79,15/9-F-1,15/9-F-1 C,3524.4,0,0.215299993753,0.390072494139,0.215299993753,0.390072494139,0.390072494139
reservoir_property_p51_r1-e53fa83d28066b44fa28,15/9-F-1,15/9-F-1 C,3526.4,2,0.20909999311,0.437181394761,0.20909999311,0.437181394761,0.437181394761
reservoir_property_p51_r1-2de554a0096cda45e5d7,15/9-F-1,15/9-F-1 C,3528.4,2,0.209199994802,0.432554468287,0.209199994802,0.432554468287,0.432554468287
reservoir_property_p51_r1-5ea70aa21fe0b50c1fb7,15/9-F-1,15/9-F-1 C,3530.4,3,0.273699998856,0.625061556844,0.273699998856,0.625061556844,0.625061556844
reservoir_property_p51_r1-cc24e773f3328312900e,15/9-F-1,15/9-F-1 C,3532.4,3,0.623399972916,0.791161890863,0.623399972916,0.791161890863,0.791161890863
reservoir_property_p51_r1-14eb5fda52afcd403bfa,15/9-F-1,15/9-F-1 C,3534.4,0,0.432500004768,0.781012897029,0.432500004768,0.781012897029,0.781012897029
reservoir_property_p51_r1-5349d788f079aa0f292f,15/9-F-1,15/9-F-1 C,3536.4,0,1,0.808215563454,1,0.808215563454,0.808215563454
reservoir_property_p51_r1-b407d7cf140705ef71d6,15/9-F-1,15/9-F-1 C,3538.4,3,0.438300013542,0.784218902359,0.438300013542,0.784218902359,0.784218902359
reservoir_property_p51_r1-16fd310aadd1eb7ac135,15/9-F-1,15/9-F-1 C,3540.4,3,0.347699999809,0.68823793751,0.347699999809,0.68823793751,0.68823793751
reservoir_property_p51_r1-f480cac782acd6ae76db,15/9-F-1,15/9-F-1 C,3542.4,3,0.339899986982,0.597064107243,0.339899986982,0.597064107243,0.597064107243
reservoir_property_p51_r1-228c374d4a43deb8682c,15/9-F-1,15/9-F-1 C,3544.4,0,0.425999999046,0.510344382165,0.425999999046,0.510344382165,0.510344382165
reservoir_property_p51_r1-8d7cd3c1d080d1f47de2,15/9-F-1,15/9-F-1 C,3546.4,1,0.409900009632,0.507392595817,0.409900009632,0.507392595817,0.507392595817
reservoir_property_p51_r1-19aeee118c60d68728b4,15/9-F-1,15/9-F-1 C,3548.4,2,0.275499999523,0.473361359268,0.275499999523,0.473361359268,0.473361359268
reservoir_property_p51_r1-3e9f2275094b2a15ad3c,15/9-F-1,15/9-F-1 C,3550.4,3,0.235300004482,0.437397951266,0.235300004482,0.437397951266,0.437397951266
reservoir_property_p51_r1-60553ef5dc98256e04a1,15/9-F-1,15/9-F-1 C,3552.4,1,0.192699998617,0.368731887118,0.192699998617,0.368731887118,0.368731887118
reservoir_property_p51_r1-6bcbdac4ca3fde1b3973,15/9-F-1,15/9-F-1 C,3554.4,0,0.190999999642,0.388764112517,0.190999999642,0.388764112517,0.388764112517
reservoir_property_p51_r1-8a64b2dd0fafb17d7fd0,15/9-F-1,15/9-F-1 C,3556.4,0,0.657199978828,0.645465916113,0.657199978828,0.645465916113,0.645465916113
reservoir_property_p51_r1-0b36bc3c87efb4d9a062,15/9-F-1,15/9-F-1 C,3558.4,2,0.760599970818,0.724777651875,0.760599970818,0.724777651875,0.724777651875
reservoir_property_p51_r1-ecda6d90aefd46db5dfa,15/9-F-1,15/9-F-1 C,3560.4,1,0.229200005531,0.566066747792,0.229200005531,0.566066747792,0.566066747792
reservoir_property_p51_r1-f4b6904caeb581cd3bea,15/9-F-1,15/9-F-1 C,3562.4,0,0.457199990749,0.675751630319,0.457199990749,0.675751630319,0.675751630319
reservoir_property_p51_r1-920184b86eec47ece7af,15/9-F-1,15/9-F-1 C,3564.4,3,0.577799975872,0.811802328167,0.577799975872,0.811802328167,0.811802328167
reservoir_property_p51_r1-51e85605fd57b9f8512b,15/9-F-1,15/9-F-1 C,3566.4,0,0.490500003099,0.651263207278,0.490500003099,0.651263207278,0.651263207278
reservoir_property_p51_r1-12b1beb64cec49035009,15/9-F-1,15/9-F-1 C,3568.4,3,0.37270000577,0.605434297698,0.37270000577,0.605434297698,0.605434297698
reservoir_property_p51_r1-020ee7cb98405c38863b,15/9-F-1,15/9-F-1 C,3570.4,1,0.349900007248,0.603028040452,0.349900007248,0.603028040452,0.603028040452
reservoir_property_p51_r1-01f78c5a1321f41faf70,15/9-F-1,15/9-F-1 C,3572.4,2,0.175600007176,0.554575291913,0.175600007176,0.554575291913,0.554575291913
reservoir_property_p51_r1-04f96c20139a985fd84e,15/9-F-1,15/9-F-1 C,3574.4,3,0.227699995041,0.444081775676,0.227699995041,0.444081775676,0.444081775676
reservoir_property_p51_r1-ce2a35b2108ed6e2a4e2,15/9-F-1,15/9-F-1 C,3576.4,1,0.493099987507,0.537296955872,0.493099987507,0.537296955872,0.537296955872
reservoir_property_p51_r1-5780191eb16843701dc7,15/9-F-1,15/9-F-1 C,3578.4,0,0.385699987411,0.502678308715,0.385699987411,0.502678308715,0.502678308715
reservoir_property_p51_r1-c3d1c22850ea775acccd,15/9-F-1,15/9-F-1 C,3580.4,1,0.274199992418,0.446434790333,0.274199992418,0.446434790333,0.446434790333
reservoir_property_p51_r1-acc1f6c62a70e2beade6,15/9-F-1,15/9-F-1 C,3582.4,2,0.310799986124,0.389032312319,0.310799986124,0.389032312319,0.389032312319
reservoir_property_p51_r1-141b8d39565e10341099,15/9-F-1,15/9-F-1 C,3584.4,0,0.275499999523,0.343672009135,0.275499999523,0.343672009135,0.343672009135
reservoir_property_p51_r1-8e5bddfc51f5e6c9022b,15/9-F-1,15/9-F-1 C,3586.4,0,0.230100005865,0.353030832384,0.230100005865,0.353030832384,0.353030832384
reservoir_property_p51_r1-e5c9a087aadbcfdde0da,15/9-F-1,15/9-F-1 C,3588.4,3,0.344099998474,0.537875133355,0.344099998474,0.537875133355,0.537875133355
reservoir_property_p51_r1-bc24d74d84186a04eb02,15/9-F-1,15/9-F-1 C,3590.4,1,0.477800011635,0.637545555962,0.477800011635,0.637545555962,0.637545555962
reservoir_property_p51_r1-46fc8c67ad67e9d8a04b,15/9-F-1,15/9-F-1 C,3592.4,1,0.27349999547,0.491379288868,0.27349999547,0.491379288868,0.491379288868
reservoir_property_p51_r1-c995a6c73686bffb2eef,15/9-F-1,15/9-F-1 C,3594.4,3,0.241899996996,0.543710961601,0.241899996996,0.543710961601,0.543710961601
reservoir_property_p51_r1-ea9e4a1f99295baec6ed,15/9-F-1,15/9-F-1 C,3596.4,2,0.838699996471,0.773194458422,0.838699996471,0.773194458422,0.773194458422
reservoir_property_p51_r1-7af0999630df8ffec28c,15/9-F-1,15/9-F-1 C,3598.4,3,1,0.794497663389,1,0.794497663389,0.794497663389
reservoir_property_p51_r1-e89484f645dc390ed598,15/9-F-1,15/9-F-1 C,3600.4,1,0.448199987411,0.620043353937,0.448199987411,0.620043353937,0.620043353937
reservoir_property_p51_r1-082955a177ea861a3f6d,15/9-F-1,15/9-F-1 C,3602.4,1,0.267500013113,0.415961168069,0.267500013113,0.415961168069,0.415961168069
reservoir_property_p51_r1-e5f827f0b74c4bb230cc,15/9-F-1,15/9-F-1 C,3604.4,2,0.275599986315,0.338253823662,0.275599986315,0.338253823662,0.338253823662
reservoir_property_p51_r1-ff3e9c7a33ce0ecc7b2d,15/9-F-1,15/9-F-1 C,3606.4,1,0.275499999523,0.428133616845,0.275499999523,0.428133616845,0.428133616845
reservoir_property_p51_r1-c4e164834bb7bf5d0a12,15/9-F-1,15/9-F-1 C,3608.4,1,0.440699994564,0.625450403941,0.440699994564,0.625450403941,0.625450403941
reservoir_property_p51_r1-f436264f2c84463f062f,15/9-F-1,15/9-F-1 C,3610.4,1,1,0.758301252232,1,0.758301252232,0.758301252232
reservoir_property_p51_r1-e956d6449d92a5504421,15/9-F-1,15/9-F-1 C,3612.4,3,0.78719997406,0.61113917902,0.78719997406,0.61113917902,0.61113917902
reservoir_property_p51_r1-3e65d5315405fa2deb4e,15/9-F-1,15/9-F-1 C,3614.4,2,0.115299999714,0.36971999659,0.115299999714,0.36971999659,0.36971999659
reservoir_property_p51_r1-a8a4366930e9e156d433,15/9-F-1,15/9-F-1 C,3616.4,1,0.111900001764,0.280944624349,0.111900001764,0.280944624349,0.280944624349
reservoir_property_p51_r1-943cbea22a7b2e8cb4ec,15/9-F-1,15/9-F-1 C,3618.4,0,0.106499999762,0.232641973336,0.106499999762,0.232641973336,0.232641973336
reservoir_property_p51_r1-c50a9ba72d45442352e9,15/9-F-1,15/9-F-1 C,3620.4,0,0.100500002503,0.221501934823,0.100500002503,0.221501934823,0.221501934823
reservoir_property_p51_r1-755d1350f73139e1d4f5,15/9-F-1,15/9-F-1 C,3622.4,3,0.0923999994993,0.222925262444,0.0923999994993,0.222925262444,0.222925262444
reservoir_property_p51_r1-c98e3b901c340b1f666d,15/9-F-1,15/9-F-1 C,3624.4,2,0.107299998403,0.198502933537,0.107299998403,0.198502933537,0.198502933537
reservoir_property_p51_r1-bb56b5f28a0b8809e0d3,15/9-F-1,15/9-F-1 C,3626.4,2,0.0825999975204,0.21175306247,0.0825999975204,0.21175306247,0.21175306247
reservoir_property_p51_r1-65850f9e4cef9b13b7c0,15/9-F-1,15/9-F-1 C,3628.4,0,0.42429998517,0.302781967351,0.42429998517,0.302781967351,0.302781967351
reservoir_property_p51_r1-50ce5c055f12c947150e,15/9-F-1,15/9-F-1 C,3630.4,1,0.432099997997,0.344763676917,0.432099997997,0.344763676917,0.344763676917
reservoir_property_p51_r1-5f77b5280ebee07f3ae1,15/9-F-1,15/9-F-1 C,3632.4,2,0.150299996138,0.287817561975,0.150299996138,0.287817561975,0.287817561975
reservoir_property_p51_r1-462eea1f6d1b021fff77,15/9-F-1,15/9-F-1 C,3634.4,2,0.142599999905,0.290212355831,0.142599999905,0.290212355831,0.290212355831
reservoir_property_p51_r1-05327c09a59066db45b1,15/9-F-1,15/9-F-1 C,3636.4,0,0.209499999881,0.303044251811,0.209499999881,0.303044251811,0.303044251811
reservoir_property_p51_r1-8e1dd8eacee492aa5233,15/9-F-1,15/9-F-1 C,3638.4,1,0.23180000484,0.400866158085,0.23180000484,0.400866158085,0.400866158085
reservoir_property_p51_r1-09416647b9e12df9554a,15/9-F-1,15/9-F-1 C,3640.4,1,0.397100001574,0.419745810023,0.397100001574,0.419745810023,0.419745810023
reservoir_property_p51_r1-9eb4db61688f7222b6fd,15/9-F-1,15/9-F-1 C,3642.4,1,0.383700013161,0.395855789224,0.383700013161,0.395855789224,0.395855789224
reservoir_property_p51_r1-08679c2ecbe07909fca7,15/9-F-1,15/9-F-1 C,3644.4,3,0.324000000954,0.412969844266,0.324000000954,0.412969844266,0.412969844266
reservoir_property_p51_r1-b18d2157b670a6e5b4dc,15/9-F-1,15/9-F-1 C,3646.4,0,0.288500010967,0.344093029146,0.288500010967,0.344093029146,0.344093029146
reservoir_property_p51_r1-53cf7096323989062a21,15/9-F-1,15/9-F-1 C,3648.4,3,0.216100007296,0.342150244085,0.216100007296,0.342150244085,0.342150244085
reservoir_property_p51_r1-7777c21deb3feed40606,15/9-F-1,15/9-F-1 C,3650.4,0,0.308600008488,0.354281193903,0.308600008488,0.354281193903,0.354281193903
reservoir_property_p51_r1-7d680256b2485f46d76c,15/9-F-1,15/9-F-1 C,3652.4,0,0.270399987698,0.394801453062,0.270399987698,0.394801453062,0.394801453062
reservoir_property_p51_r1-66f34d91b2025fcb6d4c,15/9-F-1,15/9-F-1 C,3654.4,2,0.244499996305,0.40037342539,0.244499996305,0.40037342539,0.40037342539
reservoir_property_p51_r1-fe1a28ad8aff00800831,15/9-F-1,15/9-F-1 C,3656.4,1,0.195500001311,0.36815046637,0.195500001311,0.36815046637,0.36815046637
reservoir_property_p51_r1-c828206b0df30364f157,15/9-F-1,15/9-F-1 C,3658.4,0,0.278299987316,0.372601773779,0.278299987316,0.372601773779,0.372601773779
reservoir_property_p51_r1-cde2ac0b9ade74a04fff,15/9-F-1,15/9-F-1 C,3660.4,3,0.245299994946,0.399295656412,0.245299994946,0.399295656412,0.399295656412
reservoir_property_p51_r1-4db865c63ffe919895ac,15/9-F-1,15/9-F-1 C,3662.4,2,0.243799999356,0.427658695403,0.243799999356,0.427658695403,0.427658695403
reservoir_property_p51_r1-86afa6cae9bfcd2686f5,15/9-F-1,15/9-F-1 C,3664.4,1,0.376100003719,0.421814482898,0.376100003719,0.421814482898,0.421814482898
reservoir_property_p51_r1-750491a65bf0d0b28028,15/9-F-1,15/9-F-1 C,3666.4,0,0.409999996424,0.452130590245,0.409999996424,0.452130590245,0.452130590245
reservoir_property_p51_r1-3631a9a1369655d82557,15/9-F-1,15/9-F-1 C,3668.4,2,0.39509999752,0.500887130915,0.39509999752,0.500887130915,0.500887130915
reservoir_property_p51_r1-3e6867c523ff3a144175,15/9-F-1,15/9-F-1 C,3670.4,0,0.405000001192,0.502075988566,0.405000001192,0.502075988566,0.502075988566
reservoir_property_p51_r1-0b447027325c6e5f49d4,15/9-F-1,15/9-F-1 C,3672.4,1,0.660799980164,0.625186592349,0.660799980164,0.625186592349,0.625186592349
reservoir_property_p51_r1-21a0ea4df7de6e4dd932,15/9-F-1,15/9-F-1 C,3674.4,1,0.517300009727,0.620132783818,0.517300009727,0.620132783818,0.620132783818
reservoir_property_p51_r1-1efdb4696db59df31c18,15/9-F-1,15/9-F-1 C,3676.4,1,0.361400008202,0.563626687468,0.361400008202,0.563626687468,0.563626687468
reservoir_property_p51_r1-7947b9b012dae6a43f4c,15/9-F-1,15/9-F-1 C,3678.4,3,0.563399970531,0.545016603206,0.563399970531,0.545016603206,0.545016603206
reservoir_property_p51_r1-e2cf9faee7297db6c969,15/9-F-1,15/9-F-1 C,3680.4,1,0.413500010967,0.456217760566,0.413500010967,0.456217760566,0.456217760566
reservoir_property_p51_r1-553055e9b36e50046b00,15/9-F-1,15/9-F-1 C,3682.4,3,0.34169998765,0.41999336568,0.34169998765,0.41999336568,0.41999336568
reservoir_property_p51_r1-ff483c12531d6950262a,15/9-F-1,15/9-F-1 C,3684.4,1,0.437400013208,0.409330074895,0.437400013208,0.409330074895,0.409330074895
reservoir_property_p51_r1-1f14c31f5612f83ee856,15/9-F-1,15/9-F-1 C,3686.4,3,0.431499987841,0.443287646559,0.431499987841,0.443287646559,0.443287646559
reservoir_property_p51_r1-fcf6bf83664ef5eb81f5,15/9-F-1,15/9-F-1 C,3688.4,0,0.468400001526,0.450825090775,0.468400001526,0.450825090775,0.450825090775
reservoir_property_p51_r1-4fb444a44ffb4f81a844,15/9-F-1,15/9-F-1 C,3690.4,2,0.505599975586,0.509767385918,0.505599975586,0.509767385918,0.509767385918
reservoir_property_p51_r1-7d8d9c097b99b05820e4,15/9-F-1,15/9-F-1 C,3692.4,2,0.495799988508,0.503743091189,0.495799988508,0.503743091189,0.503743091189
reservoir_property_p51_r1-00ed150eb7a15dc9cb59,15/9-F-1,15/9-F-1 C,3694.4,3,0.521099984646,0.491119970675,0.521099984646,0.491119970675,0.491119970675
reservoir_property_p51_r1-f51858320ca43362c2ec,15/9-F-1,15/9-F-1 C,3696.4,3,0.492500007153,0.499426489113,0.492500007153,0.499426489113,0.499426489113
reservoir_property_p51_r1-a277a29e38073880c004,15/9-F-1,15/9-F-1 C,3698.4,3,0.483900010586,0.504603000214,0.483900010586,0.504603000214,0.504603000214
reservoir_property_p51_r1-9af0634fda669ec4fc3b,15/9-F-1,15/9-F-1 C,3700.4,1,0.443800002337,0.50536540296,0.443800002337,0.50536540296,0.50536540296
reservoir_property_p51_r1-29bfe1ded485b55a876e,15/9-F-1,15/9-F-1 C,3702.4,1,0.354600012302,0.535038328592,0.354600012302,0.535038328592,0.535038328592
reservoir_property_p51_r1-fdb0d3ceca7d61ac7bb9,15/9-F-1,15/9-F-1 C,3704.4,3,0.0819000005722,0.325314252726,0.0819000005722,0.325314252726,0.325314252726
reservoir_property_p51_r1-f96e00858f36f92b1c61,15/9-F-1,15/9-F-1 C,3706.4,0,0.0630000010133,0.0555335596694,0.0630000010133,0.0555335596694,0.0555335596694
reservoir_property_p51_r1-7a034133acdf087e1891,15/9-F-1,15/9-F-1 C,3708.4,3,0.0641999989748,0.186330090167,0.0641999989748,0.186330090167,0.186330090167
reservoir_property_p51_r1-ae5a17fa94f325388b86,15/9-F-1,15/9-F-1 C,3710.4,3,0.0688999965787,0.3420304245,0.0688999965787,0.3420304245,0.3420304245
reservoir_property_p51_r1-04f0ee18c99474dc5f97,15/9-F-1,15/9-F-1 C,3712.4,2,0.0989999994636,0.394808452039,0.0989999994636,0.394808452039,0.394808452039
reservoir_property_p51_r1-42cd80a89b9e1087c6f0,15/9-F-1,15/9-F-1 C,3714.4,3,0.0722000002861,0.344726876862,0.0722000002861,0.344726876862,0.344726876862
reservoir_property_p51_r1-f4da7a0fadf98f3d558d,15/9-F-1,15/9-F-1 C,3716.4,0,0.0710999965668,0.213938422153,0.0710999965668,0.213938422153,0.213938422153
reservoir_property_p51_r1-544fb09c4ecc246282e3,15/9-F-1,15/9-F-1 C,3718.4,2,0.0710000023246,0.280142041728,0.0710000023246,0.280142041728,0.280142041728
reservoir_property_p51_r1-d2db73d6e256ae6ce8d0,15/9-F-1,15/9-F-1 C,3720.4,2,0.0724999979138,0.285721965706,0.0724999979138,0.285721965706,0.285721965706
reservoir_property_p51_r1-36d1e4e75406d072cd0c,15/9-F-1,15/9-F-1 C,3722.4,1,0.0742999985814,0.276949519495,0.0742999985814,0.276949519495,0.276949519495
reservoir_property_p51_r1-301d29b88e575c32061c,15/9-F-1,15/9-F-1 C,3724.4,3,0.0764999985695,0.302422856652,0.0764999985695,0.302422856652,0.302422856652
reservoir_property_p51_r1-2b731dbad4ce101b90ed,15/9-F-1,15/9-F-1 C,3726.4,3,0.0724999979138,0.29651350487,0.0724999979138,0.29651350487,0.29651350487
reservoir_property_p51_r1-69c796ded3f33619f96b,15/9-F-1,15/9-F-1 C,3728.4,2,0.0763000026345,0.282940566705,0.0763000026345,0.282940566705,0.282940566705
reservoir_property_p51_r1-2c90cecad42085f079ef,15/9-F-1,15/9-F-1 C,3730.4,2,0.0837000012398,0.376111363633,0.0837000012398,0.376111363633,0.376111363633
reservoir_property_p51_r1-4a03767ff0f43f036a53,15/9-F-1,15/9-F-1 C,3732.4,0,0.0891000032425,0.312291457391,0.0891000032425,0.312291457391,0.312291457391
reservoir_property_p51_r1-7f91fcd14cf138a3f53d,15/9-F-1,15/9-F-1 C,3734.4,0,0.0728999972343,0.206533740196,0.0728999972343,0.206533740196,0.206533740196
reservoir_property_p51_r1-8f04e325fef1065d0346,15/9-F-1,15/9-F-1 C,3736.4,3,0.0714000016451,0.245296251087,0.0714000016451,0.245296251087,0.245296251087
reservoir_property_p51_r1-ec21d52d906d0f369e76,15/9-F-1,15/9-F-1 C,3738.4,1,0.0733999982476,0.254892567477,0.0733999982476,0.254892567477,0.254892567477
reservoir_property_p51_r1-855139a01fcbd6557d7e,15/9-F-1,15/9-F-1 C,3740.4,2,0.0807000026107,0.256991459978,0.0807000026107,0.256991459978,0.256991459978
reservoir_property_p51_r1-3eb3ef12499abaeda580,15/9-F-1,15/9-F-1 C,3742.4,3,0.0807000026107,0.266396292032,0.0807000026107,0.266396292032,0.266396292032
reservoir_property_p51_r1-9bc204eaa04f0df93517,15/9-F-1,15/9-F-1 C,3744.4,2,0.0829000025988,0.285970953666,0.0829000025988,0.285970953666,0.285970953666
reservoir_property_p51_r1-b90f7bc267dce3c15a67,15/9-F-1,15/9-F-1 C,3746.4,3,0.0869000032544,0.324875336746,0.0869000032544,0.324875336746,0.324875336746
reservoir_property_p51_r1-124901640e377dadf018,15/9-F-1,15/9-F-1 C,3748.4,1,0.0917999967933,0.358719141143,0.0917999967933,0.358719141143,0.358719141143
reservoir_property_p51_r1-81f388b4a19d13d9d670,15/9-F-1,15/9-F-1 C,3750.4,2,0.0855000019073,0.351207237972,0.0855000019073,0.351207237972,0.351207237972
reservoir_property_p51_r1-21cde2aa1781f9502305,15/9-F-1,15/9-F-1 C,3752.4,3,0.0815000012517,0.334234961926,0.0815000012517,0.334234961926,0.334234961926
reservoir_property_p51_r1-f6c4f06b001d386c1d9f,15/9-F-1,15/9-F-1 C,3754.4,2,0.0725999996066,0.329949947321,0.0725999996066,0.329949947321,0.329949947321
reservoir_property_p51_r1-03868227a0f5c7bee779,15/9-F-1,15/9-F-1 C,3756.4,3,0.241099998355,0.428558029902,0.241099998355,0.428558029902,0.428558029902
reservoir_property_p51_r1-6195601ca872235d6c6d,15/9-F-1,15/9-F-1 C,3758.4,1,0.168099999428,0.512973032138,0.168099999428,0.512973032138,0.512973032138
reservoir_property_p51_r1-cac1e23aa51b219bd1b5,15/9-F-1,15/9-F-1 C,3760.4,1,0.0822999998927,0.391683681739,0.0822999998927,0.391683681739,0.391683681739
reservoir_property_p51_r1-08eef89c935957cec3d2,15/9-F-1,15/9-F-1 C,3762.4,2,0.0811000019312,0.29951216544,0.0811000019312,0.29951216544,0.29951216544
reservoir_property_p51_r1-045a290d36c59f5c285d,15/9-F-1,15/9-F-1 C,3764.4,0,0.101300001144,0.27816145924,0.101300001144,0.27816145924,0.27816145924
reservoir_property_p51_r1-8375a11f40380ac9f401,15/9-F-1,15/9-F-1 C,3766.4,3,0.151999995112,0.323426030368,0.151999995112,0.323426030368,0.323426030368
reservoir_property_p51_r1-4bd3cfa6eb02cd8d3ef3,15/9-F-1,15/9-F-1 C,3768.4,0,0.18520000577,0.334559547679,0.18520000577,0.334559547679,0.334559547679
reservoir_property_p51_r1-13216f41c5930253ffa5,15/9-F-1,15/9-F-1 C,3770.4,0,0.190200001001,0.357083189937,0.190200001001,0.357083189937,0.357083189937
reservoir_property_p51_r1-9c1a7bcad9ced6680164,15/9-F-1,15/9-F-1 C,3772.4,1,0.18029999733,0.335274484418,0.18029999733,0.335274484418,0.335274484418
reservoir_property_p51_r1-3366e4b81e8c570aa265,15/9-F-1,15/9-F-1 C,3774.4,2,0.175200000405,0.358551686218,0.175200000405,0.358551686218,0.358551686218
reservoir_property_p51_r1-ba72feec459c4c4e5d46,15/9-F-1,15/9-F-1 C,3776.4,2,0.207000002265,0.384362862115,0.207000002265,0.384362862115,0.384362862115
reservoir_property_p51_r1-09b099dd412cb91038ef,15/9-F-1,15/9-F-1 C,3778.4,2,0.244800001383,0.404405548296,0.244800001383,0.404405548296,0.404405548296
reservoir_property_p51_r1-20ff2e8c938d64ad2aeb,15/9-F-1,15/9-F-1 C,3780.4,1,0.276399999857,0.41169603999,0.276399999857,0.41169603999,0.41169603999
reservoir_property_p51_r1-e8e76c27ca57a449b59b,15/9-F-1,15/9-F-1 C,3782.4,3,0.281300008297,0.397839479114,0.281300008297,0.397839479114,0.397839479114
reservoir_property_p51_r1-605aa0a32db7a01726a4,15/9-F-1,15/9-F-1 C,3784.4,1,0.28069999814,0.414707484118,0.28069999814,0.414707484118,0.414707484118
reservoir_property_p51_r1-ba446f63e05cfd361bf1,15/9-F-1,15/9-F-1 C,3786.4,2,0.315499991179,0.464200421714,0.315499991179,0.464200421714,0.464200421714
reservoir_property_p51_r1-a593adcdad16e6906d33,15/9-F-1,15/9-F-1 C,3788.4,0,0.25799998641,0.443874225277,0.25799998641,0.443874225277,0.443874225277
reservoir_property_p51_r1-bb6f89b519ffdcb070fd,15/9-F-1,15/9-F-1 C,3790.4,3,0.262699991465,0.403955070433,0.262699991465,0.403955070433,0.403955070433
reservoir_property_p51_r1-fce3c720dae5c1be494d,15/9-F-1,15/9-F-1 C,3792.4,2,0.24699999392,0.417002908594,0.24699999392,0.417002908594,0.417002908594
reservoir_property_p51_r1-9191966153702c06a02b,15/9-F-1,15/9-F-1 C,3794.4,1,0.256799995899,0.42036527446,0.256799995899,0.42036527446,0.42036527446
reservoir_property_p51_r1-3a5dfa81d48a250bc948,15/9-F-1,15/9-F-1 C,3796.4,1,0.251599997282,0.397544558872,0.251599997282,0.397544558872,0.397544558872
reservoir_property_p51_r1-e8b05889358994ccf84c,15/9-F-1,15/9-F-1 C,3798.4,3,0.238199993968,0.396904080664,0.238199993968,0.396904080664,0.396904080664
reservoir_property_p51_r1-01c02dc1cfc4c3d53735,15/9-F-1,15/9-F-1 C,3800.4,3,0.254099994898,0.399786659129,0.254099994898,0.399786659129,0.399786659129
reservoir_property_p51_r1-f302379255a676b6ef9b,15/9-F-1,15/9-F-1 C,3802.4,3,0.309500008821,0.493762114002,0.309500008821,0.493762114002,0.493762114002
reservoir_property_p51_r1-42940977422a98a21685,15/9-F-1,15/9-F-1 C,3804.4,2,0.306499987841,0.569677006097,0.306499987841,0.569677006097,0.569677006097
reservoir_property_p51_r1-fb5b20e7c31e0b762f51,15/9-F-1,15/9-F-1 C,3806.4,2,0.301600009203,0.547880102607,0.301600009203,0.547880102607,0.547880102607
reservoir_property_p51_r1-f858465cb89a6c18a7ca,15/9-F-1,15/9-F-1 C,3808.4,0,0.308299988508,0.552490027138,0.308299988508,0.552490027138,0.552490027138
reservoir_property_p51_r1-e7e396e6701a55a97df0,15/9-F-1,15/9-F-1 C,3810.4,0,0.323300004005,0.538654922119,0.323300004005,0.538654922119,0.538654922119
reservoir_property_p51_r1-59f8876fd54ac30d28fc,15/9-F-1,15/9-F-1 C,3812.4,3,0.344999998808,0.510082448372,0.344999998808,0.510082448372,0.510082448372
reservoir_property_p51_r1-3fff96192b2fa45bf566,15/9-F-1,15/9-F-1 C,3814.4,1,0.332100003958,0.465676781884,0.332100003958,0.465676781884,0.465676781884
reservoir_property_p51_r1-95ebf4538f7c1e7ab36f,15/9-F-1,15/9-F-1 C,3816.4,0,0.322200000286,0.476483404631,0.322200000286,0.476483404631,0.476483404631
reservoir_property_p51_r1-4f930ba28ec368324cae,15/9-F-1,15/9-F-1 C,3818.4,0,0.356000006199,0.501685123032,0.356000006199,0.501685123032,0.501685123032
reservoir_property_p51_r1-d0881c309c1ba8bb05b8,15/9-F-1,15/9-F-1 C,3820.4,2,0.294800013304,0.490018968374,0.294800013304,0.490018968374,0.490018968374
reservoir_property_p51_r1-4218902d571f423829bc,15/9-F-1,15/9-F-1 C,3822.4,2,0.300599992275,0.474941097869,0.300599992275,0.474941097869,0.474941097869
reservoir_property_p51_r1-7a2c1336ebae3e99297a,15/9-F-1,15/9-F-1 C,3824.4,2,0.337900012732,0.471397779196,0.337900012732,0.471397779196,0.471397779196
reservoir_property_p51_r1-9e86ddeb2ecc9daf5fde,15/9-F-1,15/9-F-1 C,3826.4,0,0.323700010777,0.487518811148,0.323700010777,0.487518811148,0.487518811148
reservoir_property_p51_r1-98eeb49c6c134bddc3ee,15/9-F-1,15/9-F-1 C,3828.4,3,0.165700003505,0.505750988702,0.165700003505,0.505750988702,0.505750988702
reservoir_property_p51_r1-05435e92dee68b99d426,15/9-F-1,15/9-F-1 C,3830.4,1,0.202600002289,0.589503033628,0.202600002289,0.589503033628,0.589503033628
reservoir_property_p51_r1-a1ec867b20daf841392e,15/9-F-1,15/9-F-1 C,3832.4,0,0.201600000262,0.570446433564,0.201600000262,0.570446433564,0.570446433564
reservoir_property_p51_r1-267ea2cc67704d30e46b,15/9-F-1,15/9-F-1 C,3834.4,3,0.289099991322,0.410274746647,0.289099991322,0.410274746647,0.410274746647
reservoir_property_p51_r1-4112f45d3973237fc8d6,15/9-F-1,15/9-F-1 C,3836.4,2,0.29469999671,0.407922273253,0.29469999671,0.407922273253,0.407922273253
reservoir_property_p51_r1-382e7cf436ba8f4bb0d1,15/9-F-1,15/9-F-1 C,3838.4,3,0.22159999609,0.429045402369,0.22159999609,0.429045402369,0.429045402369
reservoir_property_p51_r1-94ff8fce5a7aa52ea896,15/9-F-1,15/9-F-1 C,3840.4,0,0.161200001836,0.412741439127,0.161200001836,0.412741439127,0.412741439127
reservoir_property_p51_r1-ea411ddbf749c0fd9553,15/9-F-1,15/9-F-1 C,3842.4,2,0.22349999845,0.581607461532,0.22349999845,0.581607461532,0.581607461532
reservoir_property_p51_r1-12b6709c467b953054f4,15/9-F-1,15/9-F-1 C,3844.4,1,0.334500014782,0.671939460497,0.334500014782,0.671939460497,0.671939460497
reservoir_property_p51_r1-55b65595f450dda8c392,15/9-F-1,15/9-F-1 C,3846.4,0,0.378199994564,0.57558709564,0.378199994564,0.57558709564,0.57558709564
reservoir_property_p51_r1-62caf19895a98641c21e,15/9-F-1,15/9-F-1 C,3848.4,0,0.337700009346,0.459592665732,0.337700009346,0.459592665732,0.459592665732
reservoir_property_p51_r1-dd53ef75f34194e1e8a6,15/9-F-1,15/9-F-1 C,3850.4,0,0.38560000062,0.49044272742,0.38560000062,0.49044272742,0.49044272742
reservoir_property_p51_r1-b2dec6e6134843c38516,15/9-F-1,15/9-F-1 C,3852.4,0,0.371699988842,0.513230775714,0.371699988842,0.513230775714,0.513230775714
reservoir_property_p51_r1-6fad57bcdfbbf2bcd1f7,15/9-F-1,15/9-F-1 C,3854.4,2,0.157900005579,0.439222626665,0.157900005579,0.439222626665,0.439222626665
reservoir_property_p51_r1-697e109b92ba3b007410,15/9-F-1,15/9-F-1 C,3856.4,3,0.336899995804,0.447565909543,0.336899995804,0.447565909543,0.447565909543
reservoir_property_p51_r1-af829e2355947060af07,15/9-F-1,15/9-F-1 C,3858.4,3,0.250699996948,0.46900224611,0.250699996948,0.46900224611,0.46900224611
reservoir_property_p51_r1-76ad0f5ec21ff5ff2823,15/9-F-1,15/9-F-1 C,3860.4,1,0.328399986029,0.490137627949,0.328399986029,0.490137627949,0.490137627949
reservoir_property_p51_r1-aad64f6a37d4f0bd5a1c,15/9-F-1,15/9-F-1 C,3862.4,2,0.344799995422,0.50881189672,0.344799995422,0.50881189672,0.50881189672
reservoir_property_p51_r1-d0beb02e3c9b024b5885,15/9-F-1,15/9-F-1 C,3864.4,2,0.286199986935,0.502935480316,0.286199986935,0.502935480316,0.502935480316
reservoir_property_p51_r1-e22cdafe9b69ef0e9e10,15/9-F-1,15/9-F-1 C,3866.4,0,0.331600010395,0.467466716751,0.331600010395,0.467466716751,0.467466716751
reservoir_property_p51_r1-093206e38714a894867a,15/9-F-1,15/9-F-1 C,3868.4,2,0.32310000062,0.48888158785,0.32310000062,0.48888158785,0.48888158785
reservoir_property_p51_r1-ac9d2946a91d60c8417a,15/9-F-1,15/9-F-1 C,3870.4,2,0.336600005627,0.478145540877,0.336600005627,0.478145540877,0.478145540877
reservoir_property_p51_r1-e92da989c2b82fba5863,15/9-F-1,15/9-F-1 C,3872.4,0,0.386099994183,0.465217398759,0.386099994183,0.465217398759,0.465217398759
reservoir_property_p51_r1-0b1302828dbd6094bf46,15/9-F-1,15/9-F-1 C,3874.4,1,0.460599988699,0.557739647568,0.460599988699,0.557739647568,0.557739647568
reservoir_property_p51_r1-0838af7d4ea1cc3fd9e2,15/9-F-1,15/9-F-1 C,3876.4,3,0.435600012541,0.612048885344,0.435600012541,0.612048885344,0.612048885344
reservoir_property_p51_r1-4ec0ab9ab9129e254850,15/9-F-1,15/9-F-1 C,3878.4,1,0.385399997234,0.578932134159,0.385399997234,0.578932134159,0.578932134159
reservoir_property_p51_r1-837470b4ddc4d107e0dc,15/9-F-1,15/9-F-1 C,3880.4,3,0.418999999762,0.508916088808,0.418999999762,0.508916088808,0.508916088808
reservoir_property_p51_r1-fd9030699cccb0ba748c,15/9-F-1,15/9-F-1 C,3882.4,0,0.486200004816,0.46321285283,0.486200004816,0.46321285283,0.46321285283
reservoir_property_p51_r1-6a0c954803c04a3be869,15/9-F-1,15/9-F-1 C,3884.4,3,0.469099998474,0.546885692252,0.469099998474,0.546885692252,0.546885692252
reservoir_property_p51_r1-12a14641533d44f030d9,15/9-F-1,15/9-F-1 C,3886.4,0,0.627900004387,0.589190533339,0.627900004387,0.589190533339,0.589190533339
reservoir_property_p51_r1-610f238a8ac88204cbc0,15/9-F-1,15/9-F-1 C,3888.4,1,0.780499994755,0.552359319596,0.780499994755,0.552359319596,0.552359319596
reservoir_property_p51_r1-01f8515a85590865c549,15/9-F-1,15/9-F-1 C,3890.4,0,0.114100001752,0.47048975387,0.114100001752,0.47048975387,0.47048975387
reservoir_property_p51_r1-ca843cb23cd3059f19be,15/9-F-1,15/9-F-1 C,3892.4,3,0.296700000763,0.485294617076,0.296700000763,0.485294617076,0.485294617076
reservoir_property_p51_r1-c042ae35e7963099e178,15/9-F-1,15/9-F-1 C,3894.4,3,0.501699984074,0.523990719288,0.501699984074,0.523990719288,0.523990719288
reservoir_property_p51_r1-b97130b2a7dff51daa7c,15/9-F-1,15/9-F-1 C,3896.4,2,0.697600007057,0.614039934385,0.697600007057,0.614039934385,0.614039934385
reservoir_property_p51_r1-0d3a45bc1be130cd4a6f,15/9-F-1,15/9-F-1 C,3898.4,1,1,0.700208130349,1,0.700208130349,0.700208130349
reservoir_property_p51_r1-a85d3896a8725808a87d,15/9-F-1,15/9-F-1 C,3900.4,1,0.167300000787,0.531953396237,0.167300000787,0.531953396237,0.531953396237
reservoir_property_p51_r1-a5527e3c22b58e3ee090,15/9-F-1,15/9-F-1 C,3902.4,1,0.173099994659,0.369849221218,0.173099994659,0.369849221218,0.369849221218
reservoir_property_p51_r1-aef9c0e6bab208a3550e,15/9-F-1,15/9-F-1 C,3904.4,3,0.160099998116,0.520479028562,0.160099998116,0.520479028562,0.520479028562
reservoir_property_p51_r1-9f141743614b7f5f4ce0,15/9-F-1,15/9-F-1 C,3906.4,2,1,0.715655802639,1,0.715655802639,0.715655802639
reservoir_property_p51_r1-f147ba49d7b6d8e1d4dd,15/9-F-1,15/9-F-1 C,3908.4,0,1,0.772898220337,1,0.772898220337,0.772898220337
reservoir_property_p51_r1-7f668c50b0bb868f435c,15/9-F-1,15/9-F-1 C,3910.4,2,1,0.72706435932,1,0.72706435932,0.72706435932
reservoir_property_p51_r1-1f6ff54056eacf9c8434,15/9-F-1,15/9-F-1 C,3912.4,3,0.711899995804,0.732733611709,0.711899995804,0.732733611709,0.732733611709
reservoir_property_p51_r1-97f25856559f94413277,15/9-F-1,15/9-F-1 C,3914.4,0,1,0.731555307426,1,0.731555307426,0.731555307426
reservoir_property_p51_r1-b201741b0b57f7407cd0,15/9-F-1,15/9-F-1 C,3916.4,3,0.727400004864,0.712095451392,0.727400004864,0.712095451392,0.712095451392
reservoir_property_p51_r1-1191d5e96b38a30358c4,15/9-F-1,15/9-F-1 C,3918.4,0,0.251100003719,0.514659839756,0.251100003719,0.514659839756,0.514659839756
reservoir_property_p51_r1-a16dd17f8adfdd4b0c24,15/9-F-1,15/9-F-1 C,3920.4,3,0.219999998808,0.353897623356,0.219999998808,0.353897623356,0.353897623356
reservoir_property_p51_r1-2401032525ae2f7f292a,15/9-F-1,15/9-F-1 C,3922.4,1,0.208100005984,0.328210428327,0.208100005984,0.328210428327,0.328210428327
reservoir_property_p51_r1-b9e9d2ecb18d014173f8,15/9-F-1,15/9-F-1 C,3924.4,3,0.207200005651,0.300758522998,0.207200005651,0.300758522998,0.300758522998
reservoir_property_p51_r1-8d90b3e5efd67c20315f,15/9-F-1,15/9-F-1 C,3926.4,3,0.202700003982,0.304492057063,0.202700003982,0.304492057063,0.304492057063
reservoir_property_p51_r1-d7a92628a0614e39eb74,15/9-F-1,15/9-F-1 C,3928.4,3,0.20640000701,0.318609620185,0.20640000701,0.318609620185,0.318609620185
reservoir_property_p51_r1-e60ee616cc8253e4675f,15/9-F-1,15/9-F-1 C,3930.4,0,0.216499999166,0.32426638523,0.216499999166,0.32426638523,0.32426638523
reservoir_property_p51_r1-b9490155e0952fea3d0f,15/9-F-1,15/9-F-1 C,3932.4,2,0.216100007296,0.32762801636,0.216100007296,0.32762801636,0.32762801636
reservoir_property_p51_r1-99ab9aa50a96ec3186bf,15/9-F-1,15/9-F-1 C,3934.4,3,0.195199996233,0.302829041598,0.195199996233,0.302829041598,0.302829041598
reservoir_property_p51_r1-6497c85aef2ae45fb25f,15/9-F-1,15/9-F-1 C,3936.4,3,0.193900004029,0.306664707641,0.193900004029,0.306664707641,0.306664707641
reservoir_property_p51_r1-1af04380f028821cdcd6,15/9-F-1,15/9-F-1 C,3938.4,1,0.15719999373,0.328471267174,0.15719999373,0.328471267174,0.328471267174
reservoir_property_p51_r1-c32e80a2b292eb802815,15/9-F-1,15/9-F-1 C,3940.4,3,0.161100000143,0.320351371889,0.161100000143,0.320351371889,0.320351371889
reservoir_property_p51_r1-9ad74011dc35d3393520,15/9-F-1,15/9-F-1 C,3942.4,3,0.175300002098,0.309133763161,0.175300002098,0.309133763161,0.309133763161
reservoir_property_p51_r1-733815aaebcac6f0a609,15/9-F-1,15/9-F-1 C,3944.4,3,0.217500001192,0.303040230089,0.217500001192,0.303040230089,0.303040230089
reservoir_property_p51_r1-9c2cec96a2eaee6a09b9,15/9-F-1,15/9-F-1 C,3946.4,2,0.222699999809,0.294574195182,0.222699999809,0.294574195182,0.294574195182
reservoir_property_p51_r1-02d63151f6b61b7e2e09,15/9-F-1,15/9-F-1 C,3948.4,2,0.232800006866,0.288609624756,0.232800006866,0.288609624756,0.288609624756
reservoir_property_p51_r1-1a4632d4c62d2f86c095,15/9-F-1,15/9-F-1 C,3950.4,2,0.247099995613,0.345985026461,0.247099995613,0.345985026461,0.345985026461
reservoir_property_p51_r1-e99767dfb2f0389aa7ad,15/9-F-1,15/9-F-1 C,3952.4,2,0.266400009394,0.415936326442,0.266400009394,0.415936326442,0.415936326442
reservoir_property_p51_r1-236377e53e79fac8921a,15/9-F-1,15/9-F-1 C,3954.4,3,0.299899995327,0.44620995415,0.299899995327,0.44620995415,0.44620995415
reservoir_property_p51_r1-2208f4108e2957a3e18c,15/9-F-1,15/9-F-1 C,3956.4,1,0.196500003338,0.415781873725,0.196500003338,0.415781873725,0.415781873725
reservoir_property_p51_r1-2ac8a0c2fc01b6cb96ff,15/9-F-1,15/9-F-1 C,3958.4,3,0.194199994206,0.413222723647,0.194199994206,0.413222723647,0.413222723647
reservoir_property_p51_r1-ce7f91ba5df597af692b,15/9-F-1,15/9-F-1 C,3960.4,2,0.248799994588,0.422314742591,0.248799994588,0.422314742591,0.422314742591
reservoir_property_p51_r1-cfc77cb6283d421930ff,15/9-F-1,15/9-F-1 C,3962.4,2,0.252999991179,0.428518084043,0.252999991179,0.428518084043,0.428518084043
reservoir_property_p51_r1-04ef7c44993772c8266c,15/9-F-1,15/9-F-1 C,3964.4,1,0.278699994087,0.502987186861,0.278699994087,0.502987186861,0.502987186861
reservoir_property_p51_r1-a83936984e82e8ef119f,15/9-F-1,15/9-F-1 C,3966.4,2,0.381700009108,0.571646480184,0.381700009108,0.571646480184,0.571646480184
reservoir_property_p51_r1-43441261396ef6a525e9,15/9-F-1,15/9-F-1 C,3968.4,1,0.114900000393,0.57807559736,0.114900000393,0.57807559736,0.57807559736
reservoir_property_p51_r1-24e338dadb9e85a9c68a,15/9-F-1,15/9-F-1 C,3970.4,2,0.518800020218,0.536986017772,0.518800020218,0.536986017772,0.536986017772
reservoir_property_p51_r1-355de649af6bb1c2973d,15/9-F-1,15/9-F-1 C,3972.4,2,0.261200010777,0.469503460012,0.261200010777,0.469503460012,0.469503460012
reservoir_property_p51_r1-48cb9457681bc4a32ca5,15/9-F-1,15/9-F-1 C,3974.4,3,0.196400001645,0.33167036265,0.196400001645,0.33167036265,0.33167036265
reservoir_property_p51_r1-df932ed3ab5192b9532e,15/9-F-1,15/9-F-1 C,3976.4,3,0.190200001001,0.284060983928,0.190200001001,0.284060983928,0.284060983928
reservoir_property_p51_r1-0b621fff49d111cf2ec8,15/9-F-1,15/9-F-1 C,3978.4,3,0.219400003552,0.318944930585,0.219400003552,0.318944930585,0.318944930585
reservoir_property_p51_r1-96de228ef19e63d1bcfb,15/9-F-1,15/9-F-1 C,3980.4,1,0.238700002432,0.349387113591,0.238700002432,0.349387113591,0.349387113591
reservoir_property_p51_r1-e7c9b17ab76ceff57a06,15/9-F-1,15/9-F-1 C,3982.4,3,0.278699994087,0.394724585159,0.278699994087,0.394724585159,0.394724585159
reservoir_property_p51_r1-977de4764f4e368efd39,15/9-F-1,15/9-F-1 C,3984.4,1,0.287900000811,0.438468434333,0.287900000811,0.438468434333,0.438468434333
reservoir_property_p51_r1-a9e43f65f53eb9b9030d,15/9-F-1,15/9-F-1 C,3986.4,2,0.313300013542,0.442271927482,0.313300013542,0.442271927482,0.442271927482
reservoir_property_p51_r1-1bc11256d1416b5b8639,15/9-F-1,15/9-F-1 C,3988.4,1,0.236800000072,0.362559582101,0.236800000072,0.362559582101,0.362559582101
reservoir_property_p51_r1-e03cabcef6c447d68859,15/9-F-1,15/9-F-1 C,3990.4,2,0.294900000095,0.377380187287,0.294900000095,0.377380187287,0.377380187287
reservoir_property_p51_r1-de06ffcd51e152945a75,15/9-F-1,15/9-F-1 C,3992.4,1,0.300999999046,0.385807608748,0.300999999046,0.385807608748,0.385807608748
reservoir_property_p51_r1-338271eaef11313314d9,15/9-F-1,15/9-F-1 C,3994.4,1,0.295300006866,0.419227870051,0.295300006866,0.419227870051,0.419227870051
reservoir_property_p51_r1-21c12698721891c08505,15/9-F-1,15/9-F-1 C,3996.4,2,0.257299989462,0.38922108433,0.257299989462,0.38922108433,0.38922108433
reservoir_property_p51_r1-afec8554a32f72ccb550,15/9-F-1,15/9-F-1 C,3998.4,2,0.253500014544,0.357394017066,0.253500014544,0.357394017066,0.357394017066
reservoir_property_p51_r1-d09f6f6ccab094f7f934,15/9-F-1,15/9-F-1 C,4000.4,3,0.271400004625,0.43078585872,0.271400004625,0.43078585872,0.43078585872
reservoir_property_p51_r1-326e4200828b8cf7a4ee,15/9-F-1,15/9-F-1 C,4002.4,0,0.281500011683,0.555580452043,0.281500011683,0.555580452043,0.555580452043
reservoir_property_p51_r1-dc8e1ff8a550599f477d,15/9-F-1,15/9-F-1 C,4004.4,0,1,0.750112249161,1,0.750112249161,0.750112249161
reservoir_property_p51_r1-11cacd923d904d2b1684,15/9-F-1,15/9-F-1 C,4017.4,3,1,0.858799876873,1,0.858799876873,0.858799876873
reservoir_property_p51_r1-cb368ec784eff6034189,15/9-F-1,15/9-F-1 C,4019.4,3,0.864499986172,0.830626655341,0.864499986172,0.830626655341,0.830626655341
reservoir_property_p51_r1-49ac46132b2c4927b08a,15/9-F-1,15/9-F-1 C,4021.4,1,0.779500007629,0.799905112307,0.779500007629,0.799905112307,0.799905112307
reservoir_property_p51_r1-8c98c607a2cd5759a679,15/9-F-1,15/9-F-1,3387,1,1,0.816993687104,1,0.816993687104,0.816993687104
reservoir_property_p51_r1-86e2eeaf44582632edef,15/9-F-1,15/9-F-1,3398.9,1,1,0.861883224977,1,0.861883224977,0.861883224977
reservoir_property_p51_r1-a17c63e4953d73d704ba,15/9-F-1,15/9-F-1,3400.9,3,1,0.862518262807,1,0.862518262807,0.862518262807
reservoir_property_p51_r1-027351b592eb9bbfc28a,15/9-F-1,15/9-F-1,3402.9,0,1,0.820446341225,1,0.820446341225,0.820446341225
reservoir_property_p51_r1-e280bd382b2cc3ed9c16,15/9-F-1,15/9-F-1,3404.9,0,1,0.807692106754,1,0.807692106754,0.807692106754
reservoir_property_p51_r1-7417961b8fdd15e9c0fd,15/9-F-1,15/9-F-1,3453.2,0,1,0.485147693171,1,0.485147693171,0.485147693171
reservoir_property_p51_r1-79976efc9ad503fecf16,15/9-F-1,15/9-F-1,3455.2,1,1,0.526078238613,1,0.526078238613,0.526078238613
reservoir_property_p51_r1-2276135502b0addc9a9c,15/9-F-11,15/9-F-11 A,3598.4,3,0.587999999523,0.730140582035,0.587999999523,0.730140582035,0.730140582035
reservoir_property_p51_r1-2c33f1e3be49414d8bba,15/9-F-11,15/9-F-11 A,3605,1,0.611000001431,0.678907211701,0.611000001431,0.678907211701,0.678907211701
reservoir_property_p51_r1-0bcda5fb40ef0c9fa97c,15/9-F-11,15/9-F-11 A,3607,2,0.365999996662,0.625945450572,0.365999996662,0.625945450572,0.625945450572
reservoir_property_p51_r1-a36f45dbe9e0275f46fe,15/9-F-11,15/9-F-11 A,3609,2,0.625999987125,0.661411597252,0.625999987125,0.661411597252,0.661411597252
reservoir_property_p51_r1-483a6ee25dac0b1b9a6e,15/9-F-11,15/9-F-11 A,3611,1,0.458999991417,0.808561631042,0.458999991417,0.808561631042,0.808561631042
reservoir_property_p51_r1-96c3cde807e05defa171,15/9-F-11,15/9-F-11 A,3613,2,0.218999996781,0.567864873749,0.218999996781,0.567864873749,0.567864873749
reservoir_property_p51_r1-4d03b60f402ca2c60ab0,15/9-F-11,15/9-F-11 A,3615,1,0.146999999881,0.407805088925,0.146999999881,0.407805088925,0.407805088925
reservoir_property_p51_r1-da65467c79283dfa31e9,15/9-F-11,15/9-F-11 A,3617,2,0.119000002742,0.33150330291,0.119000002742,0.33150330291,0.33150330291
reservoir_property_p51_r1-a86ec01268587ff65ca5,15/9-F-11,15/9-F-11 A,3619,2,0.146999999881,0.463002123807,0.146999999881,0.463002123807,0.463002123807
reservoir_property_p51_r1-5763d413da5d299d5ee1,15/9-F-11,15/9-F-11 A,3621,2,0.280999988317,0.459154301923,0.280999988317,0.459154301923,0.459154301923
reservoir_property_p51_r1-1417906868a00cc16b15,15/9-F-11,15/9-F-11 A,3623,1,0.186000004411,0.32890734505,0.186000004411,0.32890734505,0.32890734505
reservoir_property_p51_r1-94f6c5dafaf4a89baad9,15/9-F-11,15/9-F-11 A,3625,3,0.152999997139,0.296292216183,0.152999997139,0.296292216183,0.296292216183
reservoir_property_p51_r1-2ec8ce81b0f744bf68de,15/9-F-11,15/9-F-11 A,3627,3,0.370999991894,0.449076149274,0.370999991894,0.449076149274,0.449076149274
reservoir_property_p51_r1-51f56ed578336ce3a850,15/9-F-11,15/9-F-11 A,3629,0,0.384000003338,0.601631632106,0.384000003338,0.601631632106,0.601631632106
reservoir_property_p51_r1-0da2fd9fb307909936c1,15/9-F-11,15/9-F-11 A,3631,3,0.874000012875,0.478970472618,0.874000012875,0.478970472618,0.478970472618
reservoir_property_p51_r1-0811cb19bb55edd25c7b,15/9-F-11,15/9-F-11 A,3633,1,0.254000008106,0.368935153085,0.254000008106,0.368935153085,0.368935153085
reservoir_property_p51_r1-9276b3f95aab9ff0356a,15/9-F-11,15/9-F-11 A,3635,2,0.280999988317,0.36140267747,0.280999988317,0.36140267747,0.36140267747
reservoir_property_p51_r1-454b9b62a503ee0d6014,15/9-F-11,15/9-F-11 A,3637,1,0.412000000477,0.392121681736,0.412000000477,0.392121681736,0.392121681736
reservoir_property_p51_r1-5200bf8beb0216ffda71,15/9-F-11,15/9-F-11 A,3639,1,0.414999991655,0.422221194931,0.414999991655,0.422221194931,0.422221194931
reservoir_property_p51_r1-a3113f161d8b6552ca42,15/9-F-11,15/9-F-11 A,3641,3,0.363999992609,0.498588195042,0.363999992609,0.498588195042,0.498588195042
reservoir_property_p51_r1-48ffcc838a530575b8bb,15/9-F-11,15/9-F-11 A,3643,0,0.442000001669,0.499265179766,0.442000001669,0.499265179766,0.499265179766
reservoir_property_p51_r1-dbfc72017171fa315dfe,15/9-F-11,15/9-F-11 A,3645,2,0.476000010967,0.475283544549,0.476000010967,0.475283544549,0.475283544549
reservoir_property_p51_r1-9437fb7e4504db8b298a,15/9-F-11,15/9-F-11 A,3647,3,0.103000000119,0.441206461634,0.103000000119,0.441206461634,0.441206461634
reservoir_property_p51_r1-12984c9274a64598a201,15/9-F-11,15/9-F-11 A,3649,0,0.101999998093,0.354809277228,0.101999998093,0.354809277228,0.354809277228
reservoir_property_p51_r1-d211ce6c2ae283db3f82,15/9-F-11,15/9-F-11 A,3651,1,0.082999996841,0.401153966655,0.082999996841,0.401153966655,0.401153966655
reservoir_property_p51_r1-3e5419bcfbfe85daae76,15/9-F-11,15/9-F-11 A,3653,3,0.256000012159,0.564637953694,0.256000012159,0.564637953694,0.564637953694
reservoir_property_p51_r1-bb5b4e488c740d5376bc,15/9-F-11,15/9-F-11 A,3655,0,0.486999988556,0.563123552221,0.486999988556,0.563123552221,0.563123552221
reservoir_property_p51_r1-9c6d1fec47f513f940c7,15/9-F-11,15/9-F-11 A,3657,1,0.365999996662,0.412784168215,0.365999996662,0.412784168215,0.412784168215
reservoir_property_p51_r1-81911467babf28000bc1,15/9-F-11,15/9-F-11 A,3659,2,0.252000004053,0.483966333166,0.252000004053,0.483966333166,0.483966333166
reservoir_property_p51_r1-9371ab372d8527ca6562,15/9-F-11,15/9-F-11 A,3662.7,3,1,0.661568481844,1,0.661568481844,0.661568481844
reservoir_property_p51_r1-c8b6d8cf760a9a865abf,15/9-F-11,15/9-F-11 A,3664.7,3,0.286000013351,0.446529256126,0.286000013351,0.446529256126,0.446529256126
reservoir_property_p51_r1-0795efd0a96b7f6a20f2,15/9-F-11,15/9-F-11 A,3666.7,0,0.280000001192,0.34621107774,0.280000001192,0.34621107774,0.34621107774
reservoir_property_p51_r1-7ba9f672866db8c150d0,15/9-F-11,15/9-F-11 A,3668.7,3,0.312999993563,0.341473739448,0.312999993563,0.341473739448,0.341473739448
reservoir_property_p51_r1-41d382561985b8d43516,15/9-F-11,15/9-F-11 A,3670.7,3,0.29699999094,0.366009538025,0.29699999094,0.366009538025,0.366009538025
reservoir_property_p51_r1-81c422b3a9ad0bd4ead5,15/9-F-11,15/9-F-11 A,3672.7,3,0.319000005722,0.376744888682,0.319000005722,0.376744888682,0.376744888682
reservoir_property_p51_r1-75be831fea39e1abf0c2,15/9-F-11,15/9-F-11 A,3674.7,1,0.312999993563,0.390688441052,0.312999993563,0.390688441052,0.390688441052
reservoir_property_p51_r1-739f2c3d760239837e4b,15/9-F-11,15/9-F-11 A,3676.7,1,0.261999994516,0.383719390744,0.261999994516,0.383719390744,0.383719390744
reservoir_property_p51_r1-df9f602393d5aec6a331,15/9-F-11,15/9-F-11 A,3678.7,2,0.223000004888,0.386888903615,0.223000004888,0.386888903615,0.386888903615
reservoir_property_p51_r1-e478a2a6d95f4e616a38,15/9-F-11,15/9-F-11 A,3680.7,0,0.211999997497,0.390823188127,0.211999997497,0.390823188127,0.390823188127
reservoir_property_p51_r1-72205ae967d6dcde7894,15/9-F-11,15/9-F-11 A,3682.7,0,0.170000001788,0.41071834088,0.170000001788,0.41071834088,0.41071834088
reservoir_property_p51_r1-df5cc6fef39b0e892cef,15/9-F-11,15/9-F-11 A,3684.7,0,0.328999996185,0.42604521433,0.328999996185,0.42604521433,0.42604521433
reservoir_property_p51_r1-3417f16ff14123666416,15/9-F-11,15/9-F-11 A,3686.7,0,0.337000012398,0.438901309053,0.337000012398,0.438901309053,0.438901309053
reservoir_property_p51_r1-10ed48a7122d16610c16,15/9-F-11,15/9-F-11 A,3688.7,0,0.317999988794,0.435319269232,0.317999988794,0.435319269232,0.435319269232
reservoir_property_p51_r1-53dcc044e9c06b69103a,15/9-F-11,15/9-F-11 A,3690.7,2,0.33599999547,0.44081785058,0.33599999547,0.44081785058,0.44081785058
reservoir_property_p51_r1-143d5df53e02b68648b5,15/9-F-11,15/9-F-11 A,3692.7,1,0.305999994278,0.444651776256,0.305999994278,0.444651776256,0.444651776256
reservoir_property_p51_r1-14274388d2073f220099,15/9-F-11,15/9-F-11 A,3694.7,3,0.312000006437,0.429915737147,0.312000006437,0.429915737147,0.429915737147
reservoir_property_p51_r1-312d2ec3359d5ae951da,15/9-F-11,15/9-F-11 A,3696.7,2,0.347999989986,0.448524655719,0.347999989986,0.448524655719,0.448524655719
reservoir_property_p51_r1-97282a32c199c6cf131b,15/9-F-11,15/9-F-11 A,3698.7,3,0.523000001907,0.484030637577,0.523000001907,0.484030637577,0.484030637577
reservoir_property_p51_r1-2ef1688840c0a2b7233b,15/9-F-11,15/9-F-11 A,3700.7,1,0.509999990463,0.490222000659,0.509999990463,0.490222000659,0.490222000659
reservoir_property_p51_r1-29bad6490c6aff6583a0,15/9-F-11,15/9-F-11 A,3702.7,1,0.875999987125,0.597700487154,0.875999987125,0.597700487154,0.597700487154
reservoir_property_p51_r1-0e9de942bf17ec783902,15/9-F-11,15/9-F-11 B,3445.5,3,0.869000017643,0.604548425158,0.869000017643,0.604548425158,0.604548425158
reservoir_property_p51_r1-90d4e6df6ce860cd8519,15/9-F-11,15/9-F-11 B,3447.5,3,0.799000024796,0.601582044763,0.799000024796,0.601582044763,0.601582044763
reservoir_property_p51_r1-cfd1db741904f6373c32,15/9-F-11,15/9-F-11 B,3449.5,0,0.901000022888,0.685804421339,0.901000022888,0.685804421339,0.685804421339
reservoir_property_p51_r1-3d9e28ce47d9191d9484,15/9-F-11,15/9-F-11 B,3451.5,0,1,0.843203916172,1,0.843203916172,0.843203916172
reservoir_property_p51_r1-6306dacb3682ae1af4aa,15/9-F-11,15/9-F-11 B,3453.5,3,1,1.02594471186,1,1.02594471186,1
reservoir_property_p51_r1-5dd571d826737c228f8c,15/9-F-11,15/9-F-11 B,3455.5,0,1,1.19648036111,1,1.19648036111,1
reservoir_property_p51_r1-648080008eb5133d3e83,15/9-F-11,15/9-F-11 B,3458.9,3,1,1.01395638132,1,1.01395638132,1
reservoir_property_p51_r1-fe158b1677c7d212190a,15/9-F-11,15/9-F-11 B,3460.9,3,1,0.879646558994,1,0.879646558994,0.879646558994
reservoir_property_p51_r1-f1e5e1bd115cc228a0b3,15/9-F-11,15/9-F-11 B,3462.9,0,1,0.764814520669,1,0.764814520669,0.764814520669
reservoir_property_p51_r1-2857eefcec5abbfe01c2,15/9-F-11,15/9-F-11 B,3464.9,0,1,0.79103007044,1,0.79103007044,0.79103007044
reservoir_property_p51_r1-9ee851cd6618b8043330,15/9-F-11,15/9-F-11 B,3466.9,1,1,0.697503465721,1,0.697503465721,0.697503465721
reservoir_property_p51_r1-1098695489073fe9c070,15/9-F-11,15/9-F-11 B,3468.9,0,0.652999997139,0.48494242124,0.652999997139,0.48494242124,0.48494242124
reservoir_property_p51_r1-adc005c06bc79837891f,15/9-F-11,15/9-F-11 B,3470.9,0,0.116999998689,0.304721651322,0.116999998689,0.304721651322,0.304721651322
reservoir_property_p51_r1-686929943752f1c1c3e0,15/9-F-11,15/9-F-11 B,3472.9,3,0.112999998033,0.171073407649,0.112999998033,0.171073407649,0.171073407649
reservoir_property_p51_r1-d94f3a20d685bacfc84b,15/9-F-11,15/9-F-11 B,3474.9,1,0.112000003457,0.168074280514,0.112000003457,0.168074280514,0.168074280514
reservoir_property_p51_r1-3ccec8b1fe8fbd32167a,15/9-F-11,15/9-F-11 B,3476.9,0,0.10000000149,0.169789581921,0.10000000149,0.169789581921,0.169789581921
reservoir_property_p51_r1-0fbabeb82ab291fdbd94,15/9-F-11,15/9-F-11 B,3478.9,3,0.0939999967813,0.149377562783,0.0939999967813,0.149377562783,0.149377562783
reservoir_property_p51_r1-a874a5064432e2ee9bbc,15/9-F-11,15/9-F-11 B,3480.9,0,0.0939999967813,0.156818769177,0.0939999967813,0.156818769177,0.156818769177
reservoir_property_p51_r1-ffc52e2ee1b1dcdf3629,15/9-F-11,15/9-F-11 B,3482.9,1,0.0960000008345,0.136224208657,0.0960000008345,0.136224208657,0.136224208657
reservoir_property_p51_r1-d3fac9e7bd231e843505,15/9-F-11,15/9-F-11 B,3484.9,2,0.107000000775,0.150858152123,0.107000000775,0.150858152123,0.150858152123
reservoir_property_p51_r1-38f583584d468fcdbf67,15/9-F-11,15/9-F-11 B,3486.9,2,0.104999996722,0.168207739981,0.104999996722,0.168207739981,0.168207739981
reservoir_property_p51_r1-241524d3f4007aaf88d1,15/9-F-11,15/9-F-11 B,3488.9,0,0.108000002801,0.184012869725,0.108000002801,0.184012869725,0.184012869725
reservoir_property_p51_r1-53ff9655699d140f2290,15/9-F-11,15/9-F-11 B,3490.9,0,0.108999997377,0.218162585044,0.108999997377,0.218162585044,0.218162585044
reservoir_property_p51_r1-651c0a6d8866e822bd1e,15/9-F-11,15/9-F-11 B,3492.9,2,0.112000003457,0.232230914412,0.112000003457,0.232230914412,0.232230914412
reservoir_property_p51_r1-e269d292d10eba113584,15/9-F-11,15/9-F-11 B,3494.9,0,0.103000000119,0.236716575667,0.103000000119,0.236716575667,0.236716575667
reservoir_property_p51_r1-4ccbc016c9fad8300898,15/9-F-11,15/9-F-11 B,3496.9,2,0.0939999967813,0.214080419816,0.0939999967813,0.214080419816,0.214080419816
reservoir_property_p51_r1-7ef0d4b11f3a86c9d64a,15/9-F-11,15/9-F-11 B,3498.9,0,0.10000000149,0.114839457833,0.10000000149,0.114839457833,0.114839457833
reservoir_property_p51_r1-11b30ca8a00201b82bc4,15/9-F-11,15/9-F-11 B,3500.9,3,0.0960000008345,0.100655990976,0.0960000008345,0.100655990976,0.100655990976
reservoir_property_p51_r1-2a4f84080968dae361e9,15/9-F-11,15/9-F-11 B,3502.9,1,0.0909999981523,-0.00190482029502,0.0909999981523,-0.00190482029502,0
reservoir_property_p51_r1-ef0e2c9211b4b9ae4704,15/9-F-11,15/9-F-11 B,3504.9,1,0.122000001371,0.147118282309,0.122000001371,0.147118282309,0.147118282309
reservoir_property_p51_r1-ad78bdd621639d668826,15/9-F-11,15/9-F-11 B,3506.9,3,0.28900000453,0.454155365163,0.28900000453,0.454155365163,0.454155365163
reservoir_property_p51_r1-53697560f9c8420b458d,15/9-F-11,15/9-F-11 B,3508.9,0,0.224000006914,0.431717032952,0.224000006914,0.431717032952,0.431717032952
reservoir_property_p51_r1-b25600f9a09c16f436de,15/9-F-11,15/9-F-11 B,3510.9,0,0.192000001669,0.225913889986,0.192000001669,0.225913889986,0.225913889986
reservoir_property_p51_r1-b534b27eeb3a14e5c956,15/9-F-11,15/9-F-11 B,3512.9,1,0.133000001311,0.0555973145961,0.133000001311,0.0555973145961,0.0555973145961
reservoir_property_p51_r1-c501cf80d77fc142f2e6,15/9-F-11,15/9-F-11 B,3514.9,2,0.115999996662,0.125972260919,0.115999996662,0.125972260919,0.125972260919
reservoir_property_p51_r1-8765a8a1ca5ae4849e4e,15/9-F-11,15/9-F-11 B,3516.9,1,0.129999995232,0.171967940335,0.129999995232,0.171967940335,0.171967940335
reservoir_property_p51_r1-29786f55fe6a48646b00,15/9-F-11,15/9-F-11 B,3518.9,2,0.135000005364,0.343202708035,0.135000005364,0.343202708035,0.343202708035
reservoir_property_p51_r1-e54f3ede853940791747,15/9-F-11,15/9-F-11 B,3520.9,2,0.27500000596,0.397412449596,0.27500000596,0.397412449596,0.397412449596
reservoir_property_p51_r1-f19cec998dcfc0731e3a,15/9-F-11,15/9-F-11 B,3522.9,3,0.0740000009537,0.249109786025,0.0740000009537,0.249109786025,0.249109786025
reservoir_property_p51_r1-4c87334756d3f526ffe1,15/9-F-11,15/9-F-11 B,3524.9,1,0.0939999967813,0.145140544561,0.0939999967813,0.145140544561,0.145140544561
reservoir_property_p51_r1-e76f0c9fc46d6b2b5f36,15/9-F-11,15/9-F-11 B,3526.9,0,0.136999994516,0.152317350275,0.136999994516,0.152317350275,0.152317350275
reservoir_property_p51_r1-1881bde4211c284b6023,15/9-F-11,15/9-F-11 B,3528.9,0,0.370999991894,0.189398227065,0.370999991894,0.189398227065,0.189398227065
reservoir_property_p51_r1-ddfb534e9ee9ed326bc5,15/9-F-11,15/9-F-11 B,3530.9,1,0.486999988556,0.196744624763,0.486999988556,0.196744624763,0.196744624763
reservoir_property_p51_r1-3df20c4bf1cd1af07671,15/9-F-11,15/9-F-11 B,3532.9,1,0.52999997139,0.192827123846,0.52999997139,0.192827123846,0.192827123846
reservoir_property_p51_r1-31c85b7351c25b79182f,15/9-F-11,15/9-F-11 B,3534.9,2,0.493999987841,0.218176076568,0.493999987841,0.218176076568,0.218176076568
reservoir_property_p51_r1-aa577010aa68bd9c4dd8,15/9-F-11,15/9-F-11 B,3536.9,3,0.497000008821,0.218928752771,0.497000008821,0.218928752771,0.218928752771
reservoir_property_p51_r1-e6e215a9e7c95b560f2d,15/9-F-11,15/9-F-11 B,3538.9,3,0.391999989748,0.305576362185,0.391999989748,0.305576362185,0.305576362185
reservoir_property_p51_r1-839a7818e125cfaa86fe,15/9-F-11,15/9-F-11 B,3540.9,2,0.404000014067,0.42540695778,0.404000014067,0.42540695778,0.42540695778
reservoir_property_p51_r1-2c35a060da4d14bbbfe2,15/9-F-11,15/9-F-11 B,3542.9,0,0.340999990702,0.493844214186,0.340999990702,0.493844214186,0.493844214186
reservoir_property_p51_r1-6a1bc6ce4d6d44e5d3e1,15/9-F-11,15/9-F-11 B,3544.9,2,0.522000014782,0.585610565525,0.522000014782,0.585610565525,0.585610565525
reservoir_property_p51_r1-7cee715fda8c6114e8a9,15/9-F-11,15/9-F-11 B,3546.9,2,0.620999991894,0.608501624724,0.620999991894,0.608501624724,0.608501624724
reservoir_property_p51_r1-b781275227d406658da4,15/9-F-11,15/9-F-11 B,3548.9,1,0.388000011444,0.487993563363,0.388000011444,0.487993563363,0.487993563363
reservoir_property_p51_r1-26472212f19e4d5cc82a,15/9-F-11,15/9-F-11 B,3550.9,2,0.358000010252,0.493688101103,0.358000010252,0.493688101103,0.493688101103
reservoir_property_p51_r1-4dea09e7bdb3367016a4,15/9-F-11,15/9-F-11 B,3552.9,3,0.335000008345,0.504785869128,0.335000008345,0.504785869128,0.504785869128
reservoir_property_p51_r1-8ea3ab54245ef39eb50b,15/9-F-11,15/9-F-11 B,3554.9,1,0.559000015259,0.54203335754,0.559000015259,0.54203335754,0.54203335754
reservoir_property_p51_r1-e47af1f36b8ba7ce7791,15/9-F-11,15/9-F-11 B,3556.9,1,0.563000023365,0.603162678328,0.563000023365,0.603162678328,0.603162678328
reservoir_property_p51_r1-b49bccfe1873ece3ef49,15/9-F-11,15/9-F-11 B,3558.9,2,1,0.664589615981,1,0.664589615981,0.664589615981
reservoir_property_p51_r1-ed50bac9a729b02de97b,15/9-F-11,15/9-F-11 B,3560.9,2,0.5,0.645343134299,0.5,0.645343134299,0.645343134299
reservoir_property_p51_r1-fee30fb92561a6f42f46,15/9-F-11,15/9-F-11 B,3562.9,3,0.575999975204,0.545959559712,0.575999975204,0.545959559712,0.545959559712
reservoir_property_p51_r1-30916dd3d5e3af359097,15/9-F-11,15/9-F-11 B,3564.9,0,0.393999993801,0.521598759578,0.393999993801,0.521598759578,0.521598759578
reservoir_property_p51_r1-a1878b989fb7834f528e,15/9-F-11,15/9-F-11 B,3566.9,0,0.298999994993,0.487851699511,0.298999994993,0.487851699511,0.487851699511
reservoir_property_p51_r1-eeaf0d8873a91f7ae2b4,15/9-F-11,15/9-F-11 B,3568.9,2,0.261000007391,0.448761135362,0.261000007391,0.448761135362,0.448761135362
reservoir_property_p51_r1-b4b7129745ca4888c7a0,15/9-F-11,15/9-F-11 B,3570.9,2,0.206000000238,0.451006052664,0.206000000238,0.451006052664,0.451006052664
reservoir_property_p51_r1-0d4b973184b258cd5b15,15/9-F-11,15/9-F-11 B,3572.9,3,0.256999999285,0.472380330118,0.256999999285,0.472380330118,0.472380330118
reservoir_property_p51_r1-a0d7ce4ca83ab0edac54,15/9-F-11,15/9-F-11 B,3574.9,1,0.217999994755,0.415455580494,0.217999994755,0.415455580494,0.415455580494
reservoir_property_p51_r1-27d57cfd8243ebd7bd39,15/9-F-11,15/9-F-11 B,3576.9,1,0.261000007391,0.375205820775,0.261000007391,0.375205820775,0.375205820775
reservoir_property_p51_r1-86741ddf612cf378e7df,15/9-F-11,15/9-F-11 B,3578.9,2,0.252999991179,0.400342409095,0.252999991179,0.400342409095,0.400342409095
reservoir_property_p51_r1-bb8c78caac1ddd1c9791,15/9-F-11,15/9-F-11 B,3580.9,1,0.240999996662,0.371368662214,0.240999996662,0.371368662214,0.371368662214
reservoir_property_p51_r1-a3a012c96ec48b736404,15/9-F-11,15/9-F-11 B,3582.9,3,0.256000012159,0.394208331535,0.256000012159,0.394208331535,0.394208331535
reservoir_property_p51_r1-5e1c58a9679f78ab85e5,15/9-F-11,15/9-F-11 B,3584.9,2,0.284000009298,0.469775664166,0.284000009298,0.469775664166,0.469775664166
reservoir_property_p51_r1-160684d9fc57f78442cb,15/9-F-11,15/9-F-11 B,3586.9,0,0.423999994993,0.521574758229,0.423999994993,0.521574758229,0.521574758229
reservoir_property_p51_r1-36ff5195f0177f7566d5,15/9-F-11,15/9-F-11 B,3588.9,1,0.430999994278,0.421522960258,0.430999994278,0.421522960258,0.421522960258
reservoir_property_p51_r1-591d4d2eeabf4efb04ac,15/9-F-11,15/9-F-11 B,3590.9,3,0.221000000834,0.295307431105,0.221000000834,0.295307431105,0.295307431105
reservoir_property_p51_r1-6d6aa1dbeebaffadf7a5,15/9-F-11,15/9-F-11 B,3592.9,1,0.230000004172,0.221043724371,0.230000004172,0.221043724371,0.221043724371
reservoir_property_p51_r1-787ce6e4c42f703dfae9,15/9-F-11,15/9-F-11 B,3594.9,0,0.232999995351,0.250691880398,0.232999995351,0.250691880398,0.250691880398
reservoir_property_p51_r1-bf81a78e8e71c07b5297,15/9-F-11,15/9-F-11 B,3596.9,2,0.22499999404,0.290870365727,0.22499999404,0.290870365727,0.290870365727
reservoir_property_p51_r1-cf23b5c39606142bc8af,15/9-F-11,15/9-F-11 B,3598.9,0,0.381999999285,0.419169712474,0.381999999285,0.419169712474,0.419169712474
reservoir_property_p51_r1-a43ffd9ee350025338d2,15/9-F-11,15/9-F-11 B,3600.9,0,0.305999994278,0.495125409595,0.305999994278,0.495125409595,0.495125409595
reservoir_property_p51_r1-0b083cacfc5bf6c9b5fa,15/9-F-11,15/9-F-11 B,3602.9,2,0.33599999547,0.470891447861,0.33599999547,0.470891447861,0.470891447861
reservoir_property_p51_r1-f88371fe144940d96e0b,15/9-F-11,15/9-F-11 B,3604.9,2,0.361000001431,0.440759895241,0.361000001431,0.440759895241,0.440759895241
reservoir_property_p51_r1-cf3880095729b1c977e3,15/9-F-11,15/9-F-11 B,3606.9,1,0.36700001359,0.432508857391,0.36700001359,0.432508857391,0.432508857391
reservoir_property_p51_r1-3dd584bcb770d3a9742c,15/9-F-11,15/9-F-11 B,3608.9,3,0.430999994278,0.50158727749,0.430999994278,0.50158727749,0.50158727749
reservoir_property_p51_r1-a42073d03c4d99e778dd,15/9-F-11,15/9-F-11 B,3610.9,1,0.566999971867,0.580789116407,0.566999971867,0.580789116407,0.580789116407
reservoir_property_p51_r1-bfddcc190f7336e2e1e0,15/9-F-11,15/9-F-11 B,3612.9,0,0.573000013828,0.606085297203,0.573000013828,0.606085297203,0.606085297203
reservoir_property_p51_r1-bc3f53adad1058bc80d4,15/9-F-11,15/9-F-11 B,3614.9,3,0.134000003338,0.43140798386,0.134000003338,0.43140798386,0.43140798386
reservoir_property_p51_r1-34ca3ae0449ea83460fd,15/9-F-11,15/9-F-11 B,3616.9,3,0.0939999967813,0.303080589545,0.0939999967813,0.303080589545,0.303080589545
reservoir_property_p51_r1-f1cde8195e606a707382,15/9-F-11,15/9-F-11 B,3618.9,1,0.10000000149,0.225133136404,0.10000000149,0.225133136404,0.225133136404
reservoir_property_p51_r1-94c2b452a583c044c688,15/9-F-11,15/9-F-11 B,3620.9,3,0.097999997437,0.209882337845,0.097999997437,0.209882337845,0.209882337845
reservoir_property_p51_r1-cdfc1c957124413f0e9c,15/9-F-11,15/9-F-11 B,3622.9,0,0.0949999988079,0.226300622496,0.0949999988079,0.226300622496,0.226300622496
reservoir_property_p51_r1-5a92cefbd6d24aefb92d,15/9-F-11,15/9-F-11 B,3624.9,3,0.151999995112,0.443877868925,0.151999995112,0.443877868925,0.443877868925
reservoir_property_p51_r1-8dd638d1ac17a35b4485,15/9-F-11,15/9-F-11 B,3626.9,0,0.358999997377,0.609315186225,0.358999997377,0.609315186225,0.609315186225
reservoir_property_p51_r1-9500abdf619fe6171fd9,15/9-F-11,15/9-F-11 B,3628.9,1,0.178000003099,0.597656674683,0.178000003099,0.597656674683,0.597656674683
reservoir_property_p51_r1-f9310a8902fb514e250f,15/9-F-11,15/9-F-11 B,3630.9,0,0.444000005722,0.609568561798,0.444000005722,0.609568561798,0.609568561798
reservoir_property_p51_r1-216e3018bf0bb152050b,15/9-F-11,15/9-F-11 B,3632.9,0,0.658999979496,0.613848002276,0.658999979496,0.613848002276,0.613848002276
reservoir_property_p51_r1-2e272de25bbcfe62b162,15/9-F-11,15/9-F-11 B,3634.9,3,0.363999992609,0.520314043305,0.363999992609,0.520314043305,0.520314043305
reservoir_property_p51_r1-9373ac0a3c39fa99fe65,15/9-F-11,15/9-F-11 B,3636.9,0,0.513000011444,0.51118700975,0.513000011444,0.51118700975,0.51118700975
reservoir_property_p51_r1-e20e4e861303d327b81e,15/9-F-11,15/9-F-11 B,3638.9,1,0.379999995232,0.50519518862,0.379999995232,0.50519518862,0.50519518862
reservoir_property_p51_r1-7e447b89085f310f5d6c,15/9-F-11,15/9-F-11 B,3640.9,0,0.226999998093,0.457280585981,0.226999998093,0.457280585981,0.457280585981
reservoir_property_p51_r1-9ad652d67a6697e49d01,15/9-F-11,15/9-F-11 B,3642.9,0,0.256999999285,0.419678977236,0.256999999285,0.419678977236,0.419678977236
reservoir_property_p51_r1-8c2d621e2e768551458b,15/9-F-11,15/9-F-11 B,3644.9,3,0.194000005722,0.420443728967,0.194000005722,0.420443728967,0.420443728967
reservoir_property_p51_r1-ac36fb653b2657da7fa5,15/9-F-11,15/9-F-11 B,3646.9,3,0.187000006437,0.429360574535,0.187000006437,0.429360574535,0.429360574535
reservoir_property_p51_r1-74458b4cf7de675a5b27,15/9-F-11,15/9-F-11 B,3648.9,1,0.21400000155,0.44337321787,0.21400000155,0.44337321787,0.44337321787
reservoir_property_p51_r1-e4c2959754626ed15722,15/9-F-11,15/9-F-11 B,3650.9,1,0.277000010014,0.481285376848,0.277000010014,0.481285376848,0.481285376848
reservoir_property_p51_r1-04013f55c26da80cec29,15/9-F-11,15/9-F-11 B,3652.9,2,0.33599999547,0.477889392363,0.33599999547,0.477889392363,0.477889392363
reservoir_property_p51_r1-4b54aee4131376b32d32,15/9-F-11,15/9-F-11 B,3654.9,2,0.323000013828,0.454245345829,0.323000013828,0.454245345829,0.454245345829
reservoir_property_p51_r1-789d0f09b28a02318e19,15/9-F-11,15/9-F-11 B,3656.9,1,0.395000010729,0.479579782562,0.395000010729,0.479579782562,0.479579782562
reservoir_property_p51_r1-ecc92d5a88083a11eeaa,15/9-F-11,15/9-F-11 B,3658.9,2,0.430999994278,0.447618127116,0.430999994278,0.447618127116,0.447618127116
reservoir_property_p51_r1-e966b58ad21bae928fa0,15/9-F-11,15/9-F-11 B,3660.9,3,0.416999995708,0.346933666511,0.416999995708,0.346933666511,0.346933666511
reservoir_property_p51_r1-97de7605d675e6ebc361,15/9-F-11,15/9-F-11 B,3662.9,3,0.404000014067,0.2975851151,0.404000014067,0.2975851151,0.2975851151
reservoir_property_p51_r1-1f5f6af6dcc465525caf,15/9-F-11,15/9-F-11 B,3664.9,2,0.303000003099,0.274021222686,0.303000003099,0.274021222686,0.274021222686
reservoir_property_p51_r1-6506c671b715a318a48b,15/9-F-11,15/9-F-11 B,3666.9,2,0.138999998569,0.123759060355,0.138999998569,0.123759060355,0.123759060355
reservoir_property_p51_r1-b5b9dd3fac58c9339e4c,15/9-F-11,15/9-F-11 B,3668.9,1,0.101999998093,0.0163063160188,0.101999998093,0.0163063160188,0.0163063160188
reservoir_property_p51_r1-5ce2cf3af4d3f3787cfa,15/9-F-11,15/9-F-11 B,3670.9,2,0.0890000015497,0.102374927363,0.0890000015497,0.102374927363,0.102374927363
reservoir_property_p51_r1-a6872bba7fcb3134457d,15/9-F-11,15/9-F-11 B,3672.9,1,0.0930000022054,0.198746875651,0.0930000022054,0.198746875651,0.198746875651
reservoir_property_p51_r1-c2db6c21dd4028022a5e,15/9-F-11,15/9-F-11 B,3674.9,1,0.104000002146,0.185897376928,0.104000002146,0.185897376928,0.185897376928
reservoir_property_p51_r1-8b7d6b9f0fffdb434e8d,15/9-F-11,15/9-F-11 B,3676.9,1,0.097999997437,0.163171535556,0.097999997437,0.163171535556,0.163171535556
reservoir_property_p51_r1-c6c0c33dd8ea9c095f84,15/9-F-11,15/9-F-11 B,3678.9,2,0.097999997437,0.161107365789,0.097999997437,0.161107365789,0.161107365789
reservoir_property_p51_r1-945df4661d5309c0c4a4,15/9-F-11,15/9-F-11 B,3680.9,0,0.0989999994636,0.167163742625,0.0989999994636,0.167163742625,0.167163742625
reservoir_property_p51_r1-efef4e7bfca9dad1f3bd,15/9-F-11,15/9-F-11 B,3682.9,3,0.10000000149,0.182468574906,0.10000000149,0.182468574906,0.182468574906
reservoir_property_p51_r1-f110733904fa60120f28,15/9-F-11,15/9-F-11 B,3684.9,1,0.0949999988079,0.166707656447,0.0949999988079,0.166707656447,0.166707656447
reservoir_property_p51_r1-73865a1fe8d258150300,15/9-F-11,15/9-F-11 B,3686.9,0,0.0989999994636,0.183710155091,0.0989999994636,0.183710155091,0.183710155091
reservoir_property_p51_r1-e63d5b14679059d43067,15/9-F-11,15/9-F-11 B,3688.9,3,0.097000002861,0.205480663868,0.097000002861,0.205480663868,0.205480663868
reservoir_property_p51_r1-f92ab60fd18cb21cc8d3,15/9-F-11,15/9-F-11 B,3690.9,1,0.10000000149,0.171778991645,0.10000000149,0.171778991645,0.171778991645
reservoir_property_p51_r1-271e67c15b593ce8cbc2,15/9-F-11,15/9-F-11 B,3692.9,3,0.097999997437,0.164981227578,0.097999997437,0.164981227578,0.164981227578
reservoir_property_p51_r1-381b0f756e1727f5dee7,15/9-F-11,15/9-F-11 B,3694.9,3,0.10000000149,0.166750920271,0.10000000149,0.166750920271,0.166750920271
reservoir_property_p51_r1-8d38302e0aa39ea9502e,15/9-F-11,15/9-F-11 B,3696.9,1,0.10000000149,0.172475200186,0.10000000149,0.172475200186,0.172475200186
reservoir_property_p51_r1-7220f6c6b2d6255f807d,15/9-F-11,15/9-F-11 B,3698.9,1,0.097999997437,0.155963758702,0.097999997437,0.155963758702,0.155963758702
reservoir_property_p51_r1-d15bff6c6879eeedc94e,15/9-F-11,15/9-F-11 B,3700.9,0,0.101999998093,0.148214364784,0.101999998093,0.148214364784,0.148214364784
reservoir_property_p51_r1-bc599d2b5e52f02d582e,15/9-F-11,15/9-F-11 B,3702.9,3,0.0989999994636,0.169448361356,0.0989999994636,0.169448361356,0.169448361356
reservoir_property_p51_r1-0abbdf9adb7fbcb640a4,15/9-F-11,15/9-F-11 B,3704.9,2,0.10000000149,0.17174939959,0.10000000149,0.17174939959,0.17174939959
reservoir_property_p51_r1-8d2f46ed8dc0ef9c913e,15/9-F-11,15/9-F-11 B,3706.9,1,0.104000002146,0.178242531856,0.104000002146,0.178242531856,0.178242531856
reservoir_property_p51_r1-91fb1724fe6d44223c0f,15/9-F-11,15/9-F-11 B,3708.9,3,0.10000000149,0.170842980844,0.10000000149,0.170842980844,0.170842980844
reservoir_property_p51_r1-ec8fe64ab8359c21938f,15/9-F-11,15/9-F-11 B,3710.9,2,0.10000000149,0.169800419322,0.10000000149,0.169800419322,0.169800419322
reservoir_property_p51_r1-171a7d4e74c501520999,15/9-F-11,15/9-F-11 B,3712.9,0,0.104999996722,0.165307899821,0.104999996722,0.165307899821,0.165307899821
reservoir_property_p51_r1-bc2d22ebb44e6669d020,15/9-F-11,15/9-F-11 B,3714.9,1,0.108999997377,0.17550393793,0.108999997377,0.17550393793,0.17550393793
reservoir_property_p51_r1-5bab06a152b0a9d5b8de,15/9-F-11,15/9-F-11 B,3716.9,1,0.0989999994636,0.15585672537,0.0989999994636,0.15585672537,0.15585672537
reservoir_property_p51_r1-880e4d2f9de982458070,15/9-F-11,15/9-F-11 B,3718.9,0,0.097999997437,0.140537050516,0.097999997437,0.140537050516,0.140537050516
reservoir_property_p51_r1-e5d24bebcde6bb4a401e,15/9-F-11,15/9-F-11 B,3720.9,2,0.10000000149,0.159970174398,0.10000000149,0.159970174398,0.159970174398
reservoir_property_p51_r1-bae5adbd367892a474dd,15/9-F-11,15/9-F-11 B,3722.9,3,0.104000002146,0.173545134619,0.104000002146,0.173545134619,0.173545134619
reservoir_property_p51_r1-b64a11ce30e657638ae0,15/9-F-11,15/9-F-11 B,3724.9,3,0.104999996722,0.168509292837,0.104999996722,0.168509292837,0.168509292837
reservoir_property_p51_r1-195b0e50ee1f67cd1966,15/9-F-11,15/9-F-11 B,3726.9,2,0.101000003517,0.162601715175,0.101000003517,0.162601715175,0.162601715175
reservoir_property_p51_r1-b9d0bf549e8ac9278668,15/9-F-11,15/9-F-11 B,3728.9,3,0.101999998093,0.151573292653,0.101999998093,0.151573292653,0.151573292653
reservoir_property_p51_r1-5e4ca4c4b49c06f05522,15/9-F-11,15/9-F-11 B,3730.9,3,0.101999998093,0.153336107672,0.101999998093,0.153336107672,0.153336107672
reservoir_property_p51_r1-045a0df01fff4a2f0edf,15/9-F-11,15/9-F-11 B,3732.9,0,0.101999998093,0.156445313137,0.101999998093,0.156445313137,0.156445313137
reservoir_property_p51_r1-ca3f2fede876be127263,15/9-F-11,15/9-F-11 B,3734.9,3,0.101999998093,0.163235303776,0.101999998093,0.163235303776,0.163235303776
reservoir_property_p51_r1-02b5c582b0b4c57287da,15/9-F-11,15/9-F-11 B,3736.9,0,0.103000000119,0.159289594952,0.103000000119,0.159289594952,0.159289594952
reservoir_property_p51_r1-75c074ed5ac36bed1f91,15/9-F-11,15/9-F-11 B,3738.9,3,0.105999998748,0.162423783091,0.105999998748,0.162423783091,0.162423783091
reservoir_property_p51_r1-96a6b40c245f124eb6a0,15/9-F-11,15/9-F-11 B,3740.9,2,0.104999996722,0.168385614119,0.104999996722,0.168385614119,0.168385614119
reservoir_property_p51_r1-c601a8c637b0d00f0ad6,15/9-F-11,15/9-F-11 B,3742.9,1,0.101999998093,0.166984065424,0.101999998093,0.166984065424,0.166984065424
reservoir_property_p51_r1-537057ea14674f831085,15/9-F-11,15/9-F-11 B,3744.9,3,0.101000003517,0.159286360764,0.101000003517,0.159286360764,0.159286360764
reservoir_property_p51_r1-e56a573ae2bee60fa018,15/9-F-11,15/9-F-11 B,3746.9,1,0.101000003517,0.167329994564,0.101000003517,0.167329994564,0.167329994564
reservoir_property_p51_r1-ab8a3f317c9774c55324,15/9-F-11,15/9-F-11 B,3748.9,1,0.101000003517,0.169121277016,0.101000003517,0.169121277016,0.169121277016
reservoir_property_p51_r1-7bd923963c33925493b2,15/9-F-11,15/9-F-11 B,3750.9,0,0.101000003517,0.185633651742,0.101000003517,0.185633651742,0.185633651742
reservoir_property_p51_r1-f17660a0eb104eba7fcc,15/9-F-11,15/9-F-11 B,3752.9,3,0.101999998093,0.155168753559,0.101999998093,0.155168753559,0.155168753559
reservoir_property_p51_r1-50cf30df4fd979416436,15/9-F-11,15/9-F-11 B,3754.9,3,0.097999997437,0.154809979548,0.097999997437,0.154809979548,0.154809979548
reservoir_property_p51_r1-5bdf6b033bcc279276fa,15/9-F-11,15/9-F-11 B,3756.9,0,0.101000003517,0.191756931903,0.101000003517,0.191756931903,0.191756931903
reservoir_property_p51_r1-36bdce621e51bea1f4cb,15/9-F-11,15/9-F-11 B,3758.9,1,0.103000000119,0.191290565294,0.103000000119,0.191290565294,0.191290565294
reservoir_property_p51_r1-e67ec8e9cf34042f29bd,15/9-F-11,15/9-F-11 B,3760.9,3,0.0989999994636,0.177402080475,0.0989999994636,0.177402080475,0.177402080475
reservoir_property_p51_r1-6027e933216924007cca,15/9-F-11,15/9-F-11 B,3762.9,1,0.097999997437,0.203449142512,0.097999997437,0.203449142512,0.203449142512
reservoir_property_p51_r1-cadabb091b1399588e32,15/9-F-11,15/9-F-11 B,3764.9,2,0.0989999994636,0.204410578256,0.0989999994636,0.204410578256,0.204410578256
reservoir_property_p51_r1-f4fe23fcd2ea0aa35c2f,15/9-F-11,15/9-F-11 B,3766.9,0,0.0989999994636,0.193870159061,0.0989999994636,0.193870159061,0.193870159061
reservoir_property_p51_r1-9e2f7455d5c2d929f75d,15/9-F-11,15/9-F-11 B,3768.9,2,0.0949999988079,0.172315624132,0.0949999988079,0.172315624132,0.172315624132
reservoir_property_p51_r1-e3d3481a537d6783657e,15/9-F-11,15/9-F-11 B,3770.9,2,0.10000000149,0.1800061093,0.10000000149,0.1800061093,0.1800061093
reservoir_property_p51_r1-ab16de29693c4cb2ac96,15/9-F-11,15/9-F-11 B,3772.9,3,0.097000002861,0.165503062456,0.097000002861,0.165503062456,0.165503062456
reservoir_property_p51_r1-828809cec7435009c12d,15/9-F-11,15/9-F-11 B,3774.9,2,0.0960000008345,0.166334247454,0.0960000008345,0.166334247454,0.166334247454
reservoir_property_p51_r1-e811bbec3a14b0bfc77d,15/9-F-11,15/9-F-11 B,3776.9,1,0.0930000022054,0.174541310751,0.0930000022054,0.174541310751,0.174541310751
reservoir_property_p51_r1-c1c7d3a72c1b6e621c1b,15/9-F-11,15/9-F-11 B,3778.9,1,0.0949999988079,0.172462912367,0.0949999988079,0.172462912367,0.172462912367
reservoir_property_p51_r1-5a6a0b4ca4667826e5f9,15/9-F-11,15/9-F-11 B,3780.9,3,0.0949999988079,0.172758414498,0.0949999988079,0.172758414498,0.172758414498
reservoir_property_p51_r1-767562c90de7e38381bf,15/9-F-11,15/9-F-11 B,3782.9,1,0.101000003517,0.183436572346,0.101000003517,0.183436572346,0.183436572346
reservoir_property_p51_r1-61e3c5ea09f957872afb,15/9-F-11,15/9-F-11 B,3784.9,3,0.0949999988079,0.167489544823,0.0949999988079,0.167489544823,0.167489544823
reservoir_property_p51_r1-9a783e3fde840042fa6b,15/9-F-11,15/9-F-11 B,3786.9,3,0.0949999988079,0.163413886967,0.0949999988079,0.163413886967,0.163413886967
reservoir_property_p51_r1-e077b60d9cf398445aeb,15/9-F-11,15/9-F-11 B,3788.9,1,0.097999997437,0.19483822238,0.097999997437,0.19483822238,0.19483822238
reservoir_property_p51_r1-5e8c73de3d7ed283b9b5,15/9-F-11,15/9-F-11 B,3790.9,1,0.107000000775,0.212478718846,0.107000000775,0.212478718846,0.212478718846
reservoir_property_p51_r1-a46d64b04f67e82d59a3,15/9-F-11,15/9-F-11 B,3792.9,2,0.10000000149,0.200003596257,0.10000000149,0.200003596257,0.200003596257
reservoir_property_p51_r1-a98d9f11fafc53b802ad,15/9-F-11,15/9-F-11 B,3794.9,2,0.101000003517,0.190994634499,0.101000003517,0.190994634499,0.190994634499
reservoir_property_p51_r1-a7a3b586861836d8633f,15/9-F-11,15/9-F-11 B,3796.9,2,0.097000002861,0.186378067642,0.097000002861,0.186378067642,0.186378067642
reservoir_property_p51_r1-ad194c77535fa047cb14,15/9-F-11,15/9-F-11 B,3798.9,0,0.101000003517,0.194461888628,0.101000003517,0.194461888628,0.194461888628
reservoir_property_p51_r1-70588638c87fb9160b6a,15/9-F-11,15/9-F-11 B,3800.9,0,0.111000001431,0.205805182923,0.111000001431,0.205805182923,0.205805182923
reservoir_property_p51_r1-044510e302bdca638e78,15/9-F-11,15/9-F-11 B,3802.9,1,0.107000000775,0.210245463829,0.107000000775,0.210245463829,0.210245463829
reservoir_property_p51_r1-e1fbcccc9dccfb2daa5a,15/9-F-11,15/9-F-11 B,3804.9,2,0.105999998748,0.196082571253,0.105999998748,0.196082571253,0.196082571253
reservoir_property_p51_r1-f3e0a27622ba3dfdaf0f,15/9-F-11,15/9-F-11 B,3806.9,1,0.115999996662,0.21088968583,0.115999996662,0.21088968583,0.21088968583
reservoir_property_p51_r1-cc4b5ae09f2c4274ed60,15/9-F-11,15/9-F-11 B,3808.9,1,0.129999995232,0.667147163647,0.129999995232,0.667147163647,0.667147163647
reservoir_property_p51_r1-33e53e0fb0c69d1235b7,15/9-F-11,15/9-F-11 B,3810.9,1,1,1.01419245462,1,1.01419245462,1
reservoir_property_p51_r1-2387a67ae5b13e2d1c08,15/9-F-11,15/9-F-11 B,3812.9,1,0.995000004768,1.00620612191,0.995000004768,1.00620612191,1
reservoir_property_p51_r1-5bcab8b76570ce33db00,15/9-F-11,15/9-F-11 B,3814.9,1,1,1.06766764334,1,1.06766764334,1
reservoir_property_p51_r1-9bdebc543233b4a6b451,15/9-F-11,15/9-F-11 B,3816.9,3,1,1.11834048972,1,1.11834048972,1
reservoir_property_p51_r1-15e22134904d9966fc50,15/9-F-11,15/9-F-11 B,3818.9,2,1,1.15063818015,1,1.15063818015,1
reservoir_property_p51_r1-34bda776a6f7e3dc1815,15/9-F-11,15/9-F-11 B,3820.9,2,1,1.14361748952,1,1.14361748952,1
reservoir_property_p51_r1-7b122be8e5ebb334acb2,15/9-F-11,15/9-F-11 B,3822.9,1,1,1.14172985734,1,1.14172985734,1
reservoir_property_p51_r1-971d52c6ca8db016ef64,15/9-F-11,15/9-F-11 B,3824.9,0,1,1.01351048347,1,1.01351048347,1
reservoir_property_p51_r1-5ea97879af14be25c52b,15/9-F-11,15/9-F-11 B,3826.9,2,1,1.03479602212,1,1.03479602212,1
reservoir_property_p51_r1-df5ff55f94be4071a2e9,15/9-F-11,15/9-F-11 B,3828.9,0,1,1.0098548628,1,1.0098548628,1
reservoir_property_p51_r1-3fa67ba35c8bf3b7d15b,15/9-F-11,15/9-F-11 B,3830.9,0,1,1.01539918102,1,1.01539918102,1
reservoir_property_p51_r1-3ff3dcdc79303dd741b9,15/9-F-11,15/9-F-11 B,3832.9,3,1,1.04050486743,1,1.04050486743,1
reservoir_property_p51_r1-25bc2d7f5c8340ec9cd6,15/9-F-11,15/9-F-11 B,3834.9,2,1,1.09381500486,1,1.09381500486,1
reservoir_property_p51_r1-ccbaf0ae124bdce9483e,15/9-F-11,15/9-F-11 B,3836.9,2,1,1.07566762125,1,1.07566762125,1
reservoir_property_p51_r1-ff972f92bf243f0a5b1b,15/9-F-11,15/9-F-11 B,3838.9,0,1,1.02226450842,1,1.02226450842,1
reservoir_property_p51_r1-4f60db54049ba1a0840e,15/9-F-11,15/9-F-11 B,3840.9,0,1,0.988068323733,1,0.988068323733,0.988068323733
reservoir_property_p51_r1-1cac6d6d52eb3ea41bf6,15/9-F-11,15/9-F-11 B,3842.9,3,1,0.918277741423,1,0.918277741423,0.918277741423
reservoir_property_p51_r1-93d2a5fd276de00e61e3,15/9-F-11,15/9-F-11 B,3844.9,3,1,0.861678872959,1,0.861678872959,0.861678872959
reservoir_property_p51_r1-800556a987b7f4d37a16,15/9-F-11,15/9-F-11 B,3846.9,3,1,0.871864461869,1,0.871864461869,0.871864461869
reservoir_property_p51_r1-481678368314ef856da1,15/9-F-11,15/9-F-11 B,3848.9,3,1,0.937509675242,1,0.937509675242,0.937509675242
reservoir_property_p51_r1-626a7647e0e9927924e4,15/9-F-11,15/9-F-11 B,3850.9,2,1,1.00223018458,1,1.00223018458,1
reservoir_property_p51_r1-cf8be0a77d4996bc68e8,15/9-F-11,15/9-F-11 B,3852.9,1,1,0.911210959098,1,0.911210959098,0.911210959098
reservoir_property_p51_r1-47c657ef21e23d182011,15/9-F-11,15/9-F-11 B,3854.9,1,1,0.792242064542,1,0.792242064542,0.792242064542
reservoir_property_p51_r1-6c083518bf5a3023e1df,15/9-F-11,15/9-F-11 B,3856.9,0,1,0.717884173602,1,0.717884173602,0.717884173602
reservoir_property_p51_r1-8ac8303e44d866f75a2c,15/9-F-11,15/9-F-11 B,3858.9,0,1,0.670879472026,1,0.670879472026,0.670879472026
reservoir_property_p51_r1-bc67f8375daf9dcac880,15/9-F-11,15/9-F-11 B,3860.9,3,0.939999997616,0.65298641861,0.939999997616,0.65298641861,0.65298641861
reservoir_property_p51_r1-f97c8a7f72662dbf0d77,15/9-F-11,15/9-F-11 B,3862.9,1,0.351000010967,0.673571478165,0.351000010967,0.673571478165,0.673571478165
reservoir_property_p51_r1-088c1cc252632e8b2a15,15/9-F-11,15/9-F-11 B,3864.9,3,0.360000014305,0.591993114003,0.360000014305,0.591993114003,0.591993114003
reservoir_property_p51_r1-7d6d4ae8fa1ad752d49f,15/9-F-11,15/9-F-11 B,3866.9,1,0.229000002146,0.55460983248,0.229000002146,0.55460983248,0.55460983248
reservoir_property_p51_r1-07b8d76a0b15972fc0de,15/9-F-11,15/9-F-11 B,3868.9,1,0.582000017166,0.618685104695,0.582000017166,0.618685104695,0.618685104695
reservoir_property_p51_r1-2b3b7dbc18476da3146f,15/9-F-11,15/9-F-11 B,3870.9,2,1,0.709583878653,1,0.709583878653,0.709583878653
reservoir_property_p51_r1-0b3fe1457a1f257ec316,15/9-F-11,15/9-F-11 B,3872.9,3,1,0.70293225428,1,0.70293225428,0.70293225428
reservoir_property_p51_r1-7090c1f99a9e635e0353,15/9-F-11,15/9-F-11 B,3874.9,3,1,0.698176417722,1,0.698176417722,0.698176417722
reservoir_property_p51_r1-b29aec4051acefa5b07b,15/9-F-11,15/9-F-11 B,3876.9,0,1,0.694019141078,1,0.694019141078,0.694019141078
reservoir_property_p51_r1-7e87db5c93563b887cdd,15/9-F-11,15/9-F-11 B,3878.9,3,1,0.745246854265,1,0.745246854265,0.745246854265
reservoir_property_p51_r1-e46dd0296c8092ab586d,15/9-F-11,15/9-F-11 B,3880.9,3,1,0.772690592969,1,0.772690592969,0.772690592969
reservoir_property_p51_r1-945a0a0fcf89e52ab467,15/9-F-11,15/9-F-11 B,3882.9,1,1,0.73771767574,1,0.73771767574,0.73771767574
reservoir_property_p51_r1-b6d45b38b144dfff465d,15/9-F-11,15/9-F-11 B,3884.9,0,1,0.61444572391,1,0.61444572391,0.61444572391
reservoir_property_p51_r1-8a79bcccb694b3b94292,15/9-F-11,15/9-F-11 B,3886.9,2,0.861999988556,0.632017735976,0.861999988556,0.632017735976,0.632017735976
reservoir_property_p51_r1-8848fa4fc09c4eb72d59,15/9-F-11,15/9-F-11 B,3888.9,0,1,0.690057928156,1,0.690057928156,0.690057928156
reservoir_property_p51_r1-2cf9e23b247e66fa7d9f,15/9-F-11,15/9-F-11 B,3890.9,0,1,0.774309044596,1,0.774309044596,0.774309044596
reservoir_property_p51_r1-78b4eea81b4a2348eb56,15/9-F-11,15/9-F-11 B,3892.9,0,1,0.720519974885,1,0.720519974885,0.720519974885
reservoir_property_p51_r1-2a06d2916fd5811458f4,15/9-F-11,15/9-F-11 B,3894.9,0,0.233999997377,0.551345740575,0.233999997377,0.551345740575,0.551345740575
reservoir_property_p51_r1-0b82380c371c50d3bf4d,15/9-F-11,15/9-F-11 B,3896.9,0,0.125,0.391263035837,0.125,0.391263035837,0.391263035837
reservoir_property_p51_r1-ec4b52442c8106744ade,15/9-F-11,15/9-F-11 B,3898.9,0,0.109999999404,0.238596397955,0.109999999404,0.238596397955,0.238596397955
reservoir_property_p51_r1-bc5ce6b2362aad4065dd,15/9-F-11,15/9-F-11 B,3900.9,3,0.0799999982119,0.161687098412,0.0799999982119,0.161687098412,0.161687098412
reservoir_property_p51_r1-287f9a7d59a5902d1d9e,15/9-F-11,15/9-F-11 B,3902.9,1,0.0799999982119,0.176444368573,0.0799999982119,0.176444368573,0.176444368573
reservoir_property_p51_r1-8041985dbfc49300bf05,15/9-F-11,15/9-F-11 B,3904.9,3,0.054999999702,0.197255277684,0.054999999702,0.197255277684,0.197255277684
reservoir_property_p51_r1-01ce64b172893d2426fa,15/9-F-11,15/9-F-11 B,3906.9,2,0.082999996841,0.189731981834,0.082999996841,0.189731981834,0.189731981834
reservoir_property_p51_r1-79659bf59964a4bb175d,15/9-F-11,15/9-F-11 B,3908.9,0,0.112000003457,0.138452133753,0.112000003457,0.138452133753,0.138452133753
reservoir_property_p51_r1-a66988e5fb119af9717d,15/9-F-11,15/9-F-11 B,3910.9,1,0.112999998033,0.129144047593,0.112999998033,0.129144047593,0.129144047593
reservoir_property_p51_r1-97702da8d77d16051ee7,15/9-F-11,15/9-F-11 B,3912.9,0,0.104999996722,0.103556522484,0.104999996722,0.103556522484,0.103556522484
reservoir_property_p51_r1-3ea37aaac9c9276ae19b,15/9-F-11,15/9-F-11 B,3914.9,2,0.103000000119,0.137090963824,0.103000000119,0.137090963824,0.137090963824
reservoir_property_p51_r1-1dfec23bdae30e3224d4,15/9-F-11,15/9-F-11 B,3916.9,1,0.097999997437,0.101782600823,0.097999997437,0.101782600823,0.101782600823
reservoir_property_p51_r1-12ecad06955960b19573,15/9-F-11,15/9-F-11 B,3918.9,2,0.103000000119,0.122448318579,0.103000000119,0.122448318579,0.122448318579
reservoir_property_p51_r1-cc05909ecd19c8a2a155,15/9-F-11,15/9-F-11 B,3920.9,3,0.115000002086,0.129909602145,0.115000002086,0.129909602145,0.129909602145
reservoir_property_p51_r1-644657be168def8936dc,15/9-F-11,15/9-F-11 B,3922.9,0,0.109999999404,0.0943849752015,0.109999999404,0.0943849752015,0.0943849752015
reservoir_property_p51_r1-0963e2c264ff3b2205e0,15/9-F-11,15/9-F-11 B,3924.9,3,0.115000002086,0.112940338864,0.115000002086,0.112940338864,0.112940338864
reservoir_property_p51_r1-cddd68a97b6ee2c85eca,15/9-F-11,15/9-F-11 B,3926.9,0,0.116999998689,0.0922182437982,0.116999998689,0.0922182437982,0.0922182437982
reservoir_property_p51_r1-5acf84f7f8f0ada14abc,15/9-F-11,15/9-F-11 B,3928.9,3,0.112999998033,0.125188345936,0.112999998033,0.125188345936,0.125188345936
reservoir_property_p51_r1-b5434759b2201fa74cd1,15/9-F-11,15/9-F-11 B,3930.9,3,0.104999996722,0.131566475493,0.104999996722,0.131566475493,0.131566475493
reservoir_property_p51_r1-14540ced15236f12ea97,15/9-F-11,15/9-F-11 B,3932.9,3,0.11400000006,0.127197662892,0.11400000006,0.127197662892,0.127197662892
reservoir_property_p51_r1-46fc36b11da28b6c2b60,15/9-F-11,15/9-F-11 B,3934.9,1,0.273000001907,0.418778134621,0.273000001907,0.418778134621,0.418778134621
reservoir_property_p51_r1-b240354e0b80d66d31c4,15/9-F-11,15/9-F-11 B,3936.9,2,0.625999987125,0.649137473003,0.625999987125,0.649137473003,0.649137473003
reservoir_property_p51_r1-6a4164e216af24a39724,15/9-F-11,15/9-F-11 B,3938.9,0,0.300999999046,0.519004462586,0.300999999046,0.519004462586,0.519004462586
reservoir_property_p51_r1-be1f0f0abcfa8fe42961,15/9-F-11,15/9-F-11 B,3940.9,2,0.46099999547,0.590289529431,0.46099999547,0.590289529431,0.590289529431
reservoir_property_p51_r1-5878e19810657cee1df6,15/9-F-11,15/9-F-11 B,3942.9,1,0.736999988556,0.729864196458,0.736999988556,0.729864196458,0.729864196458
reservoir_property_p51_r1-55d90e4019617115ec7d,15/9-F-11,15/9-F-11 B,3944.9,2,1,0.852532762848,1,0.852532762848,0.852532762848
reservoir_property_p51_r1-cd7a348ec888c23b0739,15/9-F-11,15/9-F-11 B,3946.9,2,1,0.882443511635,1,0.882443511635,0.882443511635
reservoir_property_p51_r1-063b0743f2b1b497fbf1,15/9-F-11,15/9-F-11 B,3948.9,1,1,0.818837933773,1,0.818837933773,0.818837933773
reservoir_property_p51_r1-420b4cf583bd3ae63b01,15/9-F-11,15/9-F-11 B,3950.9,1,1,0.560979712233,1,0.560979712233,0.560979712233
reservoir_property_p51_r1-7bd4e5a9a124034bc5ea,15/9-F-11,15/9-F-11 B,3952.9,0,0.108000002801,0.255142271885,0.108000002801,0.255142271885,0.255142271885
reservoir_property_p51_r1-21c68acdc97cb9be5321,15/9-F-11,15/9-F-11 B,3954.9,1,0.101000003517,0.127215349657,0.101000003517,0.127215349657,0.127215349657
reservoir_property_p51_r1-231db2873ef352c7cf4c,15/9-F-11,15/9-F-11 B,3956.9,0,0.104999996722,0.119612128822,0.104999996722,0.119612128822,0.119612128822
reservoir_property_p51_r1-9cfce70c825d212dc4b8,15/9-F-11,15/9-F-11 B,3958.9,0,0.112000003457,0.12588067068,0.112000003457,0.12588067068,0.12588067068
reservoir_property_p51_r1-2a2ec2a0d1cea4e31a9c,15/9-F-11,15/9-F-11 B,3960.9,0,0.107000000775,0.127856031076,0.107000000775,0.127856031076,0.127856031076
reservoir_property_p51_r1-129900607fb1b580aac0,15/9-F-11,15/9-F-11 B,3962.9,1,0.107000000775,0.107091220245,0.107000000775,0.107091220245,0.107091220245
reservoir_property_p51_r1-3901a273400c65a5be32,15/9-F-11,15/9-F-11 B,3964.9,3,0.109999999404,0.13794060886,0.109999999404,0.13794060886,0.13794060886
reservoir_property_p51_r1-722a536dfbec86f7cd5e,15/9-F-11,15/9-F-11 B,3966.9,1,0.108000002801,0.162933389569,0.108000002801,0.162933389569,0.162933389569
reservoir_property_p51_r1-f9d4fc8012b7a9df4fbe,15/9-F-11,15/9-F-11 B,3968.9,0,0.111000001431,0.154684800247,0.111000001431,0.154684800247,0.154684800247
reservoir_property_p51_r1-7ddf47d9fd1a04811f5b,15/9-F-11,15/9-F-11 B,3970.9,3,0.115999996662,0.188792636271,0.115999996662,0.188792636271,0.188792636271
reservoir_property_p51_r1-5686c30ac9680a073d11,15/9-F-11,15/9-F-11 B,3972.9,3,0.120999999344,0.204656751107,0.120999999344,0.204656751107,0.204656751107
reservoir_property_p51_r1-73189d122dd24c5b172e,15/9-F-11,15/9-F-11 B,3974.9,1,0.115999996662,0.163746304297,0.115999996662,0.163746304297,0.163746304297
reservoir_property_p51_r1-b98867b239b23a793ae4,15/9-F-11,15/9-F-11 B,3976.9,3,0.115000002086,0.235343984489,0.115000002086,0.235343984489,0.235343984489
reservoir_property_p51_r1-bf1867f66d04e9d0e122,15/9-F-11,15/9-F-11 B,3978.9,3,0.146999999881,0.344720700981,0.146999999881,0.344720700981,0.344720700981
reservoir_property_p51_r1-0b6cbb6c34c844212bad,15/9-F-11,15/9-F-11 B,3980.9,0,0.171000003815,0.372082607774,0.171000003815,0.372082607774,0.372082607774
reservoir_property_p51_r1-1c078d095488e7b41962,15/9-F-11,15/9-F-11 B,3982.9,2,0.148000001907,0.366998744874,0.148000001907,0.366998744874,0.366998744874
reservoir_property_p51_r1-3fd8402d0220a4fd6ff2,15/9-F-11,15/9-F-11 B,3984.9,0,0.148000001907,0.339126137065,0.148000001907,0.339126137065,0.339126137065
reservoir_property_p51_r1-e2a74599662717b919c2,15/9-F-11,15/9-F-11 B,3986.9,0,0.140000000596,0.318094564879,0.140000000596,0.318094564879,0.318094564879
reservoir_property_p51_r1-f15892b251b1b3621d49,15/9-F-11,15/9-F-11 B,3988.9,3,0.133000001311,0.332184642458,0.133000001311,0.332184642458,0.332184642458
reservoir_property_p51_r1-5bc77287a7d1f97e5230,15/9-F-11,15/9-F-11 B,3990.9,0,0.130999997258,0.25676602296,0.130999997258,0.25676602296,0.25676602296
reservoir_property_p51_r1-6c4f8042683c3112401a,15/9-F-11,15/9-F-11 B,3992.9,2,0.109999999404,0.263082355626,0.109999999404,0.263082355626,0.263082355626
reservoir_property_p51_r1-d6f61cea45693ee18f7e,15/9-F-11,15/9-F-11 B,3994.9,2,0.082999996841,0.258008764486,0.082999996841,0.258008764486,0.258008764486
reservoir_property_p51_r1-103377daf7abc224652b,15/9-F-11,15/9-F-11 B,3996.9,3,0.105999998748,0.180049545923,0.105999998748,0.180049545923,0.180049545923
reservoir_property_p51_r1-3f3bf94272081977acf3,15/9-F-11,15/9-F-11 B,3998.9,3,0.126000002027,0.191617405604,0.126000002027,0.191617405604,0.191617405604
reservoir_property_p51_r1-eaf5ec3101fce153b35d,15/9-F-11,15/9-F-11 B,4000.9,2,0.263999998569,0.218159082457,0.263999998569,0.218159082457,0.218159082457
reservoir_property_p51_r1-350133160447aaf5c128,15/9-F-11,15/9-F-11 B,4002.9,3,0.097000002861,0.246715994037,0.097000002861,0.246715994037,0.246715994037
reservoir_property_p51_r1-d619a92db34baefc6d6e,15/9-F-11,15/9-F-11 B,4004.9,0,0.212999999523,0.329584659932,0.212999999523,0.329584659932,0.329584659932
reservoir_property_p51_r1-1a9d818a909787dc038b,15/9-F-11,15/9-F-11 B,4006.9,2,0.537000000477,0.484969349518,0.537000000477,0.484969349518,0.484969349518
reservoir_property_p51_r1-bfd5312370a3afcebf79,15/9-F-11,15/9-F-11 B,4008.9,2,0.190999999642,0.497859706105,0.190999999642,0.497859706105,0.497859706105
reservoir_property_p51_r1-cf5668a87a24a9cacf22,15/9-F-11,15/9-F-11 B,4010.9,2,0.156000003219,0.436936440012,0.156000003219,0.436936440012,0.436936440012
reservoir_property_p51_r1-f08d59ce32161f8f9eff,15/9-F-11,15/9-F-11 B,4012.9,0,0.149000003934,0.37882084232,0.149000003934,0.37882084232,0.37882084232
reservoir_property_p51_r1-bc8bc460e2246b8c1f9c,15/9-F-11,15/9-F-11 B,4014.9,1,0.181999996305,0.387188278216,0.181999996305,0.387188278216,0.387188278216
reservoir_property_p51_r1-b5965a0b3745c6e60fab,15/9-F-11,15/9-F-11 B,4016.9,0,0.165000006557,0.377384042877,0.165000006557,0.377384042877,0.377384042877
reservoir_property_p51_r1-80412192bdb4f5bcc8a8,15/9-F-11,15/9-F-11 B,4018.9,2,0.140000000596,0.357715184253,0.140000000596,0.357715184253,0.357715184253
reservoir_property_p51_r1-a10ab47c2059ce19a72e,15/9-F-11,15/9-F-11 B,4020.9,1,0.142000004649,0.293238645276,0.142000004649,0.293238645276,0.293238645276
reservoir_property_p51_r1-4a2a17bfb3dd44a422f7,15/9-F-11,15/9-F-11 B,4022.9,0,0.112999998033,0.231189568337,0.112999998033,0.231189568337,0.231189568337
reservoir_property_p51_r1-c18d9770c9dc40f7db00,15/9-F-11,15/9-F-11 B,4024.9,0,0.116999998689,0.243030691294,0.116999998689,0.243030691294,0.243030691294
reservoir_property_p51_r1-4600042dcf1eb528a2d3,15/9-F-11,15/9-F-11 B,4026.9,2,0.112000003457,0.436941776131,0.112000003457,0.436941776131,0.436941776131
reservoir_property_p51_r1-ec40dd0f9287ec0773b5,15/9-F-11,15/9-F-11 B,4028.9,0,0.846000015736,0.494779974578,0.846000015736,0.494779974578,0.494779974578
reservoir_property_p51_r1-0c54cc2014c1975af1f3,15/9-F-11,15/9-F-11 B,4030.9,0,0.10000000149,0.368644965097,0.10000000149,0.368644965097,0.368644965097
reservoir_property_p51_r1-f2e6f0f8a7dbb95d52d8,15/9-F-11,15/9-F-11 B,4032.9,1,0.0869999974966,0.236766395568,0.0869999974966,0.236766395568,0.236766395568
reservoir_property_p51_r1-00a4972a49b8361f20a0,15/9-F-11,15/9-F-11 B,4034.9,2,0.116999998689,0.20252683152,0.116999998689,0.20252683152,0.20252683152
reservoir_property_p51_r1-39a745a7c3b677f873ed,15/9-F-11,15/9-F-11 B,4036.9,3,0.128999993205,0.1589408893,0.128999993205,0.1589408893,0.1589408893
reservoir_property_p51_r1-4268ac9cea09589b1e3f,15/9-F-11,15/9-F-11 B,4038.9,1,0.126000002027,0.13961037596,0.126000002027,0.13961037596,0.13961037596
reservoir_property_p51_r1-8e22ede83d5f17594a06,15/9-F-11,15/9-F-11 B,4040.9,0,0.125,0.150284139102,0.125,0.150284139102,0.150284139102
reservoir_property_p51_r1-ea66a1ef35f26060ee05,15/9-F-11,15/9-F-11 B,4042.9,2,0.361000001431,0.399501181476,0.361000001431,0.399501181476,0.399501181476
reservoir_property_p51_r1-ad0df1a33c8308a43a37,15/9-F-11,15/9-F-11 B,4044.9,1,0.175999999046,0.45152387664,0.175999999046,0.45152387664,0.45152387664
reservoir_property_p51_r1-fea83723eca310ac6919,15/9-F-11,15/9-F-11 B,4046.9,3,0.211999997497,0.3096466199,0.211999997497,0.3096466199,0.3096466199
reservoir_property_p51_r1-ad686851b9b9aaa8b8fd,15/9-F-11,15/9-F-11 B,4048.9,3,0.175999999046,0.335240515304,0.175999999046,0.335240515304,0.335240515304
reservoir_property_p51_r1-834c036f9e90ef632088,15/9-F-11,15/9-F-11 B,4050.9,3,0.115999996662,0.367683979062,0.115999996662,0.367683979062,0.367683979062
reservoir_property_p51_r1-a3f3cac77a4ed4f8a3c7,15/9-F-11,15/9-F-11 B,4052.9,0,0.107000000775,0.241389366192,0.107000000775,0.241389366192,0.241389366192
reservoir_property_p51_r1-2e6f42addf722d4e83f3,15/9-F-11,15/9-F-11 B,4054.9,1,0.107000000775,0.174809636568,0.107000000775,0.174809636568,0.174809636568
reservoir_property_p51_r1-7b45973f085b3e33897f,15/9-F-11,15/9-F-11 B,4056.9,0,0.0839999988675,0.322742558619,0.0839999988675,0.322742558619,0.322742558619
reservoir_property_p51_r1-19fc471e15f288982624,15/9-F-11,15/9-F-11 B,4058.9,3,0.423999994993,0.480669024476,0.423999994993,0.480669024476,0.480669024476
reservoir_property_p51_r1-847ce1d787b6102704d1,15/9-F-11,15/9-F-11 B,4060.9,2,0.814999997616,0.681880803713,0.814999997616,0.681880803713,0.681880803713
reservoir_property_p51_r1-c5e422de3f8b9c767206,15/9-F-11,15/9-F-11 B,4062.9,2,0.488000005484,0.482322157662,0.488000005484,0.482322157662,0.482322157662
reservoir_property_p51_r1-a8175ffeb7ac905ef983,15/9-F-11,15/9-F-11 B,4064.9,3,0.178000003099,0.270180159869,0.178000003099,0.270180159869,0.270180159869
reservoir_property_p51_r1-c10fa44a197027818e83,15/9-F-11,15/9-F-11 B,4066.9,2,0.140000000596,0.280578435341,0.140000000596,0.280578435341,0.280578435341
reservoir_property_p51_r1-9d71f55097e1131b28d5,15/9-F-11,15/9-F-11 B,4068.9,1,0.120999999344,0.219340364453,0.120999999344,0.219340364453,0.219340364453
reservoir_property_p51_r1-a8c550f8318d16a3daf4,15/9-F-11,15/9-F-11 B,4070.9,3,0.119999997318,0.191061756456,0.119999997318,0.191061756456,0.191061756456
reservoir_property_p51_r1-3740507b6a71df17ce0d,15/9-F-11,15/9-F-11 B,4072.9,3,0.122000001371,0.190332854825,0.122000001371,0.190332854825,0.190332854825
reservoir_property_p51_r1-5c2fdaa5fcefea10392f,15/9-F-11,15/9-F-11 B,4074.9,2,0.130999997258,0.25246921448,0.130999997258,0.25246921448,0.25246921448
reservoir_property_p51_r1-01f15f9bb9b1a3ed192a,15/9-F-11,15/9-F-11 B,4076.9,0,0.462999999523,0.498151543691,0.462999999523,0.498151543691,0.498151543691
reservoir_property_p51_r1-023ebcf3aa9dbde82c84,15/9-F-11,15/9-F-11 B,4078.9,0,0.605000019073,0.666669121017,0.605000019073,0.666669121017,0.666669121017
reservoir_property_p51_r1-718e11b11684e1673538,15/9-F-11,15/9-F-11 B,4080.9,0,0.572000026703,0.641999452979,0.572000026703,0.641999452979,0.641999452979
reservoir_property_p51_r1-628e122c3c815a232296,15/9-F-11,15/9-F-11 B,4082.9,2,0.524999976158,0.49500458573,0.524999976158,0.49500458573,0.49500458573
reservoir_property_p51_r1-060c103c5c26cd2095aa,15/9-F-11,15/9-F-11 B,4084.9,3,0.486000001431,0.410290448787,0.486000001431,0.410290448787,0.410290448787
reservoir_property_p51_r1-8221528baa1ad56f3d71,15/9-F-11,15/9-F-11 B,4086.9,2,0.634999990463,0.372340049162,0.634999990463,0.372340049162,0.372340049162
reservoir_property_p51_r1-a98a240555aa5c5947dc,15/9-F-11,15/9-F-11 B,4088.9,1,0.284999996424,0.254798935135,0.284999996424,0.254798935135,0.254798935135
reservoir_property_p51_r1-dd0b88a63ef3160fb71f,15/9-F-11,15/9-F-11 B,4090.9,2,0.16099999845,0.212166793098,0.16099999845,0.212166793098,0.212166793098
reservoir_property_p51_r1-5ff8717e0fc5379c5d0f,15/9-F-11,15/9-F-11 B,4092.9,2,0.314999997616,0.401548145275,0.314999997616,0.401548145275,0.401548145275
reservoir_property_p51_r1-e158b83d8c77964d0fe7,15/9-F-11,15/9-F-11 B,4094.9,1,0.261999994516,0.538175890295,0.261999994516,0.538175890295,0.538175890295
reservoir_property_p51_r1-6b12bd46d6e6357564cf,15/9-F-11,15/9-F-11 B,4096.9,1,0.268999993801,0.601746310708,0.268999993801,0.601746310708,0.601746310708
reservoir_property_p51_r1-9d23dc62522ec5d28dae,15/9-F-11,15/9-F-11 B,4098.9,1,0.753000020981,0.681144561465,0.753000020981,0.681144561465,0.681144561465
reservoir_property_p51_r1-69b8fcf8d7183ee4a478,15/9-F-11,15/9-F-11 B,4100.9,2,0.643999993801,0.664467285681,0.643999993801,0.664467285681,0.664467285681
reservoir_property_p51_r1-f312bc8f73429a0a30f6,15/9-F-11,15/9-F-11 B,4102.9,2,0.580999970436,0.707652542424,0.580999970436,0.707652542424,0.707652542424
reservoir_property_p51_r1-c21f3b1866e23aa01510,15/9-F-11,15/9-F-11 B,4104.9,2,1,0.843664479346,1,0.843664479346,0.843664479346
reservoir_property_p51_r1-d9f76c346095fb05f5a4,15/9-F-11,15/9-F-11 B,4106.9,3,1,0.801472179876,1,0.801472179876,0.801472179876
reservoir_property_p51_r1-2f3fa235db04751545b2,15/9-F-11,15/9-F-11 B,4108.9,2,0.172000005841,0.486267118207,0.172000005841,0.486267118207,0.486267118207
reservoir_property_p51_r1-3a11daf810800f737cee,15/9-F-11,15/9-F-11 B,4110.9,3,0.097000002861,0.270957340279,0.097000002861,0.270957340279,0.270957340279
reservoir_property_p51_r1-b9aa2d943e81066721f3,15/9-F-11,15/9-F-11 B,4112.9,0,0.115000002086,0.292056253919,0.115000002086,0.292056253919,0.292056253919
reservoir_property_p51_r1-e3f9056f235f478ff385,15/9-F-11,15/9-F-11 B,4114.9,0,0.15000000596,0.326555452898,0.15000000596,0.326555452898,0.326555452898
reservoir_property_p51_r1-730e31cde2ae928d4245,15/9-F-11,15/9-F-11 B,4116.9,3,0.280000001192,0.316214369748,0.280000001192,0.316214369748,0.316214369748
reservoir_property_p51_r1-7f107a0a214c7d8b2a3a,15/9-F-11,15/9-F-11 B,4118.9,3,0.352999985218,0.287334596417,0.352999985218,0.287334596417,0.287334596417
reservoir_property_p51_r1-03d4a863e350517a6942,15/9-F-11,15/9-F-11 B,4120.9,0,0.391000002623,0.302253039089,0.391000002623,0.302253039089,0.302253039089
reservoir_property_p51_r1-4117ae0171cc8baf4a07,15/9-F-11,15/9-F-11 B,4122.9,2,0.381999999285,0.307323907022,0.381999999285,0.307323907022,0.307323907022
reservoir_property_p51_r1-2659a88c9907b6650219,15/9-F-11,15/9-F-11 B,4124.9,1,0.300999999046,0.304997860884,0.300999999046,0.304997860884,0.304997860884
reservoir_property_p51_r1-83db7934ba30b88ad7fd,15/9-F-11,15/9-F-11 B,4126.9,2,0.448000013828,0.253194215134,0.448000013828,0.253194215134,0.253194215134
reservoir_property_p51_r1-353636eb86bcbb2f0032,15/9-F-11,15/9-F-11 B,4128.9,2,0.423999994993,0.324168341322,0.423999994993,0.324168341322,0.324168341322
reservoir_property_p51_r1-938910b013253c2b112e,15/9-F-11,15/9-F-11 B,4130.9,2,0.495000004768,0.32441554285,0.495000004768,0.32441554285,0.32441554285
reservoir_property_p51_r1-3287805e22f7f374832d,15/9-F-11,15/9-F-11 B,4132.9,2,0.490999996662,0.250255878449,0.490999996662,0.250255878449,0.250255878449
reservoir_property_p51_r1-9380218b99dd1b3e835d,15/9-F-11,15/9-F-11 B,4134.9,3,0.507000029087,0.239215932973,0.507000029087,0.239215932973,0.239215932973
reservoir_property_p51_r1-a7ae3a177e4b6c03fe5c,15/9-F-11,15/9-F-11 B,4136.9,2,0.51700001955,0.236263709255,0.51700001955,0.236263709255,0.236263709255
reservoir_property_p51_r1-084f254e59c90cba664f,15/9-F-11,15/9-F-11 B,4138.9,2,0.395000010729,0.245341577111,0.395000010729,0.245341577111,0.245341577111
reservoir_property_p51_r1-3e4895a8352056ae374d,15/9-F-11,15/9-F-11 B,4140.9,3,0.270999997854,0.258425037529,0.270999997854,0.258425037529,0.258425037529
reservoir_property_p51_r1-35d1ccd8abe1cbff24e7,15/9-F-11,15/9-F-11 B,4142.9,1,0.319999992847,0.334927287575,0.319999992847,0.334927287575,0.334927287575
reservoir_property_p51_r1-b29f40428d09c8138e9e,15/9-F-11,15/9-F-11 B,4144.9,0,0.448000013828,0.391498279387,0.448000013828,0.391498279387,0.391498279387
reservoir_property_p51_r1-64c6851468f2f0c21171,15/9-F-11,15/9-F-11 B,4146.9,0,0.368999987841,0.353458008526,0.368999987841,0.353458008526,0.353458008526
reservoir_property_p51_r1-08a1d4d0160303eb186c,15/9-F-11,15/9-F-11 B,4148.9,2,0.393999993801,0.254637853471,0.393999993801,0.254637853471,0.254637853471
reservoir_property_p51_r1-48ddac98d42bee02f076,15/9-F-11,15/9-F-11 B,4150.9,1,0.446000009775,0.243127255531,0.446000009775,0.243127255531,0.243127255531
reservoir_property_p51_r1-31112aab03481e38c806,15/9-F-11,15/9-F-11 B,4152.9,2,0.448000013828,0.232757825225,0.448000013828,0.232757825225,0.232757825225
reservoir_property_p51_r1-fd5482f8316087406f94,15/9-F-11,15/9-F-11 B,4154.9,0,0.428999990225,0.249435106794,0.428999990225,0.249435106794,0.249435106794
reservoir_property_p51_r1-168f226e9ab761e42316,15/9-F-11,15/9-F-11 B,4156.9,3,0.451999992132,0.234886165089,0.451999992132,0.234886165089,0.234886165089
reservoir_property_p51_r1-635f3bb41fc17d09e5ba,15/9-F-11,15/9-F-11 B,4158.9,1,0.446999996901,0.238610683546,0.446999996901,0.238610683546,0.238610683546
reservoir_property_p51_r1-864150d730be790c68b2,15/9-F-11,15/9-F-11 B,4160.9,3,0.43900001049,0.230242365643,0.43900001049,0.230242365643,0.230242365643
reservoir_property_p51_r1-ef0ce68356424dddf37e,15/9-F-11,15/9-F-11 B,4162.9,3,0.448000013828,0.237065387759,0.448000013828,0.237065387759,0.237065387759
reservoir_property_p51_r1-45e1637f256221c2e5e9,15/9-F-11,15/9-F-11 B,4164.9,0,0.453999996185,0.22338840107,0.453999996185,0.22338840107,0.22338840107
reservoir_property_p51_r1-afa247f6526f17bda75d,15/9-F-11,15/9-F-11 B,4166.9,1,0.428999990225,0.234763291762,0.428999990225,0.234763291762,0.234763291762
reservoir_property_p51_r1-685dcfc387fccc5ca172,15/9-F-11,15/9-F-11 B,4168.9,1,0.449000000954,0.253902224087,0.449000000954,0.253902224087,0.253902224087
reservoir_property_p51_r1-47000bb96f81f8366c46,15/9-F-11,15/9-F-11 B,4170.9,2,0.476000010967,0.277666159284,0.476000010967,0.277666159284,0.277666159284
reservoir_property_p51_r1-e5f70f2b2c15727eed5a,15/9-F-11,15/9-F-11 B,4172.9,0,0.460000008345,0.282827740862,0.460000008345,0.282827740862,0.282827740862
reservoir_property_p51_r1-f1433220356a0f12d03d,15/9-F-11,15/9-F-11 B,4174.9,0,0.368000000715,0.255532180375,0.368000000715,0.255532180375,0.255532180375
reservoir_property_p51_r1-49dd96d7fa44b33d9981,15/9-F-11,15/9-F-11 B,4176.9,1,0.307000011206,0.219158115541,0.307000011206,0.219158115541,0.219158115541
reservoir_property_p51_r1-6ca9a0667450d1508c5b,15/9-F-11,15/9-F-11 B,4178.9,1,0.291999995708,0.214719721154,0.291999995708,0.214719721154,0.214719721154
reservoir_property_p51_r1-97a19b8d50cdd97be658,15/9-F-11,15/9-F-11 B,4180.9,0,0.256999999285,0.222379459645,0.256999999285,0.222379459645,0.222379459645
reservoir_property_p51_r1-a3fd32435ef7a15de465,15/9-F-11,15/9-F-11 B,4182.9,0,0.312999993563,0.225305721223,0.312999993563,0.225305721223,0.225305721223
reservoir_property_p51_r1-4ab2f94785aa585c035e,15/9-F-11,15/9-F-11 B,4184.9,3,0.296000003815,0.222771430548,0.296000003815,0.222771430548,0.222771430548
reservoir_property_p51_r1-176f7b5f0eccad45766b,15/9-F-11,15/9-F-11 B,4186.9,0,0.300000011921,0.206393827674,0.300000011921,0.206393827674,0.206393827674
reservoir_property_p51_r1-4c24557dbb749e47b6ec,15/9-F-11,15/9-F-11 B,4188.9,3,0.140000000596,0.169863325065,0.140000000596,0.169863325065,0.169863325065
reservoir_property_p51_r1-741028ccdab5d36b08f3,15/9-F-11,15/9-F-11 B,4190.9,3,0.126000002027,0.127791505287,0.126000002027,0.127791505287,0.127791505287
reservoir_property_p51_r1-6da9e9521746b5c2c2e8,15/9-F-11,15/9-F-11 B,4192.9,1,0.119000002742,0.113240519078,0.119000002742,0.113240519078,0.113240519078
reservoir_property_p51_r1-2768be308e105ad071ce,15/9-F-11,15/9-F-11 B,4194.9,2,0.119000002742,0.157415615737,0.119000002742,0.157415615737,0.157415615737
reservoir_property_p51_r1-56d387a244a2a613d009,15/9-F-11,15/9-F-11 B,4196.9,2,0.122000001371,0.15353285618,0.122000001371,0.15353285618,0.15353285618
reservoir_property_p51_r1-51594ca32a972912d2cc,15/9-F-11,15/9-F-11 B,4198.9,2,0.119999997318,0.147075549402,0.119999997318,0.147075549402,0.147075549402
reservoir_property_p51_r1-499de8e3611fc73a67eb,15/9-F-11,15/9-F-11 B,4200.9,0,0.118000000715,0.143209379204,0.118000000715,0.143209379204,0.143209379204
reservoir_property_p51_r1-4003a6d690f9b8edd990,15/9-F-11,15/9-F-11 B,4202.9,0,0.119000002742,0.154893670118,0.119000002742,0.154893670118,0.154893670118
reservoir_property_p51_r1-4c09a64b4956b4bac7f2,15/9-F-11,15/9-F-11 B,4204.9,3,0.12800000608,0.149447714913,0.12800000608,0.149447714913,0.149447714913
reservoir_property_p51_r1-db9e24fe25028261c619,15/9-F-11,15/9-F-11 B,4206.9,3,0.128999993205,0.159405145406,0.128999993205,0.159405145406,0.159405145406
reservoir_property_p51_r1-2adf5f4019726f29c6af,15/9-F-11,15/9-F-11 B,4208.9,0,0.131999999285,0.167307399554,0.131999999285,0.167307399554,0.167307399554
reservoir_property_p51_r1-7cc962a1c7b96c1a5633,15/9-F-11,15/9-F-11 B,4210.9,1,0.131999999285,0.188811805365,0.131999999285,0.188811805365,0.188811805365
reservoir_property_p51_r1-e33306c1e08cab504e1c,15/9-F-11,15/9-F-11 B,4212.9,1,0.127000004053,0.184452854528,0.127000004053,0.184452854528,0.184452854528
reservoir_property_p51_r1-20b2a95e88e80f2d075b,15/9-F-11,15/9-F-11 B,4214.9,3,0.123999997973,0.165629266672,0.123999997973,0.165629266672,0.165629266672
reservoir_property_p51_r1-c9dae570e33429f80bd0,15/9-F-11,15/9-F-11 B,4216.9,0,0.12800000608,0.169546913416,0.12800000608,0.169546913416,0.169546913416
reservoir_property_p51_r1-0db980d395c7275790fe,15/9-F-11,15/9-F-11 B,4218.9,1,0.130999997258,0.199512089874,0.130999997258,0.199512089874,0.199512089874
reservoir_property_p51_r1-f0e0827d68ce171a8320,15/9-F-11,15/9-F-11 B,4220.9,3,0.148000001907,0.230979656012,0.148000001907,0.230979656012,0.230979656012
reservoir_property_p51_r1-34321ad417630df303c3,15/9-F-11,15/9-F-11 B,4222.9,2,0.201000005007,0.172349783311,0.201000005007,0.172349783311,0.172349783311
reservoir_property_p51_r1-0c88ffee9dccbf292171,15/9-F-11,15/9-F-11 B,4224.9,0,0.224000006914,0.160132370227,0.224000006914,0.160132370227,0.160132370227
reservoir_property_p51_r1-63b006b36d3b97e00ef8,15/9-F-11,15/9-F-11 B,4226.9,0,0.186000004411,0.171632560916,0.186000004411,0.171632560916,0.171632560916
reservoir_property_p51_r1-1f68c1f10a2b1a92050e,15/9-F-11,15/9-F-11 B,4228.9,2,0.158000007272,0.200907170367,0.158000007272,0.200907170367,0.200907170367
reservoir_property_p51_r1-85ecacbc64d09f438326,15/9-F-11,15/9-F-11 B,4230.9,2,0.137999996543,0.186465055728,0.137999996543,0.186465055728,0.186465055728
reservoir_property_p51_r1-f709652e58e333872ab1,15/9-F-11,15/9-F-11 B,4232.9,1,0.136999994516,0.172733288585,0.136999994516,0.172733288585,0.172733288585
reservoir_property_p51_r1-c6a715929a6af97ab236,15/9-F-11,15/9-F-11 B,4234.9,2,0.131999999285,0.181456727089,0.131999999285,0.181456727089,0.181456727089
reservoir_property_p51_r1-59474270abf3088f73a5,15/9-F-11,15/9-F-11 B,4236.9,0,0.144999995828,0.290739644064,0.144999995828,0.290739644064,0.290739644064
reservoir_property_p51_r1-9862fbe2b5182588d72c,15/9-F-11,15/9-F-11 B,4238.9,0,0.93900001049,0.37575090755,0.93900001049,0.37575090755,0.37575090755
reservoir_property_p51_r1-93d3ba77f92bab877169,15/9-F-11,15/9-F-11 B,4240.9,2,0.521000027657,0.442587344222,0.521000027657,0.442587344222,0.442587344222
reservoir_property_p51_r1-7203cd72405e3be7a85e,15/9-F-11,15/9-F-11 B,4242.9,0,0.93599998951,0.537621598576,0.93599998951,0.537621598576,0.537621598576
reservoir_property_p51_r1-0f61afcbbb31f41178e9,15/9-F-11,15/9-F-11 B,4244.9,2,0.199000000954,0.378926847876,0.199000000954,0.378926847876,0.378926847876
reservoir_property_p51_r1-9f5266858c45014a2397,15/9-F-11,15/9-F-11 B,4246.9,1,0.228000000119,0.292629377693,0.228000000119,0.292629377693,0.292629377693
reservoir_property_p51_r1-efb005b6c765d880140f,15/9-F-11,15/9-F-11 B,4248.9,2,0.303999990225,0.327181200068,0.303999990225,0.327181200068,0.327181200068
reservoir_property_p51_r1-86e45c16059467eafbe6,15/9-F-11,15/9-F-11 B,4250.9,0,0.375,0.393538710459,0.375,0.393538710459,0.393538710459
reservoir_property_p51_r1-13161782af850160b633,15/9-F-11,15/9-F-11 B,4252.9,1,0.223000004888,0.389816674757,0.223000004888,0.389816674757,0.389816674757
reservoir_property_p51_r1-f2f105a94d6c63e41109,15/9-F-11,15/9-F-11 B,4254.9,0,0.256999999285,0.488437060098,0.256999999285,0.488437060098,0.488437060098
reservoir_property_p51_r1-c69b61af7cf583705ce4,15/9-F-11,15/9-F-11 B,4256.9,1,1,0.586970930877,1,0.586970930877,0.586970930877
reservoir_property_p51_r1-dedd2f73714749b745af,15/9-F-11,15/9-F-11 B,4258.9,1,0.21099999547,0.527503899966,0.21099999547,0.527503899966,0.527503899966
reservoir_property_p51_r1-09a4d158f79659f45523,15/9-F-11,15/9-F-11 B,4260.9,3,0.266000002623,0.483528744734,0.266000002623,0.483528744734,0.483528744734
reservoir_property_p51_r1-9242053a11d9315188d1,15/9-F-11,15/9-F-11 B,4262.9,2,0.426999986172,0.538739517977,0.426999986172,0.538739517977,0.538739517977
reservoir_property_p51_r1-7fcce9239a4dcc3a39ed,15/9-F-11,15/9-F-11 B,4264.9,2,0.280000001192,0.44931510339,0.280000001192,0.44931510339,0.44931510339
reservoir_property_p51_r1-a18767f0ba4db7b10af1,15/9-F-11,15/9-F-11 B,4266.9,0,0.17499999702,0.335270239284,0.17499999702,0.335270239284,0.335270239284
reservoir_property_p51_r1-b7de8f1bd551b2bc1f1e,15/9-F-11,15/9-F-11 B,4268.9,3,0.148000001907,0.232297152224,0.148000001907,0.232297152224,0.232297152224
reservoir_property_p51_r1-34ef50298fba454f7774,15/9-F-11,15/9-F-11 B,4270.9,2,0.129999995232,0.163726986284,0.129999995232,0.163726986284,0.163726986284
reservoir_property_p51_r1-25fa5015ed7bbd6be752,15/9-F-11,15/9-F-11 B,4272.9,1,0.112999998033,0.13338463317,0.112999998033,0.13338463317,0.13338463317
reservoir_property_p51_r1-a6a9b9728321e4f20b35,15/9-F-11,15/9-F-11 B,4274.9,3,0.097999997437,0.141740036867,0.097999997437,0.141740036867,0.141740036867
reservoir_property_p51_r1-1b0ab35762167fc00629,15/9-F-11,15/9-F-11 B,4276.9,0,0.116999998689,0.180160657734,0.116999998689,0.180160657734,0.180160657734
reservoir_property_p51_r1-53ed4b600d23174eb501,15/9-F-11,15/9-F-11 B,4278.9,2,0.118000000715,0.231667580192,0.118000000715,0.231667580192,0.231667580192
reservoir_property_p51_r1-fc0f625b80a7b951d98e,15/9-F-11,15/9-F-11 B,4280.9,2,0.437000006437,0.364659854535,0.437000006437,0.364659854535,0.364659854535
reservoir_property_p51_r1-a96743515c0f4edd71ea,15/9-F-11,15/9-F-11 B,4282.9,3,0.945999979973,0.621220530618,0.945999979973,0.621220530618,0.621220530618
reservoir_property_p51_r1-d3abf41c8811daff7523,15/9-F-11,15/9-F-11 B,4284.9,2,0.883000016212,0.68290391393,0.883000016212,0.68290391393,0.68290391393
reservoir_property_p51_r1-3562c91b2b1ed7750e41,15/9-F-11,15/9-F-11 B,4286.9,3,0.108000002801,0.338287942415,0.108000002801,0.338287942415,0.338287942415
reservoir_property_p51_r1-a0fc5ce08a5d8e0f5dea,15/9-F-11,15/9-F-11 B,4288.9,2,0.070000000298,0.157149630133,0.070000000298,0.157149630133,0.157149630133
reservoir_property_p51_r1-2c2866b52b365bf49896,15/9-F-11,15/9-F-11 B,4290.9,1,0.111000001431,0.236712191843,0.111000001431,0.236712191843,0.236712191843
reservoir_property_p51_r1-0a52fe29b5290e270854,15/9-F-11,15/9-F-11 B,4292.9,0,0.122000001371,0.305234643007,0.122000001371,0.305234643007,0.305234643007
reservoir_property_p51_r1-5595951d26e6ac1c39ae,15/9-F-11,15/9-F-11 B,4294.9,1,1,0.54702052957,1,0.54702052957,0.54702052957
reservoir_property_p51_r1-50d011832c672e2dc79e,15/9-F-11,15/9-F-11 B,4300.3,2,0.158999994397,0.434792755685,0.158999994397,0.434792755685,0.434792755685
reservoir_property_p51_r1-3a7145b3ab6311e8f25d,15/9-F-11,15/9-F-11 B,4302.3,1,0.129999995232,0.461605235749,0.129999995232,0.461605235749,0.461605235749
reservoir_property_p51_r1-d419774011859483de22,15/9-F-11,15/9-F-11 B,4304.3,3,0.144999995828,0.33200862501,0.144999995828,0.33200862501,0.33200862501
reservoir_property_p51_r1-e12a65d16ae7f5d59679,15/9-F-11,15/9-F-11 B,4306.3,1,0.172000005841,0.247943770525,0.172000005841,0.247943770525,0.247943770525
reservoir_property_p51_r1-565ab635df568efe1b6f,15/9-F-11,15/9-F-11 B,4308.3,3,0.168999999762,0.212952993565,0.168999999762,0.212952993565,0.212952993565
reservoir_property_p51_r1-7b3b2ae25cc1fe5ebfe9,15/9-F-11,15/9-F-11 T2,4400.6,0,1,0.52374680944,1,0.52374680944,0.52374680944
reservoir_property_p51_r1-eef3f72c25a8405135e1,15/9-F-11,15/9-F-11 T2,4402.6,0,1,0.549493514448,1,0.549493514448,0.549493514448
reservoir_property_p51_r1-f943b900a64502180b81,15/9-F-11,15/9-F-11 T2,4404.6,2,1,0.558814058094,1,0.558814058094,0.558814058094
reservoir_property_p51_r1-aecb03b323286c41747d,15/9-F-11,15/9-F-11 T2,4406.6,2,1,0.507946682431,1,0.507946682431,0.507946682431
reservoir_property_p51_r1-06650b8a442cfd04d4a1,15/9-F-11,15/9-F-11 T2,4408.6,3,1,0.47671861465,1,0.47671861465,0.47671861465
reservoir_property_p51_r1-50948e33c7f313a75821,15/9-F-11,15/9-F-11 T2,4410.6,0,1,0.511521916941,1,0.511521916941,0.511521916941
reservoir_property_p51_r1-d766612d437e9ba4874f,15/9-F-11,15/9-F-11 T2,4412.6,0,0.958000004292,0.669924608544,0.958000004292,0.669924608544,0.669924608544
reservoir_property_p51_r1-b0429195018cd4c790e4,15/9-F-11,15/9-F-11 T2,4414.6,2,1,0.706065653658,1,0.706065653658,0.706065653658
reservoir_property_p51_r1-dab073f1a320116f4365,15/9-F-11,15/9-F-11 T2,4416.6,1,0.462000012398,0.595512775739,0.462000012398,0.595512775739,0.595512775739
reservoir_property_p51_r1-5604e532d314abad691e,15/9-F-11,15/9-F-11 T2,4418.6,3,0.488000005484,0.550671251877,0.488000005484,0.550671251877,0.550671251877
reservoir_property_p51_r1-022dbb60f8a15d81b61a,15/9-F-11,15/9-F-11 T2,4420.6,0,1,0.565410833538,1,0.565410833538,0.565410833538
reservoir_property_p51_r1-5af141b5856ee30bc698,15/9-F-11,15/9-F-11 T2,4422.6,3,1,0.617693566524,1,0.617693566524,0.617693566524
reservoir_property_p51_r1-33b640b19ab12d920935,15/9-F-11,15/9-F-11 T2,4424.6,1,1,0.569912600995,1,0.569912600995,0.569912600995
reservoir_property_p51_r1-cb340997a238385357a7,15/9-F-11,15/9-F-11 T2,4426.6,3,1,0.581070048238,1,0.581070048238,0.581070048238
reservoir_property_p51_r1-664dbc2565265e8fe649,15/9-F-11,15/9-F-11 T2,4428.6,2,1,0.596024160058,1,0.596024160058,0.596024160058
reservoir_property_p51_r1-08cab6f36c81d873bd2a,15/9-F-11,15/9-F-11 T2,4430.6,0,1,0.647219431042,1,0.647219431042,0.647219431042
reservoir_property_p51_r1-869c97c4868dacfd8988,15/9-F-11,15/9-F-11 T2,4432.6,0,1,0.673707014031,1,0.673707014031,0.673707014031
reservoir_property_p51_r1-95b534ab119f581828f6,15/9-F-11,15/9-F-11 T2,4434.6,0,1,0.634617223006,1,0.634617223006,0.634617223006
reservoir_property_p51_r1-3ddbf46b2ad0e010e1ea,15/9-F-11,15/9-F-11 T2,4436.6,3,1,0.555664898066,1,0.555664898066,0.555664898066
reservoir_property_p51_r1-20df2492269150d61167,15/9-F-11,15/9-F-11 T2,4438.6,3,0.967000007629,0.537606540607,0.967000007629,0.537606540607,0.537606540607
reservoir_property_p51_r1-18b2b73f553186a48d09,15/9-F-11,15/9-F-11 T2,4440.6,3,0.943000018597,0.569102028128,0.943000018597,0.569102028128,0.569102028128
reservoir_property_p51_r1-3ca52cf198949916ef17,15/9-F-11,15/9-F-11 T2,4442.6,0,0.939999997616,0.619864134577,0.939999997616,0.619864134577,0.619864134577
reservoir_property_p51_r1-18cf671e4332bb8eac36,15/9-F-11,15/9-F-11 T2,4444.6,3,1,0.668739115611,1,0.668739115611,0.668739115611
reservoir_property_p51_r1-0a48cf6a95e9a919c852,15/9-F-11,15/9-F-11 T2,4446.6,2,0.966000020504,0.717776383341,0.966000020504,0.717776383341,0.717776383341
reservoir_property_p51_r1-63fb285af5619fffa304,15/9-F-11,15/9-F-11 T2,4448.6,1,0.966000020504,0.699751545001,0.966000020504,0.699751545001,0.699751545001
reservoir_property_p51_r1-304bf3829b1be7b0246c,15/9-F-11,15/9-F-11 T2,4450.6,2,0.92199999094,0.487194333169,0.92199999094,0.487194333169,0.487194333169
reservoir_property_p51_r1-a75decbef6c4d9266c61,15/9-F-11,15/9-F-11 T2,4452.6,0,0.945999979973,0.515767154915,0.945999979973,0.515767154915,0.515767154915
reservoir_property_p51_r1-627c465d3823f663425e,15/9-F-11,15/9-F-11 T2,4454.6,2,0.773999989033,0.68604860675,0.773999989033,0.68604860675,0.68604860675
reservoir_property_p51_r1-1e7610968cb5fabbe70d,15/9-F-11,15/9-F-11 T2,4456.6,3,1,0.814132560114,1,0.814132560114,0.814132560114
reservoir_property_p51_r1-0ac9de685fea25da969e,15/9-F-11,15/9-F-11 T2,4458.6,2,1,0.728158278572,1,0.728158278572,0.728158278572
reservoir_property_p51_r1-df7abf69194a9ad86c7d,15/9-F-11,15/9-F-11 T2,4460.6,1,0.976999998093,0.685691355732,0.976999998093,0.685691355732,0.685691355732
reservoir_property_p51_r1-c61a87f37791364aac5d,15/9-F-11,15/9-F-11 T2,4462.6,2,0.961000025272,0.67448700777,0.961000025272,0.67448700777,0.67448700777
reservoir_property_p51_r1-78bdc251edeeb5fa73a7,15/9-F-11,15/9-F-11 T2,4464.6,1,0.771000027657,0.632869000637,0.771000027657,0.632869000637,0.632869000637
reservoir_property_p51_r1-f6727249a8e4d91e5714,15/9-F-11,15/9-F-11 T2,4466.6,2,1,0.442465975289,1,0.442465975289,0.442465975289
reservoir_property_p51_r1-a0de1f1dd73c128e5c8d,15/9-F-11,15/9-F-11 T2,4468.6,2,1,0.426342846012,1,0.426342846012,0.426342846012
reservoir_property_p51_r1-d53314085d97a0d4b572,15/9-F-11,15/9-F-11 T2,4470.6,2,0.987999975681,0.452240715821,0.987999975681,0.452240715821,0.452240715821
reservoir_property_p51_r1-29ed6b113c540501e567,15/9-F-11,15/9-F-11 T2,4472.6,0,0.930000007153,0.463342359182,0.930000007153,0.463342359182,0.463342359182
reservoir_property_p51_r1-dd6a219cda221ddd26d4,15/9-F-11,15/9-F-11 T2,4474.6,1,0.90499997139,0.455105218645,0.90499997139,0.455105218645,0.455105218645
reservoir_property_p51_r1-b306ce7e6cefdf2178e7,15/9-F-11,15/9-F-11 T2,4476.6,0,0.967000007629,0.423338548219,0.967000007629,0.423338548219,0.423338548219
reservoir_property_p51_r1-bb1368e05347089a6bfe,15/9-F-11,15/9-F-11 T2,4478.6,0,1,0.420229669875,1,0.420229669875,0.420229669875
reservoir_property_p51_r1-cbe7b099ca21e97f54ed,15/9-F-11,15/9-F-11 T2,4480.6,0,1,0.435056569955,1,0.435056569955,0.435056569955
reservoir_property_p51_r1-cfc3c00464c01e956ae4,15/9-F-11,15/9-F-11 T2,4482.6,1,1,0.463722433103,1,0.463722433103,0.463722433103
reservoir_property_p51_r1-6d2726afb02c3085a208,15/9-F-11,15/9-F-11 T2,4484.6,1,0.903999984264,0.512595394955,0.903999984264,0.512595394955,0.512595394955
reservoir_property_p51_r1-6e3bcfa776508ed00b51,15/9-F-11,15/9-F-11 T2,4486.6,0,1,0.515803923012,1,0.515803923012,0.515803923012
reservoir_property_p51_r1-7718a780287384012ae8,15/9-F-11,15/9-F-11 T2,4488.6,3,1,0.458863482356,1,0.458863482356,0.458863482356
reservoir_property_p51_r1-3bb97bd9ee10771b5721,15/9-F-11,15/9-F-11 T2,4490.6,3,1,0.424962039091,1,0.424962039091,0.424962039091
reservoir_property_p51_r1-182e66ec00ec82a6916d,15/9-F-11,15/9-F-11 T2,4492.6,1,1,0.451902037529,1,0.451902037529,0.451902037529
reservoir_property_p51_r1-188c99f409134947b62b,15/9-F-11,15/9-F-11 T2,4494.6,1,1,0.491863816915,1,0.491863816915,0.491863816915
reservoir_property_p51_r1-5c24b61c90079ee94744,15/9-F-11,15/9-F-11 T2,4496.6,2,1,0.546409748476,1,0.546409748476,0.546409748476
reservoir_property_p51_r1-ef56fa1811b30c34ea7a,15/9-F-11,15/9-F-11 T2,4498.6,0,1,0.648929662141,1,0.648929662141,0.648929662141
reservoir_property_p51_r1-8a05122b29aa4a032fc8,15/9-F-11,15/9-F-11 T2,4500.6,2,1,0.737169444036,1,0.737169444036,0.737169444036
reservoir_property_p51_r1-e1e0412ddfeeaf96d26e,15/9-F-11,15/9-F-11 T2,4502.6,2,0.856999993324,0.748566007739,0.856999993324,0.748566007739,0.748566007739
reservoir_property_p51_r1-84d4ccb12bf3f48851f4,15/9-F-11,15/9-F-11 T2,4504.6,2,1,0.717256173737,1,0.717256173737,0.717256173737
reservoir_property_p51_r1-639e53c6dc5629f64950,15/9-F-11,15/9-F-11 T2,4506.6,2,1,0.778001336208,1,0.778001336208,0.778001336208
reservoir_property_p51_r1-9b66cde7ebce6bb587d2,15/9-F-11,15/9-F-11 T2,4508.6,2,1,0.890859525315,1,0.890859525315,0.890859525315
reservoir_property_p51_r1-58df677b156117e45ce6,15/9-F-11,15/9-F-11 T2,4510.6,3,1,0.920898899715,1,0.920898899715,0.920898899715
reservoir_property_p51_r1-1c4d1fb51e11f6a695f6,15/9-F-11,15/9-F-11 T2,4512.6,0,1,0.879655760763,1,0.879655760763,0.879655760763
reservoir_property_p51_r1-3f38a6c034b96db4b973,15/9-F-12,15/9-F-12,3117.9516,0,1,1.14569619814,1,1.14569619814,1
reservoir_property_p51_r1-6702cde9baa3f335b90e,15/9-F-12,15/9-F-12,3120.0852,3,1,1.04114876825,1,1.04114876825,1
reservoir_property_p51_r1-b0e20fbd8d273e57a3e3,15/9-F-12,15/9-F-12,3122.2188,1,1,0.86738994957,1,0.86738994957,0.86738994957
reservoir_property_p51_r1-8b6fd913805ebe4d533e,15/9-F-12,15/9-F-12,3124.3524,2,1,0.84427232321,1,0.84427232321,0.84427232321
reservoir_property_p51_r1-0ab016a2d4b4acacb9bb,15/9-F-12,15/9-F-12,3126.486,0,0.018200000748,0.653446415483,0.018200000748,0.653446415483,0.653446415483
reservoir_property_p51_r1-529b790809eb55baff07,15/9-F-12,15/9-F-12,3128.6196,1,0.0833000019193,0.357191996373,0.0833000019193,0.357191996373,0.357191996373
reservoir_property_p51_r1-74569bc3997d5ab7aeb9,15/9-F-12,15/9-F-12,3130.7532,0,0.0940999910235,0.40637706173,0.0940999910235,0.40637706173,0.40637706173
reservoir_property_p51_r1-0bb63087fb396f51163e,15/9-F-12,15/9-F-12,3132.8868,0,0.106100000441,0.476580623055,0.106100000441,0.476580623055,0.476580623055
reservoir_property_p51_r1-fc5548e4901c4f3568b0,15/9-F-12,15/9-F-12,3135.0204,0,0.382899999619,0.465235777004,0.382899999619,0.465235777004,0.465235777004
reservoir_property_p51_r1-b5640b0e4e6e0e91b0cd,15/9-F-12,15/9-F-12,3137.154,1,0.11060000211,0.388242255341,0.11060000211,0.388242255341,0.388242255341
reservoir_property_p51_r1-f3333510eb6abf2cda63,15/9-F-12,15/9-F-12,3139.2876,3,0.256300002337,0.558014223631,0.256300002337,0.558014223631,0.558014223631
reservoir_property_p51_r1-d65121186fd853fa16cb,15/9-F-12,15/9-F-12,3141.4212,1,0.351200014353,0.599565731812,0.351200014353,0.599565731812,0.599565731812
reservoir_property_p51_r1-37b4f55493cd6f9b9af0,15/9-F-12,15/9-F-12,3143.5548,2,0.107100002468,0.471014535877,0.107100002468,0.471014535877,0.471014535877
reservoir_property_p51_r1-592a04ee28bcee2d52d2,15/9-F-12,15/9-F-12,3145.6884,1,0.147599995136,0.580908235889,0.147599995136,0.580908235889,0.580908235889
reservoir_property_p51_r1-d6737e6a5336bd154c59,15/9-F-12,15/9-F-12,3147.822,3,0.71590000391,0.73786590112,0.71590000391,0.73786590112,0.73786590112
reservoir_property_p51_r1-2539d0334f0fac390359,15/9-F-12,15/9-F-12,3149.9556,2,0.217099994421,0.581573223636,0.217099994421,0.581573223636,0.581573223636
reservoir_property_p51_r1-c5132bbbdd362f888613,15/9-F-12,15/9-F-12,3152.0892,0,0.163299992681,0.373583355442,0.163299992681,0.373583355442,0.373583355442
reservoir_property_p51_r1-0e684dd1f15068b53faf,15/9-F-12,15/9-F-12,3154.2228,2,0.15189999342,0.382549249665,0.15189999342,0.382549249665,0.382549249665
reservoir_property_p51_r1-2ca20e3df29d18fe515e,15/9-F-12,15/9-F-12,3156.3564,0,0.126200005412,0.372253979057,0.126200005412,0.372253979057,0.372253979057
reservoir_property_p51_r1-a51fa3887ef25026c3a1,15/9-F-12,15/9-F-12,3158.49,0,0.126499995589,0.395162669846,0.126499995589,0.395162669846,0.395162669846
reservoir_property_p51_r1-7ed1f6ea47c96c23d0d7,15/9-F-12,15/9-F-12,3160.6236,3,0.162400007248,0.490790782817,0.162400007248,0.490790782817,0.490790782817
reservoir_property_p51_r1-625454f1895f1b2d6ecf,15/9-F-12,15/9-F-12,3162.7572,2,0.442600011826,0.561606685197,0.442600011826,0.561606685197,0.561606685197
reservoir_property_p51_r1-8c2a082a676d77f162cb,15/9-F-12,15/9-F-12,3164.8908,1,0.0886999890208,0.529404173165,0.0886999890208,0.529404173165,0.529404173165
reservoir_property_p51_r1-1bac30db3abe519b92de,15/9-F-12,15/9-F-12,3167.0244,0,0.222200006247,0.432383567132,0.222200006247,0.432383567132,0.432383567132
reservoir_property_p51_r1-6e88bf417c68aa55fd1d,15/9-F-12,15/9-F-12,3169.158,2,0.126499995589,0.380086692481,0.126499995589,0.380086692481,0.380086692481
reservoir_property_p51_r1-99365b57af8be71b2956,15/9-F-12,15/9-F-12,3171.2916,2,0.111000001431,0.371004961891,0.111000001431,0.371004961891,0.371004961891
reservoir_property_p51_r1-4b21e233f79a2e1263ce,15/9-F-12,15/9-F-12,3173.4252,2,0.12690000236,0.384146951636,0.12690000236,0.384146951636,0.384146951636
reservoir_property_p51_r1-f4ec491f6d302e188e9a,15/9-F-12,15/9-F-12,3175.5588,1,0.141100004315,0.388962535762,0.141100004315,0.388962535762,0.388962535762
reservoir_property_p51_r1-e98ef5c0e3e7704ae4a6,15/9-F-12,15/9-F-12,3177.6924,0,0.130099996924,0.42282147695,0.130099996924,0.42282147695,0.42282147695
reservoir_property_p51_r1-61f97be7b5afc0f5507f,15/9-F-12,15/9-F-12,3179.826,2,0.153999984264,0.505859845383,0.153999984264,0.505859845383,0.505859845383
reservoir_property_p51_r1-1e26b22d7402bdcf7a70,15/9-F-12,15/9-F-12,3181.9596,0,0.14280000329,0.507025189249,0.14280000329,0.507025189249,0.507025189249
reservoir_property_p51_r1-95879c6487610302bd53,15/9-F-12,15/9-F-12,3184.0932,1,0.0932999923825,0.341334779998,0.0932999923825,0.341334779998,0.341334779998
reservoir_property_p51_r1-58d88d81d85ed22b4793,15/9-F-12,15/9-F-12,3186.2268,0,0.0727000012994,0.341379877408,0.0727000012994,0.341379877408,0.341379877408
reservoir_property_p51_r1-4e29e75f3887a0d30065,15/9-F-12,15/9-F-12,3188.3604,1,0.0476000010967,0.277128011894,0.0476000010967,0.277128011894,0.277128011894
reservoir_property_p51_r1-40491812d41b4b76c4eb,15/9-F-12,15/9-F-12,3190.494,1,0.0405000001192,0.247682537835,0.0405000001192,0.247682537835,0.247682537835
reservoir_property_p51_r1-a630d9b5e79f5bb9b3d3,15/9-F-12,15/9-F-12,3192.6276,1,0.0386000014842,0.266088765863,0.0386000014842,0.266088765863,0.266088765863
reservoir_property_p51_r1-8335b643c3e08fc0b98c,15/9-F-12,15/9-F-12,3194.7612,3,0.0504000000656,0.336489003849,0.0504000000656,0.336489003849,0.336489003849
reservoir_property_p51_r1-2652690bc997d0508def,15/9-F-12,15/9-F-12,3196.8948,0,0.0531999915838,0.361879045328,0.0531999915838,0.361879045328,0.361879045328
reservoir_property_p51_r1-bcf21b7e633bdf6be496,15/9-F-12,15/9-F-12,3199.0284,2,0.05229999125,0.303846844949,0.05229999125,0.303846844949,0.303846844949
reservoir_property_p51_r1-68e11e2f625b1d8092a9,15/9-F-12,15/9-F-12,3201.162,2,0.0511000007391,0.298495717824,0.0511000007391,0.298495717824,0.298495717824
reservoir_property_p51_r1-21b08e3e961646d87d7a,15/9-F-12,15/9-F-12,3203.2956,1,0.0527000017464,0.262836699142,0.0527000017464,0.262836699142,0.262836699142
reservoir_property_p51_r1-6767df83333feb62bf4d,15/9-F-12,15/9-F-12,3205.4292,0,0.0654999911785,0.306935321006,0.0654999911785,0.306935321006,0.306935321006
reservoir_property_p51_r1-4d760c029e448352b292,15/9-F-12,15/9-F-12,3207.5628,2,0.0749000012875,0.359400705549,0.0749000012875,0.359400705549,0.359400705549
reservoir_property_p51_r1-636663cf6a84b4ef2112,15/9-F-12,15/9-F-12,3209.6964,1,0.106799989939,0.349680756572,0.106799989939,0.349680756572,0.349680756572
reservoir_property_p51_r1-2ef063667eded60f5077,15/9-F-12,15/9-F-12,3211.83,2,0.112199991941,0.384681858844,0.112199991941,0.384681858844,0.384681858844
reservoir_property_p51_r1-b334c842bda1ef328f38,15/9-F-12,15/9-F-12,3213.9636,1,0.119999989867,0.365196572344,0.119999989867,0.365196572344,0.365196572344
reservoir_property_p51_r1-8c95ac841810a2d93b76,15/9-F-12,15/9-F-12,3216.0972,3,0.153899982572,0.43090721485,0.153899982572,0.43090721485,0.43090721485
reservoir_property_p51_r1-425b1e4863342e3b24c9,15/9-F-12,15/9-F-12,3218.2308,0,0.161699995399,0.407524736019,0.161699995399,0.407524736019,0.407524736019
reservoir_property_p51_r1-68b14c42407d8d231682,15/9-F-12,15/9-F-12,3220.3644,0,0.11439999193,0.329519437585,0.11439999193,0.329519437585,0.329519437585
reservoir_property_p51_r1-4b6087e77fc13272607a,15/9-F-12,15/9-F-12,3222.498,0,0.127599984407,0.311699734411,0.127599984407,0.311699734411,0.311699734411
reservoir_property_p51_r1-7345b5c9198a2bbb62f5,15/9-F-12,15/9-F-12,3224.6316,3,0.127599984407,0.344833255376,0.127599984407,0.344833255376,0.344833255376
reservoir_property_p51_r1-76e3d221da9d5e6c6d05,15/9-F-12,15/9-F-12,3226.7652,3,0.132499992847,0.35233414731,0.132499992847,0.35233414731,0.35233414731
reservoir_property_p51_r1-2acf63a10c98b888c2fc,15/9-F-12,15/9-F-12,3228.8988,2,0.142100006342,0.372386076314,0.142100006342,0.372386076314,0.372386076314
reservoir_property_p51_r1-dfeef5cbc2de34efba95,15/9-F-12,15/9-F-12,3231.0324,0,0.152500003576,0.388704621663,0.152500003576,0.388704621663,0.388704621663
reservoir_property_p51_r1-97f72964ae6ff42ad85d,15/9-F-12,15/9-F-12,3233.166,2,0.260899990797,0.465253543978,0.260899990797,0.465253543978,0.465253543978
reservoir_property_p51_r1-ae909583c02e00b7d815,15/9-F-12,15/9-F-12,3235.2996,0,0.153099983931,0.448538047682,0.153099983931,0.448538047682,0.448538047682
reservoir_property_p51_r1-93ad04da55e66902a172,15/9-F-12,15/9-F-12,3237.4332,2,0.125599995255,0.424976628213,0.125599995255,0.424976628213,0.424976628213
reservoir_property_p51_r1-ca712d32515a21890840,15/9-F-12,15/9-F-12,3239.5668,0,0.122100003064,0.360823531897,0.122100003064,0.360823531897,0.360823531897
reservoir_property_p51_r1-66c6e53a35be384ed606,15/9-F-12,15/9-F-12,3241.7004,2,0.125,0.420181010152,0.125,0.420181010152,0.420181010152
reservoir_property_p51_r1-8a405574e92664aef706,15/9-F-12,15/9-F-12,3243.834,1,0.165800005198,0.480626975001,0.165800005198,0.480626975001,0.480626975001
reservoir_property_p51_r1-fd659ec929231c7da9f2,15/9-F-12,15/9-F-12,3245.9676,3,0.138300001621,0.537820176136,0.138300001621,0.537820176136,0.537820176136
reservoir_property_p51_r1-033858a9d61fe79879d2,15/9-F-12,15/9-F-12,3248.1012,2,0.123300001025,0.49854475796,0.123300001025,0.49854475796,0.49854475796
reservoir_property_p51_r1-beec79ac877ddf064871,15/9-F-12,15/9-F-12,3250.2348,1,0.140100002289,0.467170432948,0.140100002289,0.467170432948,0.467170432948
reservoir_property_p51_r1-8cef5dc89f2b0678a45b,15/9-F-12,15/9-F-12,3252.3684,1,0.142399996519,0.469499788208,0.142399996519,0.469499788208,0.469499788208
reservoir_property_p51_r1-64096ecfb67b34b655a0,15/9-F-12,15/9-F-12,3254.502,2,0.361699998379,0.49594049138,0.361699998379,0.49594049138,0.49594049138
reservoir_property_p51_r1-0c3094d23bfe42aace33,15/9-F-12,15/9-F-12,3256.6356,3,0.364100009203,0.455002352401,0.364100009203,0.455002352401,0.455002352401
reservoir_property_p51_r1-00b9538f1aa551abeac6,15/9-F-12,15/9-F-12,3258.7692,1,0.350600004196,0.575126492577,0.350600004196,0.575126492577,0.575126492577
reservoir_property_p51_r1-081480d994ce0e302f9e,15/9-F-12,15/9-F-12,3260.9028,0,0.384499996901,0.637238712041,0.384499996901,0.637238712041,0.637238712041
reservoir_property_p51_r1-4853f4318271c6ff1ec6,15/9-F-12,15/9-F-12,3263.0364,2,0.333499997854,0.587835891085,0.333499997854,0.587835891085,0.587835891085
reservoir_property_p51_r1-ff6ab928b550ff19f45f,15/9-F-12,15/9-F-12,3265.17,3,0.29730001092,0.604089028091,0.29730001092,0.604089028091,0.604089028091
reservoir_property_p51_r1-43d03b28a1252bd76a8a,15/9-F-12,15/9-F-12,3267.3036,3,0.311599999666,0.638918426406,0.311599999666,0.638918426406,0.638918426406
reservoir_property_p51_r1-b08e47142d609ebea6a6,15/9-F-12,15/9-F-12,3269.4372,3,0.259999990463,0.613641763636,0.259999990463,0.613641763636,0.613641763636
reservoir_property_p51_r1-ab626e8e55c47a09bb57,15/9-F-12,15/9-F-12,3271.5708,3,0.323799997568,0.625896709192,0.323799997568,0.625896709192,0.625896709192
reservoir_property_p51_r1-e58af9ede87719b98a66,15/9-F-12,15/9-F-12,3273.7044,0,0.348199993372,0.644986173128,0.348199993372,0.644986173128,0.644986173128
reservoir_property_p51_r1-d909f087ed7d09a13949,15/9-F-12,15/9-F-12,3275.838,1,0.326000005007,0.612301157786,0.326000005007,0.612301157786,0.612301157786
reservoir_property_p51_r1-0bf3115bf45dea98b967,15/9-F-12,15/9-F-12,3277.9716,0,0.652400016785,0.640654701796,0.652400016785,0.640654701796,0.640654701796
reservoir_property_p51_r1-9a782908f3cf39dc1e3b,15/9-F-12,15/9-F-12,3280.1052,2,0.78560000658,0.75796127436,0.78560000658,0.75796127436,0.75796127436
reservoir_property_p51_r1-484e2de3e11569818132,15/9-F-12,15/9-F-12,3282.2388,1,0.96130001545,0.904506767616,0.96130001545,0.904506767616,0.904506767616
reservoir_property_p51_r1-b4efbbf6fd337022a4d6,15/9-F-12,15/9-F-12,3284.3724,2,1,0.910650891032,1,0.910650891032,0.910650891032
reservoir_property_p51_r1-eba7b2e68048890519c4,15/9-F-12,15/9-F-12,3286.506,1,1,0.920625725822,1,0.920625725822,0.920625725822
reservoir_property_p51_r1-9c419a917f8951844810,15/9-F-12,15/9-F-12,3288.6396,3,0.95039999485,0.964179489922,0.95039999485,0.964179489922,0.964179489922
