sample_id,family_id,well_id,depth_m,fold_id,truth_model_domain,prediction_model_domain,truth_physical,prediction_physical_unclipped,prediction_physical_bounded
reservoir_property_p51_r1-c82c5b891df29e7e1807,15/9-19,15/9-19 A,3839.5656,1,5.26043701172,5.0225614115,191.565626347,150.799627566,150.799627566
reservoir_property_p51_r1-1963a20e391bb3309902,15/9-19,15/9-19 A,3841.6992,1,7.33351898193,5.30409110577,1529.75901856,200.158087875,200.158087875
reservoir_property_p51_r1-fe974d79cb240d283870,15/9-19,15/9-19 A,3843.8328,1,0.0953101813793,4.86036657525,0.100000001732,128.071507856,128.071507856
reservoir_property_p51_r1-554169715805611d6505,15/9-19,15/9-19 A,3845.9664,1,5.07550430298,4.35290548652,159.052886778,76.703902903,76.703902903
reservoir_property_p51_r1-e9faa83dbd75146b922d,15/9-19,15/9-19 A,3848.1,1,0.0953101813793,3.76933226263,0.100000001732,42.3511080143,42.3511080143
reservoir_property_p51_r1-b21ead1ab61170abe768,15/9-19,15/9-19 A,3850.2336,1,0.0953101813793,3.77208078639,0.100000001732,42.4704234604,42.4704234604
reservoir_property_p51_r1-8cbfd7b4b6577ea396b6,15/9-19,15/9-19 A,3852.3672,1,3.8300511837,3.75570565035,45.0648959457,41.76438587,41.76438587
reservoir_property_p51_r1-157edc8d66166411b41c,15/9-19,15/9-19 A,3854.5008,1,0.0953101813793,2.49201791495,0.100000001732,11.085639323,11.085639323
reservoir_property_p51_r1-eefb76085578cf371e11,15/9-19,15/9-19 A,3856.6344,1,2.32452273369,3.20593504403,9.22180040045,23.678564776,23.678564776
reservoir_property_p51_r1-ba88d3aa1dead4c37a0a,15/9-19,15/9-19 A,3858.768,1,4.69428682327,4.74492640585,108.320815772,113.999341913,113.999341913
reservoir_property_p51_r1-4b01174c986da8207347,15/9-19,15/9-19 A,3860.9016,1,8.40185832977,6.08989038204,4454.33854773,440.373026085,440.373026085
reservoir_property_p51_r1-adc4e2d20a333d442972,15/9-19,15/9-19 A,3863.0352,1,7.57346963882,6.8062671844,1944.88008354,902.491935731,902.491935731
reservoir_property_p51_r1-86ed2576ff87ddf2e6f9,15/9-19,15/9-19 A,3865.1688,1,8.79772567749,6.87538010284,6618.17274075,967.143289672,967.143289672
reservoir_property_p51_r1-71e20c83ac5524dbd4aa,15/9-19,15/9-19 A,3867.3024,1,7.18210411072,6.75311951932,1314.67367093,855.727175256,855.727175256
reservoir_property_p51_r1-8b23836a45e0e18009f5,15/9-19,15/9-19 A,3869.436,1,8.65847682953,6.94714918535,5757.7564111,1039.18013654,1039.18013654
reservoir_property_p51_r1-ee4a3c96e1393e892666,15/9-19,15/9-19 A,3871.5696,1,8.7547454834,7.14178729184,6339.7065434,1262.68494573,1262.68494573
reservoir_property_p51_r1-8cffe42d063d40cd6fd3,15/9-19,15/9-19 A,3873.7032,1,7.51696252823,6.06115181425,1837.97297356,427.86913006,427.86913006
reservoir_property_p51_r1-74be318bc57b2dd39843,15/9-19,15/9-19 A,3875.8368,1,1.37206864357,3.88999232252,2.94349995944,47.9105110129,47.9105110129
reservoir_property_p51_r1-ef6176b25058728b8a75,15/9-19,15/9-19 A,3877.9704,1,5.59498119354,3.33334068331,268.072589742,27.0318309272,27.0318309272
reservoir_property_p51_r1-2b8e6ccf04b6acc524ba,15/9-19,15/9-19 A,3880.104,1,2.18322706223,3.56971099155,7.87489995148,34.5063300392,34.5063300392
reservoir_property_p51_r1-05f0299cb2d43e708a38,15/9-19,15/9-19 A,3882.2376,1,4.16968250275,3.72201577445,63.6949083906,40.3476577121,40.3476577121
reservoir_property_p51_r1-0bbb78431a16c310d16d,15/9-19,15/9-19 A,3884.3712,1,0.0953101813793,3.59701615351,0.100000001732,35.4891936918,35.4891936918
reservoir_property_p51_r1-53b0c2d8b1aa1f1043ea,15/9-19,15/9-19 A,3886.5048,1,6.15420436859,4.78090182912,469.692195945,118.211810264,118.211810264
reservoir_property_p51_r1-21d9afbf8716251e6dcf,15/9-19,15/9-19 A,3888.6384,1,4.86892032623,5.03244742023,129.180288751,152.307762442,152.307762442
reservoir_property_p51_r1-b410868ca057738d21a3,15/9-19,15/9-19 A,3890.772,1,4.15808916092,4.17891501566,62.9492091285,64.2949707469,64.2949707469
reservoir_property_p51_r1-029c92d38f813b260b8c,15/9-19,15/9-19 A,3892.9056,1,4.28329277039,3.50182851933,71.4787032466,32.176059597,32.176059597
reservoir_property_p51_r1-fd8572584c089825c58d,15/9-19,15/9-19 A,3895.0392,1,0.413896143436,3.63918681891,0.512700014901,37.0608737552,37.0608737552
reservoir_property_p51_r1-4a98aad73b54e05450d6,15/9-19,15/9-19 A,3897.1728,1,3.45675826073,4.22042923409,30.7140011721,67.0626928485,67.0626928485
reservoir_property_p51_r1-5222af628774f4d29812,15/9-19,15/9-19 A,3899.3064,1,6.33680057526,5.14886799524,563.985787101,171.236407488,171.236407488
reservoir_property_p51_r1-b24f628f40d9912a4a57,15/9-19,15/9-19 A,3901.44,1,6.89511442184,5.90344440763,986.438702908,365.296973587,365.296973587
reservoir_property_p51_r1-98b0c25c053b60754842,15/9-19,15/9-19 A,3903.5736,1,5.54415178299,5.52610567505,254.737565266,250.163890198,250.163890198
reservoir_property_p51_r1-15b0cc17d6f671ddad2f,15/9-19,15/9-19 A,3905.7072,1,5.98098564148,5.33953863828,394.830322731,207.416532694,207.416532694
reservoir_property_p51_r1-37cd85bd1039f0fb621f,15/9-19,15/9-19 A,3907.8408,1,5.66199493408,4.38893825378,286.722056941,79.5548447578,79.5548447578
reservoir_property_p51_r1-d7cfe2a01f79bc3bfdeb,15/9-19,15/9-19 A,3909.9744,1,4.56082105637,4.23358732808,94.6619914815,67.9641861177,67.9641861177
reservoir_property_p51_r1-1eb04d9daf364c9b0e78,15/9-19,15/9-19 A,3912.108,1,4.57969236374,4.47983125376,96.4843998573,87.2197846622,87.2197846622
reservoir_property_p51_r1-a1d5a592554ea15ffea6,15/9-19,15/9-19 A,3914.2416,1,4.38387489319,4.05410664171,79.1479974078,56.6336524897,56.6336524897
reservoir_property_p51_r1-95e15844b5ac76025022,15/9-19,15/9-19 A,3916.3752,1,4.84052705765,3.58838724822,125.536025938,35.1756864526,35.1756864526
reservoir_property_p51_r1-5310a7e7b4271355abaa,15/9-19,15/9-19 A,3918.5088,1,1.96526443958,2.91458132491,6.13679959296,17.4410899612,17.4410899612
reservoir_property_p51_r1-a87bb0be089ebb81db40,15/9-19,15/9-19 A,3920.6424,1,0.0108410231769,2.48969739985,0.010899999999,11.0576269286,11.0576269286
reservoir_property_p51_r1-2c827d5bf1b7b2c72471,15/9-19,15/9-19 A,3922.776,1,0.0483138598502,3.57971594516,0.0494999995504,34.8633522413,34.8633522413
reservoir_property_p51_r1-d7c43bb402ed0dfa7845,15/9-19,15/9-19 A,3924.9096,1,1.9194341898,4.0791704477,5.81710019302,58.0964259346,58.0964259346
reservoir_property_p51_r1-2fd3c77299aba260cbc2,15/9-19,15/9-19 A,3927.0432,1,0.422780990601,4.29127317667,0.526200007215,72.0594268687,72.0594268687
reservoir_property_p51_r1-482ca5e8f089f800b149,15/9-19,15/9-19 A,3929.1768,1,2.41458249092,4.11646356304,10.185099502,60.3419263734,60.3419263734
reservoir_property_p51_r1-6368e91c7b49eb48f555,15/9-19,15/9-19 A,3931.3104,1,0.00697561353445,2.78389241556,0.00699999979661,15.1818851434,15.1818851434
reservoir_property_p51_r1-e245e2b7be260e10d89d,15/9-19,15/9-19 A,3933.444,1,0.000299955019727,1.8990815183,0.000300000010733,5.67975638985,5.67975638985
reservoir_property_p51_r1-c4646559245407a189bd,15/9-19,15/9-19 A,3935.5776,1,0.347270876169,2.48288695456,0.415200017415,10.9757881158,10.9757881158
reservoir_property_p51_r1-7288da4e92a9b94012df,15/9-19,15/9-19 A,3937.7112,1,2.80918574333,3.48639320877,15.5963989869,31.6679086368,31.6679086368
reservoir_property_p51_r1-7730fe1274b31c527544,15/9-19,15/9-19 A,3939.8448,1,0.384377658367,3.01086269206,0.468700003803,19.3049092555,19.3049092555
reservoir_property_p51_r1-4269d6afb067480d3d74,15/9-19,15/9-19 A,3941.9784,1,0.0634441748261,1.22126011858,0.0655000024183,2.3914586822,2.3914586822
reservoir_property_p51_r1-36d004f1b0ef6b98c067,15/9-19,15/9-19 A,3944.112,1,1.09477162361,0.250761831598,1.98850010259,0.285004000534,0.285004000534
reservoir_property_p51_r1-fc0b15025295be2d1721,15/9-19,15/9-19 A,3946.2456,1,0.0206845905632,0.425447092452,0.0208999993572,0.530274440893,0.530274440893
reservoir_property_p51_r1-6ce722e91999e30b030f,15/9-19,15/9-19 A,3948.3792,1,3.57112026215,1.05586852752,34.5564033413,1.87447062689,1.87447062689
reservoir_property_p51_r1-ef1ad8b8028fd49ddc4f,15/9-19,15/9-19 A,3950.5128,1,0.00568381650373,1.18838693619,0.00570000003564,2.28178320981,2.28178320981
reservoir_property_p51_r1-f3d652b75bda5eb9cbf2,15/9-19,15/9-19 A,3952.6464,1,5.16105890274,1.54116003408,173.348976502,3.67000449438,3.67000449438
reservoir_property_p51_r1-abd5ddc6451bcbcdd444,15/9-19,15/9-19 A,3954.78,1,6.51798725128,2.56719174325,676.213951156,12.0291837236,12.0291837236
reservoir_property_p51_r1-48f2e104933dfb6b8333,15/9-19,15/9-19 A,3956.9136,1,3.72983670235,2.15821532498,40.6723026192,7.65567629653,7.65567629653
reservoir_property_p51_r1-80d0cf104d57aaf84b64,15/9-19,15/9-19 A,3959.0472,1,4.52165603638,0.671467014803,90.9878070662,0.957106319631,0.957106319631
reservoir_property_p51_r1-e8971e133fc2020c291f,15/9-19,15/9-19 A,3961.1808,1,3.93641901016,1.08654253209,50.2348011015,1.96400837228,1.96400837228
reservoir_property_p51_r1-2a2dc31ff88488cd7591,15/9-19,15/9-19 A,3963.3144,1,2.37271738052,1.67918826164,9.72650070097,4.36120231078,4.36120231078
reservoir_property_p51_r1-5f9023d0346bb7db4d0c,15/9-19,15/9-19 BT2,4039.9716,1,7.61356830597,5.94782179036,2024.49279597,381.918353557,381.918353557
reservoir_property_p51_r1-17eb1e25bbbc88a94216,15/9-19,15/9-19 BT2,4042.1052,1,7.01322031021,5.81336023626,1110.22724559,333.742050347,333.742050347
reservoir_property_p51_r1-6c7658fe80039c29d01c,15/9-19,15/9-19 BT2,4044.2388,1,7.33093929291,5.80060222625,1525.81522538,329.498534884,329.498534884
reservoir_property_p51_r1-c4d972db396a804b6e68,15/9-19,15/9-19 BT2,4046.3724,1,7.37817811966,5.2735644253,1599.6708789,194.11018013,194.11018013
reservoir_property_p51_r1-0d5cf65e32752909676d,15/9-19,15/9-19 BT2,4048.506,1,4.47623300552,4.66345087422,86.9029184016,105.001248698,105.001248698
reservoir_property_p51_r1-83dd5d6464a142941499,15/9-19,15/9-19 BT2,4050.6396,1,2.8217716217,4.02027693971,15.8065992487,54.7165338113,54.7165338113
reservoir_property_p51_r1-f7a2682f45a52a1db059,15/9-19,15/9-19 BT2,4052.7732,1,3.18628239632,4.20514453271,23.198300328,66.0302850348,66.0302850348
reservoir_property_p51_r1-f9ae65e0657a3121113a,15/9-19,15/9-19 BT2,4054.9068,1,5.39888858795,5.15718852453,220.16047914,172.675484197,172.675484197
reservoir_property_p51_r1-db439f8c7b0d4bd04d6f,15/9-19,15/9-19 BT2,4057.0404,1,5.76266765594,5.25168820186,317.196035266,189.888254499,189.888254499
reservoir_property_p51_r1-a7a18be6e023dabcb84e,15/9-19,15/9-19 BT2,4059.174,1,5.29900789261,5.19936261158,199.138152906,180.156737861,180.156737861
reservoir_property_p51_r1-f18e185fd42e53603cbe,15/9-19,15/9-19 BT2,4061.3076,1,6.11789560318,4.81078932766,452.908485158,121.828531222,121.828531222
reservoir_property_p51_r1-eca180adcf269306e40e,15/9-19,15/9-19 BT2,4063.4412,1,2.8137485981,4.09951223592,15.6722989738,59.3108629495,59.3108629495
reservoir_property_p51_r1-d55e2b07ae322ddacf1b,15/9-19,15/9-19 BT2,4065.5748,1,2.03287386894,3.95806720655,6.63599971807,51.3560346919,51.3560346919
reservoir_property_p51_r1-e5dffe3e0b960a8909f1,15/9-19,15/9-19 BT2,4067.7084,1,5.39331674576,4.63747569299,218.931634494,102.283299482,102.283299482
reservoir_property_p51_r1-2942949578935c453b7d,15/9-19,15/9-19 BT2,4069.842,1,3.28690457344,3.63084258961,25.7599020099,36.7446064356,36.7446064356
reservoir_property_p51_r1-3fb7e0a49f7f424b71bd,15/9-19,15/9-19 BT2,4071.9756,1,0.0953101813793,3.20511427205,0.100000001732,23.6583176121,23.6583176121
reservoir_property_p51_r1-0ef440a79a6c325b9485,15/9-19,15/9-19 BT2,4074.1092,1,7.04489898682,4.81173887641,1145.99296855,121.945218291,121.945218291
reservoir_property_p51_r1-8b0dfe4fd19568417549,15/9-19,15/9-19 BT2,4076.2428,1,0.0953101813793,4.03230304399,0.100000001732,55.3906319193,55.3906319193
reservoir_property_p51_r1-61d8c6da5f43e3c3a8c9,15/9-19,15/9-19 BT2,4078.3764,1,6.68074560165,4.49369233493,795.913070264,88.4511203657,88.4511203657
reservoir_property_p51_r1-2c435b2f5ec28e30c92a,15/9-19,15/9-19 BT2,4080.51,1,7.56983566284,5.7844534359,1937.82163494,324.204246564,324.204246564
reservoir_property_p51_r1-1492cd74a90b4db31f7c,15/9-19,15/9-19 BT2,4082.6436,1,6.89953374863,5.98468889348,990.812173995,396.298899741,396.298899741
reservoir_property_p51_r1-e4c619aa61e7c9c4c69e,15/9-19,15/9-19 BT2,4084.7772,1,7.23464584351,5.5559202439,1385.6497202,257.764981883,257.764981883
reservoir_property_p51_r1-0407ee04f6ddb66a1a56,15/9-19,15/9-19 BT2,4086.9108,1,6.17503738403,5.29991983625,479.600990388,199.320750869,199.320750869
reservoir_property_p51_r1-74439ba92582a84ba471,15/9-19,15/9-19 BT2,4089.0444,1,6.85312795639,5.6892174204,945.837947321,294.662150914,294.662150914
reservoir_property_p51_r1-9bf9284f92d26be1d274,15/9-19,15/9-19 BT2,4091.178,1,5.51613092422,5.38098133984,247.671046394,216.235352563,216.235352563
reservoir_property_p51_r1-645867ec61a985871c4c,15/9-19,15/9-19 BT2,4093.3116,1,5.74255466461,4.85166444859,310.860092141,126.953184201,126.953184201
reservoir_property_p51_r1-cfdf9b0049feed6a747f,15/9-19,15/9-19 BT2,4095.4452,1,0.40539842844,4.12982283371,0.499899983832,61.1669080785,61.1669080785
reservoir_property_p51_r1-52b3257a3ea06c05215f,15/9-19,15/9-19 BT2,4097.5788,1,2.97268891335,3.60081628058,18.5444022077,35.6281210679,35.6281210679
reservoir_property_p51_r1-c192d53d443568006318,15/9-19,15/9-19 BT2,4099.7124,1,0.0953101813793,2.91914152993,0.100000001732,17.5253771497,17.5253771497
reservoir_property_p51_r1-7e7e6dcc83e62f16b2a7,15/9-19,15/9-19 BT2,4101.846,1,0.57408207655,3.02424867812,0.77550000559,19.5785377959,19.5785377959
reservoir_property_p51_r1-8053c6131cedcb32f61b,15/9-19,15/9-19 BT2,4103.9796,1,0.0288789588958,3.55242453026,0.0292999993262,33.8978258345,33.8978258345
reservoir_property_p51_r1-fb3cceeb3a4ce1d6fd01,15/9-19,15/9-19 BT2,4106.1132,1,6.37448692322,5.17339080794,585.684339594,175.512343354,175.512343354
reservoir_property_p51_r1-4e718ca88f4887b2bd0c,15/9-19,15/9-19 BT2,4108.2468,1,6.56047010422,6.33084673641,705.603793952,560.631946793,560.631946793
reservoir_property_p51_r1-b418c56149f6ec7619f3,15/9-19,15/9-19 BT2,4110.3804,1,7.1165766716,6.40332041777,1231.22489441,602.846736229,602.846736229
reservoir_property_p51_r1-50ec9c8e748675c1780b,15/9-19,15/9-19 BT2,4112.514,1,6.45816612244,6.28211615226,636.890170795,533.919437934,533.919437934
reservoir_property_p51_r1-61e6173eb6face567e7b,15/9-19,15/9-19 BT2,4114.6476,1,6.46938514709,6.19473356863,644.086971406,489.160833378,489.160833378
reservoir_property_p51_r1-2b215e73c517e3d41ddc,15/9-19,15/9-19 BT2,4116.7812,1,5.10634422302,6.21639264946,164.065806724,499.89307215,499.89307215
reservoir_property_p51_r1-b8eed999fd8eda807685,15/9-19,15/9-19 BT2,4118.9148,1,6.92309761047,6.68634994389,1014.46062927,800.391782234,800.391782234
reservoir_property_p51_r1-da56dacb5179280cfe8f,15/9-19,15/9-19 BT2,4121.0484,1,6.61621904373,6.79100198681,746.114941215,888.804687873,888.804687873
reservoir_property_p51_r1-2670d98ab1ae8e8fa0c3,15/9-19,15/9-19 BT2,4123.182,1,7.10835790634,6.88497749733,1221.13903071,976.479673554,976.479673554
reservoir_property_p51_r1-bc5d03ad223768b5016a,15/9-19,15/9-19 BT2,4125.3156,1,6.7308473587,6.75174331337,836.856930604,854.548953144,854.548953144
reservoir_property_p51_r1-be076e89fde786b423f8,15/9-19,15/9-19 BT2,4127.4492,1,7.14233779907,6.85359609562,1263.38080495,946.281303076,946.281303076
reservoir_property_p51_r1-56b8b3420a07934e1600,15/9-19,15/9-19 BT2,4129.5828,1,7.95824050903,6.98365159402,2858.03807273,1077.85070776,1077.85070776
reservoir_property_p51_r1-16ddefd7012a9ec1d84e,15/9-19,15/9-19 BT2,4131.7164,1,0.0953101813793,7.04958200212,0.100000001732,1151.37695098,1151.37695098
reservoir_property_p51_r1-be453fb7f5b5fb6d6dc7,15/9-19,15/9-19 BT2,4133.85,1,7.37011528015,7.05948724411,1586.81681626,1162.84824271,1162.84824271
reservoir_property_p51_r1-0e5276b6055c5f46c990,15/9-19,15/9-19 BT2,4135.9836,1,7.02704668045,6.41899076042,1125.69819196,612.383750478,612.383750478
reservoir_property_p51_r1-75f3af5dea0fc3b8bc18,15/9-19,15/9-19 BT2,4138.1172,1,6.46736335754,6.34650580143,642.784058859,569.495796645,569.495796645
reservoir_property_p51_r1-d8f352d5bffdfa9933a0,15/9-19,15/9-19 BT2,4140.2508,1,3.03846120834,5.03381153782,19.8730991591,152.517034962,152.517034962
reservoir_property_p51_r1-f57780042299ff0bb4c0,15/9-19,15/9-19 BT2,4142.3844,1,1.21879243851,4.0569246022,2.38309996476,56.7962908921,56.7962908921
reservoir_property_p51_r1-f7df0942c045e791ea97,15/9-19,15/9-19 BT2,4144.518,1,2.42003917694,4.39110658741,10.2462999019,79.7297040443,79.7297040443
reservoir_property_p51_r1-f77f21a917f8e2bb4453,15/9-19,15/9-19 BT2,4146.6516,1,2.66706156731,3.87512807312,13.3976005944,47.1888695946,47.1888695946
reservoir_property_p51_r1-90ae4a78ff185f815bbe,15/9-19,15/9-19 BT2,4148.7852,1,1.51859378815,4.59966887917,3.56580019639,98.4513797661,98.4513797661
reservoir_property_p51_r1-caf20a32eb1cce9b728d,15/9-19,15/9-19 BT2,4150.9188,1,5.7008934021,5.6464464922,298.134529039,282.283026693,282.283026693
reservoir_property_p51_r1-b5581e403eb22a9df522,15/9-19,15/9-19 BT2,4153.0524,1,5.05105161667,4.92154450619,155.186626613,136.214378065,136.214378065
reservoir_property_p51_r1-3fe00fa7843c63cb5069,15/9-19,15/9-19 BT2,4155.186,1,1.37589037418,4.00051905788,2.95859978932,53.6264969896,53.6264969896
reservoir_property_p51_r1-ee8199ff3b3d3a92dd3b,15/9-19,15/9-19 BT2,4157.3196,1,6.18943548203,4.93823300881,486.570786037,138.523494832,138.523494832
reservoir_property_p51_r1-14303b1a409ae943241b,15/9-19,15/9-19 BT2,4159.4532,1,5.5591878891,5.1973023093,258.611917022,179.783884449,179.783884449
reservoir_property_p51_r1-2424110cfa656c3e20ed,15/9-19,15/9-19 BT2,4161.5868,1,5.01096200943,4.5141535112,149.049015307,90.300248665,90.300248665
reservoir_property_p51_r1-e4dcb87f43964bc42283,15/9-19,15/9-19 BT2,4163.7204,1,0.0953101813793,2.48264179054,0.100000001732,10.9728524433,10.9728524433
reservoir_property_p51_r1-fa279f41172f2b46d8a7,15/9-19,15/9-19 BT2,4165.854,1,0.10029771924,1.30860566433,0.105499997706,2.70100966305,2.70100966305
reservoir_property_p51_r1-9a82322911d1538fb107,15/9-19,15/9-19 BT2,4167.9876,1,1.00393521786,1.89214666763,1.72899993486,5.63359352809,5.63359352809
reservoir_property_p51_r1-a5404e09df17407de685,15/9-19,15/9-19 BT2,4170.1212,1,2.19393014908,2.59719983635,7.97039893175,12.4260901,12.4260901
reservoir_property_p51_r1-b61032c8988d22de110d,15/9-19,15/9-19 BT2,4172.2548,1,3.29002380371,2.82969428122,25.8435026233,15.9402810708,15.9402810708
reservoir_property_p51_r1-5fd52a891c14eb2ec674,15/9-19,15/9-19 BT2,4174.3884,1,2.03877568245,2.37268217154,6.68119921264,9.72612303848,9.72612303848
reservoir_property_p51_r1-632b8d072ab14d84370f,15/9-19,15/9-19 BT2,4176.522,1,0.112346060574,1.69528213844,0.118900000831,4.44818289024,4.44818289024
reservoir_property_p51_r1-627fafe2433e9e258195,15/9-19,15/9-19 BT2,4178.6556,1,0,-0.0968770017448,0,-0.0923323591962,0
reservoir_property_p51_r1-acc3e9ed568068a231eb,15/9-19,15/9-19 BT2,4180.7892,1,3.93211579323,-2.80308631616,50.0148003328,-0.939377327133,0
reservoir_property_p51_r1-51047cca1addf691de5a,15/9-19,15/9-19 BT2,4182.9228,1,0.00657831551507,-1.16932663001,0.00660000015597,-0.689423996571,0
reservoir_property_p51_r1-1778b37e8d76204de6b5,15/9-19,15/9-19 BT2,4185.0564,1,0,-0.82406045881,0,-0.561353074225,0
reservoir_property_p51_r1-3732931f1dab15fb1ae8,15/9-19,15/9-19 BT2,4187.19,1,1.65460240841,-2.02711182771,4.23099970717,-0.86828461094,0
reservoir_property_p51_r1-803d8dda07685417ac15,15/9-19,15/9-19 BT2,4189.3236,1,0.0153811024502,-3.06915624426,0.0155000004183,-0.953539660498,0
reservoir_property_p51_r1-5d3a90b792abbdfd0416,15/9-19,15/9-19 BT2,4191.4572,1,0.00139902089722,-1.79340550394,0.00139999998349,-0.83360744679,0
reservoir_property_p51_r1-bc9998907f1ed9056af2,15/9-19,15/9-19 BT2,4193.5908,1,9.99949988909e-05,-3.14264497107,9.99999985575e-05,-0.956831532579,0
reservoir_property_p51_r1-3732ebca88252773d1c6,15/9-19,15/9-19 BT2,4195.7244,1,0.000199980000616,-3.85160105308,0.000199999997949,-0.97875430629,0
reservoir_property_p51_r1-a9cfe829449d62897cbd,15/9-19,15/9-19 SR,4269.9432,1,0,1.30188359802,0,2.67621466088,2.67621466088
reservoir_property_p51_r1-ce358540f331435b66ce,15/9-19,15/9-19 SR,4273.9056,1,0,-0.611766634085,0,-0.457608185692,0
reservoir_property_p51_r1-973bba9c487f6d73cebf,15/9-19,15/9-19 SR,4276.0392,1,0,-0.420280421754,0,-0.343137404575,0
reservoir_property_p51_r1-d68e98e909894fe502d6,15/9-19,15/9-19 SR,4278.1728,1,0,-0.598962038602,0,-0.450618422876,0
reservoir_property_p51_r1-28b363ee45458e731cb9,15/9-19,15/9-19 SR,4280.3064,1,0,-0.712117081985,0,-0.509395552606,0
reservoir_property_p51_r1-f993a075275f6edf91a1,15/9-19,15/9-19 SR,4282.44,1,0,-0.611042234919,0,-0.457215135168,0
reservoir_property_p51_r1-3e030bdce98d6f8dd264,15/9-19,15/9-19 SR,4284.5736,1,0,-0.421466388343,0,-0.343915959905,0
reservoir_property_p51_r1-7891ab9dbb0ef5c467e6,15/9-19,15/9-19 SR,4286.7072,1,0,-0.519245023025,0,-0.405030433227,0
reservoir_property_p51_r1-434c7020b5853ed800b6,15/9-19,15/9-19 SR,4288.8408,1,0,-0.684906855525,0,-0.495862815018,0
reservoir_property_p51_r1-9e714c3b24a10192ce2e,15/9-19,15/9-19 SR,4290.9744,1,0,-0.706602308246,0,-0.50668250604,0
reservoir_property_p51_r1-86ac012091ab82f4544d,15/9-19,15/9-19 SR,4293.108,1,0,-0.166586706793,0,-0.153450587832,0
reservoir_property_p51_r1-30bf9051d53730f79a53,15/9-19,15/9-19 SR,4295.2416,1,0,-0.318798314422,0,-0.272977835594,0
reservoir_property_p51_r1-ab62a2045b781330f8c6,15/9-19,15/9-19 SR,4297.375,1,0,-0.754724840193,0,-0.529860039445,0
reservoir_property_p51_r1-e0a592a358fb01109913,15/9-19,15/9-19 SR,4299.5088,1,0,-1.26268426585,0,-0.717106355328,0
reservoir_property_p51_r1-aad3053a7097065a6859,15/9-F-1,15/9-F-1 A,3430.6,3,0.00189819734078,-2.28957344127,0.00190000005781,-0.898690332839,0
reservoir_property_p51_r1-75ae061e8f9000495219,15/9-F-1,15/9-F-1 A,3432.6,3,0.000999500276521,-2.80096788462,0.000999999943381,-0.939248766025,0
reservoir_property_p51_r1-0a608aa6cdb2229c0489,15/9-F-1,15/9-F-1 A,3434.6,3,0.000999500276521,0.292224916608,0.000999999943381,0.339404238022,0.339404238022
reservoir_property_p51_r1-6910121701041a982dc0,15/9-F-1,15/9-F-1 A,3436.6,3,4.95460653305,3.77108626194,140.826791238,42.4272125518,42.4272125518
reservoir_property_p51_r1-f9474c1ca000994ce73a,15/9-F-1,15/9-F-1 A,3438.6,3,3.96529841423,3.82862582059,51.7360042159,44.9992835144,44.9992835144
reservoir_property_p51_r1-9bb7f858c0054bd2f092,15/9-F-1,15/9-F-1 A,3440.6,3,2.25289058685,3.50613537414,8.5152006364,32.3192522024,32.3192522024
reservoir_property_p51_r1-134adcc7a7ef74b8b1fd,15/9-F-1,15/9-F-1 A,3442.6,3,3.35073542595,3.68690887954,27.5237030035,38.9212546294,38.9212546294
reservoir_property_p51_r1-a5ef3e955e2caf730929,15/9-F-1,15/9-F-1 A,3444.6,3,4.63788700104,3.7429074681,102.325789472,41.2205668361,41.2205668361
reservoir_property_p51_r1-c21a8e20da38350152a2,15/9-F-1,15/9-F-1 A,3446.6,3,1.31092405319,2.89824872066,2.70959999665,17.1423452178,17.1423452178
reservoir_property_p51_r1-6789f2fc7722bf724393,15/9-F-1,15/9-F-1 A,3448.6,3,4.53318119049,2.60472828512,92.0541135897,12.527549167,12.527549167
reservoir_property_p51_r1-9b3bf10d1cd101b1abdb,15/9-F-1,15/9-F-1 A,3450.6,3,0.163648292422,1.87013022028,0.177800001053,5.48914136204,5.48914136204
reservoir_property_p51_r1-cc78df5177291bcc05fe,15/9-F-1,15/9-F-1 A,3452.6,3,2.40564703941,0.9145160272,10.0856007828,1.49556717296,1.49556717296
reservoir_property_p51_r1-6404c6ada7cc14ccd560,15/9-F-1,15/9-F-1 A,3454.6,3,1.63375973701,3.35864209529,4.12310006371,27.7501244316,27.7501244316
reservoir_property_p51_r1-d569b961f92e47de34ec,15/9-F-1,15/9-F-1 A,3456.6,3,7.96789884567,5.46943003314,2885.78540575,236.324886883,236.324886883
reservoir_property_p51_r1-3d30c8bbdf16298b333d,15/9-F-1,15/9-F-1 A,3458.6,3,2.89234757423,4.93092578431,17.0355998519,137.507681241,137.507681241
reservoir_property_p51_r1-c771e76ce1b55bf86b75,15/9-F-1,15/9-F-1 A,3460.6,3,6.40865659714,5.02356189261,606.077583247,150.951576222,150.951576222
reservoir_property_p51_r1-aac1d578d62b49e27099,15/9-F-1,15/9-F-1 A,3462.6,3,3.42790746689,4.3211455106,29.8120999049,74.2748070129,74.2748070129
reservoir_property_p51_r1-51c0bb52d7a801e51ed1,15/9-F-1,15/9-F-1 A,3464.6,3,0.181154206395,2.01360036192,0.198599996828,6.490236421,6.490236421
reservoir_property_p51_r1-4fcd5e516330d8543cfa,15/9-F-1,15/9-F-1 A,3466.6,3,0.116092719138,1.09026745529,0.123100000169,1.97506966429,1.97506966429
reservoir_property_p51_r1-4a7af87c28d0acdb3166,15/9-F-1,15/9-F-1 A,3468.6,3,0.0747363492846,1.4246325323,0.0776000034167,3.15633024498,3.15633024498
reservoir_property_p51_r1-a7c937b526bbdf6495eb,15/9-F-1,15/9-F-1 A,3470.6,3,0.179985493422,2.17383763988,0.19719999572,7.79195975714,7.79195975714
reservoir_property_p51_r1-fd91be1e31f5fd815739,15/9-F-1,15/9-F-1 A,3472.6,3,0.883602261543,2.39959367514,1.41960005878,10.0186982999,10.0186982999
reservoir_property_p51_r1-51f76c40fbfdb1cd5f02,15/9-F-1,15/9-F-1 A,3474.6,3,0.888713955879,2.17200680172,1.43199998,7.77587782792,7.77587782792
reservoir_property_p51_r1-b2027021bb2ec38fadec,15/9-F-1,15/9-F-1 A,3476.6,3,0.0114343771711,1.46559792929,0.0114999995402,3.33013157892,3.33013157892
reservoir_property_p51_r1-50e39d5ae1f287b78378,15/9-F-1,15/9-F-1 A,3478.6,3,0.430157721043,2.06297307009,0.537500000529,6.86933113871,6.86933113871
reservoir_property_p51_r1-c821bc567d9ce6c62529,15/9-F-1,15/9-F-1 A,3480.6,3,2.16451764107,2.81486084661,7.71039936442,15.69085303,15.69085303
reservoir_property_p51_r1-1d1b55d28bbc1282df82,15/9-F-1,15/9-F-1 B,3251.3,3,4.88201093674,3.979800774,130.89563115,52.5063733049,52.5063733049
reservoir_property_p51_r1-a7f5b50b7828b740f7f5,15/9-F-1,15/9-F-1 B,3253.3,3,4.53183460236,4.46109553527,91.9288923541,85.5823111332,85.5823111332
reservoir_property_p51_r1-8a0cde04ad7968b79dc1,15/9-F-1,15/9-F-1 B,3255.3,3,6.58073234558,4.2577361913,720.067206314,69.6498645057,69.6498645057
reservoir_property_p51_r1-c49556fbbe6bd89ff14c,15/9-F-1,15/9-F-1 B,3257.3,3,5.55041074753,2.04114693801,256.343237299,6.69943491119,6.69943491119
reservoir_property_p51_r1-447b0ea12ecbb91646b2,15/9-F-1,15/9-F-1 B,3259.3,3,0.335972100496,2.01200681918,0.399299984491,6.47830991439,6.47830991439
reservoir_property_p51_r1-43fa187b112e89a1f121,15/9-F-1,15/9-F-1 B,3261.3,3,5.43580150604,2.64329903524,228.476701549,13.0595100014,13.0595100014
reservoir_property_p51_r1-fca26ac5283f6c989911,15/9-F-1,15/9-F-1 B,3263.3,3,0.770802438259,2.35145596273,1.16150002839,9.50084744266,9.50084744266
reservoir_property_p51_r1-11d65665aa4d40745035,15/9-F-1,15/9-F-1 B,3265.3,3,8.39878845215,5.06151063842,4440.68217603,156.828758515,156.828758515
reservoir_property_p51_r1-212804f3c1ebd8e1a38b,15/9-F-1,15/9-F-1 B,3267.3,3,8.42761802673,6.34222290256,4570.59769002,567.057645748,567.057645748
reservoir_property_p51_r1-91f8c3e3fe8e4532fa25,15/9-F-1,15/9-F-1 B,3269.3,3,4.21882677078,4.07717512272,66.9537122225,57.9786269224,57.9786269224
reservoir_property_p51_r1-6804b84f98a8eeeae1bc,15/9-F-1,15/9-F-1 B,3271.3,3,6.12908267975,4.22834095336,458.014903829,67.6033215982,67.6033215982
reservoir_property_p51_r1-1dc81ceae51063db4b29,15/9-F-1,15/9-F-1 B,3273.3,3,7.61407136917,5.83017204664,2025.5120032,339.417241676,339.417241676
reservoir_property_p51_r1-3e8d1cf4320503754e2e,15/9-F-1,15/9-F-1 B,3275.3,3,6.21832370758,4.68481384672,500.861260296,107.290111872,107.290111872
reservoir_property_p51_r1-af2b8e676792777de942,15/9-F-1,15/9-F-1 B,3277.3,3,1.16343200207,2.89822095059,2.20089994176,17.1418414106,17.1418414106
reservoir_property_p51_r1-ef4ca2efde74bb98ec32,15/9-F-1,15/9-F-1 B,3279.3,3,4.48805999756,3.93559760402,87.9487176568,50.1927338005,50.1927338005
reservoir_property_p51_r1-0102c564ecdfe0fa7b57,15/9-F-1,15/9-F-1 B,3281.3,3,5.49245786667,4.04500264941,241.853375123,56.1113373455,56.1113373455
reservoir_property_p51_r1-9003136593df695f3de3,15/9-F-1,15/9-F-1 B,3283.3,3,2.75811576843,3.20405311497,14.7701004151,23.6321651419,23.6321651419
reservoir_property_p51_r1-fa77940f9659d8b0ae6e,15/9-F-1,15/9-F-1 B,3285.3,3,1.65807569027,3.15722279277,4.2492000327,22.5052263142,22.5052263142
reservoir_property_p51_r1-f721ec200134c2e177d3,15/9-F-1,15/9-F-1 B,3287.3,3,3.24536204338,3.85165750984,24.6710023945,46.071019285,46.071019285
reservoir_property_p51_r1-7cefea5c31860686b82f,15/9-F-1,15/9-F-1 B,3289.3,3,7.3860411644,5.8136531384,1612.3066383,333.84011137,333.84011137
reservoir_property_p51_r1-8f392a18ef7ebb897d89,15/9-F-1,15/9-F-1 B,3291.3,3,7.89103651047,7.29367563511,2672.21329875,1469.96751261,1469.96751261
reservoir_property_p51_r1-a1794b20e4c302e8b749,15/9-F-1,15/9-F-1 B,3293.3,3,8.13764572144,6.77377115562,3419.85473531,873.603950261,873.603950261
reservoir_property_p51_r1-da9ceeb7c0a1a928e2b1,15/9-F-1,15/9-F-1 B,3295.3,3,5.26018428802,4.7552989706,191.5169666,115.198387874,115.198387874
reservoir_property_p51_r1-979302475eaa572d2e54,15/9-F-1,15/9-F-1 B,3297.3,3,3.81915521622,3.5057619366,44.5656988936,32.3068118658,32.3068118658
reservoir_property_p51_r1-9f7deba1998be3a1c08f,15/9-F-1,15/9-F-1 B,3299.3,3,4.17161750793,3.57728686632,63.8202145689,34.7763430502,34.7763430502
reservoir_property_p51_r1-f15d7a36e61d5b540c60,15/9-F-1,15/9-F-1 B,3301.3,3,4.86420726776,4.04114868531,128.568185012,55.8916558955,55.8916558955
reservoir_property_p51_r1-c1d406b7e0c2f1f8a313,15/9-F-1,15/9-F-1 B,3303.3,3,5.51742506027,3.46835877859,247.993068885,31.0840421933,31.0840421933
reservoir_property_p51_r1-aeb895029f772745ce88,15/9-F-1,15/9-F-1 B,3305.3,3,0.00109939544927,1.35885720996,0.00110000000598,2.89174331409,2.89174331409
reservoir_property_p51_r1-4fd8f693147220acbbbf,15/9-F-1,15/9-F-1 B,3313.5,3,0.0444952398539,1.54580848995,0.0454999999658,3.69176333752,3.69176333752
reservoir_property_p51_r1-f48a8c765f4b5d8fe8e2,15/9-F-1,15/9-F-1 B,3315.5,3,0.0545828789473,1.46437188461,0.056100001243,3.32482589727,3.32482589727
reservoir_property_p51_r1-7c0918cccea0a1ed5fc7,15/9-F-1,15/9-F-1 B,3317.5,3,0.000999500276521,1.52730100985,0.000999999943381,3.60572921408,3.60572921408
reservoir_property_p51_r1-90916c854c0c8d605aec,15/9-F-1,15/9-F-1 B,3319.5,3,0.0658813714981,2.01481692757,0.068100002547,6.49935433053,6.49935433053
reservoir_property_p51_r1-14dc5ee09f52fc7a06c8,15/9-F-1,15/9-F-1 B,3321.5,3,0.0015987213701,2.10721306151,0.00160000000641,7.22528594591,7.22528594591
reservoir_property_p51_r1-df38cce6f2a353ca4c82,15/9-F-1,15/9-F-1 B,3323.5,3,0.00667765457183,1.2671010495,0.00669999981738,2.55054477515,2.55054477515
reservoir_property_p51_r1-ac8d27be352cd4be88de,15/9-F-1,15/9-F-1 B,3325.5,3,0.0044899052009,1.35272687179,0.00449999992772,2.86795859018,2.86795859018
reservoir_property_p51_r1-b40a81d12f8998ebacbd,15/9-F-1,15/9-F-1 B,3327.5,3,5.66364526749,2.66796966027,287.197286299,13.4106808923,13.4106808923
reservoir_property_p51_r1-770468663c804e3f3b51,15/9-F-1,15/9-F-1 B,3329.5,3,6.04460334778,3.89808866392,420.830404327,48.3081146031,48.3081146031
reservoir_property_p51_r1-47a98aa288dd56c7002f,15/9-F-1,15/9-F-1 B,3331.5,3,5.55912923813,4.0991076126,258.596690977,59.286464704,59.286464704
reservoir_property_p51_r1-ebdb5f9226406b8e60e7,15/9-F-1,15/9-F-1 B,3333.5,3,2.22616839409,4.1454180565,8.26430083715,62.1440141499,62.1440141499
reservoir_property_p51_r1-3dd64cebddac91036c1b,15/9-F-1,15/9-F-1 B,3335.5,3,5.44880485535,3.04322259064,231.480152396,19.9727209443,19.9727209443
reservoir_property_p51_r1-9bf7f09f56c31772e573,15/9-F-1,15/9-F-1 C,3256.4,3,5.64707136154,4.57923410357,282.460096887,96.4397368741,96.4397368741
reservoir_property_p51_r1-499c8257961ecf0b32c7,15/9-F-1,15/9-F-1 C,3258.4,3,7.0422706604,5.23243023782,1142.98225494,186.247306507,186.247306507
reservoir_property_p51_r1-9564e978f2d7f9ecffc1,15/9-F-1,15/9-F-1 C,3260.4,3,7.13693809509,5.50829857508,1256.5719224,245.73097551,245.73097551
reservoir_property_p51_r1-4ba15d2703aff84a4f66,15/9-F-1,15/9-F-1 C,3262.4,3,7.71511030197,5.58801266952,2240.97017788,266.204068915,266.204068915
reservoir_property_p51_r1-ddec7e403327aafa7547,15/9-F-1,15/9-F-1 C,3264.4,3,7.18769931793,5.50274068641,1322.05577068,244.363475942,244.363475942
reservoir_property_p51_r1-c0d1aa05916d64574a7d,15/9-F-1,15/9-F-1 C,3266.4,3,7.27482700348,4.45259926156,1442.50144982,84.8498003318,84.8498003318
reservoir_property_p51_r1-f95c1db32c44829f10fe,15/9-F-1,15/9-F-1 C,3268.4,3,0.923464953899,3.13495892585,1.51800004602,21.9876916228,21.9876916228
reservoir_property_p51_r1-58e03042adf77d71a7a9,15/9-F-1,15/9-F-1 C,3270.4,3,7.15897130966,4.39457603575,1284.58778074,80.010278019,80.010278019
reservoir_property_p51_r1-193e0d84a9e04194e714,15/9-F-1,15/9-F-1 C,3272.4,3,7.95363378525,5.87105790603,2844.89756462,353.623940703,353.623940703
reservoir_property_p51_r1-56a0121deac186e4c92e,15/9-F-1,15/9-F-1 C,3274.4,3,7.75529623032,5.78025153312,2332.90061449,322.840636818,322.840636818
reservoir_property_p51_r1-57540c878139f3e7b885,15/9-F-1,15/9-F-1 C,3276.4,3,7.4700922966,4.8767815767,1753.76863728,130.207701691,130.207701691
reservoir_property_p51_r1-7745b82b813f3281544d,15/9-F-1,15/9-F-1 C,3278.4,3,2.24429893494,1.31990863022,8.43379953033,2.74307935731,2.74307935731
reservoir_property_p51_r1-d9eea74e10622bfdb40f,15/9-F-1,15/9-F-1 C,3280.4,3,0.000999500276521,-1.76041437823,0.000999999943381,-0.828026413054,0
reservoir_property_p51_r1-9708bf89831e2e1ddbb9,15/9-F-1,15/9-F-1 C,3282.4,3,0.00618085917085,-1.25387926466,0.00620000009637,-0.714604478097,0
reservoir_property_p51_r1-3d6999b07016da8e4dd2,15/9-F-1,15/9-F-1 C,3284.4,3,0.0202927030623,-0.0604438512411,0.0204999997903,-0.0586533770209,0
reservoir_property_p51_r1-1e6ec50ba3f83871060c,15/9-F-1,15/9-F-1 C,3286.4,3,0.0347878262401,0.428367041174,0.0354000007811,0.534749293783,0.534749293783
reservoir_property_p51_r1-61049786f69724dfd3c6,15/9-F-1,15/9-F-1 C,3288.4,3,0.0225439649075,0.483048834211,0.0228000004834,0.621009063777,0.621009063777
reservoir_property_p51_r1-7498d21f09127b2ec9db,15/9-F-1,15/9-F-1 C,3290.4,3,0.0199986863881,0.466224977142,0.0201999998791,0.593965564829,0.593965564829
reservoir_property_p51_r1-10e37b270250c49abbab,15/9-F-1,15/9-F-1 C,3292.4,3,0.109482012689,1.1311773807,0.115700002312,2.09930341281,2.09930341281
reservoir_property_p51_r1-b21a1cc4f346f7012cfe,15/9-F-1,15/9-F-1 C,3294.4,3,0.195566788316,1.29639935539,0.216000005803,2.65610859137,2.65610859137
reservoir_property_p51_r1-478bcbdead0a22362a21,15/9-F-1,15/9-F-1 C,3296.4,3,0.124162644148,1.24249575654,0.132200001729,2.4642486058,2.4642486058
reservoir_property_p51_r1-d9070657b0af55f701e2,15/9-F-1,15/9-F-1 C,3298.4,3,0.164327293634,1.30790402366,0.178600000251,2.69841379492,2.69841379492
reservoir_property_p51_r1-d11e3e84d76939e1557d,15/9-F-1,15/9-F-1 C,3300.4,3,0.0910282954574,1.39910253313,0.0952999968344,3.05156219186,3.05156219186
reservoir_property_p51_r1-df95c4ba92b23607f873,15/9-F-1,15/9-F-1 C,3302.4,3,0.284878134727,1.15783819644,0.329599986183,2.18304471555,2.18304471555
reservoir_property_p51_r1-1a8617e23f148c7b271c,15/9-F-1,15/9-F-1 C,3304.4,3,0.00478851655498,0.468560447158,0.00479999982234,0.597692574078,0.597692574078
reservoir_property_p51_r1-a0a102296c2a569cf3c2,15/9-F-1,15/9-F-1 C,3306.4,3,0.0177416820079,-0.356378063962,0.0179000005413,-0.299792153165,0
reservoir_property_p51_r1-3b5ee07c5419afd8baf8,15/9-F-1,15/9-F-1 C,3308.4,3,0.00637960713357,-0.186617725239,0.00640000017061,-0.170239127596,0
reservoir_property_p51_r1-9142446fb331784e64d5,15/9-F-1,15/9-F-1 C,3310.4,3,0.0044899052009,0.318371952081,0.00449999992772,0.374887558421,0.374887558421
reservoir_property_p51_r1-12495fa20fdce1b98b08,15/9-F-1,15/9-F-1 C,3312.4,3,0.0287818014622,0.296890447502,0.0292000000378,0.345667870096,0.345667870096
reservoir_property_p51_r1-30b182a551d77c5f0219,15/9-F-1,15/9-F-1 C,3314.4,3,0.0116320839152,0.415989629411,0.0116999996818,0.515870148323,0.515870148323
reservoir_property_p51_r1-60ce6548930e488162d8,15/9-F-1,15/9-F-1 C,3316.4,3,0.0156764797866,0.423815982055,0.015800000408,0.5277804289,0.5277804289
reservoir_property_p51_r1-1bf6e850daad7da40b38,15/9-F-1,15/9-F-1 C,3318.4,3,0.0135083496571,0.374510417664,0.0135999996273,0.454279250868,0.454279250868
reservoir_property_p51_r1-83dcbf16c7e8335ab152,15/9-F-1,15/9-F-1 C,3320.4,3,0.0200967025012,0.421433395021,0.0203000008183,0.52414469201,0.52414469201
reservoir_property_p51_r1-b554df2ec8e93aa807c0,15/9-F-1,15/9-F-1 C,3322.4,3,0.0126200309023,0.254929536412,0.0126999995405,0.29037069352,0.29037069352
reservoir_property_p51_r1-7b9a0e09bf3b95d71bf8,15/9-F-1,15/9-F-1 C,3324.4,3,0.00518652657047,0.547523491384,0.00519999988256,0.728965912554,0.728965912554
reservoir_property_p51_r1-02e8e4cb18f3b3035495,15/9-F-1,15/9-F-1 C,3326.4,3,0.0836055874825,0.857763053205,0.087200003944,1.35788033711,1.35788033711
reservoir_property_p51_r1-e5770a80806c46b505c3,15/9-F-1,15/9-F-1 C,3328.4,3,0.0356566756964,0.975380867222,0.0362999984335,1.65217714599,1.65217714599
reservoir_property_p51_r1-d76c4522f03a16e172db,15/9-F-1,15/9-F-1 C,3330.4,3,0.0736221373081,0.848547440351,0.0763999972417,1.33625084237,1.33625084237
reservoir_property_p51_r1-5956aa274dd7175206b7,15/9-F-1,15/9-F-1 C,3332.4,3,0.0263497754931,0.537659369484,0.0267000001749,0.711995021108,0.711995021108
reservoir_property_p51_r1-96bcb573591fdb17de4a,15/9-F-1,15/9-F-1 C,3334.4,3,0.00229735905305,-0.197990158278,0.00230000000437,-0.17962207297,0
reservoir_property_p51_r1-3114e073eda52e0924ce,15/9-F-1,15/9-F-1 C,3336.4,3,0.00329456687905,-0.535925486897,0.00329999992939,-0.414872488366,0
reservoir_property_p51_r1-624fba37885a1612e998,15/9-F-1,15/9-F-1 C,3338.4,3,0.00468898937106,0.656136992106,0.00469999988439,0.927332634059,0.927332634059
reservoir_property_p51_r1-6d87c0e47d60c7e461c3,15/9-F-1,15/9-F-1 C,3340.4,3,0.514857470989,2.1210552725,0.673399976756,7.33993374842,7.33993374842
reservoir_property_p51_r1-95e61c82088ed71d3273,15/9-F-1,15/9-F-1 C,3342.4,3,1.52783727646,3.32944329789,3.60819977525,26.9227926979,26.9227926979
reservoir_property_p51_r1-33dc5df2eb7012f994c0,15/9-F-1,15/9-F-1 C,3344.4,3,1.86252856255,3.41370526371,5.44000014445,29.377592983,29.377592983
reservoir_property_p51_r1-509d4aa6b57df80c13ba,15/9-F-1,15/9-F-1 C,3346.4,3,1.07966732979,3.18060394666,1.94370010682,23.0612808951,23.0612808951
reservoir_property_p51_r1-ef3cf5c9a46c439f78e7,15/9-F-1,15/9-F-1 C,3348.4,3,0.398910343647,3.15302242681,0.49020000672,22.4067028237,22.4067028237
reservoir_property_p51_r1-0cb716fa81edb00e4c5f,15/9-F-1,15/9-F-1 C,3350.4,3,1.88461208344,3.41226662735,5.58379998152,29.333922094,29.333922094
reservoir_property_p51_r1-a5908c4ca521784f5656,15/9-F-1,15/9-F-1 C,3352.4,3,1.62479937077,3.33948232892,4.07740026006,27.2045222601,27.2045222601
reservoir_property_p51_r1-bdbe752575d8d6c5a091,15/9-F-1,15/9-F-1 C,3354.4,3,0.739744484425,2.80130632947,1.09540003874,15.4661429353,15.4661429353
reservoir_property_p51_r1-7e34034854d7aa9720f7,15/9-F-1,15/9-F-1 C,3356.4,3,2.18735384941,3.18946609337,7.91160045036,23.2754631519,23.2754631519
reservoir_property_p51_r1-b3c629b058da5928c7f7,15/9-F-1,15/9-F-1 C,3358.4,3,1.21734297276,3.35213598672,2.37819982937,27.5636801715,27.5636801715
reservoir_property_p51_r1-0eb06cea201ee5fed6ee,15/9-F-1,15/9-F-1 C,3360.4,3,1.23206448555,2.73318234041,2.42829991106,14.3817592087,14.3817592087
reservoir_property_p51_r1-7ca86d62982fd6d08d3b,15/9-F-1,15/9-F-1 C,3362.4,3,0.470316082239,2.66546079316,0.600500002899,13.3745717245,13.3745717245
reservoir_property_p51_r1-042e1ca7c88533c0826d,15/9-F-1,15/9-F-1 C,3364.4,3,1.25096130371,2.88563507916,2.49369985034,16.9149413894,16.9149413894
reservoir_property_p51_r1-4a3756bcdc4ebc7c7260,15/9-F-1,15/9-F-1 C,3366.4,3,0.978175759315,3.00513728415,1.65960006322,19.1889875338,19.1889875338
reservoir_property_p51_r1-a69a0b89ba0cba756b80,15/9-F-1,15/9-F-1 C,3368.4,3,0.453493088484,2.18375270187,0.573800017886,7.87956617698,7.87956617698
reservoir_property_p51_r1-a8e97937674cde660c3c,15/9-F-1,15/9-F-1 C,3370.4,3,0.0726926848292,1.02071163475,0.0753999993933,1.77516896811,1.77516896811
reservoir_property_p51_r1-a9e3ea21dc6a5404082c,15/9-F-1,15/9-F-1 C,3372.4,3,0.00139902089722,0.832831903972,0.00139999998349,1.29982240324,1.29982240324
reservoir_property_p51_r1-befcd435662d9692828f,15/9-F-1,15/9-F-1 C,3374.4,3,0.0892921090126,0.792376968232,0.0934000016771,1.20864005907,1.20864005907
reservoir_property_p51_r1-00dc6341a8a3a054bd46,15/9-F-1,15/9-F-1 C,3376.4,3,0.0420052930713,1.1915391057,0.0428999988802,2.29214426811,2.29214426811
reservoir_property_p51_r1-2466e2b1be0244cefaa7,15/9-F-1,15/9-F-1 C,3378.4,3,0.532273948193,1.67766392972,0.702799988456,4.35303628441,4.35303628441
reservoir_property_p51_r1-a1c997337cac1f85b308,15/9-F-1,15/9-F-1 C,3380.4,3,0.18598151207,2.11163877999,0.204399993309,7.26176941922,7.26176941922
reservoir_property_p51_r1-36741033958274258596,15/9-F-1,15/9-F-1 C,3382.4,3,0.401858597994,2.16384592622,0.494599978298,7.70455042451,7.70455042451
reservoir_property_p51_r1-48d528494f86f7e4cef3,15/9-F-1,15/9-F-1 C,3384.4,3,0.111004561186,1.82465540566,0.117400003512,5.20065793931,5.20065793931
reservoir_property_p51_r1-cd78ec5fe28cd0802b99,15/9-F-1,15/9-F-1 C,3386.4,3,0.312179535627,2.95622954685,0.366399988488,18.225346658,18.225346658
reservoir_property_p51_r1-1da1f447911489c8c336,15/9-F-1,15/9-F-1 C,3388.4,3,5.17725753784,4.62953974863,176.196190183,101.466892728,101.466892728
reservoir_property_p51_r1-129fa5e4ee0fb8d647a1,15/9-F-1,15/9-F-1 C,3390.4,3,3.90474653244,4.62150161685,48.6374968223,100.646551763,100.646551763
reservoir_property_p51_r1-08923321315a5a9dec40,15/9-F-1,15/9-F-1 C,3392.4,3,4.65629386902,4.66898596449,104.245305582,105.589601971,105.589601971
reservoir_property_p51_r1-146f429acf27e2366c6a,15/9-F-1,15/9-F-1 C,3394.4,3,4.41632080078,4.78381172275,81.7911192978,118.559209153,118.559209153
reservoir_property_p51_r1-e06f3962b5b7c6016511,15/9-F-1,15/9-F-1 C,3396.4,3,4.81545305252,4.8373238196,122.402707555,125.131349409,125.131349409
reservoir_property_p51_r1-c946bb78d9d6171c6577,15/9-F-1,15/9-F-1 C,3398.4,3,4.59297418594,4.90427932395,97.787806974,133.865680509,133.865680509
reservoir_property_p51_r1-0cbdb74b4232a9418edc,15/9-F-1,15/9-F-1 C,3400.4,3,4.61050987244,4.89639609766,99.5353967982,132.806683472,132.806683472
reservoir_property_p51_r1-70d0a995ec8fea1db94e,15/9-F-1,15/9-F-1 C,3402.4,3,4.82193088531,4.72495167058,123.204684393,111.725050306,111.725050306
reservoir_property_p51_r1-a79575295799e7c4fb74,15/9-F-1,15/9-F-1 C,3404.4,3,4.53750371933,4.72002663357,92.4572132566,111.171240149,111.171240149
reservoir_property_p51_r1-655f050da4672440946f,15/9-F-1,15/9-F-1 C,3406.4,3,4.64619493484,4.64125816109,103.187789051,102.674705041,102.674705041
reservoir_property_p51_r1-7042a59b12e123430ec3,15/9-F-1,15/9-F-1 C,3408.4,3,4.81386327744,4.67702248635,122.206680866,106.449662958,106.449662958
reservoir_property_p51_r1-e424a28794876a3269fb,15/9-F-1,15/9-F-1 C,3410.4,3,4.74982690811,4.70407995212,114.564279557,109.396667988,109.396667988
reservoir_property_p51_r1-295d9f6532ae86f3e955,15/9-F-1,15/9-F-1 C,3412.4,3,4.90987253189,4.62039815178,134.622125811,100.534450205,100.534450205
reservoir_property_p51_r1-035713e249d526b47f61,15/9-F-1,15/9-F-1 C,3414.4,3,4.53206062317,4.69494782096,91.9498985917,108.393100466,108.393100466
reservoir_property_p51_r1-47dbad30b85efd0d33ba,15/9-F-1,15/9-F-1 C,3416.4,3,5.04540300369,4.5940350062,154.306875833,97.8926586853,97.8926586853
reservoir_property_p51_r1-bd689894576fc8da0e9f,15/9-F-1,15/9-F-1 C,3418.4,3,1.36092531681,2.51488190672,2.89980018345,11.3651484519,11.3651484519
reservoir_property_p51_r1-16dfb7f5cedcf2890a6d,15/9-F-1,15/9-F-1 C,3420.4,3,1.01334488392,1.13562439996,1.75480010807,2.11311676614,2.11311676614
reservoir_property_p51_r1-10a9e848853f426e04bb,15/9-F-1,15/9-F-1 C,3422.4,3,0.137672811747,1.54091579028,0.147600007599,3.66886401406,3.66886401406
reservoir_property_p51_r1-cc9289b606e1860ad4eb,15/9-F-1,15/9-F-1 C,3424.4,3,0.106519840658,1.08044108984,0.112399996974,1.94597870581,1.94597870581
reservoir_property_p51_r1-54886ca16b1925f87382,15/9-F-1,15/9-F-1 C,3426.4,3,0.0465018339455,0.627187479207,0.0476000003081,0.872337179718,0.872337179718
reservoir_property_p51_r1-aa5844453c1caa83c139,15/9-F-1,15/9-F-1 C,3428.4,3,0.0545828789473,0.828764171666,0.056100001243,1.29048634252,1.29048634252
reservoir_property_p51_r1-77819e732b1bb114c966,15/9-F-1,15/9-F-1 C,3430.4,3,0.17906627059,1.40145105157,0.196100007794,3.0610885424,3.0610885424
reservoir_property_p51_r1-b7d3facbf450ab5752c6,15/9-F-1,15/9-F-1 C,3432.4,3,0.24896723032,1.2726305105,0.282699998713,2.57023175303,2.57023175303
reservoir_property_p51_r1-7c835c15e6de2d684c99,15/9-F-1,15/9-F-1 C,3434.4,3,0.0231304168701,1.26316351864,0.0233999994691,2.53659188352,2.53659188352
reservoir_property_p51_r1-2bd7e9b7fcce07983cf9,15/9-F-1,15/9-F-1 C,3436.4,3,0.256500959396,1.75935139998,0.292400005723,4.80866866972,4.80866866972
reservoir_property_p51_r1-bf9520af291b67fb38bf,15/9-F-1,15/9-F-1 C,3438.4,3,0.538304567337,1.88994421412,0.713099953032,5.61899942402,5.61899942402
reservoir_property_p51_r1-e6629dba03b734f3197f,15/9-F-1,15/9-F-1 C,3440.4,3,0.370735615492,1.77953177237,0.448799982476,4.92708054588,4.92708054588
reservoir_property_p51_r1-46ee0e1cd9d073535586,15/9-F-1,15/9-F-1 C,3442.4,3,0.115469247103,1.84925060772,0.122399996966,5.35505530833,5.35505530833
reservoir_property_p51_r1-6f6aa3ba19a594fbbb03,15/9-F-1,15/9-F-1 C,3444.4,3,0.326998949051,1.58986905819,0.386800019723,3.90310686462,3.90310686462
reservoir_property_p51_r1-f97cfc8afce06e70e296,15/9-F-1,15/9-F-1 C,3446.4,3,0.156576305628,1.469924259,0.169499998346,3.34890573811,3.34890573811
reservoir_property_p51_r1-018299254372bf512f17,15/9-F-1,15/9-F-1 C,3448.4,3,0.225540682673,1.50941741635,0.25300000847,3.52409436302,3.52409436302
reservoir_property_p51_r1-9923c0b7280967a24c7d,15/9-F-1,15/9-F-1 C,3450.4,3,0.192354395986,1.39029692586,0.212100004232,3.01604234279,3.01604234279
reservoir_property_p51_r1-12faccfa7a7f6ef68777,15/9-F-1,15/9-F-1 C,3452.4,3,0.378778845072,0.856709875831,0.460500003251,1.35539837809,1.35539837809
reservoir_property_p51_r1-a4c21308a01f49dbb210,15/9-F-1,15/9-F-1 C,3454.4,3,0.0141987195238,0.564666976101,0.0143000001258,0.758861942115,0.758861942115
reservoir_property_p51_r1-cec5c89fe707a03f454d,15/9-F-1,15/9-F-1 C,3456.4,3,0.548063576221,1.71457579675,0.729899953034,4.55431885241,4.55431885241
reservoir_property_p51_r1-7bd9b54afb7e855f8314,15/9-F-1,15/9-F-1 C,3458.4,3,1.29395973682,2.77510317087,2.64719995225,15.0402818001,15.0402818001
reservoir_property_p51_r1-f1cc8ccb33f7752c90d6,15/9-F-1,15/9-F-1 C,3460.4,3,2.03994679451,2.88555588759,6.69020002713,16.9135227333,16.9135227333
reservoir_property_p51_r1-f422844cb54c2cc16ac3,15/9-F-1,15/9-F-1 C,3462.4,3,1.44354856014,2.70910610691,3.2356998155,14.0158469521,14.0158469521
reservoir_property_p51_r1-5abe2eb568bf7ca22524,15/9-F-1,15/9-F-1 C,3464.4,3,1.28295958042,2.53476107585,2.60730003733,11.6134168381,11.6134168381
reservoir_property_p51_r1-57385567ecc10b535038,15/9-F-1,15/9-F-1 C,3466.4,3,0.234834939241,1.6782980079,0.264699999162,4.35643160425,4.35643160425
reservoir_property_p51_r1-420d072da6e2d5bb7d09,15/9-F-1,15/9-F-1 C,3468.4,3,0.0160701796412,0.0518323690301,0.0161999994551,0.0531991789151,0.0531991789151
reservoir_property_p51_r1-b473273a84ec22ab820d,15/9-F-1,15/9-F-1 C,3470.4,3,0.00119928061031,-0.452622967683,0.00120000003487,-0.364042134903,0
reservoir_property_p51_r1-90af29f89bf9aff66598,15/9-F-1,15/9-F-1 C,3472.4,3,2.06511449814,1.63809664697,6.88620080127,4.14536673675,4.14536673675
reservoir_property_p51_r1-4fb4039b269c95b1337d,15/9-F-1,15/9-F-1 C,3474.4,3,0.25681039691,2.42723821862,0.292799984648,10.3275546107,10.3275546107
reservoir_property_p51_r1-278ca57c72495271d131,15/9-F-1,15/9-F-1 C,3476.4,3,0.112435430288,1.24991224556,0.119000001073,2.49003667779,2.49003667779
reservoir_property_p51_r1-07fb20999c750a3e438d,15/9-F-1,15/9-F-1 C,3478.4,3,0.0426762737334,1.38293614141,0.0435999994291,2.98658965121,2.98658965121
reservoir_property_p51_r1-a80c52b727d63883e9da,15/9-F-1,15/9-F-1 C,3480.4,3,3.5223968029,3.26650624164,32.8655001977,25.2195742773,25.2195742773
reservoir_property_p51_r1-af5d67f7074fa503cdf2,15/9-F-1,15/9-F-1 C,3482.4,3,4.2305727005,4.69237953359,67.7565978384,108.112508023,108.112508023
reservoir_property_p51_r1-6e16b250f6988bf60dd4,15/9-F-1,15/9-F-1 C,3484.4,3,3.58760786057,4.76830422294,35.1475025536,116.719446667,116.719446667
reservoir_property_p51_r1-29ce95d2f01d944f9d16,15/9-F-1,15/9-F-1 C,3486.4,3,4.36779975891,4.74814281075,77.8699078406,114.369821847,114.369821847
reservoir_property_p51_r1-a7ebe1b252d51d97de74,15/9-F-1,15/9-F-1 C,3488.4,3,3.42411923409,4.81712473153,29.6955973061,122.609169792,122.609169792
reservoir_property_p51_r1-531b69dc787f5f2ad92a,15/9-F-1,15/9-F-1 C,3490.4,3,5.7855386734,5.24618603353,324.557361979,188.84083936,188.84083936
reservoir_property_p51_r1-376389ed2845c6974776,15/9-F-1,15/9-F-1 C,3492.4,3,5.96994256973,5.75393532718,390.48318712,314.429539431,314.429539431
reservoir_property_p51_r1-397288f88a2bcc3ff57a,15/9-F-1,15/9-F-1 C,3494.4,3,6.11213684082,5.40846990597,450.302046193,222.289671972,222.289671972
reservoir_property_p51_r1-273b934d96084f1049e1,15/9-F-1,15/9-F-1 C,3496.4,3,1.53128170967,5.00088204958,3.62409977914,147.544124617,147.544124617
reservoir_property_p51_r1-541b5eda474ad6082248,15/9-F-1,15/9-F-1 C,3498.4,3,5.69715642929,5.15475402261,297.01875754,172.253185152,172.253185152
reservoir_property_p51_r1-f0029116f50ae2c7db64,15/9-F-1,15/9-F-1 C,3500.4,3,5.71500396729,5.63901658528,302.385406923,280.186059951,280.186059951
reservoir_property_p51_r1-e062cd592753855a09bf,15/9-F-1,15/9-F-1 C,3502.4,3,4.8073387146,4.89402020576,121.40542789,132.489150618,132.489150618
reservoir_property_p51_r1-b1cea273a5ab54ad211e,15/9-F-1,15/9-F-1 C,3504.4,3,1.09677731991,4.03046982497,1.9945001413,55.2873502385,55.2873502385
reservoir_property_p51_r1-115ac0c6d4eccbbbd80f,15/9-F-1,15/9-F-1 C,3506.4,3,3.24581360817,4.17055270556,24.682597133,63.751230584,63.751230584
reservoir_property_p51_r1-059bd7089a053c3b037c,15/9-F-1,15/9-F-1 C,3508.4,3,2.98675704002,4.54780714009,18.821298473,93.4251200605,93.4251200605
reservoir_property_p51_r1-ca49ee327c06f211ae65,15/9-F-1,15/9-F-1 C,3510.4,3,3.13611149788,4.51571671832,22.0142018677,90.4430814735,90.4430814735
reservoir_property_p51_r1-4969fbb6217de7f9edc5,15/9-F-1,15/9-F-1 C,3512.4,3,3.62207174301,4.71149027189,36.4150018513,110.217781197,110.217781197
reservoir_property_p51_r1-c2708d8460a4f55572d6,15/9-F-1,15/9-F-1 C,3514.4,3,4.4212064743,4.98035121401,82.1965993924,144.525483267,144.525483267
reservoir_property_p51_r1-f322933f287d0cbf8739,15/9-F-1,15/9-F-1 C,3516.4,3,4.55789613724,5.11393444506,94.3825966955,165.323459743,165.323459743
reservoir_property_p51_r1-6107aaa8e5c5e6008960,15/9-F-1,15/9-F-1 C,3518.4,3,4.73868846893,5.317690262,113.284216046,202.912353537,202.912353537
reservoir_property_p51_r1-42889311602739c890d2,15/9-F-1,15/9-F-1 C,3520.4,3,5.40313577652,5.4926252838,221.101786939,241.894036341,241.894036341
reservoir_property_p51_r1-d37a13c28387a45c757b,15/9-F-1,15/9-F-1 C,3522.4,3,4.87975406647,5.47110091689,130.598295472,236.721760655,236.721760655
reservoir_property_p51_r1-2ab4be43e70c62f17a79,15/9-F-1,15/9-F-1 C,3524.4,3,4.9394993782,5.28905846612,138.700295039,197.156766242,197.156766242
reservoir_property_p51_r1-e53fa83d28066b44fa28,15/9-F-1,15/9-F-1 C,3526.4,3,4.77031421661,5.27356987964,116.956299967,194.11124433,194.11124433
reservoir_property_p51_r1-2de554a0096cda45e5d7,15/9-F-1,15/9-F-1 C,3528.4,3,5.02242088318,5.14662809787,150.778296917,170.851047356,170.851047356
reservoir_property_p51_r1-5ea70aa21fe0b50c1fb7,15/9-F-1,15/9-F-1 C,3530.4,3,3.9811964035,4.28665163187,52.5811005117,71.72255848,71.72255848
reservoir_property_p51_r1-cc24e773f3328312900e,15/9-F-1,15/9-F-1 C,3532.4,3,1.72006654739,3.39924643768,4.58490011246,28.9415287363,28.9415287363
reservoir_property_p51_r1-14eb5fda52afcd403bfa,15/9-F-1,15/9-F-1 C,3534.4,3,2.32087683678,3.10444000408,9.18460062442,21.2967294012,21.2967294012
reservoir_property_p51_r1-5349d788f079aa0f292f,15/9-F-1,15/9-F-1 C,3536.4,3,0.714615106583,2.75190832446,1.04340003966,14.6725116023,14.6725116023
reservoir_property_p51_r1-b407d7cf140705ef71d6,15/9-F-1,15/9-F-1 C,3538.4,3,1.13683891296,2.7824640112,2.11689998387,15.1587873686,15.1587873686
reservoir_property_p51_r1-16fd310aadd1eb7ac135,15/9-F-1,15/9-F-1 C,3540.4,3,2.45611262321,3.10992044528,10.6593988526,21.4192607718,21.4192607718
reservoir_property_p51_r1-f480cac782acd6ae76db,15/9-F-1,15/9-F-1 C,3542.4,3,2.16701745987,3.85005903887,7.73220102327,45.9958377307,45.9958377307
reservoir_property_p51_r1-228c374d4a43deb8682c,15/9-F-1,15/9-F-1 C,3544.4,3,2.93629527092,4.72537482936,17.8458978764,111.772760994,111.772760994
reservoir_property_p51_r1-8d7cd3c1d080d1f47de2,15/9-F-1,15/9-F-1 C,3546.4,3,4.32304477692,5.28167003559,74.4179097702,195.698094024,195.698094024
reservoir_property_p51_r1-19aeee118c60d68728b4,15/9-F-1,15/9-F-1 C,3548.4,3,7.18435430527,5.20483639651,1317.63752603,181.15106978,181.15106978
reservoir_property_p51_r1-3e9f2275094b2a15ad3c,15/9-F-1,15/9-F-1 C,3550.4,3,5.07645750046,4.92732187784,159.20552152,137.009410911,137.009410911
reservoir_property_p51_r1-60553ef5dc98256e04a1,15/9-F-1,15/9-F-1 C,3552.4,3,5.17736434937,5.11657398353,176.215117788,165.763056826,165.763056826
reservoir_property_p51_r1-6bcbdac4ca3fde1b3973,15/9-F-1,15/9-F-1 C,3554.4,3,5.37287664413,5.16963566462,214.481841569,174.85075716,174.85075716
reservoir_property_p51_r1-8a64b2dd0fafb17d7fd0,15/9-F-1,15/9-F-1 C,3556.4,3,2.08874821663,3.54552911985,7.07480093368,33.6580187372,33.6580187372
reservoir_property_p51_r1-0b36bc3c87efb4d9a062,15/9-F-1,15/9-F-1 C,3558.4,3,1.23555862904,3.12477988262,2.44029983538,21.7548857964,21.7548857964
reservoir_property_p51_r1-ecda6d90aefd46db5dfa,15/9-F-1,15/9-F-1 C,3560.4,3,2.95311689377,3.79987969004,18.1655978603,43.695806819,43.695806819
reservoir_property_p51_r1-f4b6904caeb581cd3bea,15/9-F-1,15/9-F-1 C,3562.4,3,1.71680247784,3.04468758471,4.56670032886,20.0034683731,20.0034683731
reservoir_property_p51_r1-920184b86eec47ece7af,15/9-F-1,15/9-F-1 C,3564.4,3,0.482117474079,2.44369582974,0.619500023402,10.5155216006,10.5155216006
reservoir_property_p51_r1-51e85605fd57b9f8512b,15/9-F-1,15/9-F-1 C,3566.4,3,1.38839221001,2.61424729971,3.00840020365,12.6569329308,12.6569329308
reservoir_property_p51_r1-12b1beb64cec49035009,15/9-F-1,15/9-F-1 C,3568.4,3,1.33144211769,2.89299701133,2.78650003074,17.0473166436,17.0473166436
reservoir_property_p51_r1-020ee7cb98405c38863b,15/9-F-1,15/9-F-1 C,3570.4,3,1.47631788254,2.74967483818,3.37680008215,14.6375463245,14.6375463245
reservoir_property_p51_r1-01f78c5a1321f41faf70,15/9-F-1,15/9-F-1 C,3572.4,3,1.42445683479,3.11080801321,3.15560005227,21.4391682219,21.4391682219
reservoir_property_p51_r1-04f96c20139a985fd84e,15/9-F-1,15/9-F-1 C,3574.4,3,3.28614926338,3.74436631559,25.739697618,41.2822051537,41.2822051537
reservoir_property_p51_r1-ce2a35b2108ed6e2a4e2,15/9-F-1,15/9-F-1 C,3576.4,3,0.150744885206,2.93418331624,0.162699998272,17.8061381942,17.8061381942
reservoir_property_p51_r1-5780191eb16843701dc7,15/9-F-1,15/9-F-1 C,3578.4,3,1.48269486427,3.46910018964,3.40480003906,31.1078384769,31.1078384769
reservoir_property_p51_r1-c3d1c22850ea775acccd,15/9-F-1,15/9-F-1 C,3580.4,3,6.25887870789,5.37405386684,521.632587634,214.735661058,214.735661058
reservoir_property_p51_r1-acc1f6c62a70e2beade6,15/9-F-1,15/9-F-1 C,3582.4,3,6.09234905243,5.85931618643,441.45955203,349.48439607,349.48439607
reservoir_property_p51_r1-141b8d39565e10341099,15/9-F-1,15/9-F-1 C,3584.4,3,4.93057870865,5.48978270295,137.459616937,241.2045708,241.2045708
reservoir_property_p51_r1-8e5bddfc51f5e6c9022b,15/9-F-1,15/9-F-1 C,3586.4,3,4.68863391876,4.96142015182,107.704579044,141.796444598,141.796444598
reservoir_property_p51_r1-e5c9a087aadbcfdde0da,15/9-F-1,15/9-F-1 C,3588.4,3,2.27404165268,3.0535722942,8.71860075322,20.1909095351,20.1909095351
reservoir_property_p51_r1-bc24d74d84186a04eb02,15/9-F-1,15/9-F-1 C,3590.4,3,0.0924880206585,2.15955335538,0.0969000013419,7.66726560626,7.66726560626
reservoir_property_p51_r1-46fc8c67ad67e9d8a04b,15/9-F-1,15/9-F-1 C,3592.4,3,4.72709846497,3.71361995344,111.967307757,40.0019634032,40.0019634032
reservoir_property_p51_r1-c995a6c73686bffb2eef,15/9-F-1,15/9-F-1 C,3594.4,3,0.684812545776,3.23730230206,0.98340000398,24.4649323071,24.4649323071
reservoir_property_p51_r1-ea9e4a1f99295baec6ed,15/9-F-1,15/9-F-1 C,3596.4,3,0.0420052930713,0.940108593633,0.0428999988802,1.56025943111,1.56025943111
reservoir_property_p51_r1-7af0999630df8ffec28c,15/9-F-1,15/9-F-1 C,3598.4,3,0.00259662582539,0.642648384895,0.00259999997807,0.901510147399,0.901510147399
reservoir_property_p51_r1-e89484f645dc390ed598,15/9-F-1,15/9-F-1 C,3600.4,3,1.53837144375,3.01509737037,3.65699990569,19.3910763305,19.3910763305
reservoir_property_p51_r1-082955a177ea861a3f6d,15/9-F-1,15/9-F-1 C,3602.4,3,5.2713599205,5.28794152644,193.680532555,196.935560646,196.935560646
reservoir_property_p51_r1-e5f827f0b74c4bb230cc,15/9-F-1,15/9-F-1 C,3604.4,3,4.99317932129,5.482932927,146.404325006,239.551192855,239.551192855
reservoir_property_p51_r1-ff3e9c7a33ce0ecc7b2d,15/9-F-1,15/9-F-1 C,3606.4,3,4.58271598816,4.907499047,96.7796021348,134.300610452,134.300610452
reservoir_property_p51_r1-c4e164834bb7bf5d0a12,15/9-F-1,15/9-F-1 C,3608.4,3,1.94304895401,2.87727428081,5.98000025991,16.7657825893,16.7657825893
reservoir_property_p51_r1-f436264f2c84463f062f,15/9-F-1,15/9-F-1 C,3610.4,3,0.0092570213601,1.1269702992,0.00930000009833,2.08629178046,2.08629178046
reservoir_property_p51_r1-e956d6449d92a5504421,15/9-F-1,15/9-F-1 C,3612.4,3,0.0135083496571,2.69183394462,0.0135999996273,13.7587177872,13.7587177872
reservoir_property_p51_r1-3e65d5315405fa2deb4e,15/9-F-1,15/9-F-1 C,3614.4,3,8.30122566223,6.06085466507,4027.8073259,427.741710881,427.741710881
reservoir_property_p51_r1-a8a4366930e9e156d433,15/9-F-1,15/9-F-1 C,3616.4,3,7.84162282944,7.67980183705,2543.33049973,2163.1908669,2163.1908669
reservoir_property_p51_r1-943cbea22a7b2e8cb4ec,15/9-F-1,15/9-F-1 C,3618.4,3,8.71453380585,7.65973980704,6089.79446274,2120.20543404,2120.20543404
reservoir_property_p51_r1-c50a9ba72d45442352e9,15/9-F-1,15/9-F-1 C,3620.4,3,8.37406158447,7.72128856404,4332.20002774,2254.86453448,2254.86453448
reservoir_property_p51_r1-755d1350f73139e1d4f5,15/9-F-1,15/9-F-1 C,3622.4,3,8.59076118469,7.74923388875,5380.70859092,2318.79451299,2318.79451299
reservoir_property_p51_r1-c98e3b901c340b1f666d,15/9-F-1,15/9-F-1 C,3624.4,3,8.41368579865,7.55145594897,4507.34678441,1902.51213133,1902.51213133
reservoir_property_p51_r1-bb56b5f28a0b8809e0d3,15/9-F-1,15/9-F-1 C,3626.4,3,7.66740512848,7.15260785394,2136.52763307,1276.43297372,1276.43297372
reservoir_property_p51_r1-65850f9e4cef9b13b7c0,15/9-F-1,15/9-F-1 C,3628.4,3,7.45430898666,6.45684168111,1726.29000236,636.045881919,636.045881919
reservoir_property_p51_r1-50ce5c055f12c947150e,15/9-F-1,15/9-F-1 C,3630.4,3,5.35938262939,6.33896890418,211.593656852,565.212191268,565.212191268
reservoir_property_p51_r1-5f77b5280ebee07f3ae1,15/9-F-1,15/9-F-1 C,3632.4,3,7.16299581528,6.29774227283,1289.77206106,542.343802216,542.343802216
reservoir_property_p51_r1-462eea1f6d1b021fff77,15/9-F-1,15/9-F-1 C,3634.4,3,6.35922336578,6.00771551807,576.79744483,405.55349448,405.55349448
reservoir_property_p51_r1-05327c09a59066db45b1,15/9-F-1,15/9-F-1 C,3636.4,3,7.12864971161,6.07004323602,1246.19176086,431.699389371,431.699389371
reservoir_property_p51_r1-8e1dd8eacee492aa5233,15/9-F-1,15/9-F-1 C,3638.4,3,6.16176795959,5.23357341958,473.265816871,186.461486612,186.461486612
reservoir_property_p51_r1-09416647b9e12df9554a,15/9-F-1,15/9-F-1 C,3640.4,3,3.36910104752,4.33081333245,28.0523985895,75.0060796478,75.0060796478
reservoir_property_p51_r1-9eb4db61688f7222b6fd,15/9-F-1,15/9-F-1 C,3642.4,3,2.76063632965,4.03875087358,14.8099000563,55.7554038344,55.7554038344
reservoir_property_p51_r1-08679c2ecbe07909fca7,15/9-F-1,15/9-F-1 C,3644.4,3,3.31554865837,4.14375516036,26.5374985197,62.0390994684,62.0390994684
reservoir_property_p51_r1-b18d2157b670a6e5b4dc,15/9-F-1,15/9-F-1 C,3646.4,3,4.63755321503,4.74564936578,102.291306524,114.08251189,114.08251189
reservoir_property_p51_r1-53cf7096323989062a21,15/9-F-1,15/9-F-1 C,3648.4,3,4.92415332794,4.95186562725,136.572813262,140.438589618,140.438589618
reservoir_property_p51_r1-7777c21deb3feed40606,15/9-F-1,15/9-F-1 C,3650.4,3,4.21551609039,4.34948813193,66.7291111963,76.4388143223,76.4388143223
reservoir_property_p51_r1-7d680256b2485f46d76c,15/9-F-1,15/9-F-1 C,3652.4,3,3.70113897324,3.98505838556,39.4933990025,52.7884298537,52.7884298537
reservoir_property_p51_r1-66f34d91b2025fcb6d4c,15/9-F-1,15/9-F-1 C,3654.4,3,3.34748721123,3.80275033019,27.431202204,43.8242967325,43.8242967325
reservoir_property_p51_r1-fe1a28ad8aff00800831,15/9-F-1,15/9-F-1 C,3656.4,3,2.48016214371,3.6000262763,10.9432007757,35.5991961225,35.5991961225
reservoir_property_p51_r1-c828206b0df30364f157,15/9-F-1,15/9-F-1 C,3658.4,3,2.08961462975,3.2818846761,7.08180007876,25.6259066517,25.6259066517
reservoir_property_p51_r1-cde2ac0b9ade74a04fff,15/9-F-1,15/9-F-1 C,3660.4,3,1.42724430561,3.12081554077,3.16719982565,21.6648562222,21.6648562222
reservoir_property_p51_r1-4db865c63ffe919895ac,15/9-F-1,15/9-F-1 C,3662.4,3,2.50002503395,3.06862223734,11.1827989405,20.5122434821,20.5122434821
reservoir_property_p51_r1-86afa6cae9bfcd2686f5,15/9-F-1,15/9-F-1 C,3664.4,3,1.29170894623,2.8703731518,2.63900010043,16.6436007129,16.6436007129
reservoir_property_p51_r1-750491a65bf0d0b28028,15/9-F-1,15/9-F-1 C,3666.4,3,2.06740689278,2.9054270174,6.90429982283,17.2730448946,17.2730448946
reservoir_property_p51_r1-3631a9a1369655d82557,15/9-F-1,15/9-F-1 C,3668.4,3,1.85238409042,2.93240520291,5.37499999604,17.7727284612,17.7727284612
reservoir_property_p51_r1-3e6867c523ff3a144175,15/9-F-1,15/9-F-1 C,3670.4,3,2.7421681881,2.36246648332,14.5206002218,9.61710609924,9.61710609924
reservoir_property_p51_r1-0b447027325c6e5f49d4,15/9-F-1,15/9-F-1 C,3672.4,3,0.00717420363799,0.778315227814,0.00719999988919,1.17780007597,1.17780007597
reservoir_property_p51_r1-21a0ea4df7de6e4dd932,15/9-F-1,15/9-F-1 C,3674.4,3,0.245218113065,1.0124734114,0.277900009498,1.75240042126,1.75240042126
reservoir_property_p51_r1-1efdb4696db59df31c18,15/9-F-1,15/9-F-1 C,3676.4,3,0.851005256176,2.03519204432,1.34199997892,6.65372183812,6.65372183812
reservoir_property_p51_r1-7947b9b012dae6a43f4c,15/9-F-1,15/9-F-1 C,3678.4,3,0.905108451843,2.5040796585,1.47220002317,11.2322958942,11.2322958942
reservoir_property_p51_r1-e2cf9faee7297db6c969,15/9-F-1,15/9-F-1 C,3680.4,3,2.70600819588,2.99959004307,13.9694011737,19.0773044058,19.0773044058
reservoir_property_p51_r1-553055e9b36e50046b00,15/9-F-1,15/9-F-1 C,3682.4,3,2.20048594475,3.07931760952,8.02940022311,20.7435597343,20.7435597343
reservoir_property_p51_r1-ff483c12531d6950262a,15/9-F-1,15/9-F-1 C,3684.4,3,2.24641680717,3.15361319088,8.4538002845,22.4205347482,22.4205347482
reservoir_property_p51_r1-1f14c31f5612f83ee856,15/9-F-1,15/9-F-1 C,3686.4,3,1.75215196609,3.02533710216,4.76699972008,19.6009481648,19.6009481648
reservoir_property_p51_r1-fcf6bf83664ef5eb81f5,15/9-F-1,15/9-F-1 C,3688.4,3,1.37163746357,2.72575190477,2.94179996765,14.267889611,14.267889611
reservoir_property_p51_r1-4fb444a44ffb4f81a844,15/9-F-1,15/9-F-1 C,3690.4,3,1.66727280617,2.50819095107,4.29770022283,11.2826899628,11.2826899628
reservoir_property_p51_r1-7d8d9c097b99b05820e4,15/9-F-1,15/9-F-1 C,3692.4,3,1.47075045109,2.60224094455,3.35250025431,12.493943357,12.493943357
reservoir_property_p51_r1-00ed150eb7a15dc9cb59,15/9-F-1,15/9-F-1 C,3694.4,3,1.59084618092,2.66437222113,3.90790014318,13.3589324815,13.3589324815
reservoir_property_p51_r1-f51858320ca43362c2ec,15/9-F-1,15/9-F-1 C,3696.4,3,1.57453584671,2.48010791068,3.82849993378,10.9425530774,10.9425530774
reservoir_property_p51_r1-a277a29e38073880c004,15/9-F-1,15/9-F-1 C,3698.4,3,1.8466578722,2.3723613149,5.33859967245,9.72268204269,9.72268204269
reservoir_property_p51_r1-9af0634fda669ec4fc3b,15/9-F-1,15/9-F-1 C,3700.4,3,1.23938822746,2.12159126771,2.45350006187,7.34440511117,7.34440511117
reservoir_property_p51_r1-29bfe1ded485b55a876e,15/9-F-1,15/9-F-1 C,3702.4,3,1.30708885193,2.24902119538,2.69540018104,8.47845374015,8.47845374015
reservoir_property_p51_r1-fdb0d3ceca7d61ac7bb9,15/9-F-1,15/9-F-1 C,3704.4,3,2.59728240967,3.8887834948,12.4271987825,47.8514223525,47.8514223525
reservoir_property_p51_r1-f96e00858f36f92b1c61,15/9-F-1,15/9-F-1 C,3706.4,3,8.52303981781,6.12686357047,5028.31875636,456.997428957,456.997428957
reservoir_property_p51_r1-7a034133acdf087e1891,15/9-F-1,15/9-F-1 C,3708.4,3,8.60577869415,7.10147719754,5462.13835636,1212.75871225,1212.75871225
reservoir_property_p51_r1-ae5a17fa94f325388b86,15/9-F-1,15/9-F-1 C,3710.4,3,8.11705684662,6.75931604112,3350.14328807,861.052385721,861.052385721
reservoir_property_p51_r1-04f0ee18c99474dc5f97,15/9-F-1,15/9-F-1 C,3712.4,3,6.45245265961,6.17770615959,633.256000749,480.885319596,480.885319596
reservoir_property_p51_r1-42cd80a89b9e1087c6f0,15/9-F-1,15/9-F-1 C,3714.4,3,7.89962387085,6.61239855941,2695.26799253,743.266045844,743.266045844
reservoir_property_p51_r1-f4da7a0fadf98f3d558d,15/9-F-1,15/9-F-1 C,3716.4,3,8.0199136734,6.97597319165,3039.91480978,1069.59858005,1069.59858005
reservoir_property_p51_r1-544fb09c4ecc246282e3,15/9-F-1,15/9-F-1 C,3718.4,3,7.87790346146,7.38738783587,2637.33538545,1614.48069586,1614.48069586
reservoir_property_p51_r1-d2db73d6e256ae6ce8d0,15/9-F-1,15/9-F-1 C,3720.4,3,7.82430076599,7.36478592878,2499.63696897,1578.37729111,1578.37729111
reservoir_property_p51_r1-36d1e4e75406d072cd0c,15/9-F-1,15/9-F-1 C,3722.4,3,7.88933038712,7.37366440023,2667.65635558,1592.46218091,1592.46218091
reservoir_property_p51_r1-301d29b88e575c32061c,15/9-F-1,15/9-F-1 C,3724.4,3,7.730717659,7.27467447224,2276.23589333,1442.28128755,1442.28128755
reservoir_property_p51_r1-2b731dbad4ce101b90ed,15/9-F-1,15/9-F-1 C,3726.4,3,8.21608352661,7.38784921747,3698.98308356,1615.22622091,1615.22622091
reservoir_property_p51_r1-69c796ded3f33619f96b,15/9-F-1,15/9-F-1 C,3728.4,3,7.94279670715,7.43876618032,2814.22286274,1699.65062995,1699.65062995
reservoir_property_p51_r1-2c90cecad42085f079ef,15/9-F-1,15/9-F-1 C,3730.4,3,7.60439014435,6.8947232387,2005.98754771,986.052509075,986.052509075
reservoir_property_p51_r1-4a03767ff0f43f036a53,15/9-F-1,15/9-F-1 C,3732.4,3,7.09384393692,6.63488636488,1203.52904671,760.1925627,760.1925627
reservoir_property_p51_r1-7f91fcd14cf138a3f53d,15/9-F-1,15/9-F-1 C,3734.4,3,8.00489330292,7.12295320803,2994.58046438,1239.10732593,1239.10732593
reservoir_property_p51_r1-8f04e325fef1065d0346,15/9-F-1,15/9-F-1 C,3736.4,3,8.26544094086,7.71306619659,3886.18661937,2236.39203527,2236.39203527
reservoir_property_p51_r1-ec21d52d906d0f369e76,15/9-F-1,15/9-F-1 C,3738.4,3,8.2866268158,7.74404383513,3969.41862727,2306.78584485,2306.78584485
reservoir_property_p51_r1-855139a01fcbd6557d7e,15/9-F-1,15/9-F-1 C,3740.4,3,7.94032001495,7.67738418832,2807.25904941,2157.96493339,2157.96493339
reservoir_property_p51_r1-3eb3ef12499abaeda580,15/9-F-1,15/9-F-1 C,3742.4,3,8.08306026459,7.58016753417,3238.13068144,1957.95713016,1957.95713016
reservoir_property_p51_r1-9bc204eaa04f0df93517,15/9-F-1,15/9-F-1 C,3744.4,3,7.81100273132,7.43662575692,2466.60353851,1696.01441045,1696.01441045
reservoir_property_p51_r1-b90f7bc267dce3c15a67,15/9-F-1,15/9-F-1 C,3746.4,3,7.80855894089,7.19073824727,2460.58059499,1326.08255914,1326.08255914
reservoir_property_p51_r1-124901640e377dadf018,15/9-F-1,15/9-F-1 C,3748.4,3,7.30761623383,7.04963765646,1490.61728106,1151.44108754,1151.44108754
reservoir_property_p51_r1-81f388b4a19d13d9d670,15/9-F-1,15/9-F-1 C,3750.4,3,7.63029146194,7.04056033766,2058.65024203,1141.02734831,1141.02734831
reservoir_property_p51_r1-21cde2aa1781f9502305,15/9-F-1,15/9-F-1 C,3752.4,3,7.67764663696,7.11683155983,2158.53162516,1231.53901407,1231.53901407
reservoir_property_p51_r1-f6c4f06b001d386c1d9f,15/9-F-1,15/9-F-1 C,3754.4,3,7.62585306168,7.44453803329,2049.52894679,1709.4949179,1709.4949179
reservoir_property_p51_r1-03868227a0f5c7bee779,15/9-F-1,15/9-F-1 C,3756.4,3,4.8073515892,6.85092531351,121.407003821,943.754696626,943.754696626
reservoir_property_p51_r1-6195601ca872235d6c6d,15/9-F-1,15/9-F-1 C,3758.4,3,5.36212253571,6.0832667145,212.176942263,437.459178728,437.459178728
reservoir_property_p51_r1-cac1e23aa51b219bd1b5,15/9-F-1,15/9-F-1 C,3760.4,3,7.71232414246,6.74527915815,2234.73238511,849.036388145,849.036388145
reservoir_property_p51_r1-08eef89c935957cec3d2,15/9-F-1,15/9-F-1 C,3762.4,3,7.77287864685,7.22497342335,2374.29910349,1372.30211737,1372.30211737
reservoir_property_p51_r1-045a290d36c59f5c285d,15/9-F-1,15/9-F-1 C,3764.4,3,7.84811115265,6.83485912094,2559.89261043,928.697366604,928.697366604
reservoir_property_p51_r1-8375a11f40380ac9f401,15/9-F-1,15/9-F-1 C,3766.4,3,5.5311589241,6.11669906106,251.436296073,452.365689339,452.365689339
reservoir_property_p51_r1-4bd3cfa6eb02cd8d3ef3,15/9-F-1,15/9-F-1 C,3768.4,3,3.97015786171,5.74207386,51.9928957285,310.71018441,310.71018441
reservoir_property_p51_r1-13216f41c5930253ffa5,15/9-F-1,15/9-F-1 C,3770.4,3,5.40674686432,5.91767295659,221.905265836,370.546103201,370.546103201
reservoir_property_p51_r1-9c1a7bcad9ced6680164,15/9-F-1,15/9-F-1 C,3772.4,3,5.57057285309,5.88522887896,261.584478493,358.685082924,358.685082924
reservoir_property_p51_r1-3366e4b81e8c570aa265,15/9-F-1,15/9-F-1 C,3774.4,3,4.84773492813,5.52974967183,126.451376124,251.080800199,251.080800199
reservoir_property_p51_r1-ba72feec459c4c4e5d46,15/9-F-1,15/9-F-1 C,3776.4,3,4.12247657776,5.20107709226,60.7118874555,180.467593991,180.467593991
reservoir_property_p51_r1-09b099dd412cb91038ef,15/9-F-1,15/9-F-1 C,3778.4,3,3.93243527412,4.90149955375,50.0311011907,133.49130549,133.49130549
reservoir_property_p51_r1-20ff2e8c938d64ad2aeb,15/9-F-1,15/9-F-1 C,3780.4,3,3.5619122982,4.87259990141,34.2305039987,129.660179266,129.660179266
reservoir_property_p51_r1-e8e76c27ca57a449b59b,15/9-F-1,15/9-F-1 C,3782.4,3,4.09391927719,5.02679023824,58.9744883234,151.442921119,151.442921119
reservoir_property_p51_r1-605aa0a32db7a01726a4,15/9-F-1,15/9-F-1 C,3784.4,3,4.40928554535,4.63752032608,81.2107066954,102.287909438,102.287909438
reservoir_property_p51_r1-ba446f63e05cfd361bf1,15/9-F-1,15/9-F-1 C,3786.4,3,1.81376552582,4.0096901464,5.1334998548,54.1297857539,54.1297857539
reservoir_property_p51_r1-a593adcdad16e6906d33,15/9-F-1,15/9-F-1 C,3788.4,3,3.68548107147,4.15255062266,38.864295413,62.5960030131,62.5960030131
reservoir_property_p51_r1-bb6f89b519ffdcb070fd,15/9-F-1,15/9-F-1 C,3790.4,3,3.34276986122,4.4927105288,27.2973981206,88.3633398064,88.3633398064
reservoir_property_p51_r1-fce3c720dae5c1be494d,15/9-F-1,15/9-F-1 C,3792.4,3,3.7257270813,4.56581470064,40.5013966671,95.140888162,95.140888162
reservoir_property_p51_r1-9191966153702c06a02b,15/9-F-1,15/9-F-1 C,3794.4,3,3.53585934639,4.57990654007,33.324498678,96.5052809442,96.5052809442
reservoir_property_p51_r1-3a5dfa81d48a250bc948,15/9-F-1,15/9-F-1 C,3796.4,3,3.71262049675,4.81240523556,39.9610041884,122.027171264,122.027171264
reservoir_property_p51_r1-e8b05889358994ccf84c,15/9-F-1,15/9-F-1 C,3798.4,3,4.6089053154,4.91377047367,99.37421137,135.151804619,135.151804619
reservoir_property_p51_r1-01c02dc1cfc4c3d53735,15/9-F-1,15/9-F-1 C,3800.4,3,3.73209452629,4.81995923063,40.7664976397,122.960036905,122.960036905
reservoir_property_p51_r1-f302379255a676b6ef9b,15/9-F-1,15/9-F-1 C,3802.4,3,3.03169298172,4.04408214093,19.7323023036,56.0587900635,56.0587900635
reservoir_property_p51_r1-42940977422a98a21685,15/9-F-1,15/9-F-1 C,3804.4,3,1.3630001545,3.25419016425,2.90790003587,24.8986324007,24.8986324007
reservoir_property_p51_r1-fb5b20e7c31e0b762f51,15/9-F-1,15/9-F-1 C,3806.4,3,1.35082256794,3.0834942909,2.86059983063,20.8345655744,20.8345655744
reservoir_property_p51_r1-f858465cb89a6c18a7ca,15/9-F-1,15/9-F-1 C,3808.4,3,1.48914420605,3.09780344178,3.43329990385,21.1492457009,21.1492457009
reservoir_property_p51_r1-e7e396e6701a55a97df0,15/9-F-1,15/9-F-1 C,3810.4,3,1.65641689301,3.17082073512,4.24049989193,22.8270320157,22.8270320157
reservoir_property_p51_r1-59f8876fd54ac30d28fc,15/9-F-1,15/9-F-1 C,3812.4,3,1.50225353241,3.20863265694,3.49180009038,23.7452278662,23.7452278662
reservoir_property_p51_r1-3fff96192b2fa45bf566,15/9-F-1,15/9-F-1 C,3814.4,3,1.69169974327,3.52809845069,4.42870026421,33.0591408628,33.0591408628
reservoir_property_p51_r1-95ebf4538f7c1e7ab36f,15/9-F-1,15/9-F-1 C,3816.4,3,3.1252682209,3.88216528007,21.7660005919,47.5291806579,47.5291806579
reservoir_property_p51_r1-4f930ba28ec368324cae,15/9-F-1,15/9-F-1 C,3818.4,3,2.64575624466,3.94429692194,13.0940996415,50.6400183816,50.6400183816
reservoir_property_p51_r1-d0881c309c1ba8bb05b8,15/9-F-1,15/9-F-1 C,3820.4,3,2.91383862495,4.13809111054,17.4273988494,61.6830521547,61.6830521547
reservoir_property_p51_r1-4218902d571f423829bc,15/9-F-1,15/9-F-1 C,3822.4,3,3.66513228416,4.23938794092,38.0613030132,68.3653831311,68.3653831311
reservoir_property_p51_r1-7a2c1336ebae3e99297a,15/9-F-1,15/9-F-1 C,3824.4,3,3.13183546066,4.02543468364,21.9160023859,55.0046477957,55.0046477957
reservoir_property_p51_r1-9e86ddeb2ecc9daf5fde,15/9-F-1,15/9-F-1 C,3826.4,3,2.58367300034,3.77529779949,12.2457003825,42.6104935648,42.6104935648
reservoir_property_p51_r1-98eeb49c6c134bddc3ee,15/9-F-1,15/9-F-1 C,3828.4,3,2.77557182312,3.89193578653,15.0478008761,48.0056592593,48.0056592593
reservoir_property_p51_r1-05435e92dee68b99d426,15/9-F-1,15/9-F-1 C,3830.4,3,1.8058924675,3.49234841777,5.0854000475,31.8630332876,31.8630332876
reservoir_property_p51_r1-a1ec867b20daf841392e,15/9-F-1,15/9-F-1 C,3832.4,3,3.14920425415,3.70132510493,22.3175023908,39.5009368087,39.5009368087
reservoir_property_p51_r1-267ea2cc67704d30e46b,15/9-F-1,15/9-F-1 C,3834.4,3,3.12523317337,4.11774872172,21.7652027137,60.4208111616,60.4208111616
reservoir_property_p51_r1-4112f45d3973237fc8d6,15/9-F-1,15/9-F-1 C,3836.4,3,3.26193904877,4.13096893554,25.100097469,61.2381985311,61.2381985311
reservoir_property_p51_r1-382e7cf436ba8f4bb0d1,15/9-F-1,15/9-F-1 C,3838.4,3,1.92525541782,3.67944173126,5.85689981668,38.6242669071,38.6242669071
reservoir_property_p51_r1-94ff8fce5a7aa52ea896,15/9-F-1,15/9-F-1 C,3840.4,3,1.70665538311,2.94957619912,4.51050010999,18.0978583238,18.0978583238
reservoir_property_p51_r1-ea411ddbf749c0fd9553,15/9-F-1,15/9-F-1 C,3842.4,3,1.01711297035,2.58352516548,1.76520001455,12.243742351,12.243742351
reservoir_property_p51_r1-12b6709c467b953054f4,15/9-F-1,15/9-F-1 C,3844.4,3,0.420944690704,2.06620487367,0.523400017897,6.89480441141,6.89480441141
reservoir_property_p51_r1-55b65595f450dda8c392,15/9-F-1,15/9-F-1 C,3846.4,3,1.59397900105,2.6684049455,3.92329982115,13.4169550142,13.4169550142
reservoir_property_p51_r1-62caf19895a98641c21e,15/9-F-1,15/9-F-1 C,3848.4,3,2.00976991653,3.22187752561,6.46160035893,24.0751552588,24.0751552588
reservoir_property_p51_r1-dd53ef75f34194e1e8a6,15/9-F-1,15/9-F-1 C,3850.4,3,0.473372936249,2.26545972117,0.605399983197,8.63555325091,8.63555325091
reservoir_property_p51_r1-b2dec6e6134843c38516,15/9-F-1,15/9-F-1 C,3852.4,3,0.0929437428713,2.32196329015,0.0973999969586,9.1956717312,9.1956717312
reservoir_property_p51_r1-6fad57bcdfbbf2bcd1f7,15/9-F-1,15/9-F-1 C,3854.4,3,7.57474994659,4.28438019258,1947.37300445,71.5575610656,71.5575610656
reservoir_property_p51_r1-697e109b92ba3b007410,15/9-F-1,15/9-F-1 C,3856.4,3,3.10206770897,4.92213209836,21.2438976699,136.295027851,136.295027851
reservoir_property_p51_r1-af829e2355947060af07,15/9-F-1,15/9-F-1 C,3858.4,3,3.43156480789,4.18693513752,29.9249965863,64.8207499577,64.8207499577
reservoir_property_p51_r1-76ad0f5ec21ff5ff2823,15/9-F-1,15/9-F-1 C,3860.4,3,3.242197752,3.91073410247,24.589900246,48.9355963661,48.9355963661
reservoir_property_p51_r1-aad64f6a37d4f0bd5a1c,15/9-F-1,15/9-F-1 C,3862.4,3,2.65678501129,3.8177347796,13.2504004958,44.5010216524,44.5010216524
reservoir_property_p51_r1-d0beb02e3c9b024b5885,15/9-F-1,15/9-F-1 C,3864.4,3,3.89187955856,3.91580313687,48.0029038482,49.1893642576,49.1893642576
reservoir_property_p51_r1-e22cdafe9b69ef0e9e10,15/9-F-1,15/9-F-1 C,3866.4,3,2.46872639656,3.62849163897,10.807399327,36.6559749538,36.6559749538
reservoir_property_p51_r1-093206e38714a894867a,15/9-F-1,15/9-F-1 C,3868.4,3,2.58094382286,3.44942029289,12.2095998002,30.4821365993,30.4821365993
reservoir_property_p51_r1-ac9d2946a91d60c8417a,15/9-F-1,15/9-F-1 C,3870.4,3,2.46066522598,3.47117413653,10.7126004752,31.1744975286,31.1744975286
reservoir_property_p51_r1-e92da989c2b82fba5863,15/9-F-1,15/9-F-1 C,3872.4,3,2.47610974312,3.39670807395,10.8949000748,28.865622625,28.865622625
reservoir_property_p51_r1-0b1302828dbd6094bf46,15/9-F-1,15/9-F-1 C,3874.4,3,1.53503763676,2.90849290098,3.64150021768,17.3291538908,17.3291538908
reservoir_property_p51_r1-0838af7d4ea1cc3fd9e2,15/9-F-1,15/9-F-1 C,3876.4,3,1.71620941162,2.78899221099,4.56339988575,15.264620234,15.264620234
reservoir_property_p51_r1-4ec0ab9ab9129e254850,15/9-F-1,15/9-F-1 C,3878.4,3,2.26770377159,3.27614422762,8.65720019754,25.4734998665,25.4734998665
reservoir_property_p51_r1-837470b4ddc4d107e0dc,15/9-F-1,15/9-F-1 C,3880.4,3,4.24862670898,3.90020390082,69.0092032904,48.4125233325,48.4125233325
reservoir_property_p51_r1-fd9030699cccb0ba748c,15/9-F-1,15/9-F-1 C,3882.4,3,2.78261327744,3.79578567401,15.1611995099,43.5131955314,43.5131955314
reservoir_property_p51_r1-6a0c954803c04a3be869,15/9-F-1,15/9-F-1 C,3884.4,3,1.64501738548,2.82944208733,4.18109998209,15.936009374,15.936009374
reservoir_property_p51_r1-12a14641533d44f030d9,15/9-F-1,15/9-F-1 C,3886.4,3,1.55911254883,2.31069539002,3.75459989704,9.08143274577,9.08143274577
reservoir_property_p51_r1-610f238a8ac88204cbc0,15/9-F-1,15/9-F-1 C,3888.4,3,0.359211713076,2.96300124377,0.43219998494,18.3559766729,18.3559766729
reservoir_property_p51_r1-01f8515a85590865c549,15/9-F-1,15/9-F-1 C,3890.4,3,3.68939185143,3.76266864155,39.0205011444,42.0631930006,42.0631930006
reservoir_property_p51_r1-ca843cb23cd3059f19be,15/9-F-1,15/9-F-1 C,3892.4,3,2.58767390251,3.61810037394,12.2988012889,36.2667077303,36.2667077303
reservoir_property_p51_r1-c042ae35e7963099e178,15/9-F-1,15/9-F-1 C,3894.4,3,2.58173084259,3.15805721975,12.220000108,22.5248478944,22.5248478944
reservoir_property_p51_r1-b97130b2a7dff51daa7c,15/9-F-1,15/9-F-1 C,3896.4,3,1.36978375912,2.80310126075,2.93449980376,15.4957250712,15.4957250712
reservoir_property_p51_r1-0d3a45bc1be130cd4a6f,15/9-F-1,15/9-F-1 C,3898.4,3,0.459763884544,2.25541719088,0.583700004797,8.53927217745,8.53927217745
reservoir_property_p51_r1-a85d3896a8725808a87d,15/9-F-1,15/9-F-1 C,3900.4,3,2.37106585503,2.87512064303,9.70880023197,16.7275626993,16.7275626993
reservoir_property_p51_r1-a5527e3c22b58e3ee090,15/9-F-1,15/9-F-1 C,3902.4,3,4.17243623734,4.338797091,63.8733065153,75.6153226241,75.6153226241
reservoir_property_p51_r1-aef9c0e6bab208a3550e,15/9-F-1,15/9-F-1 C,3904.4,3,6.02140474319,4.70504837336,411.157164233,109.50363025,109.50363025
reservoir_property_p51_r1-9f141743614b7f5f4ce0,15/9-F-1,15/9-F-1 C,3906.4,3,3.80150914192,3.58072663225,43.7686958541,34.8996171915,34.8996171915
reservoir_property_p51_r1-f147ba49d7b6d8e1d4dd,15/9-F-1,15/9-F-1 C,3908.4,3,1.87412250042,3.23641492916,5.51509961409,24.4423454391,24.4423454391
reservoir_property_p51_r1-7f668c50b0bb868f435c,15/9-F-1,15/9-F-1 C,3910.4,3,1.60154688358,3.32747917888,3.96070011792,26.8680028346,26.8680028346
reservoir_property_p51_r1-1f6ff54056eacf9c8434,15/9-F-1,15/9-F-1 C,3912.4,3,2.25661444664,3.39735477477,8.55069996566,28.8849429942,28.8849429942
reservoir_property_p51_r1-97f25856559f94413277,15/9-F-1,15/9-F-1 C,3914.4,3,2.19701337814,3.45743565615,7.99809940797,30.7354913694,30.7354913694
reservoir_property_p51_r1-b201741b0b57f7407cd0,15/9-F-1,15/9-F-1 C,3916.4,3,2.4541208744,3.9315682978,10.6361993703,49.9868776075,49.9868776075
reservoir_property_p51_r1-1191d5e96b38a30358c4,15/9-F-1,15/9-F-1 C,3918.4,3,5.67262554169,5.44176990747,289.7970327,229.850405954,229.850405954
reservoir_property_p51_r1-a16dd17f8adfdd4b0c24,15/9-F-1,15/9-F-1 C,3920.4,3,6.20888566971,6.2853137429,496.146956597,535.632628907,535.632628907
reservoir_property_p51_r1-2401032525ae2f7f292a,15/9-F-1,15/9-F-1 C,3922.4,3,6.5701341629,6.46915040428,712.465557322,643.935559644,643.935559644
reservoir_property_p51_r1-b9e9d2ecb18d014173f8,15/9-F-1,15/9-F-1 C,3924.4,3,6.39243412018,6.41250205139,596.308732853,608.416566668,608.416566668
reservoir_property_p51_r1-8d90b3e5efd67c20315f,15/9-F-1,15/9-F-1 C,3926.4,3,6.70461130142,6.31161275609,815.160724136,549.932752865,549.932752865
reservoir_property_p51_r1-d7a92628a0614e39eb74,15/9-F-1,15/9-F-1 C,3928.4,3,6.44851016998,6.14353058035,630.760375767,464.694844897,464.694844897
reservoir_property_p51_r1-e60ee616cc8253e4675f,15/9-F-1,15/9-F-1 C,3930.4,3,5.93816280365,5.97153667589,378.237555275,391.107750555,391.107750555
reservoir_property_p51_r1-b9490155e0952fea3d0f,15/9-F-1,15/9-F-1 C,3932.4,3,6.0567073822,6.04496397846,425.967279805,420.982556747,420.982556747
reservoir_property_p51_r1-99ab9aa50a96ec3186bf,15/9-F-1,15/9-F-1 C,3934.4,3,6.05916643143,6.19438102009,427.018505342,488.988058347,488.988058347
reservoir_property_p51_r1-6497c85aef2ae45fb25f,15/9-F-1,15/9-F-1 C,3936.4,3,6.28607416153,6.13371907333,536.040849544,460.148018741,460.148018741
reservoir_property_p51_r1-1af04380f028821cdcd6,15/9-F-1,15/9-F-1 C,3938.4,3,5.91935110092,6.11527921073,371.170134647,451.722434689,451.722434689
reservoir_property_p51_r1-c32e80a2b292eb802815,15/9-F-1,15/9-F-1 C,3940.4,3,6.55593538284,6.26625839177,702.406796849,525.503717206,525.503717206
reservoir_property_p51_r1-9ad74011dc35d3393520,15/9-F-1,15/9-F-1 C,3942.4,3,6.6929063797,6.35678627928,805.663318375,575.391016968,575.391016968
reservoir_property_p51_r1-733815aaebcac6f0a609,15/9-F-1,15/9-F-1 C,3944.4,3,7.4360742569,6.27928603795,1695.07876499,532.407694992,532.407694992
reservoir_property_p51_r1-9c2cec96a2eaee6a09b9,15/9-F-1,15/9-F-1 C,3946.4,3,6.803835392,6.24591108503,900.29750019,514.899038766,514.899038766
reservoir_property_p51_r1-02d63151f6b61b7e2e09,15/9-F-1,15/9-F-1 C,3948.4,3,6.48421382904,6.0268391991,653.724036831,413.403111389,413.403111389
reservoir_property_p51_r1-1a4632d4c62d2f86c095,15/9-F-1,15/9-F-1 C,3950.4,3,5.56091833115,5.59734954957,259.061549318,268.710604657,268.710604657
reservoir_property_p51_r1-e99767dfb2f0389aa7ad,15/9-F-1,15/9-F-1 C,3952.4,3,5.16391372681,5.03309779266,173.847423307,152.407502015,152.407502015
reservoir_property_p51_r1-236377e53e79fac8921a,15/9-F-1,15/9-F-1 C,3954.4,3,4.76266431808,5.00523136374,116.057388915,148.191596692,148.191596692
reservoir_property_p51_r1-2208f4108e2957a3e18c,15/9-F-1,15/9-F-1 C,3956.4,3,6.13555049896,5.31688376167,460.993350889,202.747964456,202.747964456
reservoir_property_p51_r1-2ac8a0c2fc01b6cb96ff,15/9-F-1,15/9-F-1 C,3958.4,3,5.52925729752,5.34941999585,250.956712639,209.486179599,209.486179599
reservoir_property_p51_r1-ce7f91ba5df597af692b,15/9-F-1,15/9-F-1 C,3960.4,3,5.3346414566,5.30125242678,206.398374158,199.587874349,199.587874349
reservoir_property_p51_r1-cfc77cb6283d421930ff,15/9-F-1,15/9-F-1 C,3962.4,3,6.00371789932,5.33056605379,403.931492842,205.554862233,205.554862233
reservoir_property_p51_r1-04ef7c44993772c8266c,15/9-F-1,15/9-F-1 C,3964.4,3,4.88013029099,4.61109864135,130.647815292,99.5946063436,99.5946063436
reservoir_property_p51_r1-a83936984e82e8ef119f,15/9-F-1,15/9-F-1 C,3966.4,3,2.78642988205,4.11413023031,15.2229982742,60.1989621054,60.1989621054
reservoir_property_p51_r1-43441261396ef6a525e9,15/9-F-1,15/9-F-1 C,3968.4,3,5.14976167679,4.11250550885,171.390400787,60.0996115683,60.0996115683
reservoir_property_p51_r1-24e338dadb9e85a9c68a,15/9-F-1,15/9-F-1 C,3970.4,3,3.32128071785,4.09753125266,26.6957983577,59.1915063998,59.1915063998
reservoir_property_p51_r1-355de649af6bb1c2973d,15/9-F-1,15/9-F-1 C,3972.4,3,4.62581062317,4.68113947966,101.085492416,106.892944368,106.892944368
reservoir_property_p51_r1-48cb9457681bc4a32ca5,15/9-F-1,15/9-F-1 C,3974.4,3,6.90792417526,5.71204443092,999.168910544,301.488854123,301.488854123
reservoir_property_p51_r1-df932ed3ab5192b9532e,15/9-F-1,15/9-F-1 C,3976.4,3,6.92541360855,6.02790135236,1016.81515963,413.843504846,413.843504846
reservoir_property_p51_r1-0b621fff49d111cf2ec8,15/9-F-1,15/9-F-1 C,3978.4,3,6.34099578857,5.64860928754,566.361001782,282.896372935,282.896372935
reservoir_property_p51_r1-96de228ef19e63d1bcfb,15/9-F-1,15/9-F-1 C,3980.4,3,5.77766132355,5.36699283217,322.002907118,213.217709536,213.217709536
reservoir_property_p51_r1-e7c9b17ab76ceff57a06,15/9-F-1,15/9-F-1 C,3982.4,3,5.30376815796,5.07952582338,200.093134801,159.697838702,159.697838702
reservoir_property_p51_r1-977de4764f4e368efd39,15/9-F-1,15/9-F-1 C,3984.4,3,4.85733890533,4.56730233207,127.681312924,95.2840168042,95.2840168042
reservoir_property_p51_r1-a9e43f65f53eb9b9030d,15/9-F-1,15/9-F-1 C,3986.4,3,4.54671144485,4.75474262541,93.3217155668,115.133759439,115.133759439
reservoir_property_p51_r1-1bc11256d1416b5b8639,15/9-F-1,15/9-F-1 C,3988.4,3,6.35662508011,5.17645497535,575.298110699,176.054036219,176.054036219
reservoir_property_p51_r1-e03cabcef6c447d68859,15/9-F-1,15/9-F-1 C,3990.4,3,5.45560073853,5.0686239669,233.06544097,157.955448827,157.955448827
reservoir_property_p51_r1-de06ffcd51e152945a75,15/9-F-1,15/9-F-1 C,3992.4,3,5.16080188751,4.9441167162,173.304171918,139.346830005,139.346830005
reservoir_property_p51_r1-338271eaef11313314d9,15/9-F-1,15/9-F-1 C,3994.4,3,5.389067173,4.95470366033,217.99900206,140.840567157,140.840567157
reservoir_property_p51_r1-21c12698721891c08505,15/9-F-1,15/9-F-1 C,3996.4,3,6.28187704086,5.2966714336,533.791547893,198.671084172,198.671084172
reservoir_property_p51_r1-afec8554a32f72ccb550,15/9-F-1,15/9-F-1 C,3998.4,3,6.49676704407,5.50978363754,661.994731744,246.097658627,246.097658627
reservoir_property_p51_r1-d09f6f6ccab094f7f934,15/9-F-1,15/9-F-1 C,4000.4,3,5.91795730591,5.15184102871,370.651767102,171.749234039,171.749234039
reservoir_property_p51_r1-326e4200828b8cf7a4ee,15/9-F-1,15/9-F-1 C,4002.4,3,4.96024036407,4.01037363541,141.628074442,54.1674792367,54.1674792367
reservoir_property_p51_r1-dc8e1ff8a550599f477d,15/9-F-1,15/9-F-1 C,4004.4,3,0.231270432472,0.993457045317,0.260199992371,1.70055429212,1.70055429212
reservoir_property_p51_r1-11cacd923d904d2b1684,15/9-F-1,15/9-F-1 C,4017.4,3,0.00219758343883,-1.69175016552,0.00219999989511,-0.815803133282,0
reservoir_property_p51_r1-cb368ec784eff6034189,15/9-F-1,15/9-F-1 C,4019.4,3,0.00139902089722,-1.64429891727,0.00139999998349,-0.806852071986,0
reservoir_property_p51_r1-49ac46132b2c4927b08a,15/9-F-1,15/9-F-1 C,4021.4,3,0.00149887613952,-1.44912802517,0.00150000001581,-0.765225083316,0
reservoir_property_p51_r1-8c98c607a2cd5759a679,15/9-F-1,15/9-F-1,3387,3,0.852114796638,2.58977521727,1.34459996479,12.3267756375,12.3267756375
reservoir_property_p51_r1-86e2eeaf44582632edef,15/9-F-1,15/9-F-1,3398.9,3,0.0883771106601,2.17165273232,0.0924000000466,7.77277110816,7.77277110816
reservoir_property_p51_r1-a17c63e4953d73d704ba,15/9-F-1,15/9-F-1,3400.9,3,0.0111377444118,1.63348041923,0.0112000000014,4.12166929057,4.12166929057
reservoir_property_p51_r1-027351b592eb9bbfc28a,15/9-F-1,15/9-F-1,3402.9,3,0.0556239038706,1.17046446853,0.0572000001296,2.22348950032,2.22348950032
reservoir_property_p51_r1-e280bd382b2cc3ed9c16,15/9-F-1,15/9-F-1,3404.9,3,0.0469790026546,1.37551607951,0.0481000015308,2.95711838377,2.95711838377
reservoir_property_p51_r1-7417961b8fdd15e9c0fd,15/9-F-1,15/9-F-1,3453.2,3,0.230952978134,2.43090830031,0.25979999991,10.3692040432,10.3692040432
reservoir_property_p51_r1-79976efc9ad503fecf16,15/9-F-1,15/9-F-1,3455.2,3,2.35051774979,2.86422905686,9.49100003186,16.5355290962,16.5355290962
reservoir_property_p51_r1-2276135502b0addc9a9c,15/9-F-11,15/9-F-11 A,3598.4,2,3.85589694977,3.26528772828,46.2709976421,25.187644833,25.187644833
reservoir_property_p51_r1-2c33f1e3be49414d8bba,15/9-F-11,15/9-F-11 A,3605,2,0.634458184242,1.75961097782,0.886000000058,4.8101766671,4.8101766671
reservoir_property_p51_r1-0bcda5fb40ef0c9fa97c,15/9-F-11,15/9-F-11 A,3607,2,4.3809261322,2.32863295794,78.9120082287,9.26390075402,9.26390075402
reservoir_property_p51_r1-a36f45dbe9e0275f46fe,15/9-F-11,15/9-F-11 A,3609,2,0.0582689084113,1.46645622219,0.0600000003045,3.33384969547,3.33384969547
reservoir_property_p51_r1-483a6ee25dac0b1b9a6e,15/9-F-11,15/9-F-11 A,3611,2,0.00299550895579,0.401713889536,0.00299999997592,0.494383712689,0.494383712689
reservoir_property_p51_r1-96c3cde807e05defa171,15/9-F-11,15/9-F-11 A,3613,2,4.74457550049,3.74696257911,113.958995107,41.3921235273,41.3921235273
reservoir_property_p51_r1-4d03b60f402ca2c60ab0,15/9-F-11,15/9-F-11 A,3615,2,8.01045036316,6.49634977284,3011.27342442,661.718140827,661.718140827
reservoir_property_p51_r1-da65467c79283dfa31e9,15/9-F-11,15/9-F-11 A,3617,2,8.40944385529,6.5597609652,4488.2631372,705.102891255,705.102891255
reservoir_property_p51_r1-a86ec01268587ff65ca5,15/9-F-11,15/9-F-11 A,3619,2,3.59572196007,4.52761939944,35.4420001618,91.5380026345,91.5380026345
reservoir_property_p51_r1-5763d413da5d299d5ee1,15/9-F-11,15/9-F-11 A,3621,2,5.41264104843,4.45782797238,223.222990152,85.2998597018,85.2998597018
reservoir_property_p51_r1-1417906868a00cc16b15,15/9-F-11,15/9-F-11 A,3623,2,7.64975786209,6.20955599982,2099.13700507,496.480320893,496.480320893
reservoir_property_p51_r1-94f6c5dafaf4a89baad9,15/9-F-11,15/9-F-11 A,3625,2,7.76487779617,6.4202725524,2355.37051343,613.170484954,613.170484954
reservoir_property_p51_r1-2ec8ce81b0f744bf68de,15/9-F-11,15/9-F-11 A,3627,2,5.95941114426,4.92479247744,386.381944979,136.660770963,136.660770963
reservoir_property_p51_r1-51f56ed578336ce3a850,15/9-F-11,15/9-F-11 A,3629,2,5.21300983429,3.03848903895,182.645971135,19.8736800782,19.8736800782
reservoir_property_p51_r1-0da2fd9fb307909936c1,15/9-F-11,15/9-F-11 A,3631,2,2.01116275787,3.5841370117,6.47200042551,35.0222575144,35.0222575144
reservoir_property_p51_r1-0811cb19bb55edd25c7b,15/9-F-11,15/9-F-11 A,3633,2,6.11081981659,4.58343385512,449.708061695,96.8498200808,96.8498200808
reservoir_property_p51_r1-9276b3f95aab9ff0356a,15/9-F-11,15/9-F-11 A,3635,2,5.62728309631,4.05521377072,276.906047049,56.6974957134,56.6974957134
reservoir_property_p51_r1-454b9b62a503ee0d6014,15/9-F-11,15/9-F-11 A,3637,2,3.09937119484,3.41001833233,21.1839974827,29.2657990968,29.2657990968
reservoir_property_p51_r1-5200bf8beb0216ffda71,15/9-F-11,15/9-F-11 A,3639,2,4.64621639252,3.25904500955,103.190024703,25.0246719582,25.0246719582
reservoir_property_p51_r1-a3113f161d8b6552ca42,15/9-F-11,15/9-F-11 A,3641,2,2.86624979973,2.72098076613,16.570999718,14.1952178942,14.1952178942
reservoir_property_p51_r1-48ffcc838a530575b8bb,15/9-F-11,15/9-F-11 A,3643,2,3.42423009872,2.7180208227,29.6990005511,14.1503074078,14.1503074078
reservoir_property_p51_r1-dbfc72017171fa315dfe,15/9-F-11,15/9-F-11 A,3645,2,3.25435876846,3.17910595873,24.9029993874,23.0252643695,23.0252643695
reservoir_property_p51_r1-9437fb7e4504db8b298a,15/9-F-11,15/9-F-11 A,3647,2,3.41246700287,3.60667641195,29.3400008783,35.8433968252,35.8433968252
reservoir_property_p51_r1-12984c9274a64598a201,15/9-F-11,15/9-F-11 A,3649,2,6.79162120819,5.87491796614,889.355844583,354.995455791,354.995455791
reservoir_property_p51_r1-d211ce6c2ae283db3f82,15/9-F-11,15/9-F-11 A,3651,2,7.89957857132,5.82444587588,2695.14585562,337.473524758,337.473524758
reservoir_property_p51_r1-3e5419bcfbfe85daae76,15/9-F-11,15/9-F-11 A,3653,2,2.92316150665,3.84497609566,17.5999986224,45.7575666288,45.7575666288
reservoir_property_p51_r1-bb5b4e488c740d5376bc,15/9-F-11,15/9-F-11 A,3655,2,3.22007513046,2.90441683292,24.0300006262,17.2545950686,17.2545950686
reservoir_property_p51_r1-9c6d1fec47f513f940c7,15/9-F-11,15/9-F-11 A,3657,2,3.03355789185,3.72047732754,19.7710022589,40.2840954421,40.2840954421
reservoir_property_p51_r1-81911467babf28000bc1,15/9-F-11,15/9-F-11 A,3659,2,4.69573259354,3.79937259172,108.478982866,43.6731473964,43.6731473964
reservoir_property_p51_r1-9371ab372d8527ca6562,15/9-F-11,15/9-F-11 A,3662.7,2,0.867940485477,2.12467878982,1.38200003464,7.37020846008,7.37020846008
reservoir_property_p51_r1-c8b6d8cf760a9a865abf,15/9-F-11,15/9-F-11 A,3664.7,2,2.1419467926,3.47450542941,7.51600038809,31.28185893,31.28185893
reservoir_property_p51_r1-0795efd0a96b7f6a20f2,15/9-F-11,15/9-F-11 A,3666.7,2,5.09278059006,4.32722090293,161.842030045,74.7335230268,74.7335230268
reservoir_property_p51_r1-7ba9f672866db8c150d0,15/9-F-11,15/9-F-11 A,3668.7,2,4.89399671555,4.43351906179,132.486014966,83.2272970571,83.2272970571
reservoir_property_p51_r1-41d382561985b8d43516,15/9-F-11,15/9-F-11 A,3670.7,2,5.44861507416,4.44036539023,231.436036223,83.805923269,83.805923269
reservoir_property_p51_r1-81c422b3a9ad0bd4ead5,15/9-F-11,15/9-F-11 A,3672.7,2,4.85738325119,4.57412966642,127.687019534,95.943629114,95.943629114
reservoir_property_p51_r1-75be831fea39e1abf0c2,15/9-F-11,15/9-F-11 A,3674.7,2,4.85774803162,4.79397996919,127.733970602,119.781118465,119.781118465
reservoir_property_p51_r1-739f2c3d760239837e4b,15/9-F-11,15/9-F-11 A,3676.7,2,6.16330194473,5.19049047476,473.993891871,178.556599318,178.556599318
reservoir_property_p51_r1-df9f602393d5aec6a331,15/9-F-11,15/9-F-11 A,3678.7,2,6.66312360764,5.24283910989,781.99288385,188.206518672,188.206518672
reservoir_property_p51_r1-e478a2a6d95f4e616a38,15/9-F-11,15/9-F-11 A,3680.7,2,6.32112073898,5.37831922236,555.195993808,215.657815612,215.657815612
reservoir_property_p51_r1-72205ae967d6dcde7894,15/9-F-11,15/9-F-11 A,3682.7,2,6.18519163132,5.02919239216,484.505992848,151.809552655,151.809552655
reservoir_property_p51_r1-df5cc6fef39b0e892cef,15/9-F-11,15/9-F-11 A,3684.7,2,4.90212154388,4.41279937988,133.574983775,81.5000896397,81.5000896397
reservoir_property_p51_r1-3417f16ff14123666416,15/9-F-11,15/9-F-11 A,3686.7,2,4.41467523575,4.14884737484,81.6549931597,62.3609267948,62.3609267948
reservoir_property_p51_r1-10ed48a7122d16610c16,15/9-F-11,15/9-F-11 A,3688.7,2,5.003885746,4.34494172282,147.990976842,76.0875449035,76.0875449035
reservoir_property_p51_r1-53dcc044e9c06b69103a,15/9-F-11,15/9-F-11 A,3690.7,2,4.88240814209,4.2745952935,130.948031207,70.8510548355,70.8510548355
reservoir_property_p51_r1-143d5df53e02b68648b5,15/9-F-11,15/9-F-11 A,3692.7,2,5.61086273193,4.2315510386,272.379989942,67.8238979536,67.8238979536
reservoir_property_p51_r1-14274388d2073f220099,15/9-F-11,15/9-F-11 A,3694.7,2,5.85250997543,4.43035157785,347.107024943,82.9609305254,82.9609305254
reservoir_property_p51_r1-312d2ec3359d5ae951da,15/9-F-11,15/9-F-11 A,3696.7,2,5.88903284073,4.07696387666,360.055916875,57.9661692358,57.9661692358
reservoir_property_p51_r1-97282a32c199c6cf131b,15/9-F-11,15/9-F-11 A,3698.7,2,3.92827033997,3.29919571413,49.8190020104,26.0908413753,26.0908413753
reservoir_property_p51_r1-2ef1688840c0a2b7233b,15/9-F-11,15/9-F-11 A,3700.7,2,3.74627542496,2.90173947384,41.3630036094,17.2057863312,17.2057863312
reservoir_property_p51_r1-29bad6490c6aff6583a0,15/9-F-11,15/9-F-11 A,3702.7,2,0.023716526106,2.53901676286,0.0239999994764,11.6672099745,11.6672099745
reservoir_property_p51_r1-0e9de942bf17ec783902,15/9-F-11,15/9-F-11 B,3445.5,2,2.17804169655,3.0574772369,7.82899945816,20.2738205986,20.2738205986
reservoir_property_p51_r1-90d4e6df6ce860cd8519,15/9-F-11,15/9-F-11 B,3447.5,2,2.27264118195,3.22788189883,8.70499966348,24.2261687667,24.2261687667
reservoir_property_p51_r1-cfd1db741904f6373c32,15/9-F-11,15/9-F-11 B,3449.5,2,1.46833503246,2.75498998808,3.34199983069,14.7208835058,14.7208835058
reservoir_property_p51_r1-3d9e28ce47d9191d9484,15/9-F-11,15/9-F-11 B,3451.5,2,1.08383703232,1.35577607794,1.95600008641,2.87977079307,2.87977079307
reservoir_property_p51_r1-6306dacb3682ae1af4aa,15/9-F-11,15/9-F-11 B,3453.5,2,0.0363319292665,-0.227574757861,0.0370000000198,-0.203537122589,0
reservoir_property_p51_r1-5dd571d826737c228f8c,15/9-F-11,15/9-F-11 B,3455.5,2,0.0741793960333,-1.06027262531,0.0769999976942,-0.65363862942,0
reservoir_property_p51_r1-648080008eb5133d3e83,15/9-F-11,15/9-F-11 B,3458.9,2,1.26440918446,0.620752921567,2.54100004011,0.860328195897,0.860328195897
reservoir_property_p51_r1-fe158b1677c7d212190a,15/9-F-11,15/9-F-11 B,3460.9,2,1.58616924286,1.42982198271,3.88499979172,3.17795537743,3.17795537743
reservoir_property_p51_r1-f1e5e1bd115cc228a0b3,15/9-F-11,15/9-F-11 B,3462.9,2,0.171429112554,1.44158857589,0.186999996351,3.22740604103,3.22740604103
reservoir_property_p51_r1-2857eefcec5abbfe01c2,15/9-F-11,15/9-F-11 B,3464.9,2,0.0129162250087,0.312766014004,0.0129999997388,0.367201587573,0.367201587573
reservoir_property_p51_r1-9ee851cd6618b8043330,15/9-F-11,15/9-F-11 B,3466.9,2,0.132781118155,1.94075233297,0.142000007903,5.96398823827,5.96398823827
reservoir_property_p51_r1-1098695489073fe9c070,15/9-F-11,15/9-F-11 B,3468.9,2,3.66130280495,4.53948738701,37.9120046151,92.642785306,92.642785306
reservoir_property_p51_r1-adc005c06bc79837891f,15/9-F-11,15/9-F-11 B,3470.9,2,7.03192234039,5.94290719888,1131.20500297,380.041083067,380.041083067
reservoir_property_p51_r1-686929943752f1c1c3e0,15/9-F-11,15/9-F-11 B,3472.9,2,6.9612531662,6.56058114638,1053.95476287,705.682261122,705.682261122
reservoir_property_p51_r1-d94f3a20d685bacfc84b,15/9-F-11,15/9-F-11 B,3474.9,2,6.73059177399,6.52423673084,836.642814541,680.459438127,680.459438127
reservoir_property_p51_r1-3ccec8b1fe8fbd32167a,15/9-F-11,15/9-F-11 B,3476.9,2,6.3134393692,6.54237313561,550.940013514,692.93141891,692.93141891
reservoir_property_p51_r1-0fbabeb82ab291fdbd94,15/9-F-11,15/9-F-11 B,3478.9,2,7.0088891983,6.74207875689,1105.4248035,846.320279253,846.320279253
reservoir_property_p51_r1-a874a5064432e2ee9bbc,15/9-F-11,15/9-F-11 B,3480.9,2,7.35675668716,7.00553059214,1565.74686346,1101.71499172,1101.71499172
reservoir_property_p51_r1-ffc52e2ee1b1dcdf3629,15/9-F-11,15/9-F-11 B,3482.9,2,6.70367527008,7.00609657417,814.397129549,1102.33928524,1102.33928524
reservoir_property_p51_r1-d3fac9e7bd231e843505,15/9-F-11,15/9-F-11 B,3484.9,2,6.57804632187,6.8331292036,718.133001522,927.090457323,927.090457323
reservoir_property_p51_r1-38f583584d468fcdbf67,15/9-F-11,15/9-F-11 B,3486.9,2,6.73767375946,6.71602445982,842.596044247,824.529055188,824.529055188
reservoir_property_p51_r1-241524d3f4007aaf88d1,15/9-F-11,15/9-F-11 B,3488.9,2,6.55801773071,6.64612020472,703.873060599,768.791889328,768.791889328
reservoir_property_p51_r1-53ff9655699d140f2290,15/9-F-11,15/9-F-11 B,3490.9,2,6.890229702,6.43126327363,981.627102704,619.957892473,619.957892473
reservoir_property_p51_r1-651c0a6d8866e822bd1e,15/9-F-11,15/9-F-11 B,3492.9,2,6.38777112961,6.31414460683,593.529971568,551.329399668,551.329399668
reservoir_property_p51_r1-e269d292d10eba113584,15/9-F-11,15/9-F-11 B,3494.9,2,6.89311075211,6.208799791,984.462182669,496.104264091,496.104264091
reservoir_property_p51_r1-4ccbc016c9fad8300898,15/9-F-11,15/9-F-11 B,3496.9,2,6.38432216644,6.12176869797,591.482991604,454.669924656,454.669924656
reservoir_property_p51_r1-7ef0d4b11f3a86c9d64a,15/9-F-11,15/9-F-11 B,3498.9,2,6.26079702377,6.16442110298,522.636124273,474.525782781,474.525782781
reservoir_property_p51_r1-11b30ca8a00201b82bc4,15/9-F-11,15/9-F-11 B,3500.9,2,5.71639919281,5.79552493386,302.808993418,327.824749931,327.824749931
reservoir_property_p51_r1-2a4f84080968dae361e9,15/9-F-11,15/9-F-11 B,3502.9,2,5.54171419144,4.68670068834,254.114940698,107.494631049,107.494631049
reservoir_property_p51_r1-ef0e2c9211b4b9ae4704,15/9-F-11,15/9-F-11 B,3504.9,2,2.52724742889,3.96271195021,11.5189992315,51.599780683,51.599780683
reservoir_property_p51_r1-ad78bdd621639d668826,15/9-F-11,15/9-F-11 B,3506.9,2,0.162118852139,2.16590625821,0.176000003131,7.72250317617,7.72250317617
reservoir_property_p51_r1-53697560f9c8420b458d,15/9-F-11,15/9-F-11 B,3508.9,2,0.597186803818,1.30603610053,0.817000026172,2.69151189039,2.69151189039
reservoir_property_p51_r1-b25600f9a09c16f436de,15/9-F-11,15/9-F-11 B,3510.9,2,0.65648317337,2.38841878276,0.927999956007,9.89625097429,9.89625097429
reservoir_property_p51_r1-b534b27eeb3a14e5c956,15/9-F-11,15/9-F-11 B,3512.9,2,4.21808004379,4.59522283783,66.9029882923,98.0101963067,98.0101963067
reservoir_property_p51_r1-c501cf80d77fc142f2e6,15/9-F-11,15/9-F-11 B,3514.9,2,4.99805641174,5.90694710193,147.124985166,366.582249556,366.582249556
reservoir_property_p51_r1-8765a8a1ca5ae4849e4e,15/9-F-11,15/9-F-11 B,3516.9,2,5.24991464615,5.4226343964,189.550003588,225.474962144,225.474962144
reservoir_property_p51_r1-29786f55fe6a48646b00,15/9-F-11,15/9-F-11 B,3518.9,2,2.43124222755,3.95147642438,10.373001164,51.0121021098,51.0121021098
reservoir_property_p51_r1-e54f3ede853940791747,15/9-F-11,15/9-F-11 B,3520.9,2,1.02317011356,2.48216476329,1.78200005581,10.9671424285,10.9671424285
reservoir_property_p51_r1-f19cec998dcfc0731e3a,15/9-F-11,15/9-F-11 B,3522.9,2,2.47813367844,4.04190026945,10.9189989623,55.9344308341,55.9344308341
reservoir_property_p51_r1-4c87334756d3f526ffe1,15/9-F-11,15/9-F-11 B,3524.9,2,4.78508901596,5.50947054609,118.71201889,246.020306571,246.020306571
reservoir_property_p51_r1-e76f0c9fc46d6b2b5f36,15/9-F-11,15/9-F-11 B,3526.9,2,5.71702098846,5.46833789375,302.997959273,236.065836513,236.065836513
reservoir_property_p51_r1-1881bde4211c284b6023,15/9-F-11,15/9-F-11 B,3528.9,2,5.5303850174,5.29720039256,251.241009506,198.776729918,198.776729918
reservoir_property_p51_r1-ddfb534e9ee9ed326bc5,15/9-F-11,15/9-F-11 B,3530.9,2,5.50575828552,5.32397275351,245.105002803,204.197463788,204.197463788
reservoir_property_p51_r1-3df20c4bf1cd1af07671,15/9-F-11,15/9-F-11 B,3532.9,2,6.20554113388,5.45168943048,494.487008215,232.151727,232.151727
reservoir_property_p51_r1-31c85b7351c25b79182f,15/9-F-11,15/9-F-11 B,3534.9,2,5.89152288437,5.53566693235,360.956082125,252.576849858,252.576849858
reservoir_property_p51_r1-aa577010aa68bd9c4dd8,15/9-F-11,15/9-F-11 B,3536.9,2,5.92721652985,5.32819747301,374.108954779,205.066199304,205.066199304
reservoir_property_p51_r1-e6e215a9e7c95b560f2d,15/9-F-11,15/9-F-11 B,3538.9,2,3.55862832069,4.22203136996,34.11499758,67.17182593,67.17182593
reservoir_property_p51_r1-839a7818e125cfaa86fe,15/9-F-11,15/9-F-11 B,3540.9,2,0.593326866627,2.76766465919,0.810000038642,14.9214086444,14.9214086444
reservoir_property_p51_r1-2c35a060da4d14bbbfe2,15/9-F-11,15/9-F-11 B,3542.9,2,0.862467944622,2.13884743637,1.36900004607,7.48964712937,7.48964712937
reservoir_property_p51_r1-6a1bc6ce4d6d44e5d3e1,15/9-F-11,15/9-F-11 B,3544.9,2,0.108854405582,1.14557050504,0.115000000747,2.14423464696,2.14423464696
reservoir_property_p51_r1-7cee715fda8c6114e8a9,15/9-F-11,15/9-F-11 B,3546.9,2,0.019802628085,0.452563741683,0.0200000008046,0.572338091299,0.572338091299
reservoir_property_p51_r1-b781275227d406658da4,15/9-F-11,15/9-F-11 B,3548.9,2,0.137149840593,1.23458024512,0.147000002806,2.43693554742,2.43693554742
reservoir_property_p51_r1-26472212f19e4d5cc82a,15/9-F-11,15/9-F-11 B,3550.9,2,0.323531717062,1.86188596714,0.381999988552,5.43586315927,5.43586315927
reservoir_property_p51_r1-4dea09e7bdb3367016a4,15/9-F-11,15/9-F-11 B,3552.9,2,0.402794867754,1.66381790995,0.49599998235,4.27942879951,4.27942879951
reservoir_property_p51_r1-8ea3ab54245ef39eb50b,15/9-F-11,15/9-F-11 B,3554.9,2,0.0685927942395,1.1170557769,0.0710000029709,2.05584385949,2.05584385949
reservoir_property_p51_r1-e47af1f36b8ba7ce7791,15/9-F-11,15/9-F-11 B,3556.9,2,0.0516432337463,0.760116039584,0.053000000626,1.13852435958,1.13852435958
reservoir_property_p51_r1-b49bccfe1873ece3ef49,15/9-F-11,15/9-F-11 B,3558.9,2,0.039220713079,0.516948487648,0.0399999999227,0.676902744882,0.676902744882
reservoir_property_p51_r1-ed50bac9a729b02de97b,15/9-F-11,15/9-F-11 B,3560.9,2,0.0459289327264,0.720172320893,0.0470000008774,1.05478726291,1.05478726291
reservoir_property_p51_r1-fee30fb92561a6f42f46,15/9-F-11,15/9-F-11 B,3562.9,2,0.0314986668527,1.03588392639,0.0319999997867,1.81759568239,1.81759568239
reservoir_property_p51_r1-30916dd3d5e3af359097,15/9-F-11,15/9-F-11 B,3564.9,2,0.188966095448,1.51196966206,0.207999995089,3.53565571089,3.53565571089
reservoir_property_p51_r1-a1878b989fb7834f528e,15/9-F-11,15/9-F-11 B,3566.9,2,1.05152070522,2.30456063664,1.86200006894,9.01977496317,9.01977496317
reservoir_property_p51_r1-eeaf0d8873a91f7ae2b4,15/9-F-11,15/9-F-11 B,3568.9,2,1.933837533,3.17867286281,5.91599975916,23.0148613785,23.0148613785
reservoir_property_p51_r1-b4b7129745ca4888c7a0,15/9-F-11,15/9-F-11 B,3570.9,2,2.36809182167,3.23622611593,9.67699921497,24.4375420413,24.4375420413
reservoir_property_p51_r1-0d4b973184b258cd5b15,15/9-F-11,15/9-F-11 B,3572.9,2,0.361861467361,2.78558452927,0.435999995312,15.2092899125,15.2092899125
reservoir_property_p51_r1-a0d7ce4ca83ab0edac54,15/9-F-11,15/9-F-11 B,3574.9,2,1.80500471592,3.18431231744,5.08000012124,23.1506746963,23.1506746963
reservoir_property_p51_r1-27d57cfd8243ebd7bd39,15/9-F-11,15/9-F-11 B,3576.9,2,2.66569924355,3.72292437183,13.3779997553,40.3852431581,40.3852431581
reservoir_property_p51_r1-86741ddf612cf378e7df,15/9-F-11,15/9-F-11 B,3578.9,2,3.01631879807,3.7507492633,19.4159977727,41.5529534248,41.5529534248
reservoir_property_p51_r1-bb8c78caac1ddd1c9791,15/9-F-11,15/9-F-11 B,3580.9,2,3.24928855896,3.86105936706,24.7719981363,46.5156612421,46.5156612421
reservoir_property_p51_r1-a3a012c96ec48b736404,15/9-F-11,15/9-F-11 B,3582.9,2,2.51235961914,3.65625438587,11.3339992917,37.7160555413,37.7160555413
reservoir_property_p51_r1-5e1c58a9679f78ab85e5,15/9-F-11,15/9-F-11 B,3584.9,2,2.45005631447,2.56689680014,10.5889993292,12.0253414223,12.0253414223
reservoir_property_p51_r1-160684d9fc57f78442cb,15/9-F-11,15/9-F-11 B,3586.9,2,0.198850855231,1.69652968001,0.219999995713,4.45498396626,4.45498396626
reservoir_property_p51_r1-36ff5195f0177f7566d5,15/9-F-11,15/9-F-11 B,3588.9,2,0.290428310633,2.30835551379,0.33700001673,9.05787101745,9.05787101745
reservoir_property_p51_r1-591d4d2eeabf4efb04ac,15/9-F-11,15/9-F-11 B,3590.9,2,2.86738729477,3.55663087882,16.5909980149,34.0449274172,34.0449274172
reservoir_property_p51_r1-6d6aa1dbeebaffadf7a5,15/9-F-11,15/9-F-11 B,3592.9,2,2.73540592194,3.90204735575,14.4159998585,48.5036971037,48.5036971037
reservoir_property_p51_r1-787ce6e4c42f703dfae9,15/9-F-11,15/9-F-11 B,3594.9,2,2.49584650993,3.81979615981,11.1319990307,44.5949132979,44.5949132979
reservoir_property_p51_r1-bf81a78e8e71c07b5297,15/9-F-11,15/9-F-11 B,3596.9,2,2.2355902195,3.49532995279,8.35199995631,31.9611617862,31.9611617862
reservoir_property_p51_r1-cf23b5c39606142bc8af,15/9-F-11,15/9-F-11 B,3598.9,2,0.952043890953,2.84241361591,1.59099997247,16.1571263157,16.1571263157
reservoir_property_p51_r1-a43ffd9ee350025338d2,15/9-F-11,15/9-F-11 B,3600.9,2,0.676509559155,2.2263104692,0.967000038844,8.2656171572,8.2656171572
reservoir_property_p51_r1-0b083cacfc5bf6c9b5fa,15/9-F-11,15/9-F-11 B,3602.9,2,0.637105762959,2.320099627,0.890999949477,9.17668812844,9.17668812844
reservoir_property_p51_r1-f88371fe144940d96e0b,15/9-F-11,15/9-F-11 B,3604.9,2,0.381172418594,2.52286341483,0.464000004473,11.4642358922,11.4642358922
reservoir_property_p51_r1-cf3880095729b1c977e3,15/9-F-11,15/9-F-11 B,3606.9,2,1.37952148914,2.46670688794,2.97300004891,10.7835782438,10.7835782438
reservoir_property_p51_r1-3dd584bcb770d3a9742c,15/9-F-11,15/9-F-11 B,3608.9,2,0.272314608097,1.9383576469,0.313000016775,5.94733162424,5.94733162424
reservoir_property_p51_r1-a42073d03c4d99e778dd,15/9-F-11,15/9-F-11 B,3610.9,2,0.14496576786,1.2324462202,0.155999997237,2.42960886174,2.42960886174
reservoir_property_p51_r1-bfddcc190f7336e2e1e0,15/9-F-11,15/9-F-11 B,3612.9,2,0.128393217921,1.51172697377,0.137000003585,3.53455509391,3.53455509391
reservoir_property_p51_r1-bc3f53adad1058bc80d4,15/9-F-11,15/9-F-11 B,3614.9,2,3.13527679443,3.11215281294,21.9949998492,21.4693647088,21.4693647088
reservoir_property_p51_r1-34ca3ae0449ea83460fd,15/9-F-11,15/9-F-11 B,3616.9,2,3.77810287476,3.50014607767,42.7329960157,32.1202897402,32.1202897402
reservoir_property_p51_r1-f1cde8195e606a707382,15/9-F-11,15/9-F-11 B,3618.9,2,1.72133696079,2.57330115297,4.59199975317,12.1090279976,12.1090279976
reservoir_property_p51_r1-94c2b452a583c044c688,15/9-F-11,15/9-F-11 B,3620.9,2,1.30698060989,2.56542087084,2.69500020505,12.0061311193,12.0061311193
reservoir_property_p51_r1-cdfc1c957124413f0e9c,15/9-F-11,15/9-F-11 B,3622.9,2,1.89341306686,3.18933063118,5.64199962745,23.2721749672,23.2721749672
reservoir_property_p51_r1-5a92cefbd6d24aefb92d,15/9-F-11,15/9-F-11 B,3624.9,2,0.937660753727,2.68822576251,1.55399999008,13.705561602,13.705561602
reservoir_property_p51_r1-8dd638d1ac17a35b4485,15/9-F-11,15/9-F-11 B,3626.9,2,0.0870947092772,1.44384558816,0.091000002647,3.2369581239,3.2369581239
reservoir_property_p51_r1-9500abdf619fe6171fd9,15/9-F-11,15/9-F-11 B,3628.9,2,0.738120555878,1.58757374955,1.09200002024,3.89186562706,3.89186562706
reservoir_property_p51_r1-f9310a8902fb514e250f,15/9-F-11,15/9-F-11 B,3630.9,2,0.234281301498,1.46196536364,0.264000007298,3.31443062631,3.31443062631
reservoir_property_p51_r1-216e3018bf0bb152050b,15/9-F-11,15/9-F-11 B,3632.9,2,0.294161051512,1.4789001648,0.342000017395,3.38811682058,3.38811682058
reservoir_property_p51_r1-2e272de25bbcfe62b162,15/9-F-11,15/9-F-11 B,3634.9,2,1.43888676167,2.29208388704,3.215999791,8.8955373921,8.8955373921
reservoir_property_p51_r1-9373ac0a3c39fa99fe65,15/9-F-11,15/9-F-11 B,3636.9,2,0.237440854311,2.08629481787,0.267999997839,7.05501450898,7.05501450898
reservoir_property_p51_r1-e20e4e861303d327b81e,15/9-F-11,15/9-F-11 B,3638.9,2,0.639746427536,2.15374807287,0.896000044941,7.61709544766,7.61709544766
reservoir_property_p51_r1-7e447b89085f310f5d6c,15/9-F-11,15/9-F-11 B,3640.9,2,2.50061583519,3.02031100257,11.1899986798,19.4976655197,19.4976655197
reservoir_property_p51_r1-9ad652d67a6697e49d01,15/9-F-11,15/9-F-11 B,3642.9,2,2.20364832878,3.43097633067,8.05799985188,29.906803284,29.906803284
reservoir_property_p51_r1-8c2d621e2e768551458b,15/9-F-11,15/9-F-11 B,3644.9,2,3.16243243217,3.72099924501,22.6279995919,40.3056479562,40.3056479562
reservoir_property_p51_r1-ac36fb653b2657da7fa5,15/9-F-11,15/9-F-11 B,3646.9,2,2.21963810921,3.52574602585,8.20399942046,32.9791134601,32.9791134601
reservoir_property_p51_r1-74458b4cf7de675a5b27,15/9-F-11,15/9-F-11 B,3648.9,2,2.21473693848,3.32710175582,8.15899941433,26.8574867923,26.8574867923
reservoir_property_p51_r1-e4c2959754626ed15722,15/9-F-11,15/9-F-11 B,3650.9,2,1.53255689144,2.76883867877,3.63000010808,14.9401116665,14.9401116665
reservoir_property_p51_r1-04013f55c26da80cec29,15/9-F-11,15/9-F-11 B,3652.9,2,1.52952849865,2.78001807679,3.61599985895,15.1193123308,15.1193123308
reservoir_property_p51_r1-4b54aee4131376b32d32,15/9-F-11,15/9-F-11 B,3654.9,2,1.79159283638,2.83880331957,4.99900028621,16.0952956859,16.0952956859
reservoir_property_p51_r1-789d0f09b28a02318e19,15/9-F-11,15/9-F-11 B,3656.9,2,1.01232790947,2.54302288783,1.75199997082,11.7180581847,11.7180581847
reservoir_property_p51_r1-ecc92d5a88083a11eeaa,15/9-F-11,15/9-F-11 B,3658.9,2,2.7060482502,3.3403328254,13.9700007749,27.2285203108,27.2285203108
reservoir_property_p51_r1-e966b58ad21bae928fa0,15/9-F-11,15/9-F-11 B,3660.9,2,3.63732290268,4.66325271315,36.9899975489,104.980245459,104.980245459
reservoir_property_p51_r1-97de7605d675e6ebc361,15/9-F-11,15/9-F-11 B,3662.9,2,6.31931591034,5.50293137033,554.19306068,244.410267272,244.410267272
reservoir_property_p51_r1-1f5f6af6dcc465525caf,15/9-F-11,15/9-F-11 B,3664.9,2,6.40754985809,5.81052053308,605.406078442,332.792830672,332.792830672
reservoir_property_p51_r1-6506c671b715a318a48b,15/9-F-11,15/9-F-11 B,3666.9,2,6.55808162689,5.22331996904,703.918100734,184.549180156,184.549180156
reservoir_property_p51_r1-b5b9dd3fac58c9339e4c,15/9-F-11,15/9-F-11 B,3668.9,2,6.45472192764,5.87949527474,634.696931929,356.628691915,356.628691915
reservoir_property_p51_r1-5ce2cf3af4d3f3787cfa,15/9-F-11,15/9-F-11 B,3670.9,2,6.74373149872,6.65794793429,847.721838811,777.950837632,777.950837632
reservoir_property_p51_r1-a6872bba7fcb3134457d,15/9-F-11,15/9-F-11 B,3672.9,2,6.38848400116,6.23099777729,593.953946173,507.262363222,507.262363222
reservoir_property_p51_r1-c2db6c21dd4028022a5e,15/9-F-11,15/9-F-11 B,3674.9,2,6.90805339813,6.34871158038,999.298163592,570.755573146,570.755573146
reservoir_property_p51_r1-8b7d6b9f0fffdb434e8d,15/9-F-11,15/9-F-11 B,3676.9,2,6.81100845337,6.54585462977,906.785805157,695.351547482,695.351547482
reservoir_property_p51_r1-c6c0c33dd8ea9c095f84,15/9-F-11,15/9-F-11 B,3678.9,2,7.27454662323,6.57410910153,1442.09677726,715.307183026,715.307183026
reservoir_property_p51_r1-945df4661d5309c0c4a4,15/9-F-11,15/9-F-11 B,3680.9,2,7.10213947296,6.4943876173,1213.56282105,660.419059672,660.419059672
reservoir_property_p51_r1-efef4e7bfca9dad1f3bd,15/9-F-11,15/9-F-11 B,3682.9,2,7.02313089371,6.43762946094,1121.29490891,623.923636665,623.923636665
reservoir_property_p51_r1-f110733904fa60120f28,15/9-F-11,15/9-F-11 B,3684.9,2,7.02959251404,6.45981109724,1128.57023238,637.940347571,637.940347571
reservoir_property_p51_r1-73865a1fe8d258150300,15/9-F-11,15/9-F-11 B,3686.9,2,6.46853542328,6.213612338,643.539058463,498.502367594,498.502367594
reservoir_property_p51_r1-e63d5b14679059d43067,15/9-F-11,15/9-F-11 B,3688.9,2,6.44564199448,6.16637281832,628.950972215,475.45478002,475.45478002
reservoir_property_p51_r1-f92ab60fd18cb21cc8d3,15/9-F-11,15/9-F-11 B,3690.9,2,6.77780151367,6.42028600487,877.136030329,613.178747121,613.178747121
reservoir_property_p51_r1-271e67c15b593ce8cbc2,15/9-F-11,15/9-F-11 B,3692.9,2,7.22988796234,6.75034465139,1379.06787585,853.353165795,853.353165795
reservoir_property_p51_r1-381b0f756e1727f5dee7,15/9-F-11,15/9-F-11 B,3694.9,2,6.9886841774,6.73503520408,1083.29379882,840.373103334,840.373103334
reservoir_property_p51_r1-8d38302e0aa39ea9502e,15/9-F-11,15/9-F-11 B,3696.9,2,6.99333572388,6.77944959381,1088.3491904,878.584462114,878.584462114
reservoir_property_p51_r1-7220f6c6b2d6255f807d,15/9-F-11,15/9-F-11 B,3698.9,2,7.30335235596,6.86532262761,1484.27074719,957.455013978,957.455013978
reservoir_property_p51_r1-d15bff6c6879eeedc94e,15/9-F-11,15/9-F-11 B,3700.9,2,6.85979413986,6.74309498302,952.170827415,847.181785927,847.181785927
reservoir_property_p51_r1-bc599d2b5e52f02d582e,15/9-F-11,15/9-F-11 B,3702.9,2,6.97017478943,6.64419262028,1063.40878168,767.309479659,767.309479659
reservoir_property_p51_r1-0abbdf9adb7fbcb640a4,15/9-F-11,15/9-F-11 B,3704.9,2,7.11985063553,6.66468648516,1235.26576549,783.217562595,783.217562595
reservoir_property_p51_r1-8d2f46ed8dc0ef9c913e,15/9-F-11,15/9-F-11 B,3706.9,2,6.94539499283,6.59776710324,1037.35705981,732.455628744,732.455628744
reservoir_property_p51_r1-91fb1724fe6d44223c0f,15/9-F-11,15/9-F-11 B,3708.9,2,6.74954462051,6.67287507258,852.669930226,789.665560624,789.665560624
reservoir_property_p51_r1-ec8fe64ab8359c21938f,15/9-F-11,15/9-F-11 B,3710.9,2,7.21920108795,6.74930317787,1364.39779211,852.463842778,852.463842778
reservoir_property_p51_r1-171a7d4e74c501520999,15/9-F-11,15/9-F-11 B,3712.9,2,6.84181404114,6.56537625613,935.185874975,709.079017527,709.079017527
reservoir_property_p51_r1-bc2d22ebb44e6669d020,15/9-F-11,15/9-F-11 B,3714.9,2,6.47608566284,6.49117412138,648.42390042,658.297003658,658.297003658
reservoir_property_p51_r1-5bab06a152b0a9d5b8de,15/9-F-11,15/9-F-11 B,3716.9,2,6.8287024498,6.72729231089,922.99110946,833.883597453,833.883597453
reservoir_property_p51_r1-880e4d2f9de982458070,15/9-F-11,15/9-F-11 B,3718.9,2,7.18792629242,6.82735473563,1322.35610466,921.746672311,921.746672311
reservoir_property_p51_r1-e5d24bebcde6bb4a401e,15/9-F-11,15/9-F-11 B,3720.9,2,6.86551475525,6.75504348214,957.639177367,857.377073148,857.377073148
reservoir_property_p51_r1-bae5adbd367892a474dd,15/9-F-11,15/9-F-11 B,3722.9,2,6.77956485748,6.58616849828,878.685852096,723.997711485,723.997711485
reservoir_property_p51_r1-b64a11ce30e657638ae0,15/9-F-11,15/9-F-11 B,3724.9,2,6.63749647141,6.57233078399,762.181951503,714.034493361,714.034493361
reservoir_property_p51_r1-195b0e50ee1f67cd1966,15/9-F-11,15/9-F-11 B,3726.9,2,6.83484888077,6.72041329347,928.687846396,828.16012714,828.16012714
reservoir_property_p51_r1-b9d0bf549e8ac9278668,15/9-F-11,15/9-F-11 B,3728.9,2,7.32504081726,6.77578766794,1516.8358513,875.369379309,875.369379309
reservoir_property_p51_r1-5e4ca4c4b49c06f05522,15/9-F-11,15/9-F-11 B,3730.9,2,7.03853273392,6.80187791178,1138.71411534,898.534953802,898.534953802
reservoir_property_p51_r1-045a0df01fff4a2f0edf,15/9-F-11,15/9-F-11 B,3732.9,2,7.0905418396,6.75611888184,1199.55813435,858.30066812,858.30066812
reservoir_property_p51_r1-ca3f2fede876be127263,15/9-F-11,15/9-F-11 B,3734.9,2,7.02358818054,6.72260885672,1121.80823695,829.982600589,829.982600589
reservoir_property_p51_r1-02b5c582b0b4c57287da,15/9-F-11,15/9-F-11 B,3736.9,2,7.01629304886,6.72101352057,1113.64700782,828.657960912,828.657960912
reservoir_property_p51_r1-75c074ed5ac36bed1f91,15/9-F-11,15/9-F-11 B,3738.9,2,7.07913732529,6.69446998404,1185.94413003,806.92560724,806.92560724
reservoir_property_p51_r1-96a6b40c245f124eb6a0,15/9-F-11,15/9-F-11 B,3740.9,2,6.93569898605,7.04529107954,1027.33779465,1146.44278432,1146.44278432
reservoir_property_p51_r1-c601a8c637b0d00f0ad6,15/9-F-11,15/9-F-11 B,3742.9,2,7.34351825714,7.15147190834,1545.14228183,1274.98270322,1274.98270322
reservoir_property_p51_r1-537057ea14674f831085,15/9-F-11,15/9-F-11 B,3744.9,2,7.34437847137,7.11570878965,1546.47286764,1230.1559326,1230.1559326
reservoir_property_p51_r1-e56a573ae2bee60fa018,15/9-F-11,15/9-F-11 B,3746.9,2,7.10266828537,7.09167125452,1214.2052668,1200.9148286,1200.9148286
reservoir_property_p51_r1-ab8a3f317c9774c55324,15/9-F-11,15/9-F-11 B,3748.9,2,7.31030797958,7.07641084361,1494.63774416,1182.7123563,1182.7123563
reservoir_property_p51_r1-7bd923963c33925493b2,15/9-F-11,15/9-F-11 B,3750.9,2,7.40415000916,7.0833715692,1641.7878878,1190.98059628,1190.98059628
reservoir_property_p51_r1-f17660a0eb104eba7fcc,15/9-F-11,15/9-F-11 B,3752.9,2,7.20014858246,7.10554937335,1338.6297951,1217.71142844,1217.71142844
reservoir_property_p51_r1-50cf30df4fd979416436,15/9-F-11,15/9-F-11 B,3754.9,2,7.13365364075,7.08906906675,1252.44826053,1197.79128632,1197.79128632
reservoir_property_p51_r1-5bdf6b033bcc279276fa,15/9-F-11,15/9-F-11 B,3756.9,2,7.08590745926,6.95180385677,1194.00716392,1044.03311905,1044.03311905
reservoir_property_p51_r1-36bdce621e51bea1f4cb,15/9-F-11,15/9-F-11 B,3758.9,2,6.86090660095,6.88143801962,953.231782899,973.026021709,973.026021709
reservoir_property_p51_r1-e67ec8e9cf34042f29bd,15/9-F-11,15/9-F-11 B,3760.9,2,7.2970457077,6.89499279196,1474.93314247,986.318608161,986.318608161
reservoir_property_p51_r1-6027e933216924007cca,15/9-F-11,15/9-F-11 B,3762.9,2,7.35240650177,6.72155744388,1558.94602731,829.109353965,829.109353965
reservoir_property_p51_r1-cadabb091b1399588e32,15/9-F-11,15/9-F-11 B,3764.9,2,6.91356039047,6.78906583883,1004.8219938,887.083561037,887.083561037
reservoir_property_p51_r1-f4fe23fcd2ea0aa35c2f,15/9-F-11,15/9-F-11 B,3766.9,2,7.00164699554,6.93612302748,1097.44079653,1027.77394494,1027.77394494
reservoir_property_p51_r1-9e2f7455d5c2d929f75d,15/9-F-11,15/9-F-11 B,3768.9,2,7.1316204071,6.97484359781,1249.90229651,1068.38992127,1068.38992127
reservoir_property_p51_r1-e3d3481a537d6783657e,15/9-F-11,15/9-F-11 B,3770.9,2,6.35119819641,6.84447356656,572.179078844,937.678998902,937.678998902
reservoir_property_p51_r1-ab16de29693c4cb2ac96,15/9-F-11,15/9-F-11 B,3772.9,2,6.82007551193,6.97061998224,915.054180491,1063.88275432,1063.88275432
reservoir_property_p51_r1-828809cec7435009c12d,15/9-F-11,15/9-F-11 B,3774.9,2,6.86633300781,7.07237486813,958.423907341,1177.94455009,1177.94455009
reservoir_property_p51_r1-e811bbec3a14b0bfc77d,15/9-F-11,15/9-F-11 B,3776.9,2,6.89469957352,7.074580631,986.029150571,1180.54789234,1180.54789234
reservoir_property_p51_r1-c1c7d3a72c1b6e621c1b,15/9-F-11,15/9-F-11 B,3778.9,2,7.09367275238,7.08272252384,1203.3228676,1190.20719781,1190.20719781
reservoir_property_p51_r1-5a6a0b4ca4667826e5f9,15/9-F-11,15/9-F-11 B,3780.9,2,6.88018274307,7.04321485173,971.804116763,1144.06290315,1144.06290315
reservoir_property_p51_r1-767562c90de7e38381bf,15/9-F-11,15/9-F-11 B,3782.9,2,6.8691277504,6.9986881639,961.109000516,1094.19549866,1094.19549866
reservoir_property_p51_r1-61e3c5ea09f957872afb,15/9-F-11,15/9-F-11 B,3784.9,2,6.96036291122,7.07362930186,1053.01600208,1179.42438589,1179.42438589
reservoir_property_p51_r1-9a783e3fde840042fa6b,15/9-F-11,15/9-F-11 B,3786.9,2,7.00135946274,7.30114839215,1097.12500417,1481.00086889,1481.00086889
reservoir_property_p51_r1-e077b60d9cf398445aeb,15/9-F-11,15/9-F-11 B,3788.9,2,7.16345834732,7.22756263127,1290.3692226,1375.86248937,1375.86248937
reservoir_property_p51_r1-5e8c73de3d7ed283b9b5,15/9-F-11,15/9-F-11 B,3790.9,2,6.26963949203,7.17313900055,527.286891912,1302.93122632,1302.93122632
reservoir_property_p51_r1-a46d64b04f67e82d59a3,15/9-F-11,15/9-F-11 B,3792.9,2,7.31141281128,7.29264850127,1496.29108531,1468.45740776,1468.45740776
reservoir_property_p51_r1-a98d9f11fafc53b802ad,15/9-F-11,15/9-F-11 B,3794.9,2,7.40034914017,7.40314810964,1635.5557176,1640.14280365,1640.14280365
reservoir_property_p51_r1-a7a3b586861836d8633f,15/9-F-11,15/9-F-11 B,3796.9,2,7.52291154861,7.46968774967,1848.9456673,1753.0588946,1753.0588946
reservoir_property_p51_r1-ad194c77535fa047cb14,15/9-F-11,15/9-F-11 B,3798.9,2,6.96352672577,7.34108303463,1056.35599401,1541.38166216,1541.38166216
reservoir_property_p51_r1-70588638c87fb9160b6a,15/9-F-11,15/9-F-11 B,3800.9,2,6.66791057587,7.19725404205,785.750031409,1334.75778907,1334.75778907
reservoir_property_p51_r1-044510e302bdca638e78,15/9-F-11,15/9-F-11 B,3802.9,2,6.9390630722,7.10041760574,1030.803037,1211.47330459,1211.47330459
reservoir_property_p51_r1-e1fbcccc9dccfb2daa5a,15/9-F-11,15/9-F-11 B,3804.9,2,7.24710273743,7.21708284923,1403.03110293,1361.5086147,1361.5086147
reservoir_property_p51_r1-f3e0a27622ba3dfdaf0f,15/9-F-11,15/9-F-11 B,3806.9,2,7.29984140396,7.17870133246,1479.0651765,1310.20433356,1310.20433356
reservoir_property_p51_r1-cc4b5ae09f2c4274ed60,15/9-F-11,15/9-F-11 B,3808.9,2,6.81062316895,3.94392549503,906.436116795,50.6208414509,50.6208414509
reservoir_property_p51_r1-33e53e0fb0c69d1235b7,15/9-F-11,15/9-F-11 B,3810.9,2,0.0158733483404,-0.313011337173,0.015999999171,-0.268758377691,0
reservoir_property_p51_r1-2387a67ae5b13e2d1c08,15/9-F-11,15/9-F-11 B,3812.9,2,0.0459289327264,-0.579458962791,0.0470000008774,-0.439798625623,0
reservoir_property_p51_r1-5bcab8b76570ce33db00,15/9-F-11,15/9-F-11 B,3814.9,2,0.00895974133164,-0.640149646482,0.00899999995981,-0.47278647751,0
reservoir_property_p51_r1-9bdebc543233b4a6b451,15/9-F-11,15/9-F-11 B,3816.9,2,0.0139029053971,-1.36945882113,0.0140000002313,-0.745755485912,0
reservoir_property_p51_r1-15e22134904d9966fc50,15/9-F-11,15/9-F-11 B,3818.9,2,0.023716526106,-1.17278136975,0.0239999994764,-0.690495104565,0
reservoir_property_p51_r1-34bda776a6f7e3dc1815,15/9-F-11,15/9-F-11 B,3820.9,2,0.057325065136,-1.1059647085,0.0589999984292,-0.669108485638,0
reservoir_property_p51_r1-7b122be8e5ebb334acb2,15/9-F-11,15/9-F-11 B,3822.9,2,0.0506931133568,-0.732138398408,0.0519999989915,-0.519120422288,0
reservoir_property_p51_r1-971d52c6ca8db016ef64,15/9-F-11,15/9-F-11 B,3824.9,2,0.306013017893,0.141428270498,0.357999984731,0.151917874802,0.151917874802
reservoir_property_p51_r1-5ea97879af14be25c52b,15/9-F-11,15/9-F-11 B,3826.9,2,0.255417108536,0.668387687737,0.290999995703,0.951089018544,0.951089018544
reservoir_property_p51_r1-df5ff55f94be4071a2e9,15/9-F-11,15/9-F-11 B,3828.9,2,1.06574463844,0.475945980241,1.90299986472,0.60953606686,0.60953606686
reservoir_property_p51_r1-3fa67ba35c8bf3b7d15b,15/9-F-11,15/9-F-11 B,3830.9,2,0.817133188248,0.491422967981,1.26400006318,0.634640607043,0.634640607043
reservoir_property_p51_r1-3ff3dcdc79303dd741b9,15/9-F-11,15/9-F-11 B,3832.9,2,1.04062998295,0.508276226304,1.83099993437,0.662423082487,0.662423082487
reservoir_property_p51_r1-25bc2d7f5c8340ec9cd6,15/9-F-11,15/9-F-11 B,3834.9,2,0.905836284161,1.03623891871,1.47400002521,1.81859608479,1.81859608479
reservoir_property_p51_r1-ccbaf0ae124bdce9483e,15/9-F-11,15/9-F-11 B,3836.9,2,0.997686386108,0.975379724086,1.71200004347,1.65217411419,1.65217411419
reservoir_property_p51_r1-ff972f92bf243f0a5b1b,15/9-F-11,15/9-F-11 B,3838.9,2,0.389335721731,1.23628287799,0.475999993436,2.44279237143,2.44279237143
reservoir_property_p51_r1-4f60db54049ba1a0840e,15/9-F-11,15/9-F-11 B,3840.9,2,0.692146658897,1.16847310994,0.997999957385,2.21707676397,2.21707676397
reservoir_property_p51_r1-1cac6d6d52eb3ea41bf6,15/9-F-11,15/9-F-11 B,3842.9,2,0.487352281809,1.25438151293,0.628000023164,2.50566949245,2.50566949245
reservoir_property_p51_r1-93d2a5fd276de00e61e3,15/9-F-11,15/9-F-11 B,3844.9,2,0.389335721731,1.52996507864,0.475999993436,3.6180155521,3.6180155521
reservoir_property_p51_r1-800556a987b7f4d37a16,15/9-F-11,15/9-F-11 B,3846.9,2,0.517006456852,1.55189824635,0.676999956416,3.72042220756,3.72042220756
reservoir_property_p51_r1-481678368314ef856da1,15/9-F-11,15/9-F-11 B,3848.9,2,1.20537185669,1.54630149672,2.33800010498,3.69407697889,3.69407697889
reservoir_property_p51_r1-626a7647e0e9927924e4,15/9-F-11,15/9-F-11 B,3850.9,2,1.49020385742,1.46489506318,3.43800014606,3.32708914551,3.32708914551
reservoir_property_p51_r1-cf8be0a77d4996bc68e8,15/9-F-11,15/9-F-11 B,3852.9,2,0.466246575117,1.87561374872,0.59399999163,5.52482249311,5.52482249311
reservoir_property_p51_r1-47c657ef21e23d182011,15/9-F-11,15/9-F-11 B,3854.9,2,0.515215992928,1.98105543809,0.67400003492,6.25039128741,6.25039128741
reservoir_property_p51_r1-6c083518bf5a3023e1df,15/9-F-11,15/9-F-11 B,3856.9,2,0.647103250027,2.06516748966,0.910000015219,6.88661871412,6.88661871412
reservoir_property_p51_r1-8ac8303e44d866f75a2c,15/9-F-11,15/9-F-11 B,3858.9,2,0.649195313454,2.11722415295,0.914000039089,7.30804359165,7.30804359165
reservoir_property_p51_r1-bc67f8375daf9dcac880,15/9-F-11,15/9-F-11 B,3860.9,2,0.136277616024,1.82161911753,0.1459999974,5.18185950838,5.18185950838
reservoir_property_p51_r1-f97c8a7f72662dbf0d77,15/9-F-11,15/9-F-11 B,3862.9,2,0.169742777944,1.64390413328,0.185000003977,4.17533532048,4.17533532048
reservoir_property_p51_r1-088c1cc252632e8b2a15,15/9-F-11,15/9-F-11 B,3864.9,2,0.116893753409,2.08224910496,0.124000002178,7.02249206541,7.02249206541
reservoir_property_p51_r1-7d6d4ae8fa1ad752d49f,15/9-F-11,15/9-F-11 B,3866.9,2,0.821100533009,2.65849882041,1.27299997304,13.2748439018,13.2748439018
reservoir_property_p51_r1-07b8d76a0b15972fc0de,15/9-F-11,15/9-F-11 B,3868.9,2,0.809150874615,2.51190123345,1.2460000411,11.3283468584,11.3283468584
reservoir_property_p51_r1-2b3b7dbc18476da3146f,15/9-F-11,15/9-F-11 B,3870.9,2,0.559615790844,1.98681909065,0.75000000509,6.29230068331,6.29230068331
reservoir_property_p51_r1-0b3fe1457a1f257ec316,15/9-F-11,15/9-F-11 B,3872.9,2,0.4922542274,1.92094972165,0.635999982363,5.82743955836,5.82743955836
reservoir_property_p51_r1-7090c1f99a9e635e0353,15/9-F-11,15/9-F-11 B,3874.9,2,0.487966328859,1.87304900265,0.628999998761,5.50810942183,5.50810942183
reservoir_property_p51_r1-b29aec4051acefa5b07b,15/9-F-11,15/9-F-11 B,3876.9,2,0.409457117319,1.82953717954,0.50599998184,5.23100215576,5.23100215576
reservoir_property_p51_r1-7e87db5c93563b887cdd,15/9-F-11,15/9-F-11 B,3878.9,2,0.39541476965,1.82396077193,0.484999996131,5.19635224876,5.19635224876
reservoir_property_p51_r1-e46dd0296c8092ab586d,15/9-F-11,15/9-F-11 B,3880.9,2,0.52295178175,1.5612189339,0.6869999632,3.76462547046,3.76462547046
reservoir_property_p51_r1-945a0a0fcf89e52ab467,15/9-F-11,15/9-F-11 B,3882.9,2,0.39001300931,2.25063462775,0.477000008508,8.4937589278,8.4937589278
reservoir_property_p51_r1-b6d45b38b144dfff465d,15/9-F-11,15/9-F-11 B,3884.9,2,0.845009505749,2.87752385686,1.32799994385,16.7702170565,16.7702170565
reservoir_property_p51_r1-8a79bcccb694b3b94292,15/9-F-11,15/9-F-11 B,3886.9,2,1.3815330267,2.86010551099,2.98099993104,16.4633694168,16.4633694168
reservoir_property_p51_r1-8848fa4fc09c4eb72d59,15/9-F-11,15/9-F-11 B,3888.9,2,0.541160821915,2.28766234206,0.71799999717,8.85188041518,8.85188041518
reservoir_property_p51_r1-2cf9e23b247e66fa7d9f,15/9-F-11,15/9-F-11 B,3890.9,2,0.418710321188,1.86560573039,0.519999979221,5.45984762715,5.45984762715
reservoir_property_p51_r1-78b4eea81b4a2348eb56,15/9-F-11,15/9-F-11 B,3892.9,2,0.165514439344,2.21094057057,0.180000001023,8.1242944011,8.1242944011
reservoir_property_p51_r1-2a06d2916fd5811458f4,15/9-F-11,15/9-F-11 B,3894.9,2,2.96681833267,4.00995048251,18.4300013462,54.1441398966,54.1441398966
reservoir_property_p51_r1-0b82380c371c50d3bf4d,15/9-F-11,15/9-F-11 B,3896.9,2,5.13486862183,5.18384488411,168.842004876,177.36729585,177.36729585
reservoir_property_p51_r1-ec4b52442c8106744ade,15/9-F-11,15/9-F-11 B,3898.9,2,5.18444871902,5.19794931928,177.475032774,179.900891275,179.900891275
reservoir_property_p51_r1-bc5ce6b2362aad4065dd,15/9-F-11,15/9-F-11 B,3900.9,2,6.90322494507,6.66602190505,994.47991257,784.265521903,784.265521903
reservoir_property_p51_r1-287f9a7d59a5902d1d9e,15/9-F-11,15/9-F-11 B,3902.9,2,7.26485776901,6.79653227954,1428.18233929,893.739200335,893.739200335
reservoir_property_p51_r1-8041985dbfc49300bf05,15/9-F-11,15/9-F-11 B,3904.9,2,6.47491025925,6.57888138725,647.661013671,718.733775401,718.733775401
reservoir_property_p51_r1-01ce64b172893d2426fa,15/9-F-11,15/9-F-11 B,3906.9,2,6.86254882812,6.39840015431,954.800135705,599.882948486,599.882948486
reservoir_property_p51_r1-79659bf59964a4bb175d,15/9-F-11,15/9-F-11 B,3908.9,2,6.59785366058,6.51841068656,732.51911746,676.500768152,676.500768152
reservoir_property_p51_r1-a66988e5fb119af9717d,15/9-F-11,15/9-F-11 B,3910.9,2,7.19958257675,6.75605845152,1337.87177153,858.248741881,858.248741881
reservoir_property_p51_r1-97702da8d77d16051ee7,15/9-F-11,15/9-F-11 B,3912.9,2,7.07459068298,6.80756068726,1180.55976929,903.661361291,903.661361291
reservoir_property_p51_r1-3ea37aaac9c9276ae19b,15/9-F-11,15/9-F-11 B,3914.9,2,6.83157682419,6.72920714063,925.650826521,835.483788957,835.483788957
reservoir_property_p51_r1-1dfec23bdae30e3224d4,15/9-F-11,15/9-F-11 B,3916.9,2,7.30844211578,6.85520539084,1491.84968971,947.806985661,947.806985661
reservoir_property_p51_r1-12ecad06955960b19573,15/9-F-11,15/9-F-11 B,3918.9,2,6.78296518326,6.6414322637,881.682161901,765.191595929,765.191595929
reservoir_property_p51_r1-cc05909ecd19c8a2a155,15/9-F-11,15/9-F-11 B,3920.9,2,7.23940610886,6.51938902008,1392.26627661,677.163914202,677.163914202
reservoir_property_p51_r1-644657be168def8936dc,15/9-F-11,15/9-F-11 B,3922.9,2,7.32241725922,6.60581265633,1512.85893995,738.380487362,738.380487362
reservoir_property_p51_r1-0963e2c264ff3b2205e0,15/9-F-11,15/9-F-11 B,3924.9,2,7.39511632919,6.68349122463,1627.01429819,798.104099592,798.104099592
reservoir_property_p51_r1-cddd68a97b6ee2c85eca,15/9-F-11,15/9-F-11 B,3926.9,2,7.18231201172,6.58014643404,1314.94722924,719.644848463,719.644848463
reservoir_property_p51_r1-5acf84f7f8f0ada14abc,15/9-F-11,15/9-F-11 B,3928.9,2,7.14703893661,6.61344812988,1269.33882679,744.047615588,744.047615588
reservoir_property_p51_r1-b5434759b2201fa74cd1,15/9-F-11,15/9-F-11 B,3930.9,2,7.02123737335,6.79673641264,1119.17183133,893.921864869,893.921864869
reservoir_property_p51_r1-14540ced15236f12ea97,15/9-F-11,15/9-F-11 B,3932.9,2,7.34196710587,5.59941038586,1542.74584035,269.267007189,269.267007189
reservoir_property_p51_r1-46fc36b11da28b6c2b60,15/9-F-11,15/9-F-11 B,3934.9,2,0.479953974485,3.11862008795,0.616000023249,21.6151511822,21.6151511822
reservoir_property_p51_r1-b240354e0b80d66d31c4,15/9-F-11,15/9-F-11 B,3936.9,2,0.0695260614157,1.35148898128,0.0719999986783,2.8631734433,2.8631734433
reservoir_property_p51_r1-6a4164e216af24a39724,15/9-F-11,15/9-F-11 B,3938.9,2,1.12265431881,2.27070380907,2.07300010959,8.68621566202,8.68621566202
reservoir_property_p51_r1-be1f0f0abcfa8fe42961,15/9-F-11,15/9-F-11 B,3940.9,2,0.338612794876,1.72444200798,0.402999991239,4.60939016133,4.60939016133
reservoir_property_p51_r1-5878e19810657cee1df6,15/9-F-11,15/9-F-11 B,3942.9,2,0.00895974133164,0.0929519574561,0.00899999995981,0.097409011681,0.097409011681
reservoir_property_p51_r1-55d90e4019617115ec7d,15/9-F-11,15/9-F-11 B,3944.9,2,0.000999500276521,-1.09770518699,0.000999999943381,-0.666364162259,0
reservoir_property_p51_r1-cd7a348ec888c23b0739,15/9-F-11,15/9-F-11 B,3946.9,2,0.00399202108383,-1.05650314121,0.00399999981355,-0.652330561918,0
reservoir_property_p51_r1-063b0743f2b1b497fbf1,15/9-F-11,15/9-F-11 B,3948.9,2,0.0324671901762,-0.0685010466426,0.03300000004,-0.066207517244,0
reservoir_property_p51_r1-420b4cf583bd3ae63b01,15/9-F-11,15/9-F-11 B,3950.9,2,0.518793821335,2.7223566454,0.680000046905,14.2161390687,14.2161390687
reservoir_property_p51_r1-7bd4e5a9a124034bc5ea,15/9-F-11,15/9-F-11 B,3952.9,2,6.88314294815,5.82821414226,974.688082909,338.751389319,338.751389319
reservoir_property_p51_r1-21c68acdc97cb9be5321,15/9-F-11,15/9-F-11 B,3954.9,2,6.97453784943,6.62041407626,1068.06300701,749.255695871,749.255695871
reservoir_property_p51_r1-231db2873ef352c7cf4c,15/9-F-11,15/9-F-11 B,3956.9,2,7.19464921951,6.52102212025,1331.28290476,678.272328632,678.272328632
reservoir_property_p51_r1-9cfce70c825d212dc4b8,15/9-F-11,15/9-F-11 B,3958.9,2,6.68904542923,6.37108057124,802.554835967,583.689286087,583.689286087
reservoir_property_p51_r1-2a2ec2a0d1cea4e31a9c,15/9-F-11,15/9-F-11 B,3960.9,2,6.29847288132,6.30331105532,542.74091886,545.378006238,545.378006238
reservoir_property_p51_r1-129900607fb1b580aac0,15/9-F-11,15/9-F-11 B,3962.9,2,7.27695274353,6.49050259132,1445.5732224,657.854414527,657.854414527
reservoir_property_p51_r1-3901a273400c65a5be32,15/9-F-11,15/9-F-11 B,3964.9,2,6.74981307983,6.50247998882,852.89913664,665.793223974,665.793223974
reservoir_property_p51_r1-722a536dfbec86f7cd5e,15/9-F-11,15/9-F-11 B,3966.9,2,7.02656364441,6.75062750986,1125.15408755,853.594861009,853.594861009
reservoir_property_p51_r1-f9d4fc8012b7a9df4fbe,15/9-F-11,15/9-F-11 B,3968.9,2,6.83455657959,6.58314539573,928.416137256,721.809278649,721.809278649
reservoir_property_p51_r1-7ddf47d9fd1a04811f5b,15/9-F-11,15/9-F-11 B,3970.9,2,6.99274158478,6.49811258684,1087.70215769,662.887419952,662.887419952
reservoir_property_p51_r1-5686c30ac9680a073d11,15/9-F-11,15/9-F-11 B,3972.9,2,6.36213970184,6.38027698912,578.484955833,589.091133849,589.091133849
reservoir_property_p51_r1-73189d122dd24c5b172e,15/9-F-11,15/9-F-11 B,3974.9,2,6.55048036575,6.36006692961,698.580147459,577.285059494,577.285059494
reservoir_property_p51_r1-b98867b239b23a793ae4,15/9-F-11,15/9-F-11 B,3976.9,2,6.40723133087,6.20424222218,605.212952358,493.84383215,493.84383215
reservoir_property_p51_r1-bf1867f66d04e9d0e122,15/9-F-11,15/9-F-11 B,3978.9,2,5.34347724915,5.55496925268,208.239022986,257.519015632,257.519015632
reservoir_property_p51_r1-0b6cbb6c34c844212bad,15/9-F-11,15/9-F-11 B,3980.9,2,4.71024179459,5.20795578552,110.079014963,181.720156965,181.720156965
reservoir_property_p51_r1-1c078d095488e7b41962,15/9-F-11,15/9-F-11 B,3982.9,2,5.5435552597,5.22134320662,254.585057345,184.182755796,184.182755796
reservoir_property_p51_r1-3fd8402d0220a4fd6ff2,15/9-F-11,15/9-F-11 B,3984.9,2,5.41231536865,5.14270300929,223.149977148,170.177838839,170.177838839
reservoir_property_p51_r1-e2a74599662717b919c2,15/9-F-11,15/9-F-11 B,3986.9,2,5.37044286728,5.21582480144,213.958044512,183.163656802,183.163656802
reservoir_property_p51_r1-f15892b251b1b3621d49,15/9-F-11,15/9-F-11 B,3988.9,2,5.8021697998,5.3588379325,330.017021923,211.477889279,211.477889279
reservoir_property_p51_r1-5bc77287a7d1f97e5230,15/9-F-11,15/9-F-11 B,3990.9,2,5.99414825439,5.33848759476,400.074924661,207.197592926,207.197592926
reservoir_property_p51_r1-6c4f8042683c3112401a,15/9-F-11,15/9-F-11 B,3992.9,2,3.50342297554,5.1078660927,32.2289995652,164.317206621,164.317206621
reservoir_property_p51_r1-d6f61cea45693ee18f7e,15/9-F-11,15/9-F-11 B,3994.9,2,6.1878285408,5.65577092236,485.787917622,284.936832877,284.936832877
reservoir_property_p51_r1-103377daf7abc224652b,15/9-F-11,15/9-F-11 B,3996.9,2,7.14498090744,6.39869685885,1266.72712082,600.061259636,600.061259636
reservoir_property_p51_r1-3f3bf94272081977acf3,15/9-F-11,15/9-F-11 B,3998.9,2,6.80153226852,6.06243293708,898.224089337,428.418916189,428.418916189
reservoir_property_p51_r1-eaf5ec3101fce153b35d,15/9-F-11,15/9-F-11 B,4000.9,2,3.48899459839,5.17408284057,31.7530012266,175.634537931,175.634537931
reservoir_property_p51_r1-350133160447aaf5c128,15/9-F-11,15/9-F-11 B,4002.9,2,5.76898956299,5.2798654697,319.214013035,195.343459431,195.343459431
reservoir_property_p51_r1-d619a92db34baefc6d6e,15/9-F-11,15/9-F-11 B,4004.9,2,4.32362937927,4.98139397978,74.4620121478,144.677311407,144.677311407
reservoir_property_p51_r1-1a9d818a909787dc038b,15/9-F-11,15/9-F-11 B,4006.9,2,3.32557535172,4.53220308869,26.8149974462,91.9631416904,91.9631416904
reservoir_property_p51_r1-bfd5312370a3afcebf79,15/9-F-11,15/9-F-11 B,4008.9,2,4.62976503372,4.59289100988,101.489979592,97.779590535,97.779590535
reservoir_property_p51_r1-cf5668a87a24a9cacf22,15/9-F-11,15/9-F-11 B,4010.9,2,5.64865398407,4.92581418588,282.9090624,136.801492011,136.801492011
reservoir_property_p51_r1-f08d59ce32161f8f9eff,15/9-F-11,15/9-F-11 B,4012.9,2,4.87118148804,5.04463865004,129.474980495,154.188211812,154.188211812
reservoir_property_p51_r1-bc8bc460e2246b8c1f9c,15/9-F-11,15/9-F-11 B,4014.9,2,4.64335203171,4.88780259866,102.892013888,131.661742442,131.661742442
reservoir_property_p51_r1-b5965a0b3745c6e60fab,15/9-F-11,15/9-F-11 B,4016.9,2,5.44093608856,5.03686526429,229.657998748,152.986550516,152.986550516
reservoir_property_p51_r1-80412192bdb4f5bcc8a8,15/9-F-11,15/9-F-11 B,4018.9,2,6.0455121994,5.25381107329,421.213959846,190.293916154,190.293916154
reservoir_property_p51_r1-a10ab47c2059ce19a72e,15/9-F-11,15/9-F-11 B,4020.9,2,5.06635379791,5.77436174993,157.595002388,320.93889161,320.93889161
reservoir_property_p51_r1-4a2a17bfb3dd44a422f7,15/9-F-11,15/9-F-11 B,4022.9,2,6.16030406952,6.11397524128,472.57205177,451.132483188,451.132483188
reservoir_property_p51_r1-c18d9770c9dc40f7db00,15/9-F-11,15/9-F-11 B,4024.9,2,6.04555749893,5.82578666814,421.233086374,337.927651818,337.927651818
reservoir_property_p51_r1-4600042dcf1eb528a2d3,15/9-F-11,15/9-F-11 B,4026.9,2,4.11915111542,4.23184465049,60.5070077464,67.8441084351,67.8441084351
reservoir_property_p51_r1-ec40dd0f9287ec0773b5,15/9-F-11,15/9-F-11 B,4028.9,2,0.742413401604,3.29763269611,1.10099995744,26.0485309764,26.0485309764
reservoir_property_p51_r1-0c54cc2014c1975af1f3,15/9-F-11,15/9-F-11 B,4030.9,2,3.71464467049,4.42376925909,40.0440003483,82.4100878167,82.4100878167
reservoir_property_p51_r1-f2e6f0f8a7dbb95d52d8,15/9-F-11,15/9-F-11 B,4032.9,2,4.72090673447,5.46596940094,111.270005613,235.505012201,235.505012201
reservoir_property_p51_r1-00a4972a49b8361f20a0,15/9-F-11,15/9-F-11 B,4034.9,2,5.8240275383,5.90451767985,337.331958178,365.690320999,365.690320999
reservoir_property_p51_r1-39a745a7c3b677f873ed,15/9-F-11,15/9-F-11 B,4036.9,2,5.88786363602,6.12238183605,359.634015289,454.949398909,454.949398909
reservoir_property_p51_r1-4268ac9cea09589b1e3f,15/9-F-11,15/9-F-11 B,4038.9,2,6.38283061981,6.25591945498,590.599934318,520.088271768,520.088271768
reservoir_property_p51_r1-8e22ede83d5f17594a06,15/9-F-11,15/9-F-11 B,4040.9,2,5.92555189133,4.77662167601,373.485053393,117.702655871,117.702655871
reservoir_property_p51_r1-ea66a1ef35f26060ee05,15/9-F-11,15/9-F-11 B,4042.9,2,0.222343236208,3.29018745079,0.249000006326,25.8478958434,25.8478958434
reservoir_property_p51_r1-ad0df1a33c8308a43a37,15/9-F-11,15/9-F-11 B,4044.9,2,2.60076189041,3.27124986979,12.4739998366,25.3442456514,25.3442456514
reservoir_property_p51_r1-fea83723eca310ac6919,15/9-F-11,15/9-F-11 B,4046.9,2,3.58034729958,4.42831631262,34.8860018763,82.7902215407,82.7902215407
reservoir_property_p51_r1-ad686851b9b9aaa8b8fd,15/9-F-11,15/9-F-11 B,4048.9,2,3.83146357536,4.99937058593,45.1300035886,147.319775164,147.319775164
reservoir_property_p51_r1-834c036f9e90ef632088,15/9-F-11,15/9-F-11 B,4050.9,2,3.30288600922,4.02567818544,26.1909992664,55.0182866888,55.0182866888
reservoir_property_p51_r1-a3f3cac77a4ed4f8a3c7,15/9-F-11,15/9-F-11 B,4052.9,2,3.7759282589,4.21464145388,42.6379968797,66.6698987408,66.6698987408
reservoir_property_p51_r1-2e6f42addf722d4e83f3,15/9-F-11,15/9-F-11 B,4054.9,2,4.8920917511,5.15886028911,132.231970903,172.96607155,172.96607155
reservoir_property_p51_r1-7b45973f085b3e33897f,15/9-F-11,15/9-F-11 B,4056.9,2,3.34776139259,4.48278544825,27.4389985786,87.4807884023,87.4807884023
reservoir_property_p51_r1-19fc471e15f288982624,15/9-F-11,15/9-F-11 B,4058.9,2,1.72401583195,3.57688117893,4.60700008302,34.7618319825,34.7618319825
reservoir_property_p51_r1-847ce1d787b6102704d1,15/9-F-11,15/9-F-11 B,4060.9,2,0.00598207162693,1.49964802583,0.00599999994908,3.48011190911,3.48011190911
reservoir_property_p51_r1-c5e422de3f8b9c767206,15/9-F-11,15/9-F-11 B,4062.9,2,0.445326656103,2.08713852013,0.561000022744,7.06181341066,7.06181341066
reservoir_property_p51_r1-a8175ffeb7ac905ef983,15/9-F-11,15/9-F-11 B,4064.9,2,5.24236059189,5.39701699746,188.116001605,219.746944394,219.746944394
reservoir_property_p51_r1-c10fa44a197027818e83,15/9-F-11,15/9-F-11 B,4066.9,2,4.72965097427,5.61398261243,112.256026183,273.234234718,273.234234718
reservoir_property_p51_r1-9d71f55097e1131b28d5,15/9-F-11,15/9-F-11 B,4068.9,2,5.70586013794,6.09254289517,299.623946936,441.545327917,441.545327917
reservoir_property_p51_r1-a8c550f8318d16a3daf4,15/9-F-11,15/9-F-11 B,4070.9,2,5.64285707474,6.2504754011,281.268028365,517.25914708,517.25914708
reservoir_property_p51_r1-3740507b6a71df17ce0d,15/9-F-11,15/9-F-11 B,4072.9,2,5.6736497879,6.07459814874,290.095033047,433.674792801,433.674792801
reservoir_property_p51_r1-5c2fdaa5fcefea10392f,15/9-F-11,15/9-F-11 B,4074.9,2,5.82718515396,5.94674669457,338.40196892,381.50690086,381.50690086
reservoir_property_p51_r1-01f15f9bb9b1a3ed192a,15/9-F-11,15/9-F-11 B,4076.9,2,0.145830452442,3.25346877191,0.157000004895,24.879956063,24.879956063
reservoir_property_p51_r1-023ebcf3aa9dbde82c84,15/9-F-11,15/9-F-11 B,4078.9,2,0.0478373281658,1.4655943785,0.0489999986904,3.33011620356,3.33011620356
reservoir_property_p51_r1-718e11b11684e1673538,15/9-F-11,15/9-F-11 B,4080.9,2,0.0620353892446,1.3866384451,0.0639999982179,3.00137657274,3.00137657274
reservoir_property_p51_r1-628e122c3c815a232296,15/9-F-11,15/9-F-11 B,4082.9,2,0.126632645726,0.824534900797,0.13499999409,1.28081971117,1.28081971117
reservoir_property_p51_r1-060c103c5c26cd2095aa,15/9-F-11,15/9-F-11 B,4084.9,2,0.0372957848012,1.31903179066,0.0380000000597,2.73979871574,2.73979871574
reservoir_property_p51_r1-8221528baa1ad56f3d71,15/9-F-11,15/9-F-11 B,4086.9,2,0.162968829274,1.88877563128,0.177000001172,5.6112690925,5.6112690925
reservoir_property_p51_r1-a98a240555aa5c5947dc,15/9-F-11,15/9-F-11 B,4088.9,2,3.57026481628,4.61369780215,34.5259997693,99.8564079858,99.8564079858
reservoir_property_p51_r1-dd0b88a63ef3160fb71f,15/9-F-11,15/9-F-11 B,4090.9,2,6.84070062637,6.57722573389,934.144091876,717.543131681,717.543131681
reservoir_property_p51_r1-5ff8717e0fc5379c5d0f,15/9-F-11,15/9-F-11 B,4092.9,2,0.531804025173,4.44569792972,0.701999991527,84.2593621196,84.2593621196
reservoir_property_p51_r1-e158b83d8c77964d0fe7,15/9-F-11,15/9-F-11 B,4094.9,2,2.24219799042,3.1243277719,8.41400044659,21.7446003938,21.7446003938
reservoir_property_p51_r1-6b12bd46d6e6357564cf,15/9-F-11,15/9-F-11 B,4096.9,2,0.379121124744,2.34848530548,0.460999988277,9.46969931218,9.46969931218
reservoir_property_p51_r1-9d23dc62522ec5d28dae,15/9-F-11,15/9-F-11 B,4098.9,2,0.0246926117688,1.15255724476,0.0249999991579,2.16627951728,2.16627951728
reservoir_property_p51_r1-69b8fcf8d7183ee4a478,15/9-F-11,15/9-F-11 B,4100.9,2,0.039220713079,1.0950861795,0.0399999999227,1.98944030077,1.98944030077
reservoir_property_p51_r1-f312bc8f73429a0a30f6,15/9-F-11,15/9-F-11 B,4102.9,2,0.085259847343,0.73318038978,0.089000003694,1.08169067856,1.08169067856
reservoir_property_p51_r1-c21f3b1866e23aa01510,15/9-F-11,15/9-F-11 B,4104.9,2,0.000999500276521,-0.590026269706,0.000999999943381,-0.445687277089,0
reservoir_property_p51_r1-d9f76c346095fb05f5a4,15/9-F-11,15/9-F-11 B,4106.9,2,0.00299550895579,-0.0116398835635,0.00299999997592,-0.0115724021977,0
reservoir_property_p51_r1-2f3fa235db04751545b2,15/9-F-11,15/9-F-11 B,4108.9,2,0.686625957489,2.69773340554,0.986999987918,13.8460436004,13.8460436004
reservoir_property_p51_r1-3a11daf810800f737cee,15/9-F-11,15/9-F-11 B,4110.9,2,6.1097741127,6.06954395918,449.23700086,431.483406506,431.483406506
reservoir_property_p51_r1-b9aa2d943e81066721f3,15/9-F-11,15/9-F-11 B,4112.9,2,6.54106044769,6.64438815521,692.021101134,767.459725686,767.459725686
reservoir_property_p51_r1-e3f9056f235f478ff385,15/9-F-11,15/9-F-11 B,4114.9,2,6.43888711929,6.52958829127,624.710071529,684.116085145,684.116085145
reservoir_property_p51_r1-730e31cde2ae928d4245,15/9-F-11,15/9-F-11 B,4116.9,2,6.54163169861,6.5655252708,692.41710317,709.184837595,709.184837595
reservoir_property_p51_r1-7f107a0a214c7d8b2a3a,15/9-F-11,15/9-F-11 B,4118.9,2,7.20652723312,6.74570719215,1347.2021365,849.400310499,849.400310499
reservoir_property_p51_r1-03d4a863e350517a6942,15/9-F-11,15/9-F-11 B,4120.9,2,7.27085638046,6.86534386652,1436.7812137,957.475370733,957.475370733
reservoir_property_p51_r1-4117ae0171cc8baf4a07,15/9-F-11,15/9-F-11 B,4122.9,2,6.07183647156,6.6737104205,432.476017422,790.326317403,790.326317403
reservoir_property_p51_r1-2659a88c9907b6650219,15/9-F-11,15/9-F-11 B,4124.9,2,7.72983980179,6.79792235247,2274.23768258,894.983817937,894.983817937
reservoir_property_p51_r1-83db7934ba30b88ad7fd,15/9-F-11,15/9-F-11 B,4126.9,2,7.53575754166,7.20200692988,1872.86335076,1341.12160728,1341.12160728
reservoir_property_p51_r1-353636eb86bcbb2f0032,15/9-F-11,15/9-F-11 B,4128.9,2,6.982878685,6.76930264008,1077.01717648,869.704487816,869.704487816
reservoir_property_p51_r1-938910b013253c2b112e,15/9-F-11,15/9-F-11 B,4130.9,2,7.3907585144,6.80719879631,1619.93514941,903.334031772,903.334031772
reservoir_property_p51_r1-3287805e22f7f374832d,15/9-F-11,15/9-F-11 B,4132.9,2,7.67520523071,7.31407091148,2153.26576183,1500.27632929,1500.27632929
reservoir_property_p51_r1-9380218b99dd1b3e835d,15/9-F-11,15/9-F-11 B,4134.9,2,7.68712711334,7.43778349545,2179.10236988,1697.98024716,1697.98024716
reservoir_property_p51_r1-a7ae3a177e4b6c03fe5c,15/9-F-11,15/9-F-11 B,4136.9,2,7.98058891296,7.27839563677,2922.65233395,1447.66197969,1447.66197969
reservoir_property_p51_r1-084f254e59c90cba664f,15/9-F-11,15/9-F-11 B,4138.9,2,7.5899515152,7.08945410364,1977.21759793,1198.25295407,1198.25295407
reservoir_property_p51_r1-3e4895a8352056ae374d,15/9-F-11,15/9-F-11 B,4140.9,2,6.97479057312,6.86261618483,1068.3332187,954.864517425,954.864517425
reservoir_property_p51_r1-35d1ccd8abe1cbff24e7,15/9-F-11,15/9-F-11 B,4142.9,2,6.75961112976,6.54435529088,861.306805128,694.308262835,694.308262835
reservoir_property_p51_r1-b29f40428d09c8138e9e,15/9-F-11,15/9-F-11 B,4144.9,2,6.24818992615,6.08429091029,516.076031288,437.908476821,437.908476821
reservoir_property_p51_r1-64c6851468f2f0c21171,15/9-F-11,15/9-F-11 B,4146.9,2,6.92953252792,6.28921243424,1021.01610394,537.728877549,537.728877549
reservoir_property_p51_r1-08a1d4d0160303eb186c,15/9-F-11,15/9-F-11 B,4148.9,2,6.60480642319,6.74866569759,737.6368724,851.919949794,851.919949794
reservoir_property_p51_r1-48ddac98d42bee02f076,15/9-F-11,15/9-F-11 B,4150.9,2,6.38565444946,6.84212816925,592.272872689,935.480003476,935.480003476
reservoir_property_p51_r1-31112aab03481e38c806,15/9-F-11,15/9-F-11 B,4152.9,2,6.50528478622,6.89714763892,667.666069127,988.448422546,988.448422546
reservoir_property_p51_r1-fd5482f8316087406f94,15/9-F-11,15/9-F-11 B,4154.9,2,6.63807296753,6.83938365924,762.622049786,932.91334844,932.91334844
reservoir_property_p51_r1-168f226e9ab761e42316,15/9-F-11,15/9-F-11 B,4156.9,2,6.28853654861,6.78638098952,537.364881466,884.70238847,884.70238847
reservoir_property_p51_r1-635f3bb41fc17d09e5ba,15/9-F-11,15/9-F-11 B,4158.9,2,6.19890117645,6.8272907224,491.207894211,921.687606204,921.687606204
reservoir_property_p51_r1-864150d730be790c68b2,15/9-F-11,15/9-F-11 B,4160.9,2,6.21202898026,6.81808695054,497.71210245,913.234360523,913.234360523
reservoir_property_p51_r1-ef0ce68356424dddf37e,15/9-F-11,15/9-F-11 B,4162.9,2,6.3939704895,6.79935381014,597.227124981,896.267299244,896.267299244
reservoir_property_p51_r1-45e1637f256221c2e5e9,15/9-F-11,15/9-F-11 B,4164.9,2,6.62774372101,6.63778687988,754.775006177,762.403618197,762.403618197
reservoir_property_p51_r1-afa247f6526f17bda75d,15/9-F-11,15/9-F-11 B,4166.9,2,6.47858953476,6.5816199634,650.052012128,720.707522552,720.707522552
reservoir_property_p51_r1-685dcfc387fccc5ca172,15/9-F-11,15/9-F-11 B,4168.9,2,6.34108018875,6.41364231146,566.408889172,609.111856375,609.111856375
reservoir_property_p51_r1-47000bb96f81f8366c46,15/9-F-11,15/9-F-11 B,4170.9,2,5.49302434921,6.18325825381,241.990986294,483.568233294,483.568233294
reservoir_property_p51_r1-e5f70f2b2c15727eed5a,15/9-F-11,15/9-F-11 B,4172.9,2,6.07662582397,6.48719446854,434.557066294,655.678444405,655.678444405
reservoir_property_p51_r1-f1433220356a0f12d03d,15/9-F-11,15/9-F-11 B,4174.9,2,6.820084095,6.74495674624,915.062043081,848.762370469,848.762370469
reservoir_property_p51_r1-49dd96d7fa44b33d9981,15/9-F-11,15/9-F-11 B,4176.9,2,6.33940124512,6.68684971522,565.457040903,800.792394976,800.792394976
reservoir_property_p51_r1-6ca9a0667450d1508c5b,15/9-F-11,15/9-F-11 B,4178.9,2,6.67579317093,6.65605270411,791.976170148,776.475944566,776.475944566
reservoir_property_p51_r1-97a19b8d50cdd97be658,15/9-F-11,15/9-F-11 B,4180.9,2,5.97010278702,6.51273192072,390.545914518,672.66430344,672.66430344
reservoir_property_p51_r1-a3fd32435ef7a15de465,15/9-F-11,15/9-F-11 B,4182.9,2,6.11256885529,6.44618030955,450.497057326,629.290175607,629.290175607
reservoir_property_p51_r1-4ab2f94785aa585c035e,15/9-F-11,15/9-F-11 B,4184.9,2,6.06066179276,6.61601740986,427.659026448,745.964312723,745.964312723
reservoir_property_p51_r1-176f7b5f0eccad45766b,15/9-F-11,15/9-F-11 B,4186.9,2,5.30920267105,6.28224798487,201.188952997,533.989962411,533.989962411
reservoir_property_p51_r1-4c24557dbb749e47b6ec,15/9-F-11,15/9-F-11 B,4188.9,2,5.93141746521,6.38330555784,375.688077827,590.880974357,590.880974357
reservoir_property_p51_r1-741028ccdab5d36b08f3,15/9-F-11,15/9-F-11 B,4190.9,2,5.88785266876,6.37653418726,359.630060145,586.886667669,586.886667669
reservoir_property_p51_r1-6da9e9521746b5c2c2e8,15/9-F-11,15/9-F-11 B,4192.9,2,6.16968202591,6.44568876971,477.034079469,628.98043901,628.98043901
reservoir_property_p51_r1-2768be308e105ad071ce,15/9-F-11,15/9-F-11 B,4194.9,2,6.12663316727,6.67189851779,456.891917039,788.893809281,788.893809281
reservoir_property_p51_r1-56d387a244a2a613d009,15/9-F-11,15/9-F-11 B,4196.9,2,5.83689641953,6.6780157023,341.714047782,793.740544527,793.740544527
reservoir_property_p51_r1-51594ca32a972912d2cc,15/9-F-11,15/9-F-11 B,4198.9,2,6.28177309036,6.73259212921,533.735958933,838.320074721,838.320074721
reservoir_property_p51_r1-499de8e3611fc73a67eb,15/9-F-11,15/9-F-11 B,4200.9,2,5.97004938126,6.7092076964,390.525004269,818.920755866,818.920755866
reservoir_property_p51_r1-4003a6d690f9b8edd990,15/9-F-11,15/9-F-11 B,4202.9,2,6.03626346588,6.61166312847,417.327017796,742.718890782,742.718890782
reservoir_property_p51_r1-4c09a64b4956b4bac7f2,15/9-F-11,15/9-F-11 B,4204.9,2,5.75703907013,6.34384127497,315.410072513,567.977718876,567.977718876
reservoir_property_p51_r1-db9e24fe25028261c619,15/9-F-11,15/9-F-11 B,4206.9,2,5.65288543701,6.3300294845,284.11295555,560.173139519,560.173139519
reservoir_property_p51_r1-2adf5f4019726f29c6af,15/9-F-11,15/9-F-11 B,4208.9,2,5.66284227371,6.30644423592,286.965958562,547.092591859,547.092591859
reservoir_property_p51_r1-7cc962a1c7b96c1a5633,15/9-F-11,15/9-F-11 B,4210.9,2,5.71265649796,6.18349404703,301.674054252,483.682504671,483.682504671
reservoir_property_p51_r1-e33306c1e08cab504e1c,15/9-F-11,15/9-F-11 B,4212.9,2,5.72455835342,6.20937421627,305.297959922,496.389895374,496.389895374
reservoir_property_p51_r1-20b2a95e88e80f2d075b,15/9-F-11,15/9-F-11 B,4214.9,2,5.48186731339,6.2600567312,239.294994758,522.248623787,522.248623787
reservoir_property_p51_r1-c9dae570e33429f80bd0,15/9-F-11,15/9-F-11 B,4216.9,2,5.32206296921,5.98985029495,203.80595486,398.354820017,398.354820017
reservoir_property_p51_r1-0db980d395c7275790fe,15/9-F-11,15/9-F-11 B,4218.9,2,5.74693441391,6.20503780855,312.228956614,494.237679804,494.237679804
reservoir_property_p51_r1-f0e0827d68ce171a8320,15/9-F-11,15/9-F-11 B,4220.9,2,5.25561332703,5.85798692666,190.638987187,349.018820767,349.018820767
reservoir_property_p51_r1-34321ad417630df303c3,15/9-F-11,15/9-F-11 B,4222.9,2,3.45461177826,4.62043721561,30.6460006317,100.538416607,100.538416607
reservoir_property_p51_r1-0c88ffee9dccbf292171,15/9-F-11,15/9-F-11 B,4224.9,2,2.98941230774,4.61161208938,18.8739992633,99.6462697075,99.6462697075
reservoir_property_p51_r1-63b006b36d3b97e00ef8,15/9-F-11,15/9-F-11 B,4226.9,2,2.98102474213,5.3473764849,18.7080019204,209.056487975,209.056487975
reservoir_property_p51_r1-1f68c1f10a2b1a92050e,15/9-F-11,15/9-F-11 B,4228.9,2,5.23700046539,6.35480164943,187.105027808,574.248228531,574.248228531
reservoir_property_p51_r1-85ecacbc64d09f438326,15/9-F-11,15/9-F-11 B,4230.9,2,6.08260011673,6.17697308328,437.167000211,480.532190335,480.532190335
reservoir_property_p51_r1-f709652e58e333872ab1,15/9-F-11,15/9-F-11 B,4232.9,2,5.64392614365,6.12261031848,281.569953699,455.053587235,455.053587235
reservoir_property_p51_r1-c6a715929a6af97ab236,15/9-F-11,15/9-F-11 B,4234.9,2,5.55675077438,6.07667542266,257.979983359,434.578669887,434.578669887
reservoir_property_p51_r1-59474270abf3088f73a5,15/9-F-11,15/9-F-11 B,4236.9,2,5.10685396194,4.70247236069,164.149968639,109.219337826,109.219337826
reservoir_property_p51_r1-9862fbe2b5182588d72c,15/9-F-11,15/9-F-11 B,4238.9,2,0.1043600142,3.17891371765,0.109999998752,23.0206461707,23.0206461707
reservoir_property_p51_r1-93d3ba77f92bab877169,15/9-F-11,15/9-F-11 B,4240.9,2,2.25894665718,3.80982999162,8.57300020311,44.1427635658,44.1427635658
reservoir_property_p51_r1-7203cd72405e3be7a85e,15/9-F-11,15/9-F-11 B,4242.9,2,1.32680976391,4.13500956961,2.76900018703,61.4901890741,61.4901890741
reservoir_property_p51_r1-0f61afcbbb31f41178e9,15/9-F-11,15/9-F-11 B,4244.9,2,3.44976520538,4.47902659566,30.4929970544,87.148826451,87.148826451
reservoir_property_p51_r1-9f5266858c45014a2397,15/9-F-11,15/9-F-11 B,4246.9,2,3.33391737938,4.7822698967,27.0480014361,118.375011687,118.375011687
reservoir_property_p51_r1-efb005b6c765d880140f,15/9-F-11,15/9-F-11 B,4248.9,2,3.49423217773,4.59424391554,31.9249976987,97.9133204434,97.9133204434
reservoir_property_p51_r1-86e45c16059467eafbe6,15/9-F-11,15/9-F-11 B,4250.9,2,2.05630087852,4.1705343125,6.81700022893,63.7500396217,63.7500396217
reservoir_property_p51_r1-13161782af850160b633,15/9-F-11,15/9-F-11 B,4252.9,2,3.44339442253,4.36094216708,30.292999755,77.3309004638,77.3309004638
reservoir_property_p51_r1-f2f105a94d6c63e41109,15/9-F-11,15/9-F-11 B,4254.9,2,2.98376083374,3.92551541328,18.7619986555,49.6791920573,49.6791920573
reservoir_property_p51_r1-c69b61af7cf583705ce4,15/9-F-11,15/9-F-11 B,4256.9,2,0.570414423943,2.8164238612,0.769000015505,15.7169614754,15.7169614754
reservoir_property_p51_r1-dedd2f73714749b745af,15/9-F-11,15/9-F-11 B,4258.9,2,2.41885590553,3.31661783003,10.2330003468,26.5669565776,26.5669565776
reservoir_property_p51_r1-09a4d158f79659f45523,15/9-F-11,15/9-F-11 B,4260.9,2,2.05860090256,3.17659879064,6.83500020958,22.9651044403,22.9651044403
reservoir_property_p51_r1-9242053a11d9315188d1,15/9-F-11,15/9-F-11 B,4262.9,2,0.588897168636,2.60831883031,0.802000017029,12.5762077466,12.5762077466
reservoir_property_p51_r1-7fcce9239a4dcc3a39ed,15/9-F-11,15/9-F-11 B,4264.9,2,1.90449273586,3.50738106707,5.71599997748,32.3607836217,32.3607836217
reservoir_property_p51_r1-a18767f0ba4db7b10af1,15/9-F-11,15/9-F-11 B,4266.9,2,4.24480295181,4.86836181273,68.742016252,129.107601603,129.107601603
reservoir_property_p51_r1-b7de8f1bd551b2bc1f1e,15/9-F-11,15/9-F-11 B,4268.9,2,3.6628177166,5.63335319644,37.9709975375,278.598094834,278.598094834
reservoir_property_p51_r1-34ef50298fba454f7774,15/9-F-11,15/9-F-11 B,4270.9,2,6.05422782898,6.25248115851,424.909903163,518.2996924,518.2996924
reservoir_property_p51_r1-25fa5015ed7bbd6be752,15/9-F-11,15/9-F-11 B,4272.9,2,6.420358181,6.5006592468,613.223077766,664.580270109,664.580270109
reservoir_property_p51_r1-a6a9b9728321e4f20b35,15/9-F-11,15/9-F-11 B,4274.9,2,5.86838102341,6.35886879822,352.675923469,576.592612914,576.592612914
reservoir_property_p51_r1-1b0ab35762167fc00629,15/9-F-11,15/9-F-11 B,4276.9,2,5.8285484314,6.25669044127,338.864983502,520.490178596,520.490178596
reservoir_property_p51_r1-53ed4b600d23174eb501,15/9-F-11,15/9-F-11 B,4278.9,2,5.35182476044,5.17344413796,209.992958406,175.521757011,175.521757011
reservoir_property_p51_r1-fc0f625b80a7b951d98e,15/9-F-11,15/9-F-11 B,4280.9,2,0.786182045937,2.8644485097,1.1949999987,16.5393777401,16.5393777401
reservoir_property_p51_r1-a96743515c0f4edd71ea,15/9-F-11,15/9-F-11 B,4282.9,2,0.0449733659625,1.54606530296,0.0460000003345,3.69296839813,3.69296839813
reservoir_property_p51_r1-d3abf41c8811daff7523,15/9-F-11,15/9-F-11 B,4284.9,2,0.0129162250087,0.54257956319,0.0129999997388,0.720439124512,0.720439124512
reservoir_property_p51_r1-3562c91b2b1ed7750e41,15/9-F-11,15/9-F-11 B,4286.9,2,3.3711848259,3.24917673785,28.1130004682,24.769116444,24.769116444
reservoir_property_p51_r1-a0fc5ce08a5d8e0f5dea,15/9-F-11,15/9-F-11 B,4288.9,2,5.98037815094,6.37620894646,394.589932579,586.69549403,586.69549403
reservoir_property_p51_r1-2c2866b52b365bf49896,15/9-F-11,15/9-F-11 B,4290.9,2,5.25621843338,6.14643266019,190.754984248,466.048291473,466.048291473
reservoir_property_p51_r1-0a52fe29b5290e270854,15/9-F-11,15/9-F-11 B,4292.9,2,4.65801858902,4.56685666103,104.42698089,95.2411153663,95.2411153663
reservoir_property_p51_r1-5595951d26e6ac1c39ae,15/9-F-11,15/9-F-11 B,4294.9,2,0.00697561353445,2.04055101113,0.00699999979661,6.69484797788,6.69484797788
reservoir_property_p51_r1-50d011832c672e2dc79e,15/9-F-11,15/9-F-11 B,4300.3,2,0.186479568481,2.35038111379,0.205000001854,9.48956668156,9.48956668156
reservoir_property_p51_r1-3a7145b3ab6311e8f25d,15/9-F-11,15/9-F-11 B,4302.3,2,0.608678042889,3.09030949966,0.83800003484,20.9838809266,20.9838809266
reservoir_property_p51_r1-d419774011859483de22,15/9-F-11,15/9-F-11 B,4304.3,2,2.30058312416,4.11082759392,8.9800003377,59.9971775801,59.9971775801
reservoir_property_p51_r1-e12a65d16ae7f5d59679,15/9-F-11,15/9-F-11 B,4306.3,2,4.39537477493,5.32303249967,80.0750099511,204.004616762,204.004616762
reservoir_property_p51_r1-565ab635df568efe1b6f,15/9-F-11,15/9-F-11 B,4308.3,2,4.89691400528,5.66531077856,132.876000922,287.677682011,287.677682011
reservoir_property_p51_r1-7b3b2ae25cc1fe5ebfe9,15/9-F-11,15/9-F-11 T2,4400.6,2,4.6338353157,3.94431149032,101.907992848,50.6407706988,50.6407706988
reservoir_property_p51_r1-eef3f72c25a8405135e1,15/9-F-11,15/9-F-11 T2,4402.6,2,4.45328855515,3.67912268051,84.9089964478,38.6116267714,38.6116267714
reservoir_property_p51_r1-f943b900a64502180b81,15/9-F-11,15/9-F-11 T2,4404.6,2,4.49672698975,3.78953936146,88.7229859397,43.2360187671,43.2360187671
reservoir_property_p51_r1-aecb03b323286c41747d,15/9-F-11,15/9-F-11 T2,4406.6,2,5.07427358627,4.14459585946,158.85602818,62.0921186656,62.0921186656
reservoir_property_p51_r1-06650b8a442cfd04d4a1,15/9-F-11,15/9-F-11 T2,4408.6,2,5.83233690262,4.19587140006,340.154994253,65.4115774224,65.4115774224
reservoir_property_p51_r1-50948e33c7f313a75821,15/9-F-11,15/9-F-11 T2,4410.6,2,4.96774864197,3.10487447657,142.702996016,21.3064188214,21.3064188214
reservoir_property_p51_r1-d766612d437e9ba4874f,15/9-F-11,15/9-F-11 T2,4412.6,2,3.8514020443,1.09436974118,46.0589957972,1.98729931822,1.98729931822
reservoir_property_p51_r1-b0429195018cd4c790e4,15/9-F-11,15/9-F-11 T2,4414.6,2,0.0276151672006,1.88805487545,0.0280000001723,5.60650569863,5.60650569863
reservoir_property_p51_r1-dab073f1a320116f4365,15/9-F-11,15/9-F-11 T2,4416.6,2,6.43940162659,4.53715295385,625.032086757,92.4244374414,92.4244374414
reservoir_property_p51_r1-5604e532d314abad691e,15/9-F-11,15/9-F-11 T2,4418.6,2,6.80378723145,5.2068189549,900.254094249,181.512553124,181.512553124
reservoir_property_p51_r1-022dbb60f8a15d81b61a,15/9-F-11,15/9-F-11 T2,4420.6,2,5.63798093796,4.18261186571,279.895001105,64.5368031965,64.5368031965
reservoir_property_p51_r1-5af141b5856ee30bc698,15/9-F-11,15/9-F-11 T2,4422.6,2,0.652845859528,3.11684319537,0.920999953399,21.5750021687,21.5750021687
reservoir_property_p51_r1-33b640b19ab12d920935,15/9-F-11,15/9-F-11 T2,4424.6,2,5.20843076706,3.71742923192,181.806966282,40.1584491599,40.1584491599
reservoir_property_p51_r1-cb340997a238385357a7,15/9-F-11,15/9-F-11 T2,4426.6,2,4.42187213898,4.14829965773,82.2519988662,62.3262324332,62.3262324332
reservoir_property_p51_r1-664dbc2565265e8fe649,15/9-F-11,15/9-F-11 T2,4428.6,2,4.80574083328,4.00814419999,121.209994725,54.0446239048,54.0446239048
reservoir_property_p51_r1-08cab6f36c81d873bd2a,15/9-F-11,15/9-F-11 T2,4430.6,2,3.75150203705,3.33132773425,41.5849982308,26.9754610332,26.9754610332
reservoir_property_p51_r1-869c97c4868dacfd8988,15/9-F-11,15/9-F-11 T2,4432.6,2,1.73958861828,2.97507594297,4.69500012176,18.5911110003,18.5911110003
reservoir_property_p51_r1-95b534ab119f581828f6,15/9-F-11,15/9-F-11 T2,4434.6,2,3.49307751656,3.35540125253,31.8870024221,27.6571006183,27.6571006183
reservoir_property_p51_r1-3ddbf46b2ad0e010e1ea,15/9-F-11,15/9-F-11 T2,4436.6,2,4.54496383667,3.65365001291,93.1570221164,37.6153556802,37.6153556802
reservoir_property_p51_r1-20df2492269150d61167,15/9-F-11,15/9-F-11 T2,4438.6,2,4.40197610855,3.6260552767,80.6119835609,36.5643430271,36.5643430271
reservoir_property_p51_r1-18b2b73f553186a48d09,15/9-F-11,15/9-F-11 T2,4440.6,2,3.73184323311,3.1516601455,40.7560033222,22.3748380194,22.3748380194
reservoir_property_p51_r1-3ca52cf198949916ef17,15/9-F-11,15/9-F-11 T2,4442.6,2,3.27408337593,2.71302333012,25.418998089,14.0747827333,14.0747827333
reservoir_property_p51_r1-18cf671e4332bb8eac36,15/9-F-11,15/9-F-11 T2,4444.6,2,4.24849510193,3.40285981667,68.9999901916,29.0499145287,29.0499145287
reservoir_property_p51_r1-0a48cf6a95e9a919c852,15/9-F-11,15/9-F-11 T2,4446.6,2,3.91487884521,3.88365838819,49.1429960791,47.6016940933,47.6016940933
reservoir_property_p51_r1-63fb285af5619fffa304,15/9-F-11,15/9-F-11 T2,4448.6,2,4.41698360443,4.33957675122,81.8460117433,75.6750798355,75.6750798355
reservoir_property_p51_r1-304bf3829b1be7b0246c,15/9-F-11,15/9-F-11 T2,4450.6,2,7.20755386353,5.52665086519,1348.58695253,250.300859609,250.300859609
reservoir_property_p51_r1-a75decbef6c4d9266c61,15/9-F-11,15/9-F-11 T2,4452.6,2,7.42385816574,5.05044537522,1674.48535379,155.091968503,155.091968503
reservoir_property_p51_r1-627c465d3823f663425e,15/9-F-11,15/9-F-11 T2,4454.6,2,3.67452692986,3.20512242444,38.4299992889,23.6585186371,23.6585186371
reservoir_property_p51_r1-1e7610968cb5fabbe70d,15/9-F-11,15/9-F-11 T2,4456.6,2,1.28037810326,1.94831933815,2.59799988388,6.01688465463,6.01688465463
reservoir_property_p51_r1-0ac9de685fea25da969e,15/9-F-11,15/9-F-11 T2,4458.6,2,1.79275894165,2.18389118688,5.00599983237,7.88079594893,7.88079594893
reservoir_property_p51_r1-df7abf69194a9ad86c7d,15/9-F-11,15/9-F-11 T2,4460.6,2,4.58117437363,3.20885656673,96.6289798098,23.7507691854,23.7507691854
reservoir_property_p51_r1-c61a87f37791364aac5d,15/9-F-11,15/9-F-11 T2,4462.6,2,2.00673651695,2.218456448,6.43900063784,8.19312983476,8.19312983476
reservoir_property_p51_r1-78bdc251edeeb5fa73a7,15/9-F-11,15/9-F-11 T2,4464.6,2,2.45298600197,2.60235293765,10.6230012589,12.4954546702,12.4954546702
reservoir_property_p51_r1-f6727249a8e4d91e5714,15/9-F-11,15/9-F-11 T2,4466.6,2,5.71748828888,4.15916303322,303.140050842,63.0179192992,63.0179192992
reservoir_property_p51_r1-a0de1f1dd73c128e5c8d,15/9-F-11,15/9-F-11 T2,4468.6,2,5.56734037399,4.66433740678,260.737050041,105.095263925,105.095263925
reservoir_property_p51_r1-d53314085d97a0d4b572,15/9-F-11,15/9-F-11 T2,4470.6,2,5.24640274048,4.12885691399,188.881983648,61.106888828,61.106888828
reservoir_property_p51_r1-29ed6b113c540501e567,15/9-F-11,15/9-F-11 T2,4472.6,2,4.10901975632,3.77128413388,59.8870042063,42.4358064288,42.4358064288
reservoir_property_p51_r1-dd6a219cda221ddd26d4,15/9-F-11,15/9-F-11 T2,4474.6,2,4.972864151,4.03517693578,143.439993441,55.5529255891,55.5529255891
reservoir_property_p51_r1-b306ce7e6cefdf2178e7,15/9-F-11,15/9-F-11 T2,4476.6,2,5.05009937286,4.62715146287,155.037969656,101.222464506,101.222464506
reservoir_property_p51_r1-bb1368e05347089a6bfe,15/9-F-11,15/9-F-11 T2,4478.6,2,6.25773477554,5.12450057499,521.035073137,167.09017225,167.09017225
reservoir_property_p51_r1-cbe7b099ca21e97f54ed,15/9-F-11,15/9-F-11 T2,4480.6,2,6.35030460358,5.18274528876,571.667118902,177.171271793,177.171271793
reservoir_property_p51_r1-cfc3c00464c01e956ae4,15/9-F-11,15/9-F-11 T2,4482.6,2,4.29811477661,4.95395424273,72.5609840095,140.734309161,140.734309161
reservoir_property_p51_r1-6d2726afb02c3085a208,15/9-F-11,15/9-F-11 T2,4484.6,2,5.87757349014,3.95514416483,355.942066587,51.2032192701,51.2032192701
reservoir_property_p51_r1-6e3bcfa776508ed00b51,15/9-F-11,15/9-F-11 T2,4486.6,2,1.87946510315,3.19191308521,5.55000035044,23.3349377493,23.3349377493
reservoir_property_p51_r1-7718a780287384012ae8,15/9-F-11,15/9-F-11 T2,4488.6,2,4.80549526215,3.77644029945,121.179987162,42.6603470252,42.6603470252
reservoir_property_p51_r1-3bb97bd9ee10771b5721,15/9-F-11,15/9-F-11 T2,4490.6,2,4.9437828064,4.19347735948,139.299974646,65.2527755761,65.2527755761
reservoir_property_p51_r1-182e66ec00ec82a6916d,15/9-F-11,15/9-F-11 T2,4492.6,2,5.15298509598,3.67029347063,171.946983881,38.2634268325,38.2634268325
reservoir_property_p51_r1-188c99f409134947b62b,15/9-F-11,15/9-F-11 T2,4494.6,2,3.11395955086,2.64565207315,21.5099976576,13.0926315143,13.0926315143
reservoir_property_p51_r1-5c24b61c90079ee94744,15/9-F-11,15/9-F-11 T2,4496.6,2,2.8577337265,1.70406590548,16.4219991481,4.49624925233,4.49624925233
reservoir_property_p51_r1-ef56fa1811b30c34ea7a,15/9-F-11,15/9-F-11 T2,4498.6,2,0.000999500276521,1.7819415029,0.000999999943381,4.94138043539,4.94138043539
reservoir_property_p51_r1-8a05122b29aa4a032fc8,15/9-F-11,15/9-F-11 T2,4500.6,2,0.0019980026409,1.2015464521,0.00199999997819,2.32525529662,2.32525529662
reservoir_property_p51_r1-e1e0412ddfeeaf96d26e,15/9-F-11,15/9-F-11 T2,4502.6,2,0.00796816963702,1.59089863806,0.00799999998775,3.90815760435,3.90815760435
reservoir_property_p51_r1-84d4ccb12bf3f48851f4,15/9-F-11,15/9-F-11 T2,4504.6,2,0.0266419313848,1.75553293639,0.0270000004502,4.78653077318,4.78653077318
reservoir_property_p51_r1-639e53c6dc5629f64950,15/9-F-11,15/9-F-11 T2,4506.6,2,0.000999500276521,1.18102330789,0.000999999943381,2.25770613419,2.25770613419
reservoir_property_p51_r1-9b66cde7ebce6bb587d2,15/9-F-11,15/9-F-11 T2,4508.6,2,0.000999500276521,-0.233978471044,0.000999999943381,-0.208621146727,0
reservoir_property_p51_r1-58df677b156117e45ce6,15/9-F-11,15/9-F-11 T2,4510.6,2,0.000999500276521,-1.29919022413,0.000999999943381,-0.727247427919,0
reservoir_property_p51_r1-1c4d1fb51e11f6a695f6,15/9-F-11,15/9-F-11 T2,4512.6,2,0.0019980026409,-1.53249861074,0.00199999997819,-0.784004695668,0
reservoir_property_p51_r1-3f38a6c034b96db4b973,15/9-F-12,15/9-F-12,3117.9516,0,0.000999500276521,-3.64065889394,0.000999999943381,-0.973764947847,0
reservoir_property_p51_r1-6702cde9baa3f335b90e,15/9-F-12,15/9-F-12,3120.0852,0,0.000999500276521,-0.930727026292,0.000999999943381,-0.605733036301,0
reservoir_property_p51_r1-b0e20fbd8d273e57a3e3,15/9-F-12,15/9-F-12,3122.2188,0,0.000999500276521,0.0234979228201,0.000999999943381,0.0237761741771,0.0237761741771
reservoir_property_p51_r1-8b6fd913805ebe4d533e,15/9-F-12,15/9-F-12,3124.3524,0,0.000999500276521,-0.541420640327,0.000999999943381,-0.418079035515,0
reservoir_property_p51_r1-0ab016a2d4b4acacb9bb,15/9-F-12,15/9-F-12,3126.486,0,7.0665307045,2.36608435443,1171.07469905,9.65558698822,9.65558698822
reservoir_property_p51_r1-529b790809eb55baff07,15/9-F-12,15/9-F-12,3128.6196,0,6.11936950684,4.95356665361,453.577995809,140.67938513,140.67938513
reservoir_property_p51_r1-74569bc3997d5ab7aeb9,15/9-F-12,15/9-F-12,3130.7532,0,4.76464176178,4.50990180714,116.289092325,89.9128910758,89.9128910758
reservoir_property_p51_r1-0bb63087fb396f51163e,15/9-F-12,15/9-F-12,3132.8868,0,4.07281112671,3.38249905285,57.7218052216,28.4442620132,28.4442620132
reservoir_property_p51_r1-fc5548e4901c4f3568b0,15/9-F-12,15/9-F-12,3135.0204,0,0.0459289215505,2.53023354686,0.0469999891762,11.556438311,11.556438311
reservoir_property_p51_r1-b5640b0e4e6e0e91b0cd,15/9-F-12,15/9-F-12,3137.154,0,4.15250349045,3.32341869239,62.5930056631,26.7550746125,26.7550746125
reservoir_property_p51_r1-f3333510eb6abf2cda63,15/9-F-12,15/9-F-12,3139.2876,0,0.190372392535,1.55688774167,0.209699997038,3.74403358751,3.74403358751
reservoir_property_p51_r1-d65121186fd853fa16cb,15/9-F-12,15/9-F-12,3141.4212,0,0.00796816963702,0.527851412783,0.00799999998775,0.695285923069,0.695285923069
reservoir_property_p51_r1-37b4f55493cd6f9b9af0,15/9-F-12,15/9-F-12,3143.5548,0,3.2602250576,2.24585398264,25.0554004486,8.4484809508,8.4484809508
reservoir_property_p51_r1-592a04ee28bcee2d52d2,15/9-F-12,15/9-F-12,3145.6884,0,0.572673022747,1.02170565144,0.772999992296,1.77792890387,1.77792890387
reservoir_property_p51_r1-d6737e6a5336bd154c59,15/9-F-12,15/9-F-12,3147.822,0,0.000999500276521,-1.6413804583,0.000999999943381,-0.806287554324,0
reservoir_property_p51_r1-2539d0334f0fac390359,15/9-F-12,15/9-F-12,3149.9556,0,2.66676282883,1.08957612585,13.3933001194,1.97301362182,1.97301362182
reservoir_property_p51_r1-c5132bbbdd362f888613,15/9-F-12,15/9-F-12,3152.0892,0,5.9386138916,4.68324195175,378.408663357,107.120024905,107.120024905
reservoir_property_p51_r1-0e684dd1f15068b53faf,15/9-F-12,15/9-F-12,3154.2228,0,6.15769863129,4.73769367329,471.339795022,113.170583136,113.170583136
reservoir_property_p51_r1-2ca20e3df29d18fe515e,15/9-F-12,15/9-F-12,3156.3564,0,6.16952943802,4.81154946815,476.961142822,121.921933656,121.921933656
reservoir_property_p51_r1-a51fa3887ef25026c3a1,15/9-F-12,15/9-F-12,3158.49,0,6.27790594101,4.80046036405,531.672048412,120.566369425,120.566369425
reservoir_property_p51_r1-7ed1f6ea47c96c23d0d7,15/9-F-12,15/9-F-12,3160.6236,0,5.65006637573,4.15651976221,283.310336504,62.8489260351,62.8489260351
reservoir_property_p51_r1-625454f1895f1b2d6ecf,15/9-F-12,15/9-F-12,3162.7572,0,4.11878204346,3.7145357994,60.484311423,40.0395320866,40.0395320866
reservoir_property_p51_r1-8c2a082a676d77f162cb,15/9-F-12,15/9-F-12,3164.8908,0,5.76137876511,3.7386745115,316.786179497,41.0422267282,41.0422267282
reservoir_property_p51_r1-1bac30db3abe519b92de,15/9-F-12,15/9-F-12,3167.0244,0,1.97913765907,3.07687666708,6.23649996365,20.6905496801,20.6905496801
reservoir_property_p51_r1-6e88bf417c68aa55fd1d,15/9-F-12,15/9-F-12,3169.158,0,0.748203337193,2.43536041766,1.11319989621,10.4199339176,10.4199339176
reservoir_property_p51_r1-99365b57af8be71b2956,15/9-F-12,15/9-F-12,3171.2916,0,0.62025386095,2.30963866862,0.859400010991,9.07078510684,9.07078510684
reservoir_property_p51_r1-4b21e233f79a2e1263ce,15/9-F-12,15/9-F-12,3173.4252,0,0.775418162346,2.10091684927,1.17149997688,7.17366049285,7.17366049285
reservoir_property_p51_r1-f4ec491f6d302e188e9a,15/9-F-12,15/9-F-12,3175.5588,0,0.132080346346,1.67650262237,0.141200006834,4.34682337229,4.34682337229
reservoir_property_p51_r1-e98ef5c0e3e7704ae4a6,15/9-F-12,15/9-F-12,3177.6924,0,0.181654661894,1.67929295026,0.19919999291,4.36176359704,4.36176359704
reservoir_property_p51_r1-61f97be7b5afc0f5507f,15/9-F-12,15/9-F-12,3179.826,0,0.134443476796,0.62133382789,0.143900000282,0.861409186256,0.861409186256
reservoir_property_p51_r1-1e26b22d7402bdcf7a70,15/9-F-12,15/9-F-12,3181.9596,0,0.0134096872061,1.22783469229,0.0135000003002,2.41382953614,2.41382953614
reservoir_property_p51_r1-95879c6487610302bd53,15/9-F-12,15/9-F-12,3184.0932,0,5.41265106201,3.37164654972,223.225235438,28.1264457377,28.1264457377
reservoir_property_p51_r1-58d88d81d85ed22b4793,15/9-F-12,15/9-F-12,3186.2268,0,4.24177122116,4.43726023876,68.530897433,83.5429964567,83.5429964567
reservoir_property_p51_r1-4e29e75f3887a0d30065,15/9-F-12,15/9-F-12,3188.3604,0,6.99674463272,5.31288264838,1092.06901917,201.934374485,201.934374485
reservoir_property_p51_r1-40491812d41b4b76c4eb,15/9-F-12,15/9-F-12,3190.494,0,6.76331520081,5.44654186772,864.506773593,230.954647517,230.954647517
reservoir_property_p51_r1-a630d9b5e79f5bb9b3d3,15/9-F-12,15/9-F-12,3192.6276,0,6.81020259857,5.33182199388,906.054556291,205.814445741,205.814445741
reservoir_property_p51_r1-8335b643c3e08fc0b98c,15/9-F-12,15/9-F-12,3194.7612,0,6.09781599045,4.84238653478,443.885075028,125.77153568,125.77153568
reservoir_property_p51_r1-2652690bc997d0508def,15/9-F-12,15/9-F-12,3196.8948,0,3.89420104027,4.45513193981,48.1167953403,85.0675058261,85.0675058261
reservoir_property_p51_r1-bcf21b7e633bdf6be496,15/9-F-12,15/9-F-12,3199.0284,0,4.57439851761,4.47013650402,95.9696960279,86.3686483713,86.3686483713
reservoir_property_p51_r1-68e11e2f625b1d8092a9,15/9-F-12,15/9-F-12,3201.162,0,5.89845561981,4.87060527636,363.474146335,129.399820944,129.399820944
reservoir_property_p51_r1-21b08e3e961646d87d7a,15/9-F-12,15/9-F-12,3203.2956,0,6.40745449066,4.98019219045,605.348249809,144.502343128,144.502343128
reservoir_property_p51_r1-6767df83333feb62bf4d,15/9-F-12,15/9-F-12,3205.4292,0,5.32442855835,4.77521092632,204.291015103,117.535314202,117.535314202
reservoir_property_p51_r1-4d760c029e448352b292,15/9-F-12,15/9-F-12,3207.5628,0,5.28120756149,3.49777117244,195.607147283,32.0417255189,32.0417255189
reservoir_property_p51_r1-636663cf6a84b4ef2112,15/9-F-12,15/9-F-12,3209.6964,0,0.162798881531,1.44486735918,0.176799989674,3.24128953739,3.24128953739
reservoir_property_p51_r1-2ef063667eded60f5077,15/9-F-12,15/9-F-12,3211.83,0,0.476855099201,1.50820836523,0.610999991955,3.51862780697,3.51862780697
reservoir_property_p51_r1-b334c842bda1ef328f38,15/9-F-12,15/9-F-12,3213.9636,0,2.7401945591,2.49950616246,14.4899985233,11.1764792731,11.1764792731
reservoir_property_p51_r1-8c95ac841810a2d93b76,15/9-F-12,15/9-F-12,3216.0972,0,1.14048969746,1.37713310846,2.12829991067,2.96352233503,2.96352233503
reservoir_property_p51_r1-425b1e4863342e3b24c9,15/9-F-12,15/9-F-12,3218.2308,0,0.0499323606491,1.48302550924,0.0511999914862,3.40625670482,3.40625670482
reservoir_property_p51_r1-68b14c42407d8d231682,15/9-F-12,15/9-F-12,3220.3644,0,4.06427001953,3.32678408446,57.2223917974,26.848638672,26.848638672
reservoir_property_p51_r1-4b6087e77fc13272607a,15/9-F-12,15/9-F-12,3222.498,0,3.27393198013,3.5478658729,25.4149986665,33.7391006655,33.7391006655
reservoir_property_p51_r1-7345b5c9198a2bbb62f5,15/9-F-12,15/9-F-12,3224.6316,0,3.20701384544,3.38088844256,23.7052024125,28.3968769514,28.3968769514
reservoir_property_p51_r1-76e3d221da9d5e6c6d05,15/9-F-12,15/9-F-12,3226.7652,0,3.04748463631,3.27355487598,20.0622983948,25.4050393388,25.4050393388
reservoir_property_p51_r1-2acf63a10c98b888c2fc,15/9-F-12,15/9-F-12,3228.8988,0,2.54424405098,3.15165685236,11.7335984955,22.374761043,22.374761043
reservoir_property_p51_r1-dfeef5cbc2de34efba95,15/9-F-12,15/9-F-12,3231.0324,0,2.61233186722,2.65870879993,12.6307990346,13.2778416414,13.2778416414
reservoir_property_p51_r1-97f72964ae6ff42ad85d,15/9-F-12,15/9-F-12,3233.166,0,0.0207825303078,1.1885802791,0.0209999909389,2.28241778064,2.28241778064
reservoir_property_p51_r1-ae909583c02e00b7d815,15/9-F-12,15/9-F-12,3235.2996,0,0.095855474472,0.775498097423,0.100599987705,1.17167356284,1.17167356284
reservoir_property_p51_r1-93ad04da55e66902a172,15/9-F-12,15/9-F-12,3237.4332,0,0.488580018282,1.61092055257,0.630000005645,4.00741869896,4.00741869896
reservoir_property_p51_r1-ca712d32515a21890840,15/9-F-12,15/9-F-12,3239.5668,0,1.31587183475,2.32662151584,2.72799976861,9.24327626139,9.24327626139
reservoir_property_p51_r1-66c6e53a35be384ed606,15/9-F-12,15/9-F-12,3241.7004,0,1.57571566105,2.23603702918,3.8342000291,8.35617945406,8.35617945406
reservoir_property_p51_r1-8a405574e92664aef706,15/9-F-12,15/9-F-12,3243.834,0,0.488457322121,1.74342417033,0.62980002317,4.71688553565,4.71688553565
reservoir_property_p51_r1-fd659ec929231c7da9f2,15/9-F-12,15/9-F-12,3245.9676,0,1.70850467682,2.07606271467,4.52070007163,6.97301499843,6.97301499843
reservoir_property_p51_r1-033858a9d61fe79879d2,15/9-F-12,15/9-F-12,3248.1012,0,1.76647591591,2.1849488768,4.85020039322,7.89019404657,7.89019404657
reservoir_property_p51_r1-beec79ac877ddf064871,15/9-F-12,15/9-F-12,3250.2348,0,0.75212341547,1.72439821914,1.12150006324,4.609144538,4.609144538
reservoir_property_p51_r1-8cef5dc89f2b0678a45b,15/9-F-12,15/9-F-12,3252.3684,0,0.986525535583,1.87811118281,1.6819000993,5.54113817244,5.54113817244
reservoir_property_p51_r1-64096ecfb67b34b655a0,15/9-F-12,15/9-F-12,3254.502,0,1.43815124035,2.14868010181,3.21289997341,7.57353473279,7.57353473279
reservoir_property_p51_r1-0c3094d23bfe42aace33,15/9-F-12,15/9-F-12,3256.6356,0,1.31772100925,2.21062789948,2.73489986849,8.121441944,8.121441944
reservoir_property_p51_r1-00b9538f1aa551abeac6,15/9-F-12,15/9-F-12,3258.7692,0,1.11044204235,1.70013193651,2.03570000586,4.47466965288,4.47466965288
reservoir_property_p51_r1-081480d994ce0e302f9e,15/9-F-12,15/9-F-12,3260.9028,0,0.592000007629,1.43791895731,0.807600016403,3.21192150184,3.21192150184
reservoir_property_p51_r1-4853f4318271c6ff1ec6,15/9-F-12,15/9-F-12,3263.0364,0,0.951812267303,1.89276664622,1.59039990509,5.63770748917,5.63770748917
reservoir_property_p51_r1-ff6ab928b550ff19f45f,15/9-F-12,15/9-F-12,3265.17,0,2.17769050598,2.21088864367,7.82589934123,8.12382061709,8.12382061709
reservoir_property_p51_r1-43d03b28a1252bd76a8a,15/9-F-12,15/9-F-12,3267.3036,0,2.13058614731,2.05462553685,7.4198006088,6.80391504679,6.80391504679
reservoir_property_p51_r1-b08e47142d609ebea6a6,15/9-F-12,15/9-F-12,3269.4372,0,0.501381158829,1.70903112163,0.650999989914,4.52360718068,4.52360718068
reservoir_property_p51_r1-ab626e8e55c47a09bb57,15/9-F-12,15/9-F-12,3271.5708,0,1.30462324619,1.11973936909,2.68630000449,2.06405551165,2.06405551165
reservoir_property_p51_r1-e58af9ede87719b98a66,15/9-F-12,15/9-F-12,3273.7044,0,0.0266419313848,1.00924772794,0.0270000004502,1.74353635277,1.74353635277
reservoir_property_p51_r1-d909f087ed7d09a13949,15/9-F-12,15/9-F-12,3275.838,0,0.700073182583,1.18301084721,1.01390008449,2.26418739197,2.26418739197
reservoir_property_p51_r1-0bf3115bf45dea98b967,15/9-F-12,15/9-F-12,3277.9716,0,0.106879360974,0.503550086248,0.112799999273,0.654584775226,0.654584775226
reservoir_property_p51_r1-9a782908f3cf39dc1e3b,15/9-F-12,15/9-F-12,3280.1052,0,0.0226417295635,-0.492380416204,0.0228999990616,-0.388830177301,0
reservoir_property_p51_r1-484e2de3e11569818132,15/9-F-12,15/9-F-12,3282.2388,0,0.0192142184824,-1.99456444543,0.01939999955,-0.863927091561,0
reservoir_property_p51_r1-b4efbbf6fd337022a4d6,15/9-F-12,15/9-F-12,3284.3724,0,0.0158733483404,-2.05349736009,0.015999999171,-0.871714542331,0
reservoir_property_p51_r1-eba7b2e68048890519c4,15/9-F-12,15/9-F-12,3286.506,0,0.00279607740231,-1.48097513289,0.00279999007259,-0.77258418042,0
reservoir_property_p51_r1-9c419a917f8951844810,15/9-F-12,15/9-F-12,3288.6396,0,0.336400777102,-1.88690860643,0.399899960247,-0.848460446126,0
