sample_id,family_id,well_id,depth_m,fold_id,truth_model_domain,prediction_model_domain,truth_physical,prediction_physical_unclipped,prediction_physical_bounded
reservoir_property_p51_r1-c82c5b891df29e7e1807,15/9-19,15/9-19 A,3839.5656,1,5.26043701172,4.88567929428,191.565626347,131.38036002,131.38036002
reservoir_property_p51_r1-1963a20e391bb3309902,15/9-19,15/9-19 A,3841.6992,0,7.33351898193,5.12522268654,1529.75901856,167.211595939,167.211595939
reservoir_property_p51_r1-fe974d79cb240d283870,15/9-19,15/9-19 A,3843.8328,1,0.0953101813793,4.78970350844,0.100000001732,119.26570561,119.26570561
reservoir_property_p51_r1-554169715805611d6505,15/9-19,15/9-19 A,3845.9664,0,5.07550430298,4.38120373808,159.052886778,78.9341953513,78.9341953513
reservoir_property_p51_r1-e9faa83dbd75146b922d,15/9-19,15/9-19 A,3848.1,0,0.0953101813793,3.67735976151,0.100000001732,38.5418562001,38.5418562001
reservoir_property_p51_r1-b21ead1ab61170abe768,15/9-19,15/9-19 A,3850.2336,1,0.0953101813793,3.70124898254,0.100000001732,39.497853898,39.497853898
reservoir_property_p51_r1-8cbfd7b4b6577ea396b6,15/9-19,15/9-19 A,3852.3672,0,3.8300511837,3.69211171315,45.0648959457,39.1294995369,39.1294995369
reservoir_property_p51_r1-157edc8d66166411b41c,15/9-19,15/9-19 A,3854.5008,2,0.0953101813793,2.47899475367,0.100000001732,10.9292665371,10.9292665371
reservoir_property_p51_r1-eefb76085578cf371e11,15/9-19,15/9-19 A,3856.6344,2,2.32452273369,3.1320528592,9.22180040045,21.920984833,21.920984833
reservoir_property_p51_r1-ba88d3aa1dead4c37a0a,15/9-19,15/9-19 A,3858.768,3,4.69428682327,4.61397821174,108.320815772,99.8846930547,99.8846930547
reservoir_property_p51_r1-4b01174c986da8207347,15/9-19,15/9-19 A,3860.9016,1,8.40185832977,6.00619924156,4454.33854773,404.937514086,404.937514086
reservoir_property_p51_r1-adc4e2d20a333d442972,15/9-19,15/9-19 A,3863.0352,3,7.57346963882,6.68530582222,1944.88008354,799.555468394,799.555468394
reservoir_property_p51_r1-86ed2576ff87ddf2e6f9,15/9-19,15/9-19 A,3865.1688,3,8.79772567749,6.75786429445,6618.17274075,859.801812018,859.801812018
reservoir_property_p51_r1-71e20c83ac5524dbd4aa,15/9-19,15/9-19 A,3867.3024,1,7.18210411072,6.66012779545,1314.67367093,779.650694361,779.650694361
reservoir_property_p51_r1-8b23836a45e0e18009f5,15/9-19,15/9-19 A,3869.436,1,8.65847682953,6.85712300325,5757.7564111,949.628175318,949.628175318
reservoir_property_p51_r1-ee4a3c96e1393e892666,15/9-19,15/9-19 A,3871.5696,0,8.7547454834,6.91437079192,6339.7065434,1005.63744378,1005.63744378
reservoir_property_p51_r1-8cffe42d063d40cd6fd3,15/9-19,15/9-19 A,3873.7032,1,7.51696252823,5.9770610789,1837.97297356,393.279906203,393.279906203
reservoir_property_p51_r1-74be318bc57b2dd39843,15/9-19,15/9-19 A,3875.8368,0,1.37206864357,3.75392276689,2.94349995944,41.68820988,41.68820988
reservoir_property_p51_r1-ef6176b25058728b8a75,15/9-19,15/9-19 A,3877.9704,2,5.59498119354,3.27927221884,268.072589742,25.5564383897,25.5564383897
reservoir_property_p51_r1-2b8e6ccf04b6acc524ba,15/9-19,15/9-19 A,3880.104,0,2.18322706223,3.38550107632,7.87489995148,28.5327871897,28.5327871897
reservoir_property_p51_r1-05f0299cb2d43e708a38,15/9-19,15/9-19 A,3882.2376,1,4.16968250275,3.73129035446,63.6949083906,40.7329237004,40.7329237004
reservoir_property_p51_r1-0bbb78431a16c310d16d,15/9-19,15/9-19 A,3884.3712,1,0.0953101813793,3.60794640668,0.100000001732,35.8902174698,35.8902174698
reservoir_property_p51_r1-53b0c2d8b1aa1f1043ea,15/9-19,15/9-19 A,3886.5048,2,6.15420436859,4.69488372462,469.692195945,108.386088994,108.386088994
reservoir_property_p51_r1-21d9afbf8716251e6dcf,15/9-19,15/9-19 A,3888.6384,1,4.86892032623,4.99154035453,129.180288751,146.162932088,146.162932088
reservoir_property_p51_r1-b410868ca057738d21a3,15/9-19,15/9-19 A,3890.772,3,4.15808916092,4.10908156664,62.9492091285,59.890767768,59.890767768
reservoir_property_p51_r1-029c92d38f813b260b8c,15/9-19,15/9-19 A,3892.9056,1,4.28329277039,3.49507529676,71.4787032466,31.9527690963,31.9527690963
reservoir_property_p51_r1-fd8572584c089825c58d,15/9-19,15/9-19 A,3895.0392,1,0.413896143436,3.60869818454,0.512700014901,35.9179611458,35.9179611458
reservoir_property_p51_r1-4a98aad73b54e05450d6,15/9-19,15/9-19 A,3897.1728,3,3.45675826073,4.15141124154,30.7140011721,62.5235841917,62.5235841917
reservoir_property_p51_r1-5222af628774f4d29812,15/9-19,15/9-19 A,3899.3064,0,6.33680057526,4.91858765236,563.985787101,135.809254446,135.809254446
reservoir_property_p51_r1-b24f628f40d9912a4a57,15/9-19,15/9-19 A,3901.44,1,6.89511442184,5.82084920201,986.438702908,336.258332511,336.258332511
reservoir_property_p51_r1-98b0c25c053b60754842,15/9-19,15/9-19 A,3903.5736,2,5.54415178299,5.35080004463,254.737565266,209.776861326,209.776861326
reservoir_property_p51_r1-15b0cc17d6f671ddad2f,15/9-19,15/9-19 A,3905.7072,0,5.98098564148,5.09309818912,394.830322731,161.893756734,161.893756734
reservoir_property_p51_r1-37cd85bd1039f0fb621f,15/9-19,15/9-19 A,3907.8408,0,5.66199493408,4.24091049355,286.722056941,68.4710760185,68.4710760185
reservoir_property_p51_r1-d7cfe2a01f79bc3bfdeb,15/9-19,15/9-19 A,3909.9744,3,4.56082105637,4.1891039663,94.6619914815,64.9636588107,64.9636588107
reservoir_property_p51_r1-1eb04d9daf364c9b0e78,15/9-19,15/9-19 A,3912.108,2,4.57969236374,4.41859432891,96.4843998573,81.9795613697,81.9795613697
reservoir_property_p51_r1-a1d5a592554ea15ffea6,15/9-19,15/9-19 A,3914.2416,2,4.38387489319,3.98492973488,79.1479974078,52.7815103809,52.7815103809
reservoir_property_p51_r1-95e15844b5ac76025022,15/9-19,15/9-19 A,3916.3752,2,4.84052705765,3.58483125919,125.536025938,35.0472745594,35.0472745594
reservoir_property_p51_r1-5310a7e7b4271355abaa,15/9-19,15/9-19 A,3918.5088,1,1.96526443958,2.97213705721,6.13679959296,18.5336194851,18.5336194851
reservoir_property_p51_r1-a87bb0be089ebb81db40,15/9-19,15/9-19 A,3920.6424,1,0.0108410231769,2.50506066475,0.010899999999,11.2443017408,11.2443017408
reservoir_property_p51_r1-2c827d5bf1b7b2c72471,15/9-19,15/9-19 A,3922.776,2,0.0483138598502,3.48722661086,0.0494999995504,31.695145488,31.695145488
reservoir_property_p51_r1-d7c43bb402ed0dfa7845,15/9-19,15/9-19 A,3924.9096,2,1.9194341898,4.00436929292,5.81710019302,53.8372272622,53.8372272622
reservoir_property_p51_r1-2fd3c77299aba260cbc2,15/9-19,15/9-19 A,3927.0432,3,0.422780990601,4.1595548502,0.526200007215,63.0430075215,63.0430075215
reservoir_property_p51_r1-482ca5e8f089f800b149,15/9-19,15/9-19 A,3929.1768,1,2.41458249092,4.08807413268,10.185099502,58.6249513143,58.6249513143
reservoir_property_p51_r1-6368e91c7b49eb48f555,15/9-19,15/9-19 A,3931.3104,0,0.00697561353445,2.66756235732,0.00699999979661,13.4048125746,13.4048125746
reservoir_property_p51_r1-e245e2b7be260e10d89d,15/9-19,15/9-19 A,3933.444,3,0.000299955019727,1.89597257227,0.000300000010733,5.65902163609,5.65902163609
reservoir_property_p51_r1-c4646559245407a189bd,15/9-19,15/9-19 A,3935.5776,0,0.347270876169,2.44838880528,0.415200017415,10.5696906694,10.5696906694
reservoir_property_p51_r1-7288da4e92a9b94012df,15/9-19,15/9-19 A,3937.7112,3,2.80918574333,3.5279506903,15.5963989869,33.0541086428,33.0541086428
reservoir_property_p51_r1-7730fe1274b31c527544,15/9-19,15/9-19 A,3939.8448,0,0.384377658367,3.03974968891,0.468700003803,19.9000110757,19.9000110757
reservoir_property_p51_r1-4269d6afb067480d3d74,15/9-19,15/9-19 A,3941.9784,0,0.0634441748261,1.41356414782,0.0655000024183,3.11058004128,3.11058004128
reservoir_property_p51_r1-36d004f1b0ef6b98c067,15/9-19,15/9-19 A,3944.112,3,1.09477162361,0.401828976458,1.98850010259,0.494555706607,0.494555706607
reservoir_property_p51_r1-fc0b15025295be2d1721,15/9-19,15/9-19 A,3946.2456,0,0.0206845905632,0.685792085953,0.0208999993572,0.985343775815,0.985343775815
reservoir_property_p51_r1-6ce722e91999e30b030f,15/9-19,15/9-19 A,3948.3792,0,3.57112026215,1.25684031918,34.5564033413,2.51429986036,2.51429986036
reservoir_property_p51_r1-ef1ad8b8028fd49ddc4f,15/9-19,15/9-19 A,3950.5128,1,0.00568381650373,1.35572337381,0.00570000003564,2.87956631853,2.87956631853
reservoir_property_p51_r1-f3d652b75bda5eb9cbf2,15/9-19,15/9-19 A,3952.6464,3,5.16105890274,1.70793020163,173.348976502,4.51752947724,4.51752947724
reservoir_property_p51_r1-abd5ddc6451bcbcdd444,15/9-19,15/9-19 A,3954.78,2,6.51798725128,2.58905197529,676.213951156,12.3171406386,12.3171406386
reservoir_property_p51_r1-48f2e104933dfb6b8333,15/9-19,15/9-19 A,3956.9136,0,3.72983670235,2.4170903929,40.6723026192,10.2131858393,10.2131858393
reservoir_property_p51_r1-80d0cf104d57aaf84b64,15/9-19,15/9-19 A,3959.0472,2,4.52165603638,0.77673178609,90.9878070662,1.17435438521,1.17435438521
reservoir_property_p51_r1-e8971e133fc2020c291f,15/9-19,15/9-19 A,3961.1808,2,3.93641901016,1.12940612936,50.2348011015,2.09381862639,2.09381862639
reservoir_property_p51_r1-2a2dc31ff88488cd7591,15/9-19,15/9-19 A,3963.3144,2,2.37271738052,1.76256270804,9.72650070097,4.82735207727,4.82735207727
reservoir_property_p51_r1-5f9023d0346bb7db4d0c,15/9-19,15/9-19 BT2,4039.9716,3,7.61356830597,5.72506483662,2024.49279597,305.453133985,305.453133985
reservoir_property_p51_r1-17eb1e25bbbc88a94216,15/9-19,15/9-19 BT2,4042.1052,3,7.01322031021,5.59238664294,1110.22724559,267.375372166,267.375372166
reservoir_property_p51_r1-6c7658fe80039c29d01c,15/9-19,15/9-19 BT2,4044.2388,1,7.33093929291,5.78773726818,1525.81522538,325.273918114,325.273918114
reservoir_property_p51_r1-c4d972db396a804b6e68,15/9-19,15/9-19 BT2,4046.3724,0,7.37817811966,5.20146840995,1599.6708789,180.538619366,180.538619366
reservoir_property_p51_r1-0d5cf65e32752909676d,15/9-19,15/9-19 BT2,4048.506,3,4.47623300552,4.62271543165,86.9029184016,100.770006762,100.770006762
reservoir_property_p51_r1-83dd5d6464a142941499,15/9-19,15/9-19 BT2,4050.6396,1,2.8217716217,4.0860164143,15.8065992487,58.5023861019,58.5023861019
reservoir_property_p51_r1-f7a2682f45a52a1db059,15/9-19,15/9-19 BT2,4052.7732,3,3.18628239632,4.31745162485,23.198300328,73.9972633987,73.9972633987
reservoir_property_p51_r1-f9ae65e0657a3121113a,15/9-19,15/9-19 BT2,4054.9068,3,5.39888858795,5.26679473656,220.16047914,192.79380569,192.79380569
reservoir_property_p51_r1-db439f8c7b0d4bd04d6f,15/9-19,15/9-19 BT2,4057.0404,3,5.76266765594,5.35687069067,317.196035266,211.060304766,211.060304766
reservoir_property_p51_r1-a7a18be6e023dabcb84e,15/9-19,15/9-19 BT2,4059.174,1,5.29900789261,5.24303851265,199.138152906,188.244250735,188.244250735
reservoir_property_p51_r1-f18e185fd42e53603cbe,15/9-19,15/9-19 BT2,4061.3076,3,6.11789560318,4.92565134639,452.908485158,136.779054313,136.779054313
reservoir_property_p51_r1-eca180adcf269306e40e,15/9-19,15/9-19 BT2,4063.4412,2,2.8137485981,4.11057153667,15.6722989738,59.98156081,59.98156081
reservoir_property_p51_r1-d55e2b07ae322ddacf1b,15/9-19,15/9-19 BT2,4065.5748,3,2.03287386894,4.04897853612,6.63599971807,56.3388575499,56.3388575499
reservoir_property_p51_r1-e5dffe3e0b960a8909f1,15/9-19,15/9-19 BT2,4067.7084,0,5.39331674576,4.56954689039,218.931634494,95.5003746179,95.5003746179
reservoir_property_p51_r1-2942949578935c453b7d,15/9-19,15/9-19 BT2,4069.842,2,3.28690457344,3.56008178229,25.7599020099,34.1660729894,34.1660729894
reservoir_property_p51_r1-3fb7e0a49f7f424b71bd,15/9-19,15/9-19 BT2,4071.9756,0,0.0953101813793,3.03417602093,0.100000001732,19.7838453884,19.7838453884
reservoir_property_p51_r1-0ef440a79a6c325b9485,15/9-19,15/9-19 BT2,4074.1092,3,7.04489898682,4.76351339958,1145.99296855,116.156822385,116.156822385
reservoir_property_p51_r1-8b0dfe4fd19568417549,15/9-19,15/9-19 BT2,4076.2428,1,0.0953101813793,3.8191111206,0.100000001732,44.5636896905,44.5636896905
reservoir_property_p51_r1-61d8c6da5f43e3c3a8c9,15/9-19,15/9-19 BT2,4078.3764,3,6.68074560165,4.36228898981,795.913070264,77.4364693758,77.4364693758
reservoir_property_p51_r1-2c435b2f5ec28e30c92a,15/9-19,15/9-19 BT2,4080.51,1,7.56983566284,5.64526365297,1937.82163494,281.948146507,281.948146507
reservoir_property_p51_r1-1492cd74a90b4db31f7c,15/9-19,15/9-19 BT2,4082.6436,0,6.89953374863,5.75384088542,990.812173995,314.399751114,314.399751114
reservoir_property_p51_r1-e4c619aa61e7c9c4c69e,15/9-19,15/9-19 BT2,4084.7772,1,7.23464584351,5.45269365611,1385.6497202,232.385981543,232.385981543
reservoir_property_p51_r1-0407ee04f6ddb66a1a56,15/9-19,15/9-19 BT2,4086.9108,0,6.17503738403,5.09307188572,479.600990388,161.889472131,161.889472131
reservoir_property_p51_r1-74439ba92582a84ba471,15/9-19,15/9-19 BT2,4089.0444,0,6.85312795639,5.44788351158,945.837947321,231.2660569,231.2660569
reservoir_property_p51_r1-9bf9284f92d26be1d274,15/9-19,15/9-19 BT2,4091.178,2,5.51613092422,5.16710107376,247.671046394,174.405611806,174.405611806
reservoir_property_p51_r1-645867ec61a985871c4c,15/9-19,15/9-19 BT2,4093.3116,0,5.74255466461,4.7361086169,310.860092141,112.989759669,112.989759669
reservoir_property_p51_r1-cfdf9b0049feed6a747f,15/9-19,15/9-19 BT2,4095.4452,0,0.40539842844,4.09528266758,0.499899983832,59.0563127311,59.0563127311
reservoir_property_p51_r1-52b3257a3ea06c05215f,15/9-19,15/9-19 BT2,4097.5788,3,2.97268891335,3.62110533158,18.5444022077,36.3788610319,36.3788610319
reservoir_property_p51_r1-c192d53d443568006318,15/9-19,15/9-19 BT2,4099.7124,3,0.0953101813793,3.00346242741,0.100000001732,19.1552021727,19.1552021727
reservoir_property_p51_r1-7e7e6dcc83e62f16b2a7,15/9-19,15/9-19 BT2,4101.846,3,0.57408207655,3.13863989394,0.77550000559,22.0724645095,22.0724645095
reservoir_property_p51_r1-8053c6131cedcb32f61b,15/9-19,15/9-19 BT2,4103.9796,1,0.0288789588958,3.61735908101,0.0292999993262,36.2390924203,36.2390924203
reservoir_property_p51_r1-fb3cceeb3a4ce1d6fd01,15/9-19,15/9-19 BT2,4106.1132,2,6.37448692322,5.24766844689,585.684339594,189.122470653,189.122470653
reservoir_property_p51_r1-4e718ca88f4887b2bd0c,15/9-19,15/9-19 BT2,4108.2468,1,6.56047010422,6.25144990241,705.603793952,517.764437462,517.764437462
reservoir_property_p51_r1-b418c56149f6ec7619f3,15/9-19,15/9-19 BT2,4110.3804,1,7.1165766716,6.32840079448,1231.22489441,559.259906313,559.259906313
reservoir_property_p51_r1-50ec9c8e748675c1780b,15/9-19,15/9-19 BT2,4112.514,1,6.45816612244,6.20519986872,636.890170795,494.317944613,494.317944613
reservoir_property_p51_r1-61e6173eb6face567e7b,15/9-19,15/9-19 BT2,4114.6476,2,6.46938514709,6.25100358589,644.086971406,517.532955986,517.532955986
reservoir_property_p51_r1-2b215e73c517e3d41ddc,15/9-19,15/9-19 BT2,4116.7812,3,5.10634422302,6.3459625003,164.065806724,569.185929817,569.185929817
reservoir_property_p51_r1-b8eed999fd8eda807685,15/9-19,15/9-19 BT2,4118.9148,2,6.92309761047,6.60507570773,1014.46062927,737.835802677,737.835802677
reservoir_property_p51_r1-da56dacb5179280cfe8f,15/9-19,15/9-19 BT2,4121.0484,1,6.61621904373,6.62778696015,746.114941215,754.807685943,754.807685943
reservoir_property_p51_r1-2670d98ab1ae8e8fa0c3,15/9-19,15/9-19 BT2,4123.182,3,7.10835790634,6.96229611702,1221.13903071,1055.05560277,1055.05560277
reservoir_property_p51_r1-bc5d03ad223768b5016a,15/9-19,15/9-19 BT2,4125.3156,2,6.7308473587,6.65799779092,836.856930604,777.989674465,777.989674465
reservoir_property_p51_r1-be076e89fde786b423f8,15/9-19,15/9-19 BT2,4127.4492,2,7.14233779907,6.59012499646,1263.38080495,726.871845617,726.871845617
reservoir_property_p51_r1-56b8b3420a07934e1600,15/9-19,15/9-19 BT2,4129.5828,2,7.95824050903,6.72553996492,2858.03807273,832.421873647,832.421873647
reservoir_property_p51_r1-16ddefd7012a9ec1d84e,15/9-19,15/9-19 BT2,4131.7164,3,0.0953101813793,6.87962778666,0.100000001732,971.264402648,971.264402648
reservoir_property_p51_r1-be453fb7f5b5fb6d6dc7,15/9-19,15/9-19 BT2,4133.85,1,7.37011528015,6.77196770015,1586.81681626,872.028062434,872.028062434
reservoir_property_p51_r1-0e5276b6055c5f46c990,15/9-19,15/9-19 BT2,4135.9836,0,7.02704668045,5.93323236228,1125.69819196,376.37234867,376.37234867
reservoir_property_p51_r1-75f3af5dea0fc3b8bc18,15/9-19,15/9-19 BT2,4138.1172,0,6.46736335754,5.79726019604,642.784058859,328.395842437,328.395842437
reservoir_property_p51_r1-d8f352d5bffdfa9933a0,15/9-19,15/9-19 BT2,4140.2508,3,3.03846120834,4.68930647099,19.8730991591,107.777713141,107.777713141
reservoir_property_p51_r1-f57780042299ff0bb4c0,15/9-19,15/9-19 BT2,4142.3844,1,1.21879243851,3.9003084133,2.38309996476,48.4176878275,48.4176878275
reservoir_property_p51_r1-f7df0942c045e791ea97,15/9-19,15/9-19 BT2,4144.518,1,2.42003917694,4.24081156285,10.2462999019,68.4642035365,68.4642035365
reservoir_property_p51_r1-f77f21a917f8e2bb4453,15/9-19,15/9-19 BT2,4146.6516,3,2.66706156731,3.52057617257,13.3976005944,32.8038997337,32.8038997337
reservoir_property_p51_r1-90ae4a78ff185f815bbe,15/9-19,15/9-19 BT2,4148.7852,1,1.51859378815,4.4684390865,3.56580019639,86.2204730897,86.2204730897
reservoir_property_p51_r1-caf20a32eb1cce9b728d,15/9-19,15/9-19 BT2,4150.9188,2,5.7008934021,5.3087250425,298.134529039,201.092404838,201.092404838
reservoir_property_p51_r1-b5581e403eb22a9df522,15/9-19,15/9-19 BT2,4153.0524,1,5.05105161667,4.7444592624,155.186626613,113.945633269,113.945633269
reservoir_property_p51_r1-3fe00fa7843c63cb5069,15/9-19,15/9-19 BT2,4155.186,1,1.37589037418,3.94296297457,2.95859978932,50.5711792391,50.5711792391
reservoir_property_p51_r1-ee8199ff3b3d3a92dd3b,15/9-19,15/9-19 BT2,4157.3196,3,6.18943548203,4.47018947192,486.570786037,86.3732762274,86.3732762274
reservoir_property_p51_r1-14303b1a409ae943241b,15/9-19,15/9-19 BT2,4159.4532,0,5.5591878891,4.58897614557,258.611917022,97.3936378106,97.3936378106
reservoir_property_p51_r1-2424110cfa656c3e20ed,15/9-19,15/9-19 BT2,4161.5868,1,5.01096200943,4.44093655313,149.049015307,83.8543751017,83.8543751017
reservoir_property_p51_r1-e4dcb87f43964bc42283,15/9-19,15/9-19 BT2,4163.7204,1,0.0953101813793,2.60961019952,0.100000001732,12.5937509683,12.5937509683
reservoir_property_p51_r1-fa279f41172f2b46d8a7,15/9-19,15/9-19 BT2,4165.854,1,0.10029771924,1.54280163579,0.105499997706,3.67767707772,3.67767707772
reservoir_property_p51_r1-9a82322911d1538fb107,15/9-19,15/9-19 BT2,4167.9876,2,1.00393521786,1.9675392846,1.72899993486,6.15305318616,6.15305318616
reservoir_property_p51_r1-a5404e09df17407de685,15/9-19,15/9-19 BT2,4170.1212,1,2.19393014908,2.7847437806,7.97039893175,15.1956677009,15.1956677009
reservoir_property_p51_r1-b61032c8988d22de110d,15/9-19,15/9-19 BT2,4172.2548,3,3.29002380371,2.66558251037,25.8435026233,13.3763214638,13.3763214638
reservoir_property_p51_r1-5fd52a891c14eb2ec674,15/9-19,15/9-19 BT2,4174.3884,0,2.03877568245,2.69256326696,6.68119921264,13.769485576,13.769485576
reservoir_property_p51_r1-632b8d072ab14d84370f,15/9-19,15/9-19 BT2,4176.522,1,0.112346060574,2.05708553901,0.118900000831,6.82313632716,6.82313632716
reservoir_property_p51_r1-627fafe2433e9e258195,15/9-19,15/9-19 BT2,4178.6556,0,0,0.394733629207,0,0.483988846983,0.483988846983
reservoir_property_p51_r1-acc3e9ed568068a231eb,15/9-19,15/9-19 BT2,4180.7892,1,3.93211579323,-2.3113146898,50.0148003328,-0.900869160451,0
reservoir_property_p51_r1-51047cca1addf691de5a,15/9-19,15/9-19 BT2,4182.9228,0,0.00657831551507,-0.426373045124,0.00660000015597,-0.347127254307,0
reservoir_property_p51_r1-1778b37e8d76204de6b5,15/9-19,15/9-19 BT2,4185.0564,2,0,-0.169540331883,0,-0.155947288442,0
reservoir_property_p51_r1-3732931f1dab15fb1ae8,15/9-19,15/9-19 BT2,4187.19,2,1.65460240841,-1.34198010986,4.23099970717,-0.738672301622,0
reservoir_property_p51_r1-803d8dda07685417ac15,15/9-19,15/9-19 BT2,4189.3236,1,0.0153811024502,-2.52843511029,0.0155000004183,-0.920216224544,0
reservoir_property_p51_r1-5d3a90b792abbdfd0416,15/9-19,15/9-19 BT2,4191.4572,1,0.00139902089722,-1.47546796782,0.00139999998349,-0.77132830899,0
reservoir_property_p51_r1-bc9998907f1ed9056af2,15/9-19,15/9-19 BT2,4193.5908,3,9.99949988909e-05,-2.4714031557,9.99999985575e-05,-0.915533743497,0
reservoir_property_p51_r1-3732ebca88252773d1c6,15/9-19,15/9-19 BT2,4195.7244,2,0.000199980000616,-3.37432873134,0.000199999997949,-0.965758904427,0
reservoir_property_p51_r1-a9cfe829449d62897cbd,15/9-19,15/9-19 SR,4269.9432,1,0,1.36594689303,0,2.91943257883,2.91943257883
reservoir_property_p51_r1-ce358540f331435b66ce,15/9-19,15/9-19 SR,4273.9056,1,0,-0.441108555104,0,-0.356677133198,0
reservoir_property_p51_r1-973bba9c487f6d73cebf,15/9-19,15/9-19 SR,4276.0392,1,0,-0.24784520149,0,-0.219519248815,0
reservoir_property_p51_r1-d68e98e909894fe502d6,15/9-19,15/9-19 SR,4278.1728,1,0,-0.436011084097,0,-0.353389441198,0
reservoir_property_p51_r1-28b363ee45458e731cb9,15/9-19,15/9-19 SR,4280.3064,3,0,-0.693918055713,0,-0.500385289053,0
reservoir_property_p51_r1-f993a075275f6edf91a1,15/9-19,15/9-19 SR,4282.44,2,0,-0.449842145353,0,-0.362271187867,0
reservoir_property_p51_r1-3e030bdce98d6f8dd264,15/9-19,15/9-19 SR,4284.5736,3,0,-0.23709965231,0,-0.211087332869,0
reservoir_property_p51_r1-7891ab9dbb0ef5c467e6,15/9-19,15/9-19 SR,4286.7072,3,0,-0.347619163359,0,-0.29363216425,0
reservoir_property_p51_r1-434c7020b5853ed800b6,15/9-19,15/9-19 SR,4288.8408,2,0,-0.516698416809,0,-0.403513349141,0
reservoir_property_p51_r1-9e714c3b24a10192ce2e,15/9-19,15/9-19 SR,4290.9744,1,0,-0.458494444193,0,-0.36776520591,0
reservoir_property_p51_r1-86ac012091ab82f4544d,15/9-19,15/9-19 SR,4293.108,1,0,0.143184970307,0,0.153943227159,0.153943227159
reservoir_property_p51_r1-30bf9051d53730f79a53,15/9-19,15/9-19 SR,4295.2416,2,0,-0.0293758382557,0,-0.0289485624032,0
reservoir_property_p51_r1-ab62a2045b781330f8c6,15/9-19,15/9-19 SR,4297.375,2,0,-0.453366701225,0,-0.364514942255,0
reservoir_property_p51_r1-e0a592a358fb01109913,15/9-19,15/9-19 SR,4299.5088,0,0,-0.802932370886,0,-0.551986705097,0
reservoir_property_p51_r1-aad3053a7097065a6859,15/9-F-1,15/9-F-1 A,3430.6,2,0.00189819734078,-3.38726818428,0.00190000005781,-0.966199111311,0
reservoir_property_p51_r1-75ae061e8f9000495219,15/9-F-1,15/9-F-1 A,3432.6,1,0.000999500276521,-3.33802229495,0.000999999943381,-0.96449288908,0
reservoir_property_p51_r1-0a608aa6cdb2229c0489,15/9-F-1,15/9-F-1 A,3434.6,1,0.000999500276521,-0.188438802518,0.000999999943381,-0.171748811225,0
reservoir_property_p51_r1-6910121701041a982dc0,15/9-F-1,15/9-F-1 A,3436.6,0,4.95460653305,3.31742436687,140.826791238,26.5891993124,26.5891993124
reservoir_property_p51_r1-f9474c1ca000994ce73a,15/9-F-1,15/9-F-1 A,3438.6,1,3.96529841423,3.32282576137,51.7360042159,26.7386226457,26.7386226457
reservoir_property_p51_r1-9bb7f858c0054bd2f092,15/9-F-1,15/9-F-1 A,3440.6,1,2.25289058685,3.0249935844,8.5152006364,19.5938725887,19.5938725887
reservoir_property_p51_r1-134adcc7a7ef74b8b1fd,15/9-F-1,15/9-F-1 A,3442.6,1,3.35073542595,3.29094291873,27.5237030035,25.8681862314,25.8681862314
reservoir_property_p51_r1-a5ef3e955e2caf730929,15/9-F-1,15/9-F-1 A,3444.6,2,4.63788700104,3.13706689993,102.325789472,22.0362001902,22.0362001902
reservoir_property_p51_r1-c21a8e20da38350152a2,15/9-F-1,15/9-F-1 A,3446.6,0,1.31092405319,2.60624336773,2.70959999665,12.5480600553,12.5480600553
reservoir_property_p51_r1-6789f2fc7722bf724393,15/9-F-1,15/9-F-1 A,3448.6,2,4.53318119049,1.95738750692,92.0541135897,6.08080432816,6.08080432816
reservoir_property_p51_r1-9b3bf10d1cd101b1abdb,15/9-F-1,15/9-F-1 A,3450.6,0,0.163648292422,1.56880820661,0.177800001053,3.80092307449,3.80092307449
reservoir_property_p51_r1-cc78df5177291bcc05fe,15/9-F-1,15/9-F-1 A,3452.6,1,2.40564703941,0.397189886995,10.0856007828,0.487638386416,0.487638386416
reservoir_property_p51_r1-6404c6ada7cc14ccd560,15/9-F-1,15/9-F-1 A,3454.6,0,1.63375973701,3.04371400576,4.12310006371,19.9830297893,19.9830297893
reservoir_property_p51_r1-d569b961f92e47de34ec,15/9-F-1,15/9-F-1 A,3456.6,3,7.96789884567,5.1112548235,2885.78540575,164.878372413,164.878372413
reservoir_property_p51_r1-3d30c8bbdf16298b333d,15/9-F-1,15/9-F-1 A,3458.6,0,2.89234757423,4.64236589821,17.0355998519,102.789612992,102.789612992
reservoir_property_p51_r1-c771e76ce1b55bf86b75,15/9-F-1,15/9-F-1 A,3460.6,2,6.40865659714,4.53925361882,606.077583247,92.6208971596,92.6208971596
reservoir_property_p51_r1-aac1d578d62b49e27099,15/9-F-1,15/9-F-1 A,3462.6,2,3.42790746689,3.86312108058,29.8120999049,46.6137259794,46.6137259794
reservoir_property_p51_r1-51c0bb52d7a801e51ed1,15/9-F-1,15/9-F-1 A,3464.6,0,0.181154206395,1.67864757066,0.198599996828,4.35830434057,4.35830434057
reservoir_property_p51_r1-4fcd5e516330d8543cfa,15/9-F-1,15/9-F-1 A,3466.6,2,0.116092719138,0.469699505253,0.123100000169,0.599513475597,0.599513475597
reservoir_property_p51_r1-4a7af87c28d0acdb3166,15/9-F-1,15/9-F-1 A,3468.6,1,0.0747363492846,0.827952481163,0.0776000034167,1.28862793084,1.28862793084
reservoir_property_p51_r1-a7c937b526bbdf6495eb,15/9-F-1,15/9-F-1 A,3470.6,1,0.179985493422,1.63332014291,0.19719999572,4.12084847406,4.12084847406
reservoir_property_p51_r1-fd91be1e31f5fd815739,15/9-F-1,15/9-F-1 A,3472.6,2,0.883602261543,1.93716463567,1.41960005878,5.93904832166,5.93904832166
reservoir_property_p51_r1-51f76c40fbfdb1cd5f02,15/9-F-1,15/9-F-1 A,3474.6,3,0.888713955879,1.80707362521,1.43199998,5.09259211132,5.09259211132
reservoir_property_p51_r1-b2027021bb2ec38fadec,15/9-F-1,15/9-F-1 A,3476.6,2,0.0114343771711,0.923414141264,0.0114999995402,1.51787210305,1.51787210305
reservoir_property_p51_r1-50e39d5ae1f287b78378,15/9-F-1,15/9-F-1 A,3478.6,3,0.430157721043,1.74903653997,0.537500000529,4.74906101634,4.74906101634
reservoir_property_p51_r1-c821bc567d9ce6c62529,15/9-F-1,15/9-F-1 A,3480.6,0,2.16451764107,2.54739237275,7.71039936442,11.7737511344,11.7737511344
reservoir_property_p51_r1-1d1b55d28bbc1282df82,15/9-F-1,15/9-F-1 B,3251.3,0,4.88201093674,3.85905943138,130.89563115,46.4207279379,46.4207279379
reservoir_property_p51_r1-a7f5b50b7828b740f7f5,15/9-F-1,15/9-F-1 B,3253.3,2,4.53183460236,4.32700969888,91.9288923541,74.717529489,74.717529489
reservoir_property_p51_r1-8a0cde04ad7968b79dc1,15/9-F-1,15/9-F-1 B,3255.3,2,6.58073234558,4.14467255144,720.067206314,62.0969575107,62.0969575107
reservoir_property_p51_r1-c49556fbbe6bd89ff14c,15/9-F-1,15/9-F-1 B,3257.3,2,5.55041074753,1.92587960731,256.343237299,5.8611811575,5.8611811575
reservoir_property_p51_r1-447b0ea12ecbb91646b2,15/9-F-1,15/9-F-1 B,3259.3,0,0.335972100496,1.9465713617,0.399299984491,6.00463001908,6.00463001908
reservoir_property_p51_r1-43fa187b112e89a1f121,15/9-F-1,15/9-F-1 B,3261.3,3,5.43580150604,2.6638703456,228.476701549,13.3517278927,13.3517278927
reservoir_property_p51_r1-fca26ac5283f6c989911,15/9-F-1,15/9-F-1 B,3263.3,1,0.770802438259,2.50280749454,1.16150002839,11.2167443024,11.2167443024
reservoir_property_p51_r1-11d65665aa4d40745035,15/9-F-1,15/9-F-1 B,3265.3,0,8.39878845215,5.07291327366,4440.68217603,158.638721845,158.638721845
reservoir_property_p51_r1-212804f3c1ebd8e1a38b,15/9-F-1,15/9-F-1 B,3267.3,2,8.42761802673,6.53965550726,4570.59769002,691.04813141,691.04813141
reservoir_property_p51_r1-91f8c3e3fe8e4532fa25,15/9-F-1,15/9-F-1 B,3269.3,1,4.21882677078,4.21441450208,66.9537122225,66.6545426786,66.6545426786
reservoir_property_p51_r1-6804b84f98a8eeeae1bc,15/9-F-1,15/9-F-1 B,3271.3,3,6.12908267975,4.2394350084,458.014903829,68.3686480615,68.3686480615
reservoir_property_p51_r1-1dc81ceae51063db4b29,15/9-F-1,15/9-F-1 B,3273.3,1,7.61407136917,5.86264172578,2025.5120032,350.651885913,350.651885913
reservoir_property_p51_r1-3e8d1cf4320503754e2e,15/9-F-1,15/9-F-1 B,3275.3,0,6.21832370758,4.64468502627,500.861260296,103.03059372,103.03059372
reservoir_property_p51_r1-af2b8e676792777de942,15/9-F-1,15/9-F-1 B,3277.3,2,1.16343200207,2.84634763817,2.20089994176,16.2247557731,16.2247557731
reservoir_property_p51_r1-ef4ca2efde74bb98ec32,15/9-F-1,15/9-F-1 B,3279.3,3,4.48805999756,3.83605248298,87.9487176568,45.3421763618,45.3421763618
reservoir_property_p51_r1-0102c564ecdfe0fa7b57,15/9-F-1,15/9-F-1 B,3281.3,2,5.49245786667,3.9062441091,241.853375123,48.7118884685,48.7118884685
reservoir_property_p51_r1-9003136593df695f3de3,15/9-F-1,15/9-F-1 B,3283.3,0,2.75811576843,3.04859516321,14.7701004151,20.0857016363,20.0857016363
reservoir_property_p51_r1-fa77940f9659d8b0ae6e,15/9-F-1,15/9-F-1 B,3285.3,0,1.65807569027,2.96710236131,4.2492000327,18.4355208068,18.4355208068
reservoir_property_p51_r1-f721ec200134c2e177d3,15/9-F-1,15/9-F-1 B,3287.3,1,3.24536204338,3.55927486593,24.6710023945,34.1377083555,34.1377083555
reservoir_property_p51_r1-7cefea5c31860686b82f,15/9-F-1,15/9-F-1 B,3289.3,1,7.3860411644,5.69559579163,1612.3066383,296.554020981,296.554020981
reservoir_property_p51_r1-8f392a18ef7ebb897d89,15/9-F-1,15/9-F-1 B,3291.3,3,7.89103651047,7.19862338538,2672.21329875,1336.58815299,1336.58815299
reservoir_property_p51_r1-a1794b20e4c302e8b749,15/9-F-1,15/9-F-1 B,3293.3,2,8.13764572144,6.59571726386,3419.85473531,730.953702392,730.953702392
reservoir_property_p51_r1-da9ceeb7c0a1a928e2b1,15/9-F-1,15/9-F-1 B,3295.3,0,5.26018428802,4.5468903064,191.5169666,93.338587603,93.338587603
reservoir_property_p51_r1-979302475eaa572d2e54,15/9-F-1,15/9-F-1 B,3297.3,1,3.81915521622,3.35211813889,44.5656988936,27.5631703766,27.5631703766
reservoir_property_p51_r1-9f7deba1998be3a1c08f,15/9-F-1,15/9-F-1 B,3299.3,3,4.17161750793,3.41383540323,63.8202145689,29.3815465654,29.3815465654
reservoir_property_p51_r1-f15d7a36e61d5b540c60,15/9-F-1,15/9-F-1 B,3301.3,3,4.86420726776,3.85195283497,128.568185012,46.0849225925,46.0849225925
reservoir_property_p51_r1-c1d406b7e0c2f1f8a313,15/9-F-1,15/9-F-1 B,3303.3,1,5.51742506027,3.29879578093,247.993068885,26.0800090146,26.0800090146
reservoir_property_p51_r1-aeb895029f772745ce88,15/9-F-1,15/9-F-1 B,3305.3,0,0.00109939544927,1.03035777637,0.00110000000598,1.80206816916,1.80206816916
reservoir_property_p51_r1-4fd8f693147220acbbbf,15/9-F-1,15/9-F-1 B,3313.5,3,0.0444952398539,1.05373660877,0.0454999999658,1.86834901679,1.86834901679
reservoir_property_p51_r1-f48a8c765f4b5d8fe8e2,15/9-F-1,15/9-F-1 B,3315.5,3,0.0545828789473,0.933499074965,0.056100001243,1.54339314901,1.54339314901
reservoir_property_p51_r1-7c0918cccea0a1ed5fc7,15/9-F-1,15/9-F-1 B,3317.5,3,0.000999500276521,0.996374157508,0.000999999943381,1.70844361339,1.70844361339
reservoir_property_p51_r1-90916c854c0c8d605aec,15/9-F-1,15/9-F-1 B,3319.5,3,0.0658813714981,1.51181524716,0.068100002547,3.53495539211,3.53495539211
reservoir_property_p51_r1-14dc5ee09f52fc7a06c8,15/9-F-1,15/9-F-1 B,3321.5,1,0.0015987213701,1.64547127592,0.00160000000641,4.18345216759,4.18345216759
reservoir_property_p51_r1-df38cce6f2a353ca4c82,15/9-F-1,15/9-F-1 B,3323.5,0,0.00667765457183,0.783531329614,0.00669999981738,1.18918938093,1.18918938093
reservoir_property_p51_r1-ac8d27be352cd4be88de,15/9-F-1,15/9-F-1 B,3325.5,1,0.0044899052009,0.852960251342,0.00449999992772,1.34658305605,1.34658305605
reservoir_property_p51_r1-b40a81d12f8998ebacbd,15/9-F-1,15/9-F-1 B,3327.5,0,5.66364526749,2.23593471658,287.197286299,8.35522224805,8.35522224805
reservoir_property_p51_r1-770468663c804e3f3b51,15/9-F-1,15/9-F-1 B,3329.5,3,6.04460334778,3.57550169092,420.830404327,34.7125329756,34.7125329756
reservoir_property_p51_r1-47a98aa288dd56c7002f,15/9-F-1,15/9-F-1 B,3331.5,3,5.55912923813,3.76014848948,258.596690977,41.9548038418,41.9548038418
reservoir_property_p51_r1-ebdb5f9226406b8e60e7,15/9-F-1,15/9-F-1 B,3333.5,2,2.22616839409,3.63909097305,8.26430083715,37.0572259528,37.0572259528
reservoir_property_p51_r1-3dd64cebddac91036c1b,15/9-F-1,15/9-F-1 B,3335.5,3,5.44880485535,2.64702629719,231.480152396,13.1120112603,13.1120112603
reservoir_property_p51_r1-9bf7f09f56c31772e573,15/9-F-1,15/9-F-1 C,3256.4,0,5.64707136154,4.63003323464,282.460096887,101.517471185,101.517471185
reservoir_property_p51_r1-499c8257961ecf0b32c7,15/9-F-1,15/9-F-1 C,3258.4,0,7.0422706604,5.25129876475,1142.98225494,189.813930002,189.813930002
reservoir_property_p51_r1-9564e978f2d7f9ecffc1,15/9-F-1,15/9-F-1 C,3260.4,0,7.13693809509,5.51607841852,1256.5719224,247.657990088,247.657990088
reservoir_property_p51_r1-4ba15d2703aff84a4f66,15/9-F-1,15/9-F-1 C,3262.4,0,7.71511030197,5.56650771383,2240.97017788,260.519202734,260.519202734
reservoir_property_p51_r1-ddec7e403327aafa7547,15/9-F-1,15/9-F-1 C,3264.4,2,7.18769931793,5.66302536625,1322.05577068,287.018687808,287.018687808
reservoir_property_p51_r1-c0d1aa05916d64574a7d,15/9-F-1,15/9-F-1 C,3266.4,2,7.27482700348,4.60884602693,1442.50144982,99.3682605126,99.3682605126
reservoir_property_p51_r1-f95c1db32c44829f10fe,15/9-F-1,15/9-F-1 C,3268.4,0,0.923464953899,3.09800539809,1.51800004602,21.1537193326,21.1537193326
reservoir_property_p51_r1-58e03042adf77d71a7a9,15/9-F-1,15/9-F-1 C,3270.4,2,7.15897130966,4.50433079993,1284.58778074,89.4078228795,89.4078228795
reservoir_property_p51_r1-193e0d84a9e04194e714,15/9-F-1,15/9-F-1 C,3272.4,0,7.95363378525,5.83126276337,2844.89756462,339.788743022,339.788743022
reservoir_property_p51_r1-56a0121deac186e4c92e,15/9-F-1,15/9-F-1 C,3274.4,0,7.75529623032,5.73378266974,2332.90061449,308.136420493,308.136420493
reservoir_property_p51_r1-57540c878139f3e7b885,15/9-F-1,15/9-F-1 C,3276.4,2,7.4700922966,4.95967550551,1753.76863728,141.547532503,141.547532503
reservoir_property_p51_r1-7745b82b813f3281544d,15/9-F-1,15/9-F-1 C,3278.4,2,2.24429893494,1.28548355589,8.43379953033,2.61641627388,2.61641627388
reservoir_property_p51_r1-d9eea74e10622bfdb40f,15/9-F-1,15/9-F-1 C,3280.4,3,0.000999500276521,-1.96957406248,0.000999999943381,-0.860483731225,0
reservoir_property_p51_r1-9708bf89831e2e1ddbb9,15/9-F-1,15/9-F-1 C,3282.4,0,0.00618085917085,-1.32681432299,0.00620000009637,-0.734678856115,0
reservoir_property_p51_r1-3d6999b07016da8e4dd2,15/9-F-1,15/9-F-1 C,3284.4,1,0.0202927030623,-0.0918219871332,0.0204999997903,-0.0877324695499,0
reservoir_property_p51_r1-1e6ec50ba3f83871060c,15/9-F-1,15/9-F-1 C,3286.4,2,0.0347878262401,0.00590085527605,0.0354000007811,0.00591829961785,0.00591829961785
reservoir_property_p51_r1-61049786f69724dfd3c6,15/9-F-1,15/9-F-1 C,3288.4,3,0.0225439649075,0.0558546945823,0.0228000004834,0.0574440202277,0.0574440202277
reservoir_property_p51_r1-7498d21f09127b2ec9db,15/9-F-1,15/9-F-1 C,3290.4,2,0.0199986863881,0.0529713114768,0.0201999998791,0.0543993955239,0.0543993955239
reservoir_property_p51_r1-10e37b270250c49abbab,15/9-F-1,15/9-F-1 C,3292.4,0,0.109482012689,0.780987010244,0.115700002312,1.18362646391,1.18362646391
reservoir_property_p51_r1-b21a1cc4f346f7012cfe,15/9-F-1,15/9-F-1 C,3294.4,1,0.195566788316,0.83857633463,0.216000005803,1.31307159165,1.31307159165
reservoir_property_p51_r1-478bcbdead0a22362a21,15/9-F-1,15/9-F-1 C,3296.4,1,0.124162644148,0.769188650418,0.132200001729,1.15801463902,1.15801463902
reservoir_property_p51_r1-d9070657b0af55f701e2,15/9-F-1,15/9-F-1 C,3298.4,2,0.164327293634,0.881642933433,0.178600000251,1.41486390972,1.41486390972
reservoir_property_p51_r1-d11e3e84d76939e1557d,15/9-F-1,15/9-F-1 C,3300.4,0,0.0910282954574,0.945457899928,0.0952999968344,1.57399173941,1.57399173941
reservoir_property_p51_r1-df95c4ba92b23607f873,15/9-F-1,15/9-F-1 C,3302.4,2,0.284878134727,0.690818702456,0.329599986183,0.995348461397,0.995348461397
reservoir_property_p51_r1-1a8617e23f148c7b271c,15/9-F-1,15/9-F-1 C,3304.4,1,0.00478851655498,-0.0646444086065,0.00479999982234,-0.0625992642466,0
reservoir_property_p51_r1-a0a102296c2a569cf3c2,15/9-F-1,15/9-F-1 C,3306.4,1,0.0177416820079,-0.868698501647,0.0179000005413,-0.580502831017,0
reservoir_property_p51_r1-3b5ee07c5419afd8baf8,15/9-F-1,15/9-F-1 C,3308.4,2,0.00637960713357,-0.727390088058,0.00640000017061,-0.516831627157,0
reservoir_property_p51_r1-9142446fb331784e64d5,15/9-F-1,15/9-F-1 C,3310.4,1,0.0044899052009,-0.186913747549,0.00449999992772,-0.170484718974,0
reservoir_property_p51_r1-12495fa20fdce1b98b08,15/9-F-1,15/9-F-1 C,3312.4,3,0.0287818014622,-0.147448287777,0.0292000000378,-0.13709293999,0
reservoir_property_p51_r1-30b182a551d77c5f0219,15/9-F-1,15/9-F-1 C,3314.4,1,0.0116320839152,-0.124558005821,0.0116999996818,-0.117112952707,0
reservoir_property_p51_r1-60ce6548930e488162d8,15/9-F-1,15/9-F-1 C,3316.4,1,0.0156764797866,-0.113141498507,0.015800000408,-0.106975710428,0
reservoir_property_p51_r1-1bf6e850daad7da40b38,15/9-F-1,15/9-F-1 C,3318.4,2,0.0135083496571,-0.148409015431,0.0135999996273,-0.137921560563,0
reservoir_property_p51_r1-83dcbf16c7e8335ab152,15/9-F-1,15/9-F-1 C,3320.4,0,0.0200967025012,-0.0707167702575,0.0203000008183,-0.0682742527965,0
reservoir_property_p51_r1-b554df2ec8e93aa807c0,15/9-F-1,15/9-F-1 C,3322.4,1,0.0126200309023,-0.344987733039,0.0126999995405,-0.291770958767,0
reservoir_property_p51_r1-7b9a0e09bf3b95d71bf8,15/9-F-1,15/9-F-1 C,3324.4,0,0.00518652657047,-0.00887286658573,0.00519999988256,-0.0088336188707,0
reservoir_property_p51_r1-02e8e4cb18f3b3035495,15/9-F-1,15/9-F-1 C,3326.4,2,0.0836055874825,0.137052236848,0.087200003944,0.146888056773,0.146888056773
reservoir_property_p51_r1-e5770a80806c46b505c3,15/9-F-1,15/9-F-1 C,3328.4,2,0.0356566756964,0.226429253931,0.0362999984335,0.254113883067,0.254113883067
reservoir_property_p51_r1-d76c4522f03a16e172db,15/9-F-1,15/9-F-1 C,3330.4,1,0.0736221373081,0.241721086846,0.0763999972417,0.273438964401,0.273438964401
reservoir_property_p51_r1-5956aa274dd7175206b7,15/9-F-1,15/9-F-1 C,3332.4,3,0.0263497754931,0.0478865917652,0.0267000001749,0.0490516774791,0.0490516774791
reservoir_property_p51_r1-96bcb573591fdb17de4a,15/9-F-1,15/9-F-1 C,3334.4,3,0.00229735905305,-0.71338933775,0.00230000000437,-0.510019330056,0
reservoir_property_p51_r1-3114e073eda52e0924ce,15/9-F-1,15/9-F-1 C,3336.4,1,0.00329456687905,-1.18872910264,0.00329999992939,-0.695391856141,0
reservoir_property_p51_r1-624fba37885a1612e998,15/9-F-1,15/9-F-1 C,3338.4,2,0.00468898937106,-0.120782441493,0.00469999988439,-0.113773255211,0
reservoir_property_p51_r1-6d87c0e47d60c7e461c3,15/9-F-1,15/9-F-1 C,3340.4,0,0.514857470989,1.5487251571,0.673399976756,3.70546762526,3.70546762526
reservoir_property_p51_r1-95e61c82088ed71d3273,15/9-F-1,15/9-F-1 C,3342.4,3,1.52783727646,2.8570044465,3.60819977525,16.4092982644,16.4092982644
reservoir_property_p51_r1-33dc5df2eb7012f994c0,15/9-F-1,15/9-F-1 C,3344.4,0,1.86252856255,2.97221091494,5.44000014445,18.5350622472,18.5350622472
reservoir_property_p51_r1-509d4aa6b57df80c13ba,15/9-F-1,15/9-F-1 C,3346.4,2,1.07966732979,2.46481249399,1.94370010682,10.7612766351,10.7612766351
reservoir_property_p51_r1-ef3cf5c9a46c439f78e7,15/9-F-1,15/9-F-1 C,3348.4,3,0.398910343647,2.71357519491,0.49020000672,14.0831042709,14.0831042709
reservoir_property_p51_r1-0cb716fa81edb00e4c5f,15/9-F-1,15/9-F-1 C,3350.4,0,1.88461208344,2.95858858646,5.58379998152,18.2707535495,18.2707535495
reservoir_property_p51_r1-a5908c4ca521784f5656,15/9-F-1,15/9-F-1 C,3352.4,1,1.62479937077,2.61353416345,4.07740026006,12.6471971486,12.6471971486
reservoir_property_p51_r1-bdbe752575d8d6c5a091,15/9-F-1,15/9-F-1 C,3354.4,0,0.739744484425,2.25962579224,1.09540003874,8.57950377134,8.57950377134
reservoir_property_p51_r1-7e34034854d7aa9720f7,15/9-F-1,15/9-F-1 C,3356.4,2,2.18735384941,2.50478352784,7.91160045036,11.240908863,11.240908863
reservoir_property_p51_r1-b3c629b058da5928c7f7,15/9-F-1,15/9-F-1 C,3358.4,3,1.21734297276,2.87869229735,2.37819982937,16.7909926327,16.7909926327
reservoir_property_p51_r1-0eb06cea201ee5fed6ee,15/9-F-1,15/9-F-1 C,3360.4,3,1.23206448555,2.21153914526,2.42829991106,8.1297576077,8.1297576077
reservoir_property_p51_r1-7ca86d62982fd6d08d3b,15/9-F-1,15/9-F-1 C,3362.4,3,0.470316082239,2.11206504258,0.600500002899,7.26529185308,7.26529185308
reservoir_property_p51_r1-042e1ca7c88533c0826d,15/9-F-1,15/9-F-1 C,3364.4,0,1.25096130371,2.30742681875,2.49369985034,9.04853465849,9.04853465849
reservoir_property_p51_r1-4a3756bcdc4ebc7c7260,15/9-F-1,15/9-F-1 C,3366.4,0,0.978175759315,2.41316738119,1.65960006322,10.1692825528,10.1692825528
reservoir_property_p51_r1-a69a0b89ba0cba756b80,15/9-F-1,15/9-F-1 C,3368.4,0,0.453493088484,1.60023752723,0.573800017886,3.9542090442,3.9542090442
reservoir_property_p51_r1-a8e97937674cde660c3c,15/9-F-1,15/9-F-1 C,3370.4,3,0.0726926848292,0.333622812901,0.0753999993933,0.396016484849,0.396016484849
reservoir_property_p51_r1-a9e3ea21dc6a5404082c,15/9-F-1,15/9-F-1 C,3372.4,3,0.00139902089722,0.126190380249,0.00139999998349,0.134498133762,0.134498133762
reservoir_property_p51_r1-befcd435662d9692828f,15/9-F-1,15/9-F-1 C,3374.4,2,0.0892921090126,-0.100191154935,0.0934000016771,-0.0953355295713,0
reservoir_property_p51_r1-00dc6341a8a3a054bd46,15/9-F-1,15/9-F-1 C,3376.4,3,0.0420052930713,0.494663384827,0.0428999988802,0.639946115391,0.639946115391
reservoir_property_p51_r1-2466e2b1be0244cefaa7,15/9-F-1,15/9-F-1 C,3378.4,3,0.532273948193,0.996986401679,0.702799988456,1.71010234993,1.71010234993
reservoir_property_p51_r1-a1c997337cac1f85b308,15/9-F-1,15/9-F-1 C,3380.4,2,0.18598151207,1.27216110224,0.204399993309,2.56855625005,2.56855625005
reservoir_property_p51_r1-36741033958274258596,15/9-F-1,15/9-F-1 C,3382.4,1,0.401858597994,1.49638289731,0.494599978298,3.46550762338,3.46550762338
reservoir_property_p51_r1-48d528494f86f7e4cef3,15/9-F-1,15/9-F-1 C,3384.4,1,0.111004561186,1.13170940376,0.117400003512,2.1009527524,2.1009527524
reservoir_property_p51_r1-cd78ec5fe28cd0802b99,15/9-F-1,15/9-F-1 C,3386.4,1,0.312179535627,2.36037992723,0.366399988488,9.59497600778,9.59497600778
reservoir_property_p51_r1-1da1f447911489c8c336,15/9-F-1,15/9-F-1 C,3388.4,1,5.17725753784,4.09746743045,176.196190183,59.1876649678,59.1876649678
reservoir_property_p51_r1-129fa5e4ee0fb8d647a1,15/9-F-1,15/9-F-1 C,3390.4,1,3.90474653244,4.07492387143,48.6374968223,57.8460005561,57.8460005561
reservoir_property_p51_r1-08923321315a5a9dec40,15/9-F-1,15/9-F-1 C,3392.4,2,4.65629386902,4.00428945547,104.245305582,53.8328493725,53.8328493725
reservoir_property_p51_r1-146f429acf27e2366c6a,15/9-F-1,15/9-F-1 C,3394.4,1,4.41632080078,4.24253052218,81.7911192978,68.5837123632,68.5837123632
reservoir_property_p51_r1-e06f3962b5b7c6016511,15/9-F-1,15/9-F-1 C,3396.4,3,4.81545305252,4.40797506025,122.402707555,81.1030413514,81.1030413514
reservoir_property_p51_r1-c946bb78d9d6171c6577,15/9-F-1,15/9-F-1 C,3398.4,1,4.59297418594,4.36614101323,97.787806974,77.7391911641,77.7391911641
reservoir_property_p51_r1-0cbdb74b4232a9418edc,15/9-F-1,15/9-F-1 C,3400.4,2,4.61050987244,4.27651833783,99.5353967982,70.989360541,70.989360541
reservoir_property_p51_r1-70d0a995ec8fea1db94e,15/9-F-1,15/9-F-1 C,3402.4,3,4.82193088531,4.30736684308,123.204684393,73.2447332928,73.2447332928
reservoir_property_p51_r1-a79575295799e7c4fb74,15/9-F-1,15/9-F-1 C,3404.4,0,4.53750371933,4.29930898254,92.4572132566,72.6488834474,72.6488834474
reservoir_property_p51_r1-655f050da4672440946f,15/9-F-1,15/9-F-1 C,3406.4,2,4.64619493484,4.01840686739,103.187789051,54.612437228,54.612437228
reservoir_property_p51_r1-7042a59b12e123430ec3,15/9-F-1,15/9-F-1 C,3408.4,3,4.81386327744,4.26702333068,122.206680866,70.3090559077,70.3090559077
reservoir_property_p51_r1-e424a28794876a3269fb,15/9-F-1,15/9-F-1 C,3410.4,1,4.74982690811,4.20477874971,114.564279557,66.0057709797,66.0057709797
reservoir_property_p51_r1-295d9f6532ae86f3e955,15/9-F-1,15/9-F-1 C,3412.4,0,4.90987253189,4.22213242393,134.622125811,67.1787153114,67.1787153114
reservoir_property_p51_r1-035713e249d526b47f61,15/9-F-1,15/9-F-1 C,3414.4,0,4.53206062317,4.28620648036,91.9498985917,71.6901931278,71.6901931278
reservoir_property_p51_r1-47dbad30b85efd0d33ba,15/9-F-1,15/9-F-1 C,3416.4,0,5.04540300369,4.18249444501,154.306875833,64.529108271,64.529108271
reservoir_property_p51_r1-bd689894576fc8da0e9f,15/9-F-1,15/9-F-1 C,3418.4,0,1.36092531681,2.08228616021,2.89980018345,7.02278934637,7.02278934637
reservoir_property_p51_r1-16dfb7f5cedcf2890a6d,15/9-F-1,15/9-F-1 C,3420.4,3,1.01334488392,0.596351933456,1.75480010807,0.815483699758,0.815483699758
reservoir_property_p51_r1-10a9e848853f426e04bb,15/9-F-1,15/9-F-1 C,3422.4,3,0.137672811747,0.994612774991,0.147600007599,1.70367720712,1.70367720712
reservoir_property_p51_r1-cc9289b606e1860ad4eb,15/9-F-1,15/9-F-1 C,3424.4,0,0.106519840658,0.621380392285,0.112399996974,0.861495863667,0.861495863667
reservoir_property_p51_r1-54886ca16b1925f87382,15/9-F-1,15/9-F-1 C,3426.4,2,0.0465018339455,-0.0777724004481,0.0476000003081,-0.0748250280083,0
reservoir_property_p51_r1-aa5844453c1caa83c139,15/9-F-1,15/9-F-1 C,3428.4,0,0.0545828789473,0.350941175505,0.056100001243,0.42040376892,0.42040376892
reservoir_property_p51_r1-77819e732b1bb114c966,15/9-F-1,15/9-F-1 C,3430.4,3,0.17906627059,0.899600704134,0.196100007794,1.45862119785,1.45862119785
reservoir_property_p51_r1-b7d3facbf450ab5752c6,15/9-F-1,15/9-F-1 C,3432.4,0,0.24896723032,0.822832965898,0.282699998713,1.27694120592,1.27694120592
reservoir_property_p51_r1-7c835c15e6de2d684c99,15/9-F-1,15/9-F-1 C,3434.4,3,0.0231304168701,0.763852257628,0.0233999994691,1.14652929766,1.14652929766
reservoir_property_p51_r1-2bd7e9b7fcce07983cf9,15/9-F-1,15/9-F-1 C,3436.4,1,0.256500959396,1.27196203952,0.292400005723,2.56784595421,2.56784595421
reservoir_property_p51_r1-bf9520af291b67fb38bf,15/9-F-1,15/9-F-1 C,3438.4,0,0.538304567337,1.48909181131,0.713099953032,3.43306762834,3.43306762834
reservoir_property_p51_r1-e6629dba03b734f3197f,15/9-F-1,15/9-F-1 C,3440.4,0,0.370735615492,1.33546788622,0.448799982476,2.80177432815,2.80177432815
reservoir_property_p51_r1-46ee0e1cd9d073535586,15/9-F-1,15/9-F-1 C,3442.4,0,0.115469247103,1.39759644203,0.122399996966,3.04546476291,3.04546476291
reservoir_property_p51_r1-6f6aa3ba19a594fbbb03,15/9-F-1,15/9-F-1 C,3444.4,2,0.326998949051,0.869118175139,0.386800019723,1.38480694397,1.38480694397
reservoir_property_p51_r1-f97cfc8afce06e70e296,15/9-F-1,15/9-F-1 C,3446.4,0,0.156576305628,1.02984115394,0.169499998346,1.80062093177,1.80062093177
reservoir_property_p51_r1-018299254372bf512f17,15/9-F-1,15/9-F-1 C,3448.4,0,0.225540682673,1.06935815986,0.25300000847,1.91350889276,1.91350889276
reservoir_property_p51_r1-9923c0b7280967a24c7d,15/9-F-1,15/9-F-1 C,3450.4,1,0.192354395986,0.807530602001,0.212100004232,1.24236385534,1.24236385534
reservoir_property_p51_r1-12faccfa7a7f6ef68777,15/9-F-1,15/9-F-1 C,3452.4,0,0.378778845072,0.238155925009,0.460500003251,0.268907031741,0.268907031741
reservoir_property_p51_r1-a4c21308a01f49dbb210,15/9-F-1,15/9-F-1 C,3454.4,0,0.0141987195238,0.0228116503132,0.0143000001258,0.0230738257644,0.0230738257644
reservoir_property_p51_r1-cec5c89fe707a03f454d,15/9-F-1,15/9-F-1 C,3456.4,2,0.548063576221,1.04327795845,0.729899953034,1.83850628677,1.83850628677
reservoir_property_p51_r1-7bd9b54afb7e855f8314,15/9-F-1,15/9-F-1 C,3458.4,2,1.29395973682,2.15137932612,2.64719995225,7.59670788687,7.59670788687
reservoir_property_p51_r1-f1cc8ccb33f7752c90d6,15/9-F-1,15/9-F-1 C,3460.4,3,2.03994679451,2.3617155786,6.69020002713,9.60913665667,9.60913665667
reservoir_property_p51_r1-f422844cb54c2cc16ac3,15/9-F-1,15/9-F-1 C,3462.4,0,1.44354856014,2.16599308812,3.2356998155,7.72326058318,7.72326058318
reservoir_property_p51_r1-5abe2eb568bf7ca22524,15/9-F-1,15/9-F-1 C,3464.4,3,1.28295958042,2.05752330654,2.60730003733,6.82656179198,6.82656179198
reservoir_property_p51_r1-57385567ecc10b535038,15/9-F-1,15/9-F-1 C,3466.4,1,0.234834939241,1.18794479582,0.264699999162,2.2803325217,2.2803325217
reservoir_property_p51_r1-420d072da6e2d5bb7d09,15/9-F-1,15/9-F-1 C,3468.4,0,0.0160701796412,-0.420669777208,0.0161999994551,-0.343393107826,0
reservoir_property_p51_r1-b473273a84ec22ab820d,15/9-F-1,15/9-F-1 C,3470.4,2,0.00119928061031,-1.17036452707,0.00120000003487,-0.689746175267,0
reservoir_property_p51_r1-90af29f89bf9aff66598,15/9-F-1,15/9-F-1 C,3472.4,3,2.06511449814,1.10565559262,6.88620080127,2.02120449905,2.02120449905
reservoir_property_p51_r1-4fb4039b269c95b1337d,15/9-F-1,15/9-F-1 C,3474.4,1,0.25681039691,1.92525361721,0.292799984648,5.85688747009,5.85688747009
reservoir_property_p51_r1-278ca57c72495271d131,15/9-F-1,15/9-F-1 C,3476.4,2,0.112435430288,0.604628058174,0.119000001073,0.830571216249,0.830571216249
reservoir_property_p51_r1-07fb20999c750a3e438d,15/9-F-1,15/9-F-1 C,3478.4,1,0.0426762737334,0.863255974505,0.0435999994291,1.37086762465,1.37086762465
reservoir_property_p51_r1-a80c52b727d63883e9da,15/9-F-1,15/9-F-1 C,3480.4,2,3.5223968029,2.54589531029,32.8655001977,11.7546423382,11.7546423382
reservoir_property_p51_r1-af5d67f7074fa503cdf2,15/9-F-1,15/9-F-1 C,3482.4,2,4.2305727005,4.09789108425,67.7565978384,59.2131691027,59.2131691027
reservoir_property_p51_r1-6e16b250f6988bf60dd4,15/9-F-1,15/9-F-1 C,3484.4,3,3.58760786057,4.34103917304,35.1475025536,75.7872931767,75.7872931767
reservoir_property_p51_r1-29ce95d2f01d944f9d16,15/9-F-1,15/9-F-1 C,3486.4,2,4.36779975891,4.16340836029,77.8699078406,63.2902740133,63.2902740133
reservoir_property_p51_r1-a7ebe1b252d51d97de74,15/9-F-1,15/9-F-1 C,3488.4,3,3.42411923409,4.37902334836,29.6955973061,78.7600975229,78.7600975229
reservoir_property_p51_r1-531b69dc787f5f2ad92a,15/9-F-1,15/9-F-1 C,3490.4,3,5.7855386734,4.82036815749,324.557361979,123.010737858,123.010737858
reservoir_property_p51_r1-376389ed2845c6974776,15/9-F-1,15/9-F-1 C,3492.4,3,5.96994256973,5.32395531331,390.48318712,204.193885134,204.193885134
reservoir_property_p51_r1-397288f88a2bcc3ff57a,15/9-F-1,15/9-F-1 C,3494.4,1,6.11213684082,4.94512761826,450.302046193,139.488778641,139.488778641
reservoir_property_p51_r1-273b934d96084f1049e1,15/9-F-1,15/9-F-1 C,3496.4,3,1.53128170967,4.54265809356,3.62409977914,92.9401703095,92.9401703095
reservoir_property_p51_r1-541b5eda474ad6082248,15/9-F-1,15/9-F-1 C,3498.4,3,5.69715642929,4.75710306703,297.01875754,115.408210183,115.408210183
reservoir_property_p51_r1-f0029116f50ae2c7db64,15/9-F-1,15/9-F-1 C,3500.4,2,5.71500396729,5.06960677578,302.385406923,158.111748447,158.111748447
reservoir_property_p51_r1-e062cd592753855a09bf,15/9-F-1,15/9-F-1 C,3502.4,0,4.8073387146,4.45293187454,121.40542789,84.8783598389,84.8783598389
reservoir_property_p51_r1-b1cea273a5ab54ad211e,15/9-F-1,15/9-F-1 C,3504.4,2,1.09677731991,3.37915129549,1.9945001413,28.3458545824,28.3458545824
reservoir_property_p51_r1-115ac0c6d4eccbbbd80f,15/9-F-1,15/9-F-1 C,3506.4,0,3.24581360817,3.7170412353,24.682597133,40.1424829181,40.1424829181
reservoir_property_p51_r1-059bd7089a053c3b037c,15/9-F-1,15/9-F-1 C,3508.4,3,2.98675704002,4.08516044467,18.821298473,58.4514756582,58.4514756582
reservoir_property_p51_r1-ca49ee327c06f211ae65,15/9-F-1,15/9-F-1 C,3510.4,2,3.13611149788,3.81904132695,22.0142018677,44.5605097451,44.5605097451
reservoir_property_p51_r1-4969fbb6217de7f9edc5,15/9-F-1,15/9-F-1 C,3512.4,1,3.62207174301,4.17617072499,36.4150018513,64.1160280155,64.1160280155
reservoir_property_p51_r1-c2708d8460a4f55572d6,15/9-F-1,15/9-F-1 C,3514.4,1,4.4212064743,4.4640718484,82.1965993924,85.840391075,85.840391075
reservoir_property_p51_r1-f322933f287d0cbf8739,15/9-F-1,15/9-F-1 C,3516.4,3,4.55789613724,4.66683961613,94.3825966955,105.361068897,105.361068897
reservoir_property_p51_r1-6107aaa8e5c5e6008960,15/9-F-1,15/9-F-1 C,3518.4,2,4.73868846893,4.63617763015,113.284216046,102.149318246,102.149318246
reservoir_property_p51_r1-42889311602739c890d2,15/9-F-1,15/9-F-1 C,3520.4,1,5.40313577652,4.96322508154,221.101786939,142.054414884,142.054414884
reservoir_property_p51_r1-d37a13c28387a45c757b,15/9-F-1,15/9-F-1 C,3522.4,2,4.87975406647,4.78920348094,130.598295472,119.205584482,119.205584482
reservoir_property_p51_r1-2ab4be43e70c62f17a79,15/9-F-1,15/9-F-1 C,3524.4,0,4.9394993782,4.84935426209,138.700295039,126.657929661,126.657929661
reservoir_property_p51_r1-e53fa83d28066b44fa28,15/9-F-1,15/9-F-1 C,3526.4,2,4.77031421661,4.51402266718,116.956299967,90.2883033546,90.2883033546
reservoir_property_p51_r1-2de554a0096cda45e5d7,15/9-F-1,15/9-F-1 C,3528.4,2,5.02242088318,4.43443082671,150.778296917,83.3041275724,83.3041275724
reservoir_property_p51_r1-5ea70aa21fe0b50c1fb7,15/9-F-1,15/9-F-1 C,3530.4,3,3.9811964035,3.74021579844,52.5811005117,41.1070758259,41.1070758259
reservoir_property_p51_r1-cc24e773f3328312900e,15/9-F-1,15/9-F-1 C,3532.4,3,1.72006654739,2.77856078181,4.58490011246,15.095838846,15.095838846
reservoir_property_p51_r1-14eb5fda52afcd403bfa,15/9-F-1,15/9-F-1 C,3534.4,0,2.32087683678,2.48742031485,9.18460062442,11.0302019236,11.0302019236
reservoir_property_p51_r1-5349d788f079aa0f292f,15/9-F-1,15/9-F-1 C,3536.4,0,0.714615106583,2.11200218074,1.04340003966,7.26477229802,7.26477229802
reservoir_property_p51_r1-b407d7cf140705ef71d6,15/9-F-1,15/9-F-1 C,3538.4,3,1.13683891296,2.14265735923,2.11689998387,7.52205372413,7.52205372413
reservoir_property_p51_r1-16fd310aadd1eb7ac135,15/9-F-1,15/9-F-1 C,3540.4,3,2.45611262321,2.52276114579,10.6593988526,11.462961252,11.462961252
reservoir_property_p51_r1-f480cac782acd6ae76db,15/9-F-1,15/9-F-1 C,3542.4,3,2.16701745987,3.283117385,7.73220102327,25.6587488823,25.6587488823
reservoir_property_p51_r1-228c374d4a43deb8682c,15/9-F-1,15/9-F-1 C,3544.4,0,2.93629527092,4.18270575384,17.8458978764,64.5429566133,64.5429566133
reservoir_property_p51_r1-8d7cd3c1d080d1f47de2,15/9-F-1,15/9-F-1 C,3546.4,1,4.32304477692,4.81514031588,74.4179097702,122.364121042,122.364121042
reservoir_property_p51_r1-19aeee118c60d68728b4,15/9-F-1,15/9-F-1 C,3548.4,2,7.18435430527,4.51729539332,1317.63752603,90.5875543879,90.5875543879
reservoir_property_p51_r1-3e9f2275094b2a15ad3c,15/9-F-1,15/9-F-1 C,3550.4,3,5.07645750046,4.43407493378,159.20552152,83.2741296679,83.2741296679
reservoir_property_p51_r1-60553ef5dc98256e04a1,15/9-F-1,15/9-F-1 C,3552.4,1,5.17736434937,4.68484851526,176.215117788,107.293866198,107.293866198
reservoir_property_p51_r1-6bcbdac4ca3fde1b3973,15/9-F-1,15/9-F-1 C,3554.4,0,5.37287664413,4.74195352777,214.481841569,113.657970569,113.657970569
reservoir_property_p51_r1-8a64b2dd0fafb17d7fd0,15/9-F-1,15/9-F-1 C,3556.4,0,2.08874821663,3.02552532355,7.07480093368,19.604826069,19.604826069
reservoir_property_p51_r1-0b36bc3c87efb4d9a062,15/9-F-1,15/9-F-1 C,3558.4,2,1.23555862904,2.28277445339,2.44029983538,8.80384301689,8.80384301689
reservoir_property_p51_r1-ecda6d90aefd46db5dfa,15/9-F-1,15/9-F-1 C,3560.4,1,2.95311689377,3.24818958735,18.1655978603,24.7436909992,24.7436909992
reservoir_property_p51_r1-f4b6904caeb581cd3bea,15/9-F-1,15/9-F-1 C,3562.4,0,1.71680247784,2.51022994195,4.56670032886,11.3077598055,11.3077598055
reservoir_property_p51_r1-920184b86eec47ece7af,15/9-F-1,15/9-F-1 C,3564.4,3,0.482117474079,1.73079027512,0.619500023402,4.64511333876,4.64511333876
reservoir_property_p51_r1-51e85605fd57b9f8512b,15/9-F-1,15/9-F-1 C,3566.4,0,1.38839221001,2.0795541435,3.00840020365,7.00090086529,7.00090086529
reservoir_property_p51_r1-12b1beb64cec49035009,15/9-F-1,15/9-F-1 C,3568.4,3,1.33144211769,2.28771127539,2.78650003074,8.85236251228,8.85236251228
reservoir_property_p51_r1-020ee7cb98405c38863b,15/9-F-1,15/9-F-1 C,3570.4,1,1.47631788254,2.23111431752,3.37680008215,8.31023485917,8.31023485917
reservoir_property_p51_r1-01f78c5a1321f41faf70,15/9-F-1,15/9-F-1 C,3572.4,2,1.42445683479,2.35889899304,3.15560005227,9.57929715807,9.57929715807
reservoir_property_p51_r1-04f96c20139a985fd84e,15/9-F-1,15/9-F-1 C,3574.4,3,3.28614926338,3.2237632785,25.739697618,24.1224854178,24.1224854178
reservoir_property_p51_r1-ce2a35b2108ed6e2a4e2,15/9-F-1,15/9-F-1 C,3576.4,1,0.150744885206,2.37430945821,0.162699998272,9.74359172487,9.74359172487
reservoir_property_p51_r1-5780191eb16843701dc7,15/9-F-1,15/9-F-1 C,3578.4,0,1.48269486427,2.99414483876,3.40480003906,18.9682764902,18.9682764902
reservoir_property_p51_r1-c3d1c22850ea775acccd,15/9-F-1,15/9-F-1 C,3580.4,1,6.25887870789,4.8654819555,521.632587634,128.733449297,128.733449297
reservoir_property_p51_r1-acc1f6c62a70e2beade6,15/9-F-1,15/9-F-1 C,3582.4,2,6.09234905243,5.28551146256,441.45955203,196.455148542,196.455148542
reservoir_property_p51_r1-141b8d39565e10341099,15/9-F-1,15/9-F-1 C,3584.4,0,4.93057870865,5.12076391692,137.459616937,166.46324878,166.46324878
reservoir_property_p51_r1-8e5bddfc51f5e6c9022b,15/9-F-1,15/9-F-1 C,3586.4,0,4.68863391876,4.60992389243,107.704579044,99.4765023231,99.4765023231
reservoir_property_p51_r1-e5c9a087aadbcfdde0da,15/9-F-1,15/9-F-1 C,3588.4,3,2.27404165268,2.49074258258,8.71860075322,11.0702359403,11.0702359403
reservoir_property_p51_r1-bc24d74d84186a04eb02,15/9-F-1,15/9-F-1 C,3590.4,1,0.0924880206585,1.55256682208,0.0969000013419,3.72357922249,3.72357922249
reservoir_property_p51_r1-46fc8c67ad67e9d8a04b,15/9-F-1,15/9-F-1 C,3592.4,1,4.72709846497,3.18136198214,111.967307757,23.0795271143,23.0795271143
reservoir_property_p51_r1-c995a6c73686bffb2eef,15/9-F-1,15/9-F-1 C,3594.4,3,0.684812545776,2.65228187245,0.98340000398,13.1863732339,13.1863732339
reservoir_property_p51_r1-ea9e4a1f99295baec6ed,15/9-F-1,15/9-F-1 C,3596.4,2,0.0420052930713,0.179768525402,0.0428999988802,0.196940269786,0.196940269786
reservoir_property_p51_r1-7af0999630df8ffec28c,15/9-F-1,15/9-F-1 C,3598.4,3,0.00259662582539,0.0509753718391,0.00259999997807,0.0522969768248,0.0522969768248
reservoir_property_p51_r1-e89484f645dc390ed598,15/9-F-1,15/9-F-1 C,3600.4,1,1.53837144375,2.44029319054,3.65699990569,10.4764050229,10.4764050229
reservoir_property_p51_r1-082955a177ea861a3f6d,15/9-F-1,15/9-F-1 C,3602.4,1,5.2713599205,4.76614071712,193.680532555,116.465035269,116.465035269
reservoir_property_p51_r1-e5f827f0b74c4bb230cc,15/9-F-1,15/9-F-1 C,3604.4,2,4.99317932129,4.95934054643,146.404325006,141.499792908,141.499792908
reservoir_property_p51_r1-ff3e9c7a33ce0ecc7b2d,15/9-F-1,15/9-F-1 C,3606.4,1,4.58271598816,4.42025443631,96.7796021348,82.1174307606,82.1174307606
reservoir_property_p51_r1-c4e164834bb7bf5d0a12,15/9-F-1,15/9-F-1 C,3608.4,1,1.94304895401,2.30978588156,5.98000025991,9.07226776589,9.07226776589
reservoir_property_p51_r1-f436264f2c84463f062f,15/9-F-1,15/9-F-1 C,3610.4,1,0.0092570213601,0.51650277165,0.00930000009833,0.676155489046,0.676155489046
reservoir_property_p51_r1-e956d6449d92a5504421,15/9-F-1,15/9-F-1 C,3612.4,3,0.0135083496571,2.22108787235,0.0135999996273,8.21735271677,8.21735271677
reservoir_property_p51_r1-3e65d5315405fa2deb4e,15/9-F-1,15/9-F-1 C,3614.4,2,8.30122566223,5.65669903571,4027.8073259,285.202337858,285.202337858
reservoir_property_p51_r1-a8a4366930e9e156d433,15/9-F-1,15/9-F-1 C,3616.4,1,7.84162282944,7.34794615421,2543.33049973,1552.00362014,1552.00362014
reservoir_property_p51_r1-943cbea22a7b2e8cb4ec,15/9-F-1,15/9-F-1 C,3618.4,0,8.71453380585,7.39096777906,6089.79446274,1620.27438934,1620.27438934
reservoir_property_p51_r1-c50a9ba72d45442352e9,15/9-F-1,15/9-F-1 C,3620.4,0,8.37406158447,7.46336898567,4332.20002774,1742.0103537,1742.0103537
reservoir_property_p51_r1-755d1350f73139e1d4f5,15/9-F-1,15/9-F-1 C,3622.4,3,8.59076118469,7.59522931411,5380.70859092,1987.68583293,1987.68583293
reservoir_property_p51_r1-c98e3b901c340b1f666d,15/9-F-1,15/9-F-1 C,3624.4,2,8.41368579865,7.17649348679,4507.34678441,1307.31259018,1307.31259018
reservoir_property_p51_r1-bb56b5f28a0b8809e0d3,15/9-F-1,15/9-F-1 C,3626.4,2,7.66740512848,6.88847460872,2136.52763307,979.904013018,979.904013018
reservoir_property_p51_r1-65850f9e4cef9b13b7c0,15/9-F-1,15/9-F-1 C,3628.4,0,7.45430898666,6.27187548553,1726.29000236,528.469459578,528.469459578
reservoir_property_p51_r1-50ce5c055f12c947150e,15/9-F-1,15/9-F-1 C,3630.4,1,5.35938262939,6.10567407266,211.593656852,447.39479028,447.39479028
reservoir_property_p51_r1-5f77b5280ebee07f3ae1,15/9-F-1,15/9-F-1 C,3632.4,2,7.16299581528,6.04248861629,1289.77206106,419.939288857,419.939288857
reservoir_property_p51_r1-462eea1f6d1b021fff77,15/9-F-1,15/9-F-1 C,3634.4,2,6.35922336578,5.78201383048,576.79744483,323.411843489,323.411843489
reservoir_property_p51_r1-05327c09a59066db45b1,15/9-F-1,15/9-F-1 C,3636.4,0,7.12864971161,5.8954114996,1246.19176086,362.366330239,362.366330239
reservoir_property_p51_r1-8e1dd8eacee492aa5233,15/9-F-1,15/9-F-1 C,3638.4,1,6.16176795959,5.16543600978,473.265816871,174.113793257,174.113793257
reservoir_property_p51_r1-09416647b9e12df9554a,15/9-F-1,15/9-F-1 C,3640.4,1,3.36910104752,4.22805079689,28.0523985895,67.5834187881,67.5834187881
reservoir_property_p51_r1-9eb4db61688f7222b6fd,15/9-F-1,15/9-F-1 C,3642.4,1,2.76063632965,3.95641624508,14.8099000563,51.2696682095,51.2696682095
reservoir_property_p51_r1-08679c2ecbe07909fca7,15/9-F-1,15/9-F-1 C,3644.4,3,3.31554865837,4.05172015106,26.5374985197,56.4962743082,56.4962743082
reservoir_property_p51_r1-b18d2157b670a6e5b4dc,15/9-F-1,15/9-F-1 C,3646.4,0,4.63755321503,4.60572030251,102.291306524,99.0550267865,99.0550267865
reservoir_property_p51_r1-53cf7096323989062a21,15/9-F-1,15/9-F-1 C,3648.4,3,4.92415332794,4.86946318423,136.572813262,129.250977348,129.250977348
reservoir_property_p51_r1-7777c21deb3feed40606,15/9-F-1,15/9-F-1 C,3650.4,0,4.21551609039,4.23282516375,66.7291111963,67.9116441005,67.9116441005
reservoir_property_p51_r1-7d680256b2485f46d76c,15/9-F-1,15/9-F-1 C,3652.4,0,3.70113897324,3.87810640969,39.4933990025,47.332606209,47.332606209
reservoir_property_p51_r1-66f34d91b2025fcb6d4c,15/9-F-1,15/9-F-1 C,3654.4,2,3.34748721123,3.6028429304,27.431202204,35.7024287153,35.7024287153
reservoir_property_p51_r1-fe1a28ad8aff00800831,15/9-F-1,15/9-F-1 C,3656.4,1,2.48016214371,3.54573282239,10.9432007757,33.6650793826,33.6650793826
reservoir_property_p51_r1-c828206b0df30364f157,15/9-F-1,15/9-F-1 C,3658.4,0,2.08961462975,3.19236429143,7.08180007876,23.3459203022,23.3459203022
reservoir_property_p51_r1-cde2ac0b9ade74a04fff,15/9-F-1,15/9-F-1 C,3660.4,3,1.42724430561,2.99576948382,3.16719982565,19.0007442192,19.0007442192
reservoir_property_p51_r1-4db865c63ffe919895ac,15/9-F-1,15/9-F-1 C,3662.4,2,2.50002503395,2.83130836293,11.1827989405,15.9676461474,15.9676461474
reservoir_property_p51_r1-86afa6cae9bfcd2686f5,15/9-F-1,15/9-F-1 C,3664.4,1,1.29170894623,2.81832855681,2.63900010043,15.7488325413,15.7488325413
reservoir_property_p51_r1-750491a65bf0d0b28028,15/9-F-1,15/9-F-1 C,3666.4,0,2.06740689278,2.78737684803,6.90429982283,15.2383681778,15.2383681778
reservoir_property_p51_r1-3631a9a1369655d82557,15/9-F-1,15/9-F-1 C,3668.4,2,1.85238409042,2.72726891546,5.37499999604,14.2910687399,14.2910687399
reservoir_property_p51_r1-3e6867c523ff3a144175,15/9-F-1,15/9-F-1 C,3670.4,0,2.7421681881,2.25395780879,14.5206002218,8.52536088793,8.52536088793
reservoir_property_p51_r1-0b447027325c6e5f49d4,15/9-F-1,15/9-F-1 C,3672.4,1,0.00717420363799,0.593281370748,0.00719999988919,0.809917692972,0.809917692972
reservoir_property_p51_r1-21a0ea4df7de6e4dd932,15/9-F-1,15/9-F-1 C,3674.4,1,0.245218113065,0.870929130241,0.277900009498,1.38912963519,1.38912963519
reservoir_property_p51_r1-1efdb4696db59df31c18,15/9-F-1,15/9-F-1 C,3676.4,1,0.851005256176,1.91065605102,1.34199997892,5.75752062295,5.75752062295
reservoir_property_p51_r1-7947b9b012dae6a43f4c,15/9-F-1,15/9-F-1 C,3678.4,3,0.905108451843,2.31391727695,1.47220002317,9.11396636386,9.11396636386
reservoir_property_p51_r1-e2cf9faee7297db6c969,15/9-F-1,15/9-F-1 C,3680.4,1,2.70600819588,2.99447486418,13.9694011737,18.9748676168,18.9748676168
reservoir_property_p51_r1-553055e9b36e50046b00,15/9-F-1,15/9-F-1 C,3682.4,3,2.20048594475,3.02626109834,8.02940022311,19.6199921593,19.6199921593
reservoir_property_p51_r1-ff483c12531d6950262a,15/9-F-1,15/9-F-1 C,3684.4,1,2.24641680717,3.08616024478,8.4538002845,20.8928531807,20.8928531807
reservoir_property_p51_r1-1f14c31f5612f83ee856,15/9-F-1,15/9-F-1 C,3686.4,3,1.75215196609,2.90138568267,4.76699972008,17.1993464241,17.1993464241
reservoir_property_p51_r1-fcf6bf83664ef5eb81f5,15/9-F-1,15/9-F-1 C,3688.4,0,1.37163746357,2.63094970827,2.94179996765,12.8869521948,12.8869521948
reservoir_property_p51_r1-4fb444a44ffb4f81a844,15/9-F-1,15/9-F-1 C,3690.4,2,1.66727280617,2.30081323182,4.29770022283,8.98229707645,8.98229707645
reservoir_property_p51_r1-7d8d9c097b99b05820e4,15/9-F-1,15/9-F-1 C,3692.4,2,1.47075045109,2.40059139669,3.35250025431,10.0296973787,10.0296973787
reservoir_property_p51_r1-00ed150eb7a15dc9cb59,15/9-F-1,15/9-F-1 C,3694.4,3,1.59084618092,2.52988027515,3.90790014318,11.55200326,11.55200326
reservoir_property_p51_r1-f51858320ca43362c2ec,15/9-F-1,15/9-F-1 C,3696.4,3,1.57453584671,2.35568054213,3.82849993378,9.5453029432,9.5453029432
reservoir_property_p51_r1-a277a29e38073880c004,15/9-F-1,15/9-F-1 C,3698.4,3,1.8466578722,2.24724249191,5.33859967245,8.46160936655,8.46160936655
reservoir_property_p51_r1-9af0634fda669ec4fc3b,15/9-F-1,15/9-F-1 C,3700.4,1,1.23938822746,2.04932689397,2.45350006187,6.76267424456,6.76267424456
reservoir_property_p51_r1-29bfe1ded485b55a876e,15/9-F-1,15/9-F-1 C,3702.4,1,1.30708885193,1.96672099291,2.69540018104,6.14720229636,6.14720229636
reservoir_property_p51_r1-fdb0d3ceca7d61ac7bb9,15/9-F-1,15/9-F-1 C,3704.4,3,2.59728240967,3.53703710384,12.4271987825,33.3649484273,33.3649484273
reservoir_property_p51_r1-f96e00858f36f92b1c61,15/9-F-1,15/9-F-1 C,3706.4,0,8.52303981781,6.05599936507,5028.31875636,425.66508665,425.66508665
reservoir_property_p51_r1-7a034133acdf087e1891,15/9-F-1,15/9-F-1 C,3708.4,3,8.60577869415,7.10178959885,5462.13835636,1213.13795129,1213.13795129
reservoir_property_p51_r1-ae5a17fa94f325388b86,15/9-F-1,15/9-F-1 C,3710.4,3,8.11705684662,6.6065536475,3350.14328807,738.928564814,738.928564814
reservoir_property_p51_r1-04f0ee18c99474dc5f97,15/9-F-1,15/9-F-1 C,3712.4,2,6.45245265961,6.00681498112,633.256000749,405.187542839,405.187542839
reservoir_property_p51_r1-42cd80a89b9e1087c6f0,15/9-F-1,15/9-F-1 C,3714.4,3,7.89962387085,6.45506132238,2695.26799253,634.912720739,634.912720739
reservoir_property_p51_r1-f4da7a0fadf98f3d558d,15/9-F-1,15/9-F-1 C,3716.4,0,8.0199136734,6.78739755852,3039.91480978,885.603223872,885.603223872
reservoir_property_p51_r1-544fb09c4ecc246282e3,15/9-F-1,15/9-F-1 C,3718.4,2,7.87790346146,7.0904646113,2637.33538545,1199.46542086,1199.46542086
reservoir_property_p51_r1-d2db73d6e256ae6ce8d0,15/9-F-1,15/9-F-1 C,3720.4,2,7.82430076599,7.0648804743,2499.63696897,1169.14210104,1169.14210104
reservoir_property_p51_r1-36d1e4e75406d072cd0c,15/9-F-1,15/9-F-1 C,3722.4,1,7.88933038712,7.11535704969,2667.65635558,1229.72296201,1229.72296201
reservoir_property_p51_r1-301d29b88e575c32061c,15/9-F-1,15/9-F-1 C,3724.4,3,7.730717659,6.99410110373,2276.23589333,1089.18327548,1089.18327548
reservoir_property_p51_r1-2b731dbad4ce101b90ed,15/9-F-1,15/9-F-1 C,3726.4,3,8.21608352661,7.10093249381,3698.98308356,1212.09775338,1212.09775338
reservoir_property_p51_r1-69c796ded3f33619f96b,15/9-F-1,15/9-F-1 C,3728.4,2,7.94279670715,7.11482722517,2814.22286274,1229.07106752,1229.07106752
reservoir_property_p51_r1-2c90cecad42085f079ef,15/9-F-1,15/9-F-1 C,3730.4,2,7.60439014435,6.57778553289,2005.98754771,717.945484014,717.945484014
reservoir_property_p51_r1-4a03767ff0f43f036a53,15/9-F-1,15/9-F-1 C,3732.4,0,7.09384393692,6.39092077735,1203.52904671,595.405483598,595.405483598
reservoir_property_p51_r1-7f91fcd14cf138a3f53d,15/9-F-1,15/9-F-1 C,3734.4,0,8.00489330292,6.9651071189,2994.58046438,1058.0283533,1058.0283533
reservoir_property_p51_r1-8f04e325fef1065d0346,15/9-F-1,15/9-F-1 C,3736.4,3,8.26544094086,7.44077995094,3886.18661937,1703.07880083,1703.07880083
reservoir_property_p51_r1-ec21d52d906d0f369e76,15/9-F-1,15/9-F-1 C,3738.4,1,8.2866268158,7.42387950901,3969.41862727,1674.52111451,1674.52111451
reservoir_property_p51_r1-855139a01fcbd6557d7e,15/9-F-1,15/9-F-1 C,3740.4,2,7.94032001495,7.38972197704,2807.25904941,1618.25586004,1618.25586004
reservoir_property_p51_r1-3eb3ef12499abaeda580,15/9-F-1,15/9-F-1 C,3742.4,3,8.08306026459,7.33229655782,3238.13068144,1527.88892507,1527.88892507
reservoir_property_p51_r1-9bc204eaa04f0df93517,15/9-F-1,15/9-F-1 C,3744.4,2,7.81100273132,7.14467709129,2466.60353851,1266.34202335,1266.34202335
reservoir_property_p51_r1-b90f7bc267dce3c15a67,15/9-F-1,15/9-F-1 C,3746.4,3,7.80855894089,6.9440473539,2460.58059499,1035.95867188,1035.95867188
reservoir_property_p51_r1-124901640e377dadf018,15/9-F-1,15/9-F-1 C,3748.4,1,7.30761623383,6.77062300454,1490.61728106,870.854894383,870.854894383
reservoir_property_p51_r1-81f388b4a19d13d9d670,15/9-F-1,15/9-F-1 C,3750.4,2,7.63029146194,6.75040750359,2058.65024203,853.406865459,853.406865459
reservoir_property_p51_r1-21cde2aa1781f9502305,15/9-F-1,15/9-F-1 C,3752.4,3,7.67764663696,6.85617243372,2158.53162516,948.724966491,948.724966491
reservoir_property_p51_r1-f6c4f06b001d386c1d9f,15/9-F-1,15/9-F-1 C,3754.4,2,7.62585306168,7.06310420868,2049.52894679,1167.06546273,1167.06546273
reservoir_property_p51_r1-03868227a0f5c7bee779,15/9-F-1,15/9-F-1 C,3756.4,3,4.8073515892,6.52613282223,121.407003821,681.752773253,681.752773253
reservoir_property_p51_r1-6195601ca872235d6c6d,15/9-F-1,15/9-F-1 C,3758.4,1,5.36212253571,5.87114307268,212.176942263,353.65414412,353.65414412
reservoir_property_p51_r1-cac1e23aa51b219bd1b5,15/9-F-1,15/9-F-1 C,3760.4,1,7.71232414246,6.54596780595,2234.73238511,695.430362345,695.430362345
reservoir_property_p51_r1-08eef89c935957cec3d2,15/9-F-1,15/9-F-1 C,3762.4,2,7.77287864685,7.0048373367,2374.29910349,1100.95079348,1100.95079348
reservoir_property_p51_r1-045a290d36c59f5c285d,15/9-F-1,15/9-F-1 C,3764.4,0,7.84811115265,6.6504481203,2559.89261043,772.130703485,772.130703485
reservoir_property_p51_r1-8375a11f40380ac9f401,15/9-F-1,15/9-F-1 C,3766.4,3,5.5311589241,5.905165067,251.436296073,365.92778846,365.92778846
reservoir_property_p51_r1-4bd3cfa6eb02cd8d3ef3,15/9-F-1,15/9-F-1 C,3768.4,0,3.97015786171,5.56538384451,51.9928957285,260.225454424,260.225454424
reservoir_property_p51_r1-13216f41c5930253ffa5,15/9-F-1,15/9-F-1 C,3770.4,0,5.40674686432,5.64924496671,221.905265836,283.076897318,283.076897318
reservoir_property_p51_r1-9c1a7bcad9ced6680164,15/9-F-1,15/9-F-1 C,3772.4,1,5.57057285309,5.6320400425,261.584478493,278.231180455,278.231180455
reservoir_property_p51_r1-3366e4b81e8c570aa265,15/9-F-1,15/9-F-1 C,3774.4,2,4.84773492813,5.22360833206,126.451376124,184.602693393,184.602693393
reservoir_property_p51_r1-ba72feec459c4c4e5d46,15/9-F-1,15/9-F-1 C,3776.4,2,4.12247657776,4.88025674616,60.7118874555,130.664463893,130.664463893
reservoir_property_p51_r1-09b099dd412cb91038ef,15/9-F-1,15/9-F-1 C,3778.4,2,3.93243527412,4.57486870758,50.0311011907,96.015300927,96.015300927
reservoir_property_p51_r1-20ff2e8c938d64ad2aeb,15/9-F-1,15/9-F-1 C,3780.4,1,3.5619122982,4.59565600042,34.2305039987,98.0530931099,98.0530931099
reservoir_property_p51_r1-e8e76c27ca57a449b59b,15/9-F-1,15/9-F-1 C,3782.4,3,4.09391927719,4.78481456036,58.9744883234,118.679167764,118.679167764
reservoir_property_p51_r1-605aa0a32db7a01726a4,15/9-F-1,15/9-F-1 C,3784.4,1,4.40928554535,4.42372858847,81.2107066954,82.4066955462,82.4066955462
reservoir_property_p51_r1-ba446f63e05cfd361bf1,15/9-F-1,15/9-F-1 C,3786.4,2,1.81376552582,3.73026687435,5.1334998548,40.6902327331,40.6902327331
reservoir_property_p51_r1-a593adcdad16e6906d33,15/9-F-1,15/9-F-1 C,3788.4,0,3.68548107147,3.94080529898,38.864295413,50.4600253248,50.4600253248
reservoir_property_p51_r1-bb6f89b519ffdcb070fd,15/9-F-1,15/9-F-1 C,3790.4,3,3.34276986122,4.26104381755,27.2973981206,69.883934747,69.883934747
reservoir_property_p51_r1-fce3c720dae5c1be494d,15/9-F-1,15/9-F-1 C,3792.4,2,3.7257270813,4.30382363319,40.5013966671,72.9821341163,72.9821341163
reservoir_property_p51_r1-9191966153702c06a02b,15/9-F-1,15/9-F-1 C,3794.4,1,3.53585934639,4.32129382606,33.324498678,74.2859722584,74.2859722584
reservoir_property_p51_r1-3a5dfa81d48a250bc948,15/9-F-1,15/9-F-1 C,3796.4,1,3.71262049675,4.5614086139,39.9610041884,94.7182149211,94.7182149211
reservoir_property_p51_r1-e8b05889358994ccf84c,15/9-F-1,15/9-F-1 C,3798.4,3,4.6089053154,4.6929475548,99.37421137,108.174503848,108.174503848
reservoir_property_p51_r1-01c02dc1cfc4c3d53735,15/9-F-1,15/9-F-1 C,3800.4,3,3.73209452629,4.57689422969,40.7664976397,96.2120067126,96.2120067126
reservoir_property_p51_r1-f302379255a676b6ef9b,15/9-F-1,15/9-F-1 C,3802.4,3,3.03169298172,3.78223324277,19.7323023036,42.9140029387,42.9140029387
reservoir_property_p51_r1-42940977422a98a21685,15/9-F-1,15/9-F-1 C,3804.4,2,1.3630001545,2.98692239477,2.90790003587,18.8245762897,18.8245762897
reservoir_property_p51_r1-fb5b20e7c31e0b762f51,15/9-F-1,15/9-F-1 C,3806.4,2,1.35082256794,2.78344758427,2.86059983063,15.1746885353,15.1746885353
reservoir_property_p51_r1-f858465cb89a6c18a7ca,15/9-F-1,15/9-F-1 C,3808.4,0,1.48914420605,2.82955432194,3.43329990385,15.9379102872,15.9379102872
reservoir_property_p51_r1-e7e396e6701a55a97df0,15/9-F-1,15/9-F-1 C,3810.4,0,1.65641689301,2.90892987479,4.24049989193,17.3371650012,17.3371650012
reservoir_property_p51_r1-59f8876fd54ac30d28fc,15/9-F-1,15/9-F-1 C,3812.4,3,1.50225353241,2.97652319075,3.49180009038,18.6194847192,18.6194847192
reservoir_property_p51_r1-3fff96192b2fa45bf566,15/9-F-1,15/9-F-1 C,3814.4,1,1.69169974327,3.2847421099,4.42870026421,25.7020972204,25.7020972204
reservoir_property_p51_r1-95ebf4538f7c1e7ab36f,15/9-F-1,15/9-F-1 C,3816.4,0,3.1252682209,3.65974961248,21.7660005919,37.8516136942,37.8516136942
reservoir_property_p51_r1-4f930ba28ec368324cae,15/9-F-1,15/9-F-1 C,3818.4,0,2.64575624466,3.72590107034,13.0940996415,40.5086180834,40.5086180834
reservoir_property_p51_r1-d0881c309c1ba8bb05b8,15/9-F-1,15/9-F-1 C,3820.4,2,2.91383862495,3.9582454423,17.4273988494,51.365367241,51.365367241
reservoir_property_p51_r1-4218902d571f423829bc,15/9-F-1,15/9-F-1 C,3822.4,2,3.66513228416,3.98394194429,38.0613030132,52.7284117404,52.7284117404
reservoir_property_p51_r1-7a2c1336ebae3e99297a,15/9-F-1,15/9-F-1 C,3824.4,2,3.13183546066,3.7747672491,21.9160023859,42.5873621371,42.5873621371
reservoir_property_p51_r1-9e86ddeb2ecc9daf5fde,15/9-F-1,15/9-F-1 C,3826.4,0,2.58367300034,3.51664399517,12.2457003825,32.6712377991,32.6712377991
reservoir_property_p51_r1-98eeb49c6c134bddc3ee,15/9-F-1,15/9-F-1 C,3828.4,3,2.77557182312,3.65920407367,15.0478008761,37.8304244112,37.8304244112
reservoir_property_p51_r1-05435e92dee68b99d426,15/9-F-1,15/9-F-1 C,3830.4,1,1.8058924675,3.25180747243,5.0854000475,24.836997399,24.836997399
reservoir_property_p51_r1-a1ec867b20daf841392e,15/9-F-1,15/9-F-1 C,3832.4,0,3.14920425415,3.35152828628,22.3175023908,27.5463272839,27.5463272839
reservoir_property_p51_r1-267ea2cc67704d30e46b,15/9-F-1,15/9-F-1 C,3834.4,3,3.12523317337,3.9738366281,21.7652027137,52.1882032375,52.1882032375
reservoir_property_p51_r1-4112f45d3973237fc8d6,15/9-F-1,15/9-F-1 C,3836.4,2,3.26193904877,3.91985236748,25.100097469,49.3930045825,49.3930045825
reservoir_property_p51_r1-382e7cf436ba8f4bb0d1,15/9-F-1,15/9-F-1 C,3838.4,3,1.92525541782,3.38387113389,5.85689981668,28.4846896554,28.4846896554
reservoir_property_p51_r1-94ff8fce5a7aa52ea896,15/9-F-1,15/9-F-1 C,3840.4,0,1.70665538311,2.62035387167,4.51050010999,12.7405851287,12.7405851287
reservoir_property_p51_r1-ea411ddbf749c0fd9553,15/9-F-1,15/9-F-1 C,3842.4,2,1.01711297035,2.31388530454,1.76520001455,9.1136430011,9.1136430011
reservoir_property_p51_r1-12b6709c467b953054f4,15/9-F-1,15/9-F-1 C,3844.4,1,0.420944690704,1.73847219737,0.523400017897,4.68864565231,4.68864565231
reservoir_property_p51_r1-55b65595f450dda8c392,15/9-F-1,15/9-F-1 C,3846.4,0,1.59397900105,2.34223281387,3.92329982115,9.4044418286,9.4044418286
reservoir_property_p51_r1-62caf19895a98641c21e,15/9-F-1,15/9-F-1 C,3848.4,0,2.00976991653,2.99512782772,6.46160035893,18.9879147361,18.9879147361
reservoir_property_p51_r1-dd53ef75f34194e1e8a6,15/9-F-1,15/9-F-1 C,3850.4,0,0.473372936249,2.06008443352,0.605399983197,6.84663230117,6.84663230117
reservoir_property_p51_r1-b2dec6e6134843c38516,15/9-F-1,15/9-F-1 C,3852.4,0,0.0929437428713,2.06866183108,0.0973999969586,6.91422545819,6.91422545819
reservoir_property_p51_r1-6fad57bcdfbbf2bcd1f7,15/9-F-1,15/9-F-1 C,3854.4,2,7.57474994659,4.02333764171,1947.37300445,54.8873267577,54.8873267577
reservoir_property_p51_r1-697e109b92ba3b007410,15/9-F-1,15/9-F-1 C,3856.4,3,3.10206770897,4.72912351611,21.2438976699,112.196304119,112.196304119
reservoir_property_p51_r1-af829e2355947060af07,15/9-F-1,15/9-F-1 C,3858.4,3,3.43156480789,3.95134889827,29.9249965863,51.0054696314,51.0054696314
reservoir_property_p51_r1-76ad0f5ec21ff5ff2823,15/9-F-1,15/9-F-1 C,3860.4,1,3.242197752,3.64242633719,24.589900246,37.1843725817,37.1843725817
reservoir_property_p51_r1-aad64f6a37d4f0bd5a1c,15/9-F-1,15/9-F-1 C,3862.4,2,2.65678501129,3.4679309375,13.2504004958,31.0703182575,31.0703182575
reservoir_property_p51_r1-d0beb02e3c9b024b5885,15/9-F-1,15/9-F-1 C,3864.4,2,3.89187955856,3.56761638329,48.0029038482,34.4320360228,34.4320360228
reservoir_property_p51_r1-e22cdafe9b69ef0e9e10,15/9-F-1,15/9-F-1 C,3866.4,0,2.46872639656,3.3963513946,10.807399327,28.8549720738,28.8549720738
reservoir_property_p51_r1-093206e38714a894867a,15/9-F-1,15/9-F-1 C,3868.4,2,2.58094382286,3.11093669912,12.2095998002,21.4420560126,21.4420560126
reservoir_property_p51_r1-ac9d2946a91d60c8417a,15/9-F-1,15/9-F-1 C,3870.4,2,2.46066522598,3.12896590737,10.7126004752,21.8503379548,21.8503379548
reservoir_property_p51_r1-e92da989c2b82fba5863,15/9-F-1,15/9-F-1 C,3872.4,0,2.47610974312,3.17972325787,10.8949000748,23.040099723,23.040099723
reservoir_property_p51_r1-0b1302828dbd6094bf46,15/9-F-1,15/9-F-1 C,3874.4,1,1.53503763676,2.60673037001,3.64150021768,12.5546595984,12.5546595984
reservoir_property_p51_r1-0838af7d4ea1cc3fd9e2,15/9-F-1,15/9-F-1 C,3876.4,3,1.71620941162,2.47737321896,4.56339988575,10.9099384921,10.9099384921
reservoir_property_p51_r1-4ec0ab9ab9129e254850,15/9-F-1,15/9-F-1 C,3878.4,1,2.26770377159,2.98013231163,8.65720019754,18.6904217441,18.6904217441
reservoir_property_p51_r1-837470b4ddc4d107e0dc,15/9-F-1,15/9-F-1 C,3880.4,3,4.24862670898,3.64893459363,69.0092032904,37.4336967232,37.4336967232
reservoir_property_p51_r1-fd9030699cccb0ba748c,15/9-F-1,15/9-F-1 C,3882.4,0,2.78261327744,3.56590164139,15.1611995099,34.3713312872,34.3713312872
reservoir_property_p51_r1-6a0c954803c04a3be869,15/9-F-1,15/9-F-1 C,3884.4,3,1.64501738548,2.54777771376,4.18109998209,11.778674333,11.778674333
reservoir_property_p51_r1-12a14641533d44f030d9,15/9-F-1,15/9-F-1 C,3886.4,0,1.55911254883,2.05777341034,3.75459989704,6.82851948961,6.82851948961
reservoir_property_p51_r1-610f238a8ac88204cbc0,15/9-F-1,15/9-F-1 C,3888.4,1,0.359211713076,2.59415032288,0.43219998494,12.3852094221,12.3852094221
reservoir_property_p51_r1-01f8515a85590865c549,15/9-F-1,15/9-F-1 C,3890.4,0,3.68939185143,3.50350167501,39.0205011444,32.2316147728,32.2316147728
reservoir_property_p51_r1-ca843cb23cd3059f19be,15/9-F-1,15/9-F-1 C,3892.4,3,2.58767390251,3.43287239296,12.2988012889,29.965460099,29.965460099
reservoir_property_p51_r1-c042ae35e7963099e178,15/9-F-1,15/9-F-1 C,3894.4,3,2.58173084259,2.87317794784,12.220000108,16.6931568794,16.6931568794
reservoir_property_p51_r1-b97130b2a7dff51daa7c,15/9-F-1,15/9-F-1 C,3896.4,2,1.36978375912,2.35129650733,2.93449980376,9.49917315935,9.49917315935
reservoir_property_p51_r1-0d3a45bc1be130cd4a6f,15/9-F-1,15/9-F-1 C,3898.4,1,0.459763884544,1.78237073794,0.583700004797,4.94393123141,4.94393123141
reservoir_property_p51_r1-a85d3896a8725808a87d,15/9-F-1,15/9-F-1 C,3900.4,1,2.37106585503,2.22916741487,9.70880023197,8.29212637171,8.29212637171
reservoir_property_p51_r1-a5527e3c22b58e3ee090,15/9-F-1,15/9-F-1 C,3902.4,1,4.17243623734,3.9388839012,63.8733065153,50.3612450749,50.3612450749
reservoir_property_p51_r1-aef9c0e6bab208a3550e,15/9-F-1,15/9-F-1 C,3904.4,3,6.02140474319,4.4788534463,411.157164233,87.1335648587,87.1335648587
reservoir_property_p51_r1-9f141743614b7f5f4ce0,15/9-F-1,15/9-F-1 C,3906.4,2,3.80150914192,3.14067337593,43.7686958541,22.1194296857,22.1194296857
reservoir_property_p51_r1-f147ba49d7b6d8e1d4dd,15/9-F-1,15/9-F-1 C,3908.4,0,1.87412250042,2.8261074032,5.51509961409,15.879627193,15.879627193
reservoir_property_p51_r1-7f668c50b0bb868f435c,15/9-F-1,15/9-F-1 C,3910.4,2,1.60154688358,2.86053117375,3.96070011792,16.4708045052,16.4708045052
reservoir_property_p51_r1-1f6ff54056eacf9c8434,15/9-F-1,15/9-F-1 C,3912.4,3,2.25661444664,3.01596071374,8.55069996566,19.4086884326,19.4086884326
reservoir_property_p51_r1-97f25856559f94413277,15/9-F-1,15/9-F-1 C,3914.4,0,2.19701337814,3.05668030306,7.99809940797,20.2568735248,20.2568735248
reservoir_property_p51_r1-b201741b0b57f7407cd0,15/9-F-1,15/9-F-1 C,3916.4,3,2.4541208744,3.54500197351,10.6361993703,33.6397537039,33.6397537039
reservoir_property_p51_r1-1191d5e96b38a30358c4,15/9-F-1,15/9-F-1 C,3918.4,0,5.67262554169,5.0918295026,289.7970327,161.68722666,161.68722666
reservoir_property_p51_r1-a16dd17f8adfdd4b0c24,15/9-F-1,15/9-F-1 C,3920.4,3,6.20888566971,6.09009228067,496.146956597,440.46214769,440.46214769
reservoir_property_p51_r1-2401032525ae2f7f292a,15/9-F-1,15/9-F-1 C,3922.4,1,6.5701341629,6.21440497814,712.465557322,498.898450173,498.898450173
reservoir_property_p51_r1-b9e9d2ecb18d014173f8,15/9-F-1,15/9-F-1 C,3924.4,3,6.39243412018,6.27249754752,596.308732853,528.798924868,528.798924868
reservoir_property_p51_r1-8d90b3e5efd67c20315f,15/9-F-1,15/9-F-1 C,3926.4,3,6.70461130142,6.17764596489,815.160724136,480.856313528,480.856313528
reservoir_property_p51_r1-d7a92628a0614e39eb74,15/9-F-1,15/9-F-1 C,3928.4,3,6.44851016998,6.00603361352,630.760375767,404.870285018,404.870285018
reservoir_property_p51_r1-e60ee616cc8253e4675f,15/9-F-1,15/9-F-1 C,3930.4,0,5.93816280365,5.79044340935,378.237555275,326.15805716,326.15805716
reservoir_property_p51_r1-b9490155e0952fea3d0f,15/9-F-1,15/9-F-1 C,3932.4,2,6.0567073822,5.73688846639,425.967279805,309.098027859,309.098027859
reservoir_property_p51_r1-99ab9aa50a96ec3186bf,15/9-F-1,15/9-F-1 C,3934.4,3,6.05916643143,6.0982499015,427.018505342,444.078157466,444.078157466
reservoir_property_p51_r1-6497c85aef2ae45fb25f,15/9-F-1,15/9-F-1 C,3936.4,3,6.28607416153,6.05714061276,536.040849544,426.152295154,426.152295154
reservoir_property_p51_r1-1af04380f028821cdcd6,15/9-F-1,15/9-F-1 C,3938.4,1,5.91935110092,6.00005264112,371.170134647,402.450030995,402.450030995
reservoir_property_p51_r1-c32e80a2b292eb802815,15/9-F-1,15/9-F-1 C,3940.4,3,6.55593538284,6.18528514909,702.406796849,484.55139841,484.55139841
reservoir_property_p51_r1-9ad74011dc35d3393520,15/9-F-1,15/9-F-1 C,3942.4,3,6.6929063797,6.28497769525,805.663318375,535.45232507,535.45232507
reservoir_property_p51_r1-733815aaebcac6f0a609,15/9-F-1,15/9-F-1 C,3944.4,3,7.4360742569,6.21805936147,1695.07876499,500.728612756,500.728612756
reservoir_property_p51_r1-9c2cec96a2eaee6a09b9,15/9-F-1,15/9-F-1 C,3946.4,2,6.803835392,6.01917166586,900.29750019,410.237812286,410.237812286
reservoir_property_p51_r1-02d63151f6b61b7e2e09,15/9-F-1,15/9-F-1 C,3948.4,2,6.48421382904,5.87337317092,653.724036831,354.445940266,354.445940266
reservoir_property_p51_r1-1a4632d4c62d2f86c095,15/9-F-1,15/9-F-1 C,3950.4,2,5.56091833115,5.42652285937,259.061549318,226.357316035,226.357316035
reservoir_property_p51_r1-e99767dfb2f0389aa7ad,15/9-F-1,15/9-F-1 C,3952.4,2,5.16391372681,4.88322359037,173.847423307,131.055671884,131.055671884
reservoir_property_p51_r1-236377e53e79fac8921a,15/9-F-1,15/9-F-1 C,3954.4,3,4.76266431808,4.94132643532,116.057388915,138.955768768,138.955768768
reservoir_property_p51_r1-2208f4108e2957a3e18c,15/9-F-1,15/9-F-1 C,3956.4,1,6.13555049896,5.32315336958,460.993350889,204.029397149,204.029397149
reservoir_property_p51_r1-2ac8a0c2fc01b6cb96ff,15/9-F-1,15/9-F-1 C,3958.4,3,5.52925729752,5.30419011101,250.956712639,200.178004566,200.178004566
reservoir_property_p51_r1-ce7f91ba5df597af692b,15/9-F-1,15/9-F-1 C,3960.4,2,5.3346414566,5.16071376533,206.398374158,173.288812531,173.288812531
reservoir_property_p51_r1-cfc77cb6283d421930ff,15/9-F-1,15/9-F-1 C,3962.4,2,6.00371789932,5.18903956789,403.931492842,178.296268318,178.296268318
reservoir_property_p51_r1-04ef7c44993772c8266c,15/9-F-1,15/9-F-1 C,3964.4,1,4.88013029099,4.60371535983,130.647815292,98.8546231593,98.8546231593
reservoir_property_p51_r1-a83936984e82e8ef119f,15/9-F-1,15/9-F-1 C,3966.4,2,2.78642988205,4.01029210848,15.2229982742,54.1629817848,54.1629817848
reservoir_property_p51_r1-43441261396ef6a525e9,15/9-F-1,15/9-F-1 C,3968.4,1,5.14976167679,4.05621362441,171.390400787,56.7552136168,56.7552136168
reservoir_property_p51_r1-24e338dadb9e85a9c68a,15/9-F-1,15/9-F-1 C,3970.4,2,3.32128071785,4.03881158425,26.6957983577,55.7588495974,55.7588495974
reservoir_property_p51_r1-355de649af6bb1c2973d,15/9-F-1,15/9-F-1 C,3972.4,2,4.62581062317,4.63858778535,101.085492416,102.398223942,102.398223942
reservoir_property_p51_r1-48cb9457681bc4a32ca5,15/9-F-1,15/9-F-1 C,3974.4,3,6.90792417526,5.7354255727,999.168910544,308.644719062,308.644719062
reservoir_property_p51_r1-df932ed3ab5192b9532e,15/9-F-1,15/9-F-1 C,3976.4,3,6.92541360855,6.04918138103,1016.81515963,422.765985142,422.765985142
reservoir_property_p51_r1-0b621fff49d111cf2ec8,15/9-F-1,15/9-F-1 C,3978.4,3,6.34099578857,5.66906357293,566.361001782,288.763065329,288.763065329
reservoir_property_p51_r1-96de228ef19e63d1bcfb,15/9-F-1,15/9-F-1 C,3980.4,1,5.77766132355,5.43954227786,322.002907118,229.336729108,229.336729108
reservoir_property_p51_r1-e7c9b17ab76ceff57a06,15/9-F-1,15/9-F-1 C,3982.4,3,5.30376815796,5.0756823189,200.093134801,159.081381277,159.081381277
reservoir_property_p51_r1-977de4764f4e368efd39,15/9-F-1,15/9-F-1 C,3984.4,1,4.85733890533,4.62384305751,127.681312924,100.884829981,100.884829981
reservoir_property_p51_r1-a9e43f65f53eb9b9030d,15/9-F-1,15/9-F-1 C,3986.4,2,4.54671144485,4.76367109195,93.3217155668,116.175298579,116.175298579
reservoir_property_p51_r1-1bc11256d1416b5b8639,15/9-F-1,15/9-F-1 C,3988.4,1,6.35662508011,5.30471035711,575.298110699,200.282693868,200.282693868
reservoir_property_p51_r1-e03cabcef6c447d68859,15/9-F-1,15/9-F-1 C,3990.4,2,5.45560073853,5.13579671481,233.06544097,168.999707219,168.999707219
reservoir_property_p51_r1-de06ffcd51e152945a75,15/9-F-1,15/9-F-1 C,3992.4,1,5.16080188751,5.0618525327,173.304171918,156.882728492,156.882728492
reservoir_property_p51_r1-338271eaef11313314d9,15/9-F-1,15/9-F-1 C,3994.4,1,5.389067173,5.02458696775,217.99900206,151.107417868,151.107417868
reservoir_property_p51_r1-21c12698721891c08505,15/9-F-1,15/9-F-1 C,3996.4,2,6.28187704086,5.38983099288,533.791547893,218.166341752,218.166341752
reservoir_property_p51_r1-afec8554a32f72ccb550,15/9-F-1,15/9-F-1 C,3998.4,2,6.49676704407,5.61494435981,661.994731744,273.498105644,273.498105644
reservoir_property_p51_r1-d09f6f6ccab094f7f934,15/9-F-1,15/9-F-1 C,4000.4,3,5.91795730591,5.14991692114,370.651767102,171.4171655,171.4171655
reservoir_property_p51_r1-326e4200828b8cf7a4ee,15/9-F-1,15/9-F-1 C,4002.4,0,4.96024036407,3.93160517203,141.628074442,49.9887577437,49.9887577437
reservoir_property_p51_r1-dc8e1ff8a550599f477d,15/9-F-1,15/9-F-1 C,4004.4,0,0.231270432472,0.963757160979,0.260199992371,1.6215274943,1.6215274943
reservoir_property_p51_r1-11cacd923d904d2b1684,15/9-F-1,15/9-F-1 C,4017.4,3,0.00219758343883,-1.78026659767,0.00219999989511,-0.831406805276,0
reservoir_property_p51_r1-cb368ec784eff6034189,15/9-F-1,15/9-F-1 C,4019.4,3,0.00139902089722,-1.73479307804,0.00139999998349,-0.823563294862,0
reservoir_property_p51_r1-49ac46132b2c4927b08a,15/9-F-1,15/9-F-1 C,4021.4,1,0.00149887613952,-1.56550141798,0.00150000001581,-0.791016801035,0
reservoir_property_p51_r1-8c98c607a2cd5759a679,15/9-F-1,15/9-F-1,3387,1,0.852114796638,1.86143016196,1.34459996479,5.43293032799,5.43293032799
reservoir_property_p51_r1-86e2eeaf44582632edef,15/9-F-1,15/9-F-1,3398.9,1,0.0883771106601,1.32826114633,0.0924000000466,2.77447441931,2.77447441931
reservoir_property_p51_r1-a17c63e4953d73d704ba,15/9-F-1,15/9-F-1,3400.9,3,0.0111377444118,0.733835041224,0.0112000000014,1.08305390654,1.08305390654
reservoir_property_p51_r1-027351b592eb9bbfc28a,15/9-F-1,15/9-F-1,3402.9,0,0.0556239038706,0.478529483289,0.0572000001296,0.613699684237,0.613699684237
reservoir_property_p51_r1-e280bd382b2cc3ed9c16,15/9-F-1,15/9-F-1,3404.9,0,0.0469790026546,0.679541516705,0.0481000015308,0.972972949694,0.972972949694
reservoir_property_p51_r1-7417961b8fdd15e9c0fd,15/9-F-1,15/9-F-1,3453.2,0,0.230952978134,2.39454342928,0.25979999991,9.96319144402,9.96319144402
reservoir_property_p51_r1-79976efc9ad503fecf16,15/9-F-1,15/9-F-1,3455.2,1,2.35051774979,2.85003962025,9.49100003186,16.2884668003,16.2884668003
reservoir_property_p51_r1-2276135502b0addc9a9c,15/9-F-11,15/9-F-11 A,3598.4,3,3.85589694977,3.83222652837,46.2709976421,45.1652120432,45.1652120432
reservoir_property_p51_r1-2c33f1e3be49414d8bba,15/9-F-11,15/9-F-11 A,3605,1,0.634458184242,1.98771322944,0.886000000058,6.29882392812,6.29882392812
reservoir_property_p51_r1-0bcda5fb40ef0c9fa97c,15/9-F-11,15/9-F-11 A,3607,2,4.3809261322,2.10614649178,78.9120082287,7.21651778166,7.21651778166
reservoir_property_p51_r1-a36f45dbe9e0275f46fe,15/9-F-11,15/9-F-11 A,3609,2,0.0582689084113,1.15471381553,0.0600000003045,2.17311519128,2.17311519128
reservoir_property_p51_r1-483a6ee25dac0b1b9a6e,15/9-F-11,15/9-F-11 A,3611,1,0.00299550895579,0.28754887421,0.00299999997592,0.333155747505,0.333155747505
reservoir_property_p51_r1-96c3cde807e05defa171,15/9-F-11,15/9-F-11 A,3613,2,4.74457550049,3.35054840218,113.958995107,27.5183688919,27.5183688919
reservoir_property_p51_r1-4d03b60f402ca2c60ab0,15/9-F-11,15/9-F-11 A,3615,1,8.01045036316,6.63953181668,3011.27342442,763.736872143,763.736872143
reservoir_property_p51_r1-da65467c79283dfa31e9,15/9-F-11,15/9-F-11 A,3617,2,8.40944385529,6.51501418714,4488.2631372,674.20354066,674.20354066
reservoir_property_p51_r1-a86ec01268587ff65ca5,15/9-F-11,15/9-F-11 A,3619,2,3.59572196007,4.46485183706,35.4420001618,85.9081520185,85.9081520185
reservoir_property_p51_r1-5763d413da5d299d5ee1,15/9-F-11,15/9-F-11 A,3621,2,5.41264104843,4.28931855918,223.222990152,71.9167631071,71.9167631071
reservoir_property_p51_r1-1417906868a00cc16b15,15/9-F-11,15/9-F-11 A,3623,1,7.64975786209,6.29136096464,2099.13700507,538.887597242,538.887597242
reservoir_property_p51_r1-94f6c5dafaf4a89baad9,15/9-F-11,15/9-F-11 A,3625,3,7.76487779617,6.61557728009,2355.37051343,745.635623833,745.635623833
reservoir_property_p51_r1-2ec8ce81b0f744bf68de,15/9-F-11,15/9-F-11 A,3627,3,5.95941114426,5.04120428811,386.381944979,153.656153488,153.656153488
reservoir_property_p51_r1-51f56ed578336ce3a850,15/9-F-11,15/9-F-11 A,3629,0,5.21300983429,3.17894478976,182.645971135,23.0213925543,23.0213925543
reservoir_property_p51_r1-0da2fd9fb307909936c1,15/9-F-11,15/9-F-11 A,3631,3,2.01116275787,3.71191684377,6.47200042551,39.9321919939,39.9321919939
reservoir_property_p51_r1-0811cb19bb55edd25c7b,15/9-F-11,15/9-F-11 A,3633,1,6.11081981659,4.64422580727,449.708061695,102.982831862,102.982831862
reservoir_property_p51_r1-9276b3f95aab9ff0356a,15/9-F-11,15/9-F-11 A,3635,2,5.62728309631,4.07580596215,276.906047049,57.8979309673,57.8979309673
reservoir_property_p51_r1-454b9b62a503ee0d6014,15/9-F-11,15/9-F-11 A,3637,1,3.09937119484,3.50305203411,21.1839974827,32.2166758384,32.2166758384
reservoir_property_p51_r1-5200bf8beb0216ffda71,15/9-F-11,15/9-F-11 A,3639,1,4.64621639252,3.31349793009,103.190024703,26.4810844573,26.4810844573
reservoir_property_p51_r1-a3113f161d8b6552ca42,15/9-F-11,15/9-F-11 A,3641,3,2.86624979973,2.75555336546,16.570999718,14.7297427913,14.7297427913
reservoir_property_p51_r1-48ffcc838a530575b8bb,15/9-F-11,15/9-F-11 A,3643,0,3.42423009872,2.63558272757,29.6990005511,12.9514399836,12.9514399836
reservoir_property_p51_r1-dbfc72017171fa315dfe,15/9-F-11,15/9-F-11 A,3645,2,3.25435876846,3.02745154934,24.9029993874,19.6445538663,19.6445538663
reservoir_property_p51_r1-9437fb7e4504db8b298a,15/9-F-11,15/9-F-11 A,3647,3,3.41246700287,3.72318515642,29.3400008783,40.396037199,40.396037199
reservoir_property_p51_r1-12984c9274a64598a201,15/9-F-11,15/9-F-11 A,3649,0,6.79162120819,5.45123382516,889.355844583,232.045526029,232.045526029
reservoir_property_p51_r1-d211ce6c2ae283db3f82,15/9-F-11,15/9-F-11 A,3651,1,7.89957857132,5.94420051408,2695.14585562,380.534208103,380.534208103
reservoir_property_p51_r1-3e5419bcfbfe85daae76,15/9-F-11,15/9-F-11 A,3653,3,2.92316150665,3.90279437186,17.5999986224,48.5406909786,48.5406909786
reservoir_property_p51_r1-bb5b4e488c740d5376bc,15/9-F-11,15/9-F-11 A,3655,0,3.22007513046,2.82936280971,24.0300006262,15.9346667807,15.9346667807
reservoir_property_p51_r1-9c6d1fec47f513f940c7,15/9-F-11,15/9-F-11 A,3657,1,3.03355789185,3.61681050408,19.7710022589,36.2186695154,36.2186695154
reservoir_property_p51_r1-81911467babf28000bc1,15/9-F-11,15/9-F-11 A,3659,2,4.69573259354,3.48306502611,108.478982866,31.5593645969,31.5593645969
reservoir_property_p51_r1-9371ab372d8527ca6562,15/9-F-11,15/9-F-11 A,3662.7,3,0.867940485477,2.02869887458,1.38200003464,6.60418591974,6.60418591974
reservoir_property_p51_r1-c8b6d8cf760a9a865abf,15/9-F-11,15/9-F-11 A,3664.7,3,2.1419467926,3.29630602724,7.51600038809,26.0126703255,26.0126703255
reservoir_property_p51_r1-0795efd0a96b7f6a20f2,15/9-F-11,15/9-F-11 A,3666.7,0,5.09278059006,4.24891176375,161.842030045,69.029162592,69.029162592
reservoir_property_p51_r1-7ba9f672866db8c150d0,15/9-F-11,15/9-F-11 A,3668.7,3,4.89399671555,4.27613935538,132.486014966,70.9620830054,70.9620830054
reservoir_property_p51_r1-41d382561985b8d43516,15/9-F-11,15/9-F-11 A,3670.7,3,5.44861507416,4.44095340197,231.436036223,83.8558048118,83.8558048118
reservoir_property_p51_r1-81c422b3a9ad0bd4ead5,15/9-F-11,15/9-F-11 A,3672.7,3,4.85738325119,4.59339707736,127.687019534,97.8295923239,97.8295923239
reservoir_property_p51_r1-75be831fea39e1abf0c2,15/9-F-11,15/9-F-11 A,3674.7,1,4.85774803162,4.86082640888,127.733970602,128.130872925,128.130872925
reservoir_property_p51_r1-739f2c3d760239837e4b,15/9-F-11,15/9-F-11 A,3676.7,1,6.16330194473,5.34664981255,473.993891871,208.90390118,208.90390118
reservoir_property_p51_r1-df9f602393d5aec6a331,15/9-F-11,15/9-F-11 A,3678.7,2,6.66312360764,5.54220990169,781.99288385,254.241435139,254.241435139
reservoir_property_p51_r1-e478a2a6d95f4e616a38,15/9-F-11,15/9-F-11 A,3680.7,0,6.32112073898,5.62789862075,555.195993808,277.077157667,277.077157667
reservoir_property_p51_r1-72205ae967d6dcde7894,15/9-F-11,15/9-F-11 A,3682.7,0,6.18519163132,5.29637892273,484.505992848,198.61268675,198.61268675
reservoir_property_p51_r1-df5cc6fef39b0e892cef,15/9-F-11,15/9-F-11 A,3684.7,0,4.90212154388,4.65944723634,133.574983775,104.577706505,104.577706505
reservoir_property_p51_r1-3417f16ff14123666416,15/9-F-11,15/9-F-11 A,3686.7,0,4.41467523575,4.38371960316,81.6549931597,79.1355521895,79.1355521895
reservoir_property_p51_r1-10ed48a7122d16610c16,15/9-F-11,15/9-F-11 A,3688.7,0,5.003885746,4.56529732062,147.990976842,95.0911596532,95.0911596532
reservoir_property_p51_r1-53dcc044e9c06b69103a,15/9-F-11,15/9-F-11 A,3690.7,2,4.88240814209,4.47355899101,130.948031207,86.6681787107,86.6681787107
reservoir_property_p51_r1-143d5df53e02b68648b5,15/9-F-11,15/9-F-11 A,3692.7,1,5.61086273193,4.48592034175,272.379989942,87.7586014802,87.7586014802
reservoir_property_p51_r1-14274388d2073f220099,15/9-F-11,15/9-F-11 A,3694.7,3,5.85250997543,4.70888444768,347.107024943,109.928344485,109.928344485
reservoir_property_p51_r1-312d2ec3359d5ae951da,15/9-F-11,15/9-F-11 A,3696.7,2,5.88903284073,4.16114334082,360.055916875,63.1448200809,63.1448200809
reservoir_property_p51_r1-97282a32c199c6cf131b,15/9-F-11,15/9-F-11 A,3698.7,3,3.92827033997,3.50970489492,49.8190020104,32.4383984864,32.4383984864
reservoir_property_p51_r1-2ef1688840c0a2b7233b,15/9-F-11,15/9-F-11 A,3700.7,1,3.74627542496,2.86011822783,41.3630036094,16.4635914971,16.4635914971
reservoir_property_p51_r1-29bad6490c6aff6583a0,15/9-F-11,15/9-F-11 A,3702.7,1,0.023716526106,2.62291872586,0.0239999994764,12.7758729607,12.7758729607
reservoir_property_p51_r1-0e9de942bf17ec783902,15/9-F-11,15/9-F-11 B,3445.5,3,2.17804169655,2.52105959798,7.82899945816,11.441772959,11.441772959
reservoir_property_p51_r1-90d4e6df6ce860cd8519,15/9-F-11,15/9-F-11 B,3447.5,3,2.27264118195,2.7548991579,8.70499966348,14.7194556399,14.7194556399
reservoir_property_p51_r1-cfd1db741904f6373c32,15/9-F-11,15/9-F-11 B,3449.5,0,1.46833503246,2.33932148546,3.34199983069,9.37419513193,9.37419513193
reservoir_property_p51_r1-3d9e28ce47d9191d9484,15/9-F-11,15/9-F-11 B,3451.5,0,1.08383703232,0.909324629566,1.95600008641,1.48264526185,1.48264526185
reservoir_property_p51_r1-6306dacb3682ae1af4aa,15/9-F-11,15/9-F-11 B,3453.5,3,0.0363319292665,-0.948899732556,0.0370000000198,-0.61283322381,0
reservoir_property_p51_r1-5dd571d826737c228f8c,15/9-F-11,15/9-F-11 B,3455.5,0,0.0741793960333,-1.90403318489,0.0769999976942,-0.851033403822,0
reservoir_property_p51_r1-648080008eb5133d3e83,15/9-F-11,15/9-F-11 B,3458.9,3,1.26440918446,-0.243950053157,2.54100004011,-0.216473232026,0
reservoir_property_p51_r1-fe158b1677c7d212190a,15/9-F-11,15/9-F-11 B,3460.9,3,1.58616924286,0.717433279893,3.88499979172,1.04916681718,1.04916681718
reservoir_property_p51_r1-f1e5e1bd115cc228a0b3,15/9-F-11,15/9-F-11 B,3462.9,0,0.171429112554,0.804628642593,0.186999996351,1.23586603922,1.23586603922
reservoir_property_p51_r1-2857eefcec5abbfe01c2,15/9-F-11,15/9-F-11 B,3464.9,0,0.0129162250087,-0.320428942101,0.0129999997388,-0.274162372027,0
reservoir_property_p51_r1-9ee851cd6618b8043330,15/9-F-11,15/9-F-11 B,3466.9,1,0.132781118155,1.18553476469,0.142000007903,2.27243633703,2.27243633703
reservoir_property_p51_r1-1098695489073fe9c070,15/9-F-11,15/9-F-11 B,3468.9,0,3.66130280495,4.11244845089,37.9120046151,60.0961254491,60.0961254491
reservoir_property_p51_r1-adc005c06bc79837891f,15/9-F-11,15/9-F-11 B,3470.9,0,7.03192234039,5.57828903699,1131.20500297,263.618465837,263.618465837
reservoir_property_p51_r1-686929943752f1c1c3e0,15/9-F-11,15/9-F-11 B,3472.9,3,6.9612531662,6.27263609988,1053.95476287,528.872334847,528.872334847
reservoir_property_p51_r1-d94f3a20d685bacfc84b,15/9-F-11,15/9-F-11 B,3474.9,1,6.73059177399,6.3103943433,836.642814541,549.261898124,549.261898124
reservoir_property_p51_r1-3ccec8b1fe8fbd32167a,15/9-F-11,15/9-F-11 B,3476.9,0,6.3134393692,6.23642933363,550.940013514,510.030529805,510.030529805
reservoir_property_p51_r1-0fbabeb82ab291fdbd94,15/9-F-11,15/9-F-11 B,3478.9,3,7.0088891983,6.4750575278,1105.4248035,647.756548072,647.756548072
reservoir_property_p51_r1-a874a5064432e2ee9bbc,15/9-F-11,15/9-F-11 B,3480.9,0,7.35675668716,6.74888914954,1565.74686346,852.110557709,852.110557709
reservoir_property_p51_r1-ffc52e2ee1b1dcdf3629,15/9-F-11,15/9-F-11 B,3482.9,1,6.70367527008,6.85616769181,814.397129549,948.720462993,948.720462993
reservoir_property_p51_r1-d3fac9e7bd231e843505,15/9-F-11,15/9-F-11 B,3484.9,2,6.57804632187,6.71737608987,718.133001522,825.645619489,825.645619489
reservoir_property_p51_r1-38f583584d468fcdbf67,15/9-F-11,15/9-F-11 B,3486.9,2,6.73767375946,6.58483335976,842.596044247,723.030385016,723.030385016
reservoir_property_p51_r1-241524d3f4007aaf88d1,15/9-F-11,15/9-F-11 B,3488.9,0,6.55801773071,6.36114461252,703.873060599,577.908603348,577.908603348
reservoir_property_p51_r1-53ff9655699d140f2290,15/9-F-11,15/9-F-11 B,3490.9,0,6.890229702,6.14025267865,981.627102704,463.170842107,463.170842107
reservoir_property_p51_r1-651c0a6d8866e822bd1e,15/9-F-11,15/9-F-11 B,3492.9,2,6.38777112961,6.17984161521,593.529971568,481.91546383,481.91546383
reservoir_property_p51_r1-e269d292d10eba113584,15/9-F-11,15/9-F-11 B,3494.9,0,6.89311075211,5.90284011509,984.462182669,365.075689924,365.075689924
reservoir_property_p51_r1-4ccbc016c9fad8300898,15/9-F-11,15/9-F-11 B,3496.9,2,6.38432216644,5.94120355883,591.482991604,379.392478868,379.392478868
reservoir_property_p51_r1-7ef0d4b11f3a86c9d64a,15/9-F-11,15/9-F-11 B,3498.9,0,6.26079702377,5.87627974439,522.636124273,355.480572898,355.480572898
reservoir_property_p51_r1-11b30ca8a00201b82bc4,15/9-F-11,15/9-F-11 B,3500.9,3,5.71639919281,5.51813177192,302.808993418,248.169097379,248.169097379
reservoir_property_p51_r1-2a4f84080968dae361e9,15/9-F-11,15/9-F-11 B,3502.9,1,5.54171419144,4.29830045532,254.114940698,72.5746439859,72.5746439859
reservoir_property_p51_r1-ef0e2c9211b4b9ae4704,15/9-F-11,15/9-F-11 B,3504.9,1,2.52724742889,2.58648441225,11.5189992315,12.2829918987,12.2829918987
reservoir_property_p51_r1-ad78bdd621639d668826,15/9-F-11,15/9-F-11 B,3506.9,3,0.162118852139,1.21386380197,0.176000003131,2.36646691746,2.36646691746
reservoir_property_p51_r1-53697560f9c8420b458d,15/9-F-11,15/9-F-11 B,3508.9,0,0.597186803818,1.03762148821,0.817000026172,1.82249568487,1.82249568487
reservoir_property_p51_r1-b25600f9a09c16f436de,15/9-F-11,15/9-F-11 B,3510.9,0,0.65648317337,1.71068025277,0.927999956007,4.53272384855,4.53272384855
reservoir_property_p51_r1-b534b27eeb3a14e5c956,15/9-F-11,15/9-F-11 B,3512.9,1,4.21808004379,3.34681429261,66.9029882923,27.4120767543,27.4120767543
reservoir_property_p51_r1-c501cf80d77fc142f2e6,15/9-F-11,15/9-F-11 B,3514.9,2,4.99805641174,5.06144016477,147.124985166,156.817636138,156.817636138
reservoir_property_p51_r1-8765a8a1ca5ae4849e4e,15/9-F-11,15/9-F-11 B,3516.9,1,5.24991464615,5.16363325294,189.550003588,173.798390051,173.798390051
reservoir_property_p51_r1-29786f55fe6a48646b00,15/9-F-11,15/9-F-11 B,3518.9,2,2.43124222755,3.66883148051,10.373001164,38.2060660311,38.2060660311
reservoir_property_p51_r1-e54f3ede853940791747,15/9-F-11,15/9-F-11 B,3520.9,2,1.02317011356,2.225514818,1.78200005581,8.25824788991,8.25824788991
reservoir_property_p51_r1-f19cec998dcfc0731e3a,15/9-F-11,15/9-F-11 B,3522.9,3,2.47813367844,3.37583815811,10.9189989623,28.2487886196,28.2487886196
reservoir_property_p51_r1-4c87334756d3f526ffe1,15/9-F-11,15/9-F-11 B,3524.9,1,4.78508901596,5.00739337806,118.71201889,148.514499994,148.514499994
reservoir_property_p51_r1-e76f0c9fc46d6b2b5f36,15/9-F-11,15/9-F-11 B,3526.9,0,5.71702098846,5.15837208424,302.997959273,172.881161195,172.881161195
reservoir_property_p51_r1-1881bde4211c284b6023,15/9-F-11,15/9-F-11 B,3528.9,0,5.5303850174,4.9807431948,251.241009506,144.582537644,144.582537644
reservoir_property_p51_r1-ddfb534e9ee9ed326bc5,15/9-F-11,15/9-F-11 B,3530.9,1,5.50575828552,5.05362710253,245.105002803,155.58940151,155.58940151
reservoir_property_p51_r1-3df20c4bf1cd1af07671,15/9-F-11,15/9-F-11 B,3532.9,1,6.20554113388,5.18148688075,494.487008215,176.947200654,176.947200654
reservoir_property_p51_r1-31c85b7351c25b79182f,15/9-F-11,15/9-F-11 B,3534.9,2,5.89152288437,5.22145027366,360.956082125,184.202583827,184.202583827
reservoir_property_p51_r1-aa577010aa68bd9c4dd8,15/9-F-11,15/9-F-11 B,3536.9,3,5.92721652985,4.97556132229,374.108954779,143.830098698,143.830098698
reservoir_property_p51_r1-e6e215a9e7c95b560f2d,15/9-F-11,15/9-F-11 B,3538.9,3,3.55862832069,3.78890556693,34.11499758,43.2079911032,43.2079911032
reservoir_property_p51_r1-839a7818e125cfaa86fe,15/9-F-11,15/9-F-11 B,3540.9,2,0.593326866627,2.33277969734,0.810000038642,9.30655084392,9.30655084392
reservoir_property_p51_r1-2c35a060da4d14bbbfe2,15/9-F-11,15/9-F-11 B,3542.9,0,0.862467944622,1.70596922642,1.36900004607,4.50672034039,4.50672034039
reservoir_property_p51_r1-6a1bc6ce4d6d44e5d3e1,15/9-F-11,15/9-F-11 B,3544.9,2,0.108854405582,0.607918611926,0.115000000747,0.836604730589,0.836604730589
reservoir_property_p51_r1-7cee715fda8c6114e8a9,15/9-F-11,15/9-F-11 B,3546.9,2,0.019802628085,-0.153005843213,0.0200000008046,-0.141875292408,0
reservoir_property_p51_r1-b781275227d406658da4,15/9-F-11,15/9-F-11 B,3548.9,1,0.137149840593,0.747089731601,0.147000002806,1.11084793481,1.11084793481
reservoir_property_p51_r1-26472212f19e4d5cc82a,15/9-F-11,15/9-F-11 B,3550.9,2,0.323531717062,1.39768129842,0.381999988552,3.04580806098,3.04580806098
reservoir_property_p51_r1-4dea09e7bdb3367016a4,15/9-F-11,15/9-F-11 B,3552.9,3,0.402794867754,1.04543895987,0.49599998235,1.84464693548,1.84464693548
reservoir_property_p51_r1-8ea3ab54245ef39eb50b,15/9-F-11,15/9-F-11 B,3554.9,1,0.0685927942395,0.614798080477,0.0710000029709,0.849283155484,0.849283155484
reservoir_property_p51_r1-e47af1f36b8ba7ce7791,15/9-F-11,15/9-F-11 B,3556.9,1,0.0516432337463,0.202732379033,0.053000000626,0.224744657036,0.224744657036
reservoir_property_p51_r1-b49bccfe1873ece3ef49,15/9-F-11,15/9-F-11 B,3558.9,2,0.039220713079,-0.0197002132636,0.0399999999227,-0.0195074320813,0
reservoir_property_p51_r1-ed50bac9a729b02de97b,15/9-F-11,15/9-F-11 B,3560.9,2,0.0459289327264,0.156427493186,0.0470000008774,0.169325975145,0.169325975145
reservoir_property_p51_r1-fee30fb92561a6f42f46,15/9-F-11,15/9-F-11 B,3562.9,3,0.0314986668527,0.379846968008,0.0319999997867,0.462060830232,0.462060830232
reservoir_property_p51_r1-30916dd3d5e3af359097,15/9-F-11,15/9-F-11 B,3564.9,0,0.188966095448,1.00666097409,0.207999995089,1.73644867056,1.73644867056
reservoir_property_p51_r1-a1878b989fb7834f528e,15/9-F-11,15/9-F-11 B,3566.9,0,1.05152070522,1.8457485482,1.86200006894,5.33283845144,5.33283845144
reservoir_property_p51_r1-eeaf0d8873a91f7ae2b4,15/9-F-11,15/9-F-11 B,3568.9,2,1.933837533,2.84187317,5.91599975916,16.1478563221,16.1478563221
reservoir_property_p51_r1-b4b7129745ca4888c7a0,15/9-F-11,15/9-F-11 B,3570.9,2,2.36809182167,2.92858534234,9.67699921497,17.7011560414,17.7011560414
reservoir_property_p51_r1-0d4b973184b258cd5b15,15/9-F-11,15/9-F-11 B,3572.9,3,0.361861467361,2.32927783617,0.435999995312,9.27052185487,9.27052185487
reservoir_property_p51_r1-a0d7ce4ca83ab0edac54,15/9-F-11,15/9-F-11 B,3574.9,1,1.80500471592,2.87502856219,5.08000012124,16.7259304057,16.7259304057
reservoir_property_p51_r1-27d57cfd8243ebd7bd39,15/9-F-11,15/9-F-11 B,3576.9,1,2.66569924355,3.44041004612,13.3779997553,30.1997488816,30.1997488816
reservoir_property_p51_r1-86741ddf612cf378e7df,15/9-F-11,15/9-F-11 B,3578.9,2,3.01631879807,3.48554614458,19.4159977727,31.6402485376,31.6402485376
reservoir_property_p51_r1-bb8c78caac1ddd1c9791,15/9-F-11,15/9-F-11 B,3580.9,1,3.24928855896,3.62596370488,24.7719981363,36.5609033491,36.5609033491
reservoir_property_p51_r1-a3a012c96ec48b736404,15/9-F-11,15/9-F-11 B,3582.9,3,2.51235961914,3.27775559,11.3339992917,25.5161926559,25.5161926559
reservoir_property_p51_r1-5e1c58a9679f78ab85e5,15/9-F-11,15/9-F-11 B,3584.9,2,2.45005631447,2.21446419088,10.5889993292,8.1565016599,8.1565016599
reservoir_property_p51_r1-160684d9fc57f78442cb,15/9-F-11,15/9-F-11 B,3586.9,0,0.198850855231,1.28493318145,0.219999995713,2.61442643841,2.61442643841
reservoir_property_p51_r1-36ff5195f0177f7566d5,15/9-F-11,15/9-F-11 B,3588.9,1,0.290428310633,1.94520578205,0.33700001673,5.99507116703,5.99507116703
reservoir_property_p51_r1-591d4d2eeabf4efb04ac,15/9-F-11,15/9-F-11 B,3590.9,3,2.86738729477,3.07635817032,16.5909980149,20.6793061155,20.6793061155
reservoir_property_p51_r1-6d6aa1dbeebaffadf7a5,15/9-F-11,15/9-F-11 B,3592.9,1,2.73540592194,3.55594146737,14.4159998585,34.0207753692,34.0207753692
reservoir_property_p51_r1-787ce6e4c42f703dfae9,15/9-F-11,15/9-F-11 B,3594.9,0,2.49584650993,3.48257804028,11.1319990307,31.5435125081,31.5435125081
reservoir_property_p51_r1-bf81a78e8e71c07b5297,15/9-F-11,15/9-F-11 B,3596.9,2,2.2355902195,3.06022575161,8.35199995631,20.3323724358,20.3323724358
reservoir_property_p51_r1-cf23b5c39606142bc8af,15/9-F-11,15/9-F-11 B,3598.9,0,0.952043890953,2.37543051319,1.59099997247,9.7556426355,9.7556426355
reservoir_property_p51_r1-a43ffd9ee350025338d2,15/9-F-11,15/9-F-11 B,3600.9,0,0.676509559155,1.7320149328,0.967000038844,4.65203090508,4.65203090508
reservoir_property_p51_r1-0b083cacfc5bf6c9b5fa,15/9-F-11,15/9-F-11 B,3602.9,2,0.637105762959,1.86187587259,0.890999949477,5.43579819247,5.43579819247
reservoir_property_p51_r1-f88371fe144940d96e0b,15/9-F-11,15/9-F-11 B,3604.9,2,0.381172418594,2.07537078419,0.464000004473,6.9675001345,6.9675001345
reservoir_property_p51_r1-cf3880095729b1c977e3,15/9-F-11,15/9-F-11 B,3606.9,1,1.37952148914,1.99998332379,2.97300004891,6.3889328785,6.3889328785
reservoir_property_p51_r1-3dd584bcb770d3a9742c,15/9-F-11,15/9-F-11 B,3608.9,3,0.272314608097,1.38677205328,0.313000016775,3.00191122511,3.00191122511
reservoir_property_p51_r1-a42073d03c4d99e778dd,15/9-F-11,15/9-F-11 B,3610.9,1,0.14496576786,0.788017487408,0.155999997237,1.1990324923,1.1990324923
reservoir_property_p51_r1-bfddcc190f7336e2e1e0,15/9-F-11,15/9-F-11 B,3612.9,0,0.128393217921,1.06312851157,0.137000003585,1.89541517434,1.89541517434
reservoir_property_p51_r1-bc3f53adad1058bc80d4,15/9-F-11,15/9-F-11 B,3614.9,3,3.13527679443,2.68730506372,21.9949998492,13.6920284403,13.6920284403
reservoir_property_p51_r1-34ca3ae0449ea83460fd,15/9-F-11,15/9-F-11 B,3616.9,3,3.77810287476,3.10782112426,42.7329960157,21.3722449143,21.3722449143
reservoir_property_p51_r1-f1cde8195e606a707382,15/9-F-11,15/9-F-11 B,3618.9,1,1.72133696079,1.73203411936,4.59199975317,4.65213934915,4.65213934915
reservoir_property_p51_r1-94c2b452a583c044c688,15/9-F-11,15/9-F-11 B,3620.9,3,1.30698060989,1.40482915674,2.69500020505,3.07483052445,3.07483052445
reservoir_property_p51_r1-cdfc1c957124413f0e9c,15/9-F-11,15/9-F-11 B,3622.9,0,1.89341306686,1.94160282669,5.64199962745,5.96991358591,5.96991358591
reservoir_property_p51_r1-5a92cefbd6d24aefb92d,15/9-F-11,15/9-F-11 B,3624.9,3,0.937660753727,1.63070594844,1.55399999008,4.10747906304,4.10747906304
reservoir_property_p51_r1-8dd638d1ac17a35b4485,15/9-F-11,15/9-F-11 B,3626.9,0,0.0870947092772,1.0732563605,0.091000002647,1.92488850057,1.92488850057
reservoir_property_p51_r1-9500abdf619fe6171fd9,15/9-F-11,15/9-F-11 B,3628.9,1,0.738120555878,1.2874601783,1.09200002024,2.62357163272,2.62357163272
reservoir_property_p51_r1-f9310a8902fb514e250f,15/9-F-11,15/9-F-11 B,3630.9,0,0.234281301498,1.07684998414,0.264000007298,1.9354183579,1.9354183579
reservoir_property_p51_r1-216e3018bf0bb152050b,15/9-F-11,15/9-F-11 B,3632.9,0,0.294161051512,1.12704628138,0.342000017395,2.08652629254,2.08652629254
reservoir_property_p51_r1-2e272de25bbcfe62b162,15/9-F-11,15/9-F-11 B,3634.9,3,1.43888676167,1.94982074855,3.215999791,6.02742779104,6.02742779104
reservoir_property_p51_r1-9373ac0a3c39fa99fe65,15/9-F-11,15/9-F-11 B,3636.9,0,0.237440854311,1.80015459561,0.267999997839,5.05058278568,5.05058278568
reservoir_property_p51_r1-e20e4e861303d327b81e,15/9-F-11,15/9-F-11 B,3638.9,1,0.639746427536,1.8823280808,0.896000044941,5.56877972471,5.56877972471
reservoir_property_p51_r1-7e447b89085f310f5d6c,15/9-F-11,15/9-F-11 B,3640.9,0,2.50061583519,2.7218580239,11.1899986798,14.208553866,14.208553866
reservoir_property_p51_r1-9ad652d67a6697e49d01,15/9-F-11,15/9-F-11 B,3642.9,0,2.20364832878,3.19332766272,8.05799985188,23.3693857639,23.3693857639
reservoir_property_p51_r1-8c2d621e2e768551458b,15/9-F-11,15/9-F-11 B,3644.9,3,3.16243243217,3.37624451003,22.6279995919,28.2606763362,28.2606763362
reservoir_property_p51_r1-ac36fb653b2657da7fa5,15/9-F-11,15/9-F-11 B,3646.9,3,2.21963810921,3.21624198064,8.20399942046,23.9342405324,23.9342405324
reservoir_property_p51_r1-74458b4cf7de675a5b27,15/9-F-11,15/9-F-11 B,3648.9,1,2.21473693848,3.05240817556,8.15899941433,20.1662551553,20.1662551553
reservoir_property_p51_r1-e4c2959754626ed15722,15/9-F-11,15/9-F-11 B,3650.9,1,1.53255689144,2.45876188272,3.63000010808,10.6903285783,10.6903285783
reservoir_property_p51_r1-04013f55c26da80cec29,15/9-F-11,15/9-F-11 B,3652.9,2,1.52952849865,2.37283855538,3.61599985895,9.72780056191,9.72780056191
reservoir_property_p51_r1-4b54aee4131376b32d32,15/9-F-11,15/9-F-11 B,3654.9,2,1.79159283638,2.46430355286,4.99900028621,10.7552923607,10.7552923607
reservoir_property_p51_r1-789d0f09b28a02318e19,15/9-F-11,15/9-F-11 B,3656.9,1,1.01232790947,2.26272603419,1.75199997082,8.60924863511,8.60924863511
reservoir_property_p51_r1-ecc92d5a88083a11eeaa,15/9-F-11,15/9-F-11 B,3658.9,2,2.7060482502,2.9736718135,13.9700007749,18.5636218477,18.5636218477
reservoir_property_p51_r1-e966b58ad21bae928fa0,15/9-F-11,15/9-F-11 B,3660.9,3,3.63732290268,4.5274010334,36.9899975489,91.5177976835,91.5177976835
reservoir_property_p51_r1-97de7605d675e6ebc361,15/9-F-11,15/9-F-11 B,3662.9,3,6.31931591034,5.44878327707,554.19306068,231.475135929,231.475135929
reservoir_property_p51_r1-1f5f6af6dcc465525caf,15/9-F-11,15/9-F-11 B,3664.9,2,6.40754985809,5.73030589165,605.406078442,307.063488015,307.063488015
reservoir_property_p51_r1-6506c671b715a318a48b,15/9-F-11,15/9-F-11 B,3666.9,2,6.55808162689,5.39789846114,703.918100734,219.941610591,219.941610591
reservoir_property_p51_r1-b5b9dd3fac58c9339e4c,15/9-F-11,15/9-F-11 B,3668.9,1,6.45472192764,5.22054086984,634.696931929,184.034236448,184.034236448
reservoir_property_p51_r1-5ce2cf3af4d3f3787cfa,15/9-F-11,15/9-F-11 B,3670.9,2,6.74373149872,5.85739654188,847.721838811,348.812235972,348.812235972
reservoir_property_p51_r1-a6872bba7fcb3134457d,15/9-F-11,15/9-F-11 B,3672.9,1,6.38848400116,6.25716605589,593.953946173,520.738265938,520.738265938
reservoir_property_p51_r1-c2db6c21dd4028022a5e,15/9-F-11,15/9-F-11 B,3674.9,1,6.90805339813,6.38233977188,999.298163592,590.309619969,590.309619969
reservoir_property_p51_r1-8b7d6b9f0fffdb434e8d,15/9-F-11,15/9-F-11 B,3676.9,1,6.81100845337,6.59258508091,906.785805157,728.664676179,728.664676179
reservoir_property_p51_r1-c6c0c33dd8ea9c095f84,15/9-F-11,15/9-F-11 B,3678.9,2,7.27454662323,6.52502293882,1442.09677726,680.99541764,680.99541764
reservoir_property_p51_r1-945df4661d5309c0c4a4,15/9-F-11,15/9-F-11 B,3680.9,0,7.10213947296,6.47979051969,1213.56282105,650.834385498,650.834385498
reservoir_property_p51_r1-efef4e7bfca9dad1f3bd,15/9-F-11,15/9-F-11 B,3682.9,3,7.02313089371,6.47249627203,1121.29490891,646.097042741,646.097042741
reservoir_property_p51_r1-f110733904fa60120f28,15/9-F-11,15/9-F-11 B,3684.9,1,7.02959251404,6.49945536879,1128.57023238,663.779474782,663.779474782
reservoir_property_p51_r1-73865a1fe8d258150300,15/9-F-11,15/9-F-11 B,3686.9,0,6.46853542328,6.18643784661,643.539058463,485.111415008,485.111415008
reservoir_property_p51_r1-e63d5b14679059d43067,15/9-F-11,15/9-F-11 B,3688.9,3,6.44564199448,6.16200540086,628.950972215,473.378440516,473.378440516
reservoir_property_p51_r1-f92ab60fd18cb21cc8d3,15/9-F-11,15/9-F-11 B,3690.9,1,6.77780151367,6.4641566861,877.136030329,640.7229613,640.7229613
reservoir_property_p51_r1-271e67c15b593ce8cbc2,15/9-F-11,15/9-F-11 B,3692.9,3,7.22988796234,6.66156007249,1379.06787585,780.769603525,780.769603525
reservoir_property_p51_r1-381b0f756e1727f5dee7,15/9-F-11,15/9-F-11 B,3694.9,3,6.9886841774,6.65310054531,1083.29379882,774.184096731,774.184096731
reservoir_property_p51_r1-8d38302e0aa39ea9502e,15/9-F-11,15/9-F-11 B,3696.9,1,6.99333572388,6.68584201063,1088.3491904,799.984832055,799.984832055
reservoir_property_p51_r1-7220f6c6b2d6255f807d,15/9-F-11,15/9-F-11 B,3698.9,1,7.30335235596,6.76506240392,1484.27074719,866.02031157,866.02031157
reservoir_property_p51_r1-d15bff6c6879eeedc94e,15/9-F-11,15/9-F-11 B,3700.9,0,6.85979413986,6.69602912256,952.170827415,808.186257692,808.186257692
reservoir_property_p51_r1-bc599d2b5e52f02d582e,15/9-F-11,15/9-F-11 B,3702.9,3,6.97017478943,6.5643536363,1063.40878168,708.353247795,708.353247795
reservoir_property_p51_r1-0abbdf9adb7fbcb640a4,15/9-F-11,15/9-F-11 B,3704.9,2,7.11985063553,6.56138757988,1235.26576549,706.252383225,706.252383225
reservoir_property_p51_r1-8d2f46ed8dc0ef9c913e,15/9-F-11,15/9-F-11 B,3706.9,1,6.94539499283,6.54550795084,1037.35705981,695.110178909,695.110178909
reservoir_property_p51_r1-91fb1724fe6d44223c0f,15/9-F-11,15/9-F-11 B,3708.9,3,6.74954462051,6.59937294877,852.669930226,733.634391388,733.634391388
reservoir_property_p51_r1-ec8fe64ab8359c21938f,15/9-F-11,15/9-F-11 B,3710.9,2,7.21920108795,6.65133973675,1364.39779211,772.820346937,772.820346937
reservoir_property_p51_r1-171a7d4e74c501520999,15/9-F-11,15/9-F-11 B,3712.9,0,6.84181404114,6.48095147843,935.185874975,651.591577778,651.591577778
reservoir_property_p51_r1-bc2d22ebb44e6669d020,15/9-F-11,15/9-F-11 B,3714.9,1,6.47608566284,6.41513196121,648.42390042,610.021386617,610.021386617
reservoir_property_p51_r1-5bab06a152b0a9d5b8de,15/9-F-11,15/9-F-11 B,3716.9,1,6.8287024498,6.65492921833,922.99110946,775.602951888,775.602951888
reservoir_property_p51_r1-880e4d2f9de982458070,15/9-F-11,15/9-F-11 B,3718.9,0,7.18792629242,6.75180150787,1322.35610466,854.598742839,854.598742839
reservoir_property_p51_r1-e5d24bebcde6bb4a401e,15/9-F-11,15/9-F-11 B,3720.9,2,6.86551475525,6.66280581322,957.639177367,781.744092616,781.744092616
reservoir_property_p51_r1-bae5adbd367892a474dd,15/9-F-11,15/9-F-11 B,3722.9,3,6.77956485748,6.47922943505,878.685852096,650.468753825,650.468753825
reservoir_property_p51_r1-b64a11ce30e657638ae0,15/9-F-11,15/9-F-11 B,3724.9,3,6.63749647141,6.43962336549,762.181951503,625.170917817,625.170917817
reservoir_property_p51_r1-195b0e50ee1f67cd1966,15/9-F-11,15/9-F-11 B,3726.9,2,6.83484888077,6.61381956016,928.687846396,744.324400234,744.324400234
reservoir_property_p51_r1-b9d0bf549e8ac9278668,15/9-F-11,15/9-F-11 B,3728.9,3,7.32504081726,6.64778787738,1516.8358513,770.076721263,770.076721263
reservoir_property_p51_r1-5e4ca4c4b49c06f05522,15/9-F-11,15/9-F-11 B,3730.9,3,7.03853273392,6.6790776842,1138.71411534,794.584992915,794.584992915
reservoir_property_p51_r1-045a0df01fff4a2f0edf,15/9-F-11,15/9-F-11 B,3732.9,0,7.0905418396,6.66121484407,1199.55813435,780.499761025,780.499761025
reservoir_property_p51_r1-ca3f2fede876be127263,15/9-F-11,15/9-F-11 B,3734.9,3,7.02358818054,6.60046635731,1121.80823695,734.438086205,734.438086205
reservoir_property_p51_r1-02b5c582b0b4c57287da,15/9-F-11,15/9-F-11 B,3736.9,0,7.01629304886,6.61278740968,1113.64700782,743.555510167,743.555510167
reservoir_property_p51_r1-75c074ed5ac36bed1f91,15/9-F-11,15/9-F-11 B,3738.9,3,7.07913732529,6.56496063066,1185.94413003,708.783951919,708.783951919
reservoir_property_p51_r1-96a6b40c245f124eb6a0,15/9-F-11,15/9-F-11 B,3740.9,2,6.93569898605,7.03504555315,1027.33779465,1134.74664785,1134.74664785
reservoir_property_p51_r1-c601a8c637b0d00f0ad6,15/9-F-11,15/9-F-11 B,3742.9,1,7.34351825714,7.05549916704,1545.14228183,1158.21596929,1158.21596929
reservoir_property_p51_r1-537057ea14674f831085,15/9-F-11,15/9-F-11 B,3744.9,3,7.34437847137,7.022927589,1546.47286764,1121.06676426,1121.06676426
reservoir_property_p51_r1-e56a573ae2bee60fa018,15/9-F-11,15/9-F-11 B,3746.9,1,7.10266828537,7.00383954926,1214.2052668,1099.85182917,1099.85182917
reservoir_property_p51_r1-ab8a3f317c9774c55324,15/9-F-11,15/9-F-11 B,3748.9,1,7.31030797958,6.99736991968,1494.63774416,1092.7527147,1092.7527147
reservoir_property_p51_r1-7bd923963c33925493b2,15/9-F-11,15/9-F-11 B,3750.9,0,7.40415000916,7.00422559637,1641.7878878,1100.27689188,1100.27689188
reservoir_property_p51_r1-f17660a0eb104eba7fcc,15/9-F-11,15/9-F-11 B,3752.9,3,7.20014858246,7.05620877401,1338.6297951,1159.03884895,1159.03884895
reservoir_property_p51_r1-50cf30df4fd979416436,15/9-F-11,15/9-F-11 B,3754.9,3,7.13365364075,7.02897554629,1252.44826053,1127.87353892,1127.87353892
reservoir_property_p51_r1-5bdf6b033bcc279276fa,15/9-F-11,15/9-F-11 B,3756.9,0,7.08590745926,6.86915758392,1194.00716392,961.137704048,961.137704048
reservoir_property_p51_r1-36bdce621e51bea1f4cb,15/9-F-11,15/9-F-11 B,3758.9,1,6.86090660095,6.81310903422,953.231782899,908.694686814,908.694686814
reservoir_property_p51_r1-e67ec8e9cf34042f29bd,15/9-F-11,15/9-F-11 B,3760.9,3,7.2970457077,6.82796298154,1474.93314247,922.308099924,922.308099924
reservoir_property_p51_r1-6027e933216924007cca,15/9-F-11,15/9-F-11 B,3762.9,1,7.35240650177,6.64015942449,1558.94602731,764.216977621,764.216977621
reservoir_property_p51_r1-cadabb091b1399588e32,15/9-F-11,15/9-F-11 B,3764.9,2,6.91356039047,6.76005892673,1004.8219938,861.693029971,861.693029971
reservoir_property_p51_r1-f4fe23fcd2ea0aa35c2f,15/9-F-11,15/9-F-11 B,3766.9,0,7.00164699554,6.84601198239,1097.44079653,939.124188902,939.124188902
reservoir_property_p51_r1-9e2f7455d5c2d929f75d,15/9-F-11,15/9-F-11 B,3768.9,2,7.1316204071,6.95532507993,1249.90229651,1047.71940018,1047.71940018
reservoir_property_p51_r1-e3d3481a537d6783657e,15/9-F-11,15/9-F-11 B,3770.9,2,6.35119819641,6.82700951432,572.179078844,921.428175473,921.428175473
reservoir_property_p51_r1-ab16de29693c4cb2ac96,15/9-F-11,15/9-F-11 B,3772.9,3,6.82007551193,6.87834343902,915.054180491,970.016478713,970.016478713
reservoir_property_p51_r1-828809cec7435009c12d,15/9-F-11,15/9-F-11 B,3774.9,2,6.86633300781,7.07055877441,958.423907341,1175.80541932,1175.80541932
reservoir_property_p51_r1-e811bbec3a14b0bfc77d,15/9-F-11,15/9-F-11 B,3776.9,1,6.89469957352,6.92117850408,986.029150571,1012.51372105,1012.51372105
reservoir_property_p51_r1-c1c7d3a72c1b6e621c1b,15/9-F-11,15/9-F-11 B,3778.9,1,7.09367275238,6.92157413857,1203.3228676,1012.91478136,1012.91478136
reservoir_property_p51_r1-5a6a0b4ca4667826e5f9,15/9-F-11,15/9-F-11 B,3780.9,3,6.88018274307,6.8837137544,971.804116763,975.245170747,975.245170747
reservoir_property_p51_r1-767562c90de7e38381bf,15/9-F-11,15/9-F-11 B,3782.9,1,6.8691277504,6.83942051093,961.109000516,932.947765363,932.947765363
reservoir_property_p51_r1-61e3c5ea09f957872afb,15/9-F-11,15/9-F-11 B,3784.9,3,6.96036291122,6.91127606068,1053.01600208,1002.52698693,1002.52698693
reservoir_property_p51_r1-9a783e3fde840042fa6b,15/9-F-11,15/9-F-11 B,3786.9,3,7.00135946274,7.28520018372,1097.12500417,1457.55308222,1457.55308222
reservoir_property_p51_r1-e077b60d9cf398445aeb,15/9-F-11,15/9-F-11 B,3788.9,1,7.16345834732,7.12380521593,1290.3692226,1240.16435742,1240.16435742
reservoir_property_p51_r1-5e8c73de3d7ed283b9b5,15/9-F-11,15/9-F-11 B,3790.9,1,6.26963949203,6.95089241909,527.286891912,1043.08107042,1043.08107042
reservoir_property_p51_r1-a46d64b04f67e82d59a3,15/9-F-11,15/9-F-11 B,3792.9,2,7.31141281128,7.1401501675,1496.29108531,1260.61782887,1260.61782887
reservoir_property_p51_r1-a98d9f11fafc53b802ad,15/9-F-11,15/9-F-11 B,3794.9,2,7.40034914017,7.26595949649,1635.5557176,1429.75777643,1429.75777643
reservoir_property_p51_r1-a7a3b586861836d8633f,15/9-F-11,15/9-F-11 B,3796.9,2,7.52291154861,7.33480411919,1848.9456673,1531.72751863,1531.72751863
reservoir_property_p51_r1-ad194c77535fa047cb14,15/9-F-11,15/9-F-11 B,3798.9,0,6.96352672577,7.19511382751,1056.35599401,1331.90203788,1331.90203788
reservoir_property_p51_r1-70588638c87fb9160b6a,15/9-F-11,15/9-F-11 B,3800.9,0,6.66791057587,7.04288679878,785.750031409,1143.68732349,1143.68732349
reservoir_property_p51_r1-044510e302bdca638e78,15/9-F-11,15/9-F-11 B,3802.9,1,6.9390630722,6.85115483741,1030.803037,943.971565295,943.971565295
reservoir_property_p51_r1-e1fbcccc9dccfb2daa5a,15/9-F-11,15/9-F-11 B,3804.9,2,7.24710273743,6.9994046684,1403.03110293,1094.98049236,1094.98049236
reservoir_property_p51_r1-f3e0a27622ba3dfdaf0f,15/9-F-11,15/9-F-11 B,3806.9,1,7.29984140396,6.93517176614,1479.0651765,1026.79577738,1026.79577738
reservoir_property_p51_r1-cc4b5ae09f2c4274ed60,15/9-F-11,15/9-F-11 B,3808.9,1,6.81062316895,3.41312201993,906.436116795,29.3598806067,29.3598806067
reservoir_property_p51_r1-33e53e0fb0c69d1235b7,15/9-F-11,15/9-F-11 B,3810.9,1,0.0158733483404,-0.943511909426,0.015999999171,-0.61074160813,0
reservoir_property_p51_r1-2387a67ae5b13e2d1c08,15/9-F-11,15/9-F-11 B,3812.9,1,0.0459289327264,-1.60340918406,0.0470000008774,-0.798790612454,0
reservoir_property_p51_r1-5bcab8b76570ce33db00,15/9-F-11,15/9-F-11 B,3814.9,1,0.00895974133164,-1.62715735199,0.00899999995981,-0.80351267469,0
reservoir_property_p51_r1-9bdebc543233b4a6b451,15/9-F-11,15/9-F-11 B,3816.9,3,0.0139029053971,-2.30745392676,0.0140000002313,-0.90048570002,0
reservoir_property_p51_r1-15e22134904d9966fc50,15/9-F-11,15/9-F-11 B,3818.9,2,0.023716526106,-2.17709206726,0.0239999994764,-0.886629273784,0
reservoir_property_p51_r1-34bda776a6f7e3dc1815,15/9-F-11,15/9-F-11 B,3820.9,2,0.057325065136,-2.0898410094,0.0589999984292,-0.876293197527,0
reservoir_property_p51_r1-7b122be8e5ebb334acb2,15/9-F-11,15/9-F-11 B,3822.9,1,0.0506931133568,-1.63582267514,0.0519999989915,-0.805207945218,0
reservoir_property_p51_r1-971d52c6ca8db016ef64,15/9-F-11,15/9-F-11 B,3824.9,0,0.306013017893,-0.610422183684,0.357999984731,-0.456878476381,0
reservoir_property_p51_r1-5ea97879af14be25c52b,15/9-F-11,15/9-F-11 B,3826.9,2,0.255417108536,-0.218892234836,0.290999995703,-0.196591707085,0
reservoir_property_p51_r1-df5ff55f94be4071a2e9,15/9-F-11,15/9-F-11 B,3828.9,0,1.06574463844,-0.157264907936,1.90299986472,-0.145522329083,0
reservoir_property_p51_r1-3fa67ba35c8bf3b7d15b,15/9-F-11,15/9-F-11 B,3830.9,0,0.817133188248,-0.110994213196,1.26400006318,-0.105056072221,0
reservoir_property_p51_r1-3ff3dcdc79303dd741b9,15/9-F-11,15/9-F-11 B,3832.9,3,1.04062998295,-0.207187560516,1.83099993437,-0.187132826098,0
reservoir_property_p51_r1-25bc2d7f5c8340ec9cd6,15/9-F-11,15/9-F-11 B,3834.9,2,0.905836284161,0.20473704939,1.47400002521,0.227202328932,0.227202328932
reservoir_property_p51_r1-ccbaf0ae124bdce9483e,15/9-F-11,15/9-F-11 B,3836.9,2,0.997686386108,0.168547051037,1.71200004347,0.183583914386,0.183583914386
reservoir_property_p51_r1-ff972f92bf243f0a5b1b,15/9-F-11,15/9-F-11 B,3838.9,0,0.389335721731,0.510357422044,0.475999993436,0.665886513112,0.665886513112
reservoir_property_p51_r1-4f60db54049ba1a0840e,15/9-F-11,15/9-F-11 B,3840.9,0,0.692146658897,0.483837597355,0.997999957385,0.62228816037,0.62228816037
reservoir_property_p51_r1-1cac6d6d52eb3ea41bf6,15/9-F-11,15/9-F-11 B,3842.9,3,0.487352281809,0.404014495307,0.628000023164,0.497825658244,0.497825658244
reservoir_property_p51_r1-93d2a5fd276de00e61e3,15/9-F-11,15/9-F-11 B,3844.9,3,0.389335721731,0.657302140821,0.475999993436,0.929579571954,0.929579571954
reservoir_property_p51_r1-800556a987b7f4d37a16,15/9-F-11,15/9-F-11 B,3846.9,3,0.517006456852,0.7512841633,0.676999956416,1.11972033663,1.11972033663
reservoir_property_p51_r1-481678368314ef856da1,15/9-F-11,15/9-F-11 B,3848.9,3,1.20537185669,0.651850271369,2.33800010498,0.919088380321,0.919088380321
reservoir_property_p51_r1-626a7647e0e9927924e4,15/9-F-11,15/9-F-11 B,3850.9,2,1.49020385742,0.729346707985,3.43800014606,1.0737254168,1.0737254168
reservoir_property_p51_r1-cf8be0a77d4996bc68e8,15/9-F-11,15/9-F-11 B,3852.9,1,0.466246575117,1.12606305457,0.59399999163,2.08349302859,2.08349302859
reservoir_property_p51_r1-47c657ef21e23d182011,15/9-F-11,15/9-F-11 B,3854.9,1,0.515215992928,1.27598301894,0.67400003492,2.58222107104,2.58222107104
reservoir_property_p51_r1-6c083518bf5a3023e1df,15/9-F-11,15/9-F-11 B,3856.9,0,0.647103250027,1.46299047882,0.910000015219,3.31885568234,3.31885568234
reservoir_property_p51_r1-8ac8303e44d866f75a2c,15/9-F-11,15/9-F-11 B,3858.9,0,0.649195313454,1.53717323511,0.914000039089,3.65142318986,3.65142318986
reservoir_property_p51_r1-bc67f8375daf9dcac880,15/9-F-11,15/9-F-11 B,3860.9,3,0.136277616024,1.08178569942,0.1459999974,1.9499425613,1.9499425613
reservoir_property_p51_r1-f97c8a7f72662dbf0d77,15/9-F-11,15/9-F-11 B,3862.9,1,0.169742777944,0.931093398588,0.185000003977,1.53728192196,1.53728192196
reservoir_property_p51_r1-088c1cc252632e8b2a15,15/9-F-11,15/9-F-11 B,3864.9,3,0.116893753409,1.34188361185,0.124000002178,2.82624388019,2.82624388019
reservoir_property_p51_r1-7d6d4ae8fa1ad752d49f,15/9-F-11,15/9-F-11 B,3866.9,1,0.821100533009,2.10735884684,1.27299997304,7.22648515938,7.22648515938
reservoir_property_p51_r1-07b8d76a0b15972fc0de,15/9-F-11,15/9-F-11 B,3868.9,1,0.809150874615,1.95212640356,1.2460000411,6.04364930856,6.04364930856
reservoir_property_p51_r1-2b3b7dbc18476da3146f,15/9-F-11,15/9-F-11 B,3870.9,2,0.559615790844,1.26473643375,0.75000000509,2.54215901949,2.54215901949
reservoir_property_p51_r1-0b3fe1457a1f257ec316,15/9-F-11,15/9-F-11 B,3872.9,3,0.4922542274,1.21810641484,0.635999982363,2.38077987403,2.38077987403
reservoir_property_p51_r1-7090c1f99a9e635e0353,15/9-F-11,15/9-F-11 B,3874.9,3,0.487966328859,1.14760800312,0.628999998761,2.15064754995,2.15064754995
reservoir_property_p51_r1-b29aec4051acefa5b07b,15/9-F-11,15/9-F-11 B,3876.9,0,0.409457117319,1.24469424105,0.50599998184,2.47187308077,2.47187308077
reservoir_property_p51_r1-7e87db5c93563b887cdd,15/9-F-11,15/9-F-11 B,3878.9,3,0.39541476965,1.10624415048,0.484999996131,2.0229831761,2.0229831761
reservoir_property_p51_r1-e46dd0296c8092ab586d,15/9-F-11,15/9-F-11 B,3880.9,3,0.52295178175,0.905472201637,0.6869999632,1.47309944899,1.47309944899
reservoir_property_p51_r1-945a0a0fcf89e52ab467,15/9-F-11,15/9-F-11 B,3882.9,1,0.39001300931,1.5923234645,0.477000008508,3.91515586154,3.91515586154
reservoir_property_p51_r1-b6d45b38b144dfff465d,15/9-F-11,15/9-F-11 B,3884.9,0,0.845009505749,2.29168991575,1.32799994385,8.89163960237,8.89163960237
reservoir_property_p51_r1-8a79bcccb694b3b94292,15/9-F-11,15/9-F-11 B,3886.9,2,1.3815330267,2.25488059207,2.98099993104,8.53415478851,8.53415478851
reservoir_property_p51_r1-8848fa4fc09c4eb72d59,15/9-F-11,15/9-F-11 B,3888.9,0,0.541160821915,1.68005956604,0.71799999717,4.36587558556,4.36587558556
reservoir_property_p51_r1-2cf9e23b247e66fa7d9f,15/9-F-11,15/9-F-11 B,3890.9,0,0.418710321188,1.20108703252,0.519999979221,2.32372796012,2.32372796012
reservoir_property_p51_r1-78b4eea81b4a2348eb56,15/9-F-11,15/9-F-11 B,3892.9,0,0.165514439344,1.58925619537,0.180000001023,3.90010285333,3.90010285333
reservoir_property_p51_r1-2a06d2916fd5811458f4,15/9-F-11,15/9-F-11 B,3894.9,0,2.96681833267,3.45193952755,18.4300013462,30.5615474744,30.5615474744
reservoir_property_p51_r1-0b82380c371c50d3bf4d,15/9-F-11,15/9-F-11 B,3896.9,0,5.13486862183,4.7598624724,168.842004876,115.729871216,115.729871216
reservoir_property_p51_r1-ec4b52442c8106744ade,15/9-F-11,15/9-F-11 B,3898.9,0,5.18444871902,4.94805740741,177.475032774,139.900984684,139.900984684
reservoir_property_p51_r1-bc5ce6b2362aad4065dd,15/9-F-11,15/9-F-11 B,3900.9,3,6.90322494507,5.7859025943,994.47991257,324.675860667,324.675860667
reservoir_property_p51_r1-287f9a7d59a5902d1d9e,15/9-F-11,15/9-F-11 B,3902.9,1,7.26485776901,6.49558868289,1428.18233929,661.213944608,661.213944608
reservoir_property_p51_r1-8041985dbfc49300bf05,15/9-F-11,15/9-F-11 B,3904.9,3,6.47491025925,6.15324166024,647.661013671,469.23927469,469.23927469
reservoir_property_p51_r1-01ce64b172893d2426fa,15/9-F-11,15/9-F-11 B,3906.9,2,6.86254882812,6.09418433781,954.800135705,442.272337194,442.272337194
reservoir_property_p51_r1-79659bf59964a4bb175d,15/9-F-11,15/9-F-11 B,3908.9,0,6.59785366058,6.20764834049,732.51911746,495.532202549,495.532202549
reservoir_property_p51_r1-a66988e5fb119af9717d,15/9-F-11,15/9-F-11 B,3910.9,1,7.19958257675,6.51896838503,1337.87177153,676.878714674,676.878714674
reservoir_property_p51_r1-97702da8d77d16051ee7,15/9-F-11,15/9-F-11 B,3912.9,0,7.07459068298,6.50532578151,1180.55976929,667.693481842,667.693481842
reservoir_property_p51_r1-3ea37aaac9c9276ae19b,15/9-F-11,15/9-F-11 B,3914.9,2,6.83157682419,6.44056645761,925.650826521,625.761733231,625.761733231
reservoir_property_p51_r1-1dfec23bdae30e3224d4,15/9-F-11,15/9-F-11 B,3916.9,1,7.30844211578,6.61955728327,1491.84968971,748.613157354,748.613157354
reservoir_property_p51_r1-12ecad06955960b19573,15/9-F-11,15/9-F-11 B,3918.9,2,6.78296518326,6.37231026718,881.682161901,584.408718382,584.408718382
reservoir_property_p51_r1-cc05909ecd19c8a2a155,15/9-F-11,15/9-F-11 B,3920.9,3,7.23940610886,6.18813515053,1392.26627661,485.937194419,485.937194419
reservoir_property_p51_r1-644657be168def8936dc,15/9-F-11,15/9-F-11 B,3922.9,0,7.32241725922,6.32537893605,1512.85893995,557.569435664,557.569435664
reservoir_property_p51_r1-0963e2c264ff3b2205e0,15/9-F-11,15/9-F-11 B,3924.9,3,7.39511632919,6.35169501342,1627.01429819,572.46391471,572.46391471
reservoir_property_p51_r1-cddd68a97b6ee2c85eca,15/9-F-11,15/9-F-11 B,3926.9,0,7.18231201172,6.34600668083,1314.94722924,569.21112149,569.21112149
reservoir_property_p51_r1-5acf84f7f8f0ada14abc,15/9-F-11,15/9-F-11 B,3928.9,3,7.14703893661,6.31066845439,1269.33882679,549.412751688,549.412751688
reservoir_property_p51_r1-b5434759b2201fa74cd1,15/9-F-11,15/9-F-11 B,3930.9,3,7.02123737335,6.42388376346,1119.17183133,615.392393681,615.392393681
reservoir_property_p51_r1-14540ced15236f12ea97,15/9-F-11,15/9-F-11 B,3932.9,3,7.34196710587,5.14737818055,1542.74584035,170.979998206,170.979998206
reservoir_property_p51_r1-46fc36b11da28b6c2b60,15/9-F-11,15/9-F-11 B,3934.9,1,0.479953974485,1.97585293073,0.616000023249,6.21276902332,6.21276902332
reservoir_property_p51_r1-b240354e0b80d66d31c4,15/9-F-11,15/9-F-11 B,3936.9,2,0.0695260614157,0.656405938054,0.0719999986783,0.927851052071,0.927851052071
reservoir_property_p51_r1-6a4164e216af24a39724,15/9-F-11,15/9-F-11 B,3938.9,0,1.12265431881,1.65243226603,2.07300010959,4.21966000188,4.21966000188
reservoir_property_p51_r1-be1f0f0abcfa8fe42961,15/9-F-11,15/9-F-11 B,3940.9,2,0.338612794876,1.04174843452,0.402999991239,1.83416804207,1.83416804207
reservoir_property_p51_r1-5878e19810657cee1df6,15/9-F-11,15/9-F-11 B,3942.9,1,0.00895974133164,-0.705023018055,0.00899999995981,-0.505902799032,0
reservoir_property_p51_r1-55d90e4019617115ec7d,15/9-F-11,15/9-F-11 B,3944.9,2,0.000999500276521,-2.04880228084,0.000999999943381,-0.871110815777,0
reservoir_property_p51_r1-cd7a348ec888c23b0739,15/9-F-11,15/9-F-11 B,3946.9,2,0.00399202108383,-2.02537068596,0.00399999981355,-0.86805507601,0
reservoir_property_p51_r1-063b0743f2b1b497fbf1,15/9-F-11,15/9-F-11 B,3948.9,1,0.0324671901762,-0.875085494126,0.03300000004,-0.583173618052,0
reservoir_property_p51_r1-420b4cf583bd3ae63b01,15/9-F-11,15/9-F-11 B,3950.9,1,0.518793821335,2.25849597592,0.680000046905,8.56868680335,8.56868680335
reservoir_property_p51_r1-7bd4e5a9a124034bc5ea,15/9-F-11,15/9-F-11 B,3952.9,0,6.88314294815,5.3831497032,974.688082909,216.70690881,216.70690881
reservoir_property_p51_r1-21c68acdc97cb9be5321,15/9-F-11,15/9-F-11 B,3954.9,1,6.97453784943,6.44049211798,1068.06300701,625.715141723,625.715141723
reservoir_property_p51_r1-231db2873ef352c7cf4c,15/9-F-11,15/9-F-11 B,3956.9,0,7.19464921951,6.27690699811,1331.28290476,531.140205137,531.140205137
reservoir_property_p51_r1-9cfce70c825d212dc4b8,15/9-F-11,15/9-F-11 B,3958.9,0,6.68904542923,6.1366213932,802.554835967,461.488361911,461.488361911
reservoir_property_p51_r1-2a2ec2a0d1cea4e31a9c,15/9-F-11,15/9-F-11 B,3960.9,0,6.29847288132,6.05854442407,542.74091886,426.752357463,426.752357463
reservoir_property_p51_r1-129900607fb1b580aac0,15/9-F-11,15/9-F-11 B,3962.9,1,7.27695274353,6.40697496594,1445.5732224,605.057560536,605.057560536
reservoir_property_p51_r1-3901a273400c65a5be32,15/9-F-11,15/9-F-11 B,3964.9,3,6.74981307983,6.24393197759,852.89913664,513.879028827,513.879028827
reservoir_property_p51_r1-722a536dfbec86f7cd5e,15/9-F-11,15/9-F-11 B,3966.9,1,7.02656364441,6.59215482683,1125.15408755,728.3508025,728.3508025
reservoir_property_p51_r1-f9d4fc8012b7a9df4fbe,15/9-F-11,15/9-F-11 B,3968.9,0,6.83455657959,6.30405528014,928.416137256,545.784785663,545.784785663
reservoir_property_p51_r1-7ddf47d9fd1a04811f5b,15/9-F-11,15/9-F-11 B,3970.9,3,6.99274158478,6.2422394358,1087.70215769,513.008311627,513.008311627
reservoir_property_p51_r1-5686c30ac9680a073d11,15/9-F-11,15/9-F-11 B,3972.9,3,6.36213970184,6.11901537878,578.484955833,453.417045487,453.417045487
reservoir_property_p51_r1-73189d122dd24c5b172e,15/9-F-11,15/9-F-11 B,3974.9,1,6.55048036575,6.2876526653,698.580147459,536.889239969,536.889239969
reservoir_property_p51_r1-b98867b239b23a793ae4,15/9-F-11,15/9-F-11 B,3976.9,3,6.40723133087,5.90606322718,605.212952358,366.257496429,366.257496429
reservoir_property_p51_r1-bf1867f66d04e9d0e122,15/9-F-11,15/9-F-11 B,3978.9,3,5.34347724915,5.25462537665,208.239022986,190.449750872,190.449750872
reservoir_property_p51_r1-0b6cbb6c34c844212bad,15/9-F-11,15/9-F-11 B,3980.9,0,4.71024179459,4.92378767789,110.079014963,136.522518952,136.522518952
reservoir_property_p51_r1-1c078d095488e7b41962,15/9-F-11,15/9-F-11 B,3982.9,2,5.5435552597,5.14325711376,254.585057345,170.272715527,170.272715527
reservoir_property_p51_r1-3fd8402d0220a4fd6ff2,15/9-F-11,15/9-F-11 B,3984.9,0,5.41231536865,4.88792440101,223.149977148,131.677901939,131.677901939
reservoir_property_p51_r1-e2a74599662717b919c2,15/9-F-11,15/9-F-11 B,3986.9,0,5.37044286728,4.95524365363,213.958044512,140.917180797,140.917180797
reservoir_property_p51_r1-f15892b251b1b3621d49,15/9-F-11,15/9-F-11 B,3988.9,3,5.8021697998,5.13121367594,330.017021923,168.222374586,168.222374586
reservoir_property_p51_r1-5bc77287a7d1f97e5230,15/9-F-11,15/9-F-11 B,3990.9,0,5.99414825439,5.08172771351,400.074924661,160.05206753,160.05206753
reservoir_property_p51_r1-6c4f8042683c3112401a,15/9-F-11,15/9-F-11 B,3992.9,2,3.50342297554,4.91236376097,32.2289995652,134.960412794,134.960412794
reservoir_property_p51_r1-d6f61cea45693ee18f7e,15/9-F-11,15/9-F-11 B,3994.9,2,6.1878285408,5.44408057842,485.787917622,230.384442034,230.384442034
reservoir_property_p51_r1-103377daf7abc224652b,15/9-F-11,15/9-F-11 B,3996.9,3,7.14498090744,6.15035988076,1266.72712082,467.886099506,467.886099506
reservoir_property_p51_r1-3f3bf94272081977acf3,15/9-F-11,15/9-F-11 B,3998.9,3,6.80153226852,5.79391518229,898.224089337,327.295849588,327.295849588
reservoir_property_p51_r1-eaf5ec3101fce153b35d,15/9-F-11,15/9-F-11 B,4000.9,2,3.48899459839,5.00739111919,31.7530012266,148.514162261,148.514162261
reservoir_property_p51_r1-350133160447aaf5c128,15/9-F-11,15/9-F-11 B,4002.9,3,5.76898956299,4.68050356097,319.214013035,106.824355039,106.824355039
reservoir_property_p51_r1-d619a92db34baefc6d6e,15/9-F-11,15/9-F-11 B,4004.9,0,4.32362937927,4.64279763788,74.4620121478,102.834432759,102.834432759
reservoir_property_p51_r1-1a9d818a909787dc038b,15/9-F-11,15/9-F-11 B,4006.9,2,3.32557535172,4.38736003166,26.8149974462,79.4278115895,79.4278115895
reservoir_property_p51_r1-bfd5312370a3afcebf79,15/9-F-11,15/9-F-11 B,4008.9,2,4.62976503372,4.49887266745,101.489979592,88.9157092377,88.9157092377
reservoir_property_p51_r1-cf5668a87a24a9cacf22,15/9-F-11,15/9-F-11 B,4010.9,2,5.64865398407,4.84473981052,282.9090624,126.070215358,126.070215358
reservoir_property_p51_r1-f08d59ce32161f8f9eff,15/9-F-11,15/9-F-11 B,4012.9,0,4.87118148804,4.82008363306,129.474980495,122.975458793,122.975458793
reservoir_property_p51_r1-bc8bc460e2246b8c1f9c,15/9-F-11,15/9-F-11 B,4014.9,1,4.64335203171,4.86014154254,102.892013888,128.042465813,128.042465813
reservoir_property_p51_r1-b5965a0b3745c6e60fab,15/9-F-11,15/9-F-11 B,4016.9,0,5.44093608856,4.8133127568,229.657998748,122.138871712,122.138871712
reservoir_property_p51_r1-80412192bdb4f5bcc8a8,15/9-F-11,15/9-F-11 B,4018.9,2,6.0455121994,5.14741762219,421.213959846,170.986781513,170.986781513
reservoir_property_p51_r1-a10ab47c2059ce19a72e,15/9-F-11,15/9-F-11 B,4020.9,1,5.06635379791,5.64200174882,157.595002388,281.026700425,281.026700425
reservoir_property_p51_r1-4a2a17bfb3dd44a422f7,15/9-F-11,15/9-F-11 B,4022.9,0,6.16030406952,5.91435013489,472.57205177,369.313570622,369.313570622
reservoir_property_p51_r1-c18d9770c9dc40f7db00,15/9-F-11,15/9-F-11 B,4024.9,0,6.04555749893,5.60291218032,421.233086374,270.215085718,270.215085718
reservoir_property_p51_r1-4600042dcf1eb528a2d3,15/9-F-11,15/9-F-11 B,4026.9,2,4.11915111542,3.9689846724,60.5070077464,51.9307614845,51.9307614845
reservoir_property_p51_r1-ec40dd0f9287ec0773b5,15/9-F-11,15/9-F-11 B,4028.9,0,0.742413401604,2.98546288438,1.10099995744,18.7956632192,18.7956632192
reservoir_property_p51_r1-0c54cc2014c1975af1f3,15/9-F-11,15/9-F-11 B,4030.9,0,3.71464467049,4.0694495444,40.0440003483,57.5247384534,57.5247384534
reservoir_property_p51_r1-f2e6f0f8a7dbb95d52d8,15/9-F-11,15/9-F-11 B,4032.9,1,4.72090673447,5.204607022,111.270005613,181.109293759,181.109293759
reservoir_property_p51_r1-00a4972a49b8361f20a0,15/9-F-11,15/9-F-11 B,4034.9,2,5.8240275383,5.68770611844,337.331958178,294.215653604,294.215653604
reservoir_property_p51_r1-39a745a7c3b677f873ed,15/9-F-11,15/9-F-11 B,4036.9,3,5.88786363602,5.8626763182,359.634015289,350.664050615,350.664050615
reservoir_property_p51_r1-4268ac9cea09589b1e3f,15/9-F-11,15/9-F-11 B,4038.9,1,6.38283061981,6.04284327309,590.599934318,420.088604312,420.088604312
reservoir_property_p51_r1-8e22ede83d5f17594a06,15/9-F-11,15/9-F-11 B,4040.9,0,5.92555189133,4.59676182221,373.485053393,98.1626887645,98.1626887645
reservoir_property_p51_r1-ea66a1ef35f26060ee05,15/9-F-11,15/9-F-11 B,4042.9,2,0.222343236208,2.50703950062,0.249000006326,11.2685551931,11.2685551931
reservoir_property_p51_r1-ad0df1a33c8308a43a37,15/9-F-11,15/9-F-11 B,4044.9,1,2.60076189041,2.83870023168,12.4739998366,16.0935334587,16.0935334587
reservoir_property_p51_r1-fea83723eca310ac6919,15/9-F-11,15/9-F-11 B,4046.9,3,3.58034729958,4.0678115552,34.8860018763,57.4289540326,57.4289540326
reservoir_property_p51_r1-ad686851b9b9aaa8b8fd,15/9-F-11,15/9-F-11 B,4048.9,3,3.83146357536,4.67525331499,45.1300035886,106.259734149,106.259734149
reservoir_property_p51_r1-834c036f9e90ef632088,15/9-F-11,15/9-F-11 B,4050.9,3,3.30288600922,3.79884852272,26.1909992664,43.6497417182,43.6497417182
reservoir_property_p51_r1-a3f3cac77a4ed4f8a3c7,15/9-F-11,15/9-F-11 B,4052.9,0,3.7759282589,3.76295518641,42.6379968797,42.0755343052,42.0755343052
reservoir_property_p51_r1-2e6f42addf722d4e83f3,15/9-F-11,15/9-F-11 B,4054.9,1,4.8920917511,4.15929114,132.231970903,63.0261209537,63.0261209537
reservoir_property_p51_r1-7b45973f085b3e33897f,15/9-F-11,15/9-F-11 B,4056.9,0,3.34776139259,3.83573153899,27.4389985786,45.3273055052,45.3273055052
reservoir_property_p51_r1-19fc471e15f288982624,15/9-F-11,15/9-F-11 B,4058.9,3,1.72401583195,2.72762477413,4.60700008302,14.2965111675,14.2965111675
reservoir_property_p51_r1-847ce1d787b6102704d1,15/9-F-11,15/9-F-11 B,4060.9,2,0.00598207162693,1.07441268472,0.00599999994908,1.92827257616,1.92827257616
reservoir_property_p51_r1-c5e422de3f8b9c767206,15/9-F-11,15/9-F-11 B,4062.9,2,0.445326656103,1.87593154056,0.561000022744,5.52689635795,5.52689635795
reservoir_property_p51_r1-a8175ffeb7ac905ef983,15/9-F-11,15/9-F-11 B,4064.9,3,5.24236059189,4.56753461081,188.116001605,95.3063841316,95.3063841316
reservoir_property_p51_r1-c10fa44a197027818e83,15/9-F-11,15/9-F-11 B,4066.9,2,4.72965097427,5.36566154783,112.256026183,212.932714602,212.932714602
reservoir_property_p51_r1-9d71f55097e1131b28d5,15/9-F-11,15/9-F-11 B,4068.9,1,5.70586013794,5.82540497507,299.623946936,337.798310169,337.798310169
reservoir_property_p51_r1-a8c550f8318d16a3daf4,15/9-F-11,15/9-F-11 B,4070.9,3,5.64285707474,6.00714659363,281.268028365,405.322262046,405.322262046
reservoir_property_p51_r1-3740507b6a71df17ce0d,15/9-F-11,15/9-F-11 B,4072.9,3,5.6736497879,5.8131403286,290.095033047,333.668446099,333.668446099
reservoir_property_p51_r1-5c2fdaa5fcefea10392f,15/9-F-11,15/9-F-11 B,4074.9,2,5.82718515396,5.69686252991,338.40196892,296.931182882,296.931182882
reservoir_property_p51_r1-01f15f9bb9b1a3ed192a,15/9-F-11,15/9-F-11 B,4076.9,0,0.145830452442,3.00177169015,0.157000004895,19.1211538127,19.1211538127
reservoir_property_p51_r1-023ebcf3aa9dbde82c84,15/9-F-11,15/9-F-11 B,4078.9,0,0.0478373281658,1.00433038903,0.0489999986904,1.73007857009,1.73007857009
reservoir_property_p51_r1-718e11b11684e1673538,15/9-F-11,15/9-F-11 B,4080.9,0,0.0620353892446,1.02611247807,0.0639999982179,1.79019776844,1.79019776844
reservoir_property_p51_r1-628e122c3c815a232296,15/9-F-11,15/9-F-11 B,4082.9,2,0.126632645726,0.428029681728,0.13499999409,0.534231618938,0.534231618938
reservoir_property_p51_r1-060c103c5c26cd2095aa,15/9-F-11,15/9-F-11 B,4084.9,3,0.0372957848012,-0.00322732428915,0.0380000000597,-0.00322212207603,0
reservoir_property_p51_r1-8221528baa1ad56f3d71,15/9-F-11,15/9-F-11 B,4086.9,2,0.162968829274,0.776420972591,0.177000001172,1.17367867153,1.17367867153
reservoir_property_p51_r1-a98a240555aa5c5947dc,15/9-F-11,15/9-F-11 B,4088.9,1,3.57026481628,3.26042415684,34.5259997693,25.0605885756,25.0605885756
reservoir_property_p51_r1-dd0b88a63ef3160fb71f,15/9-F-11,15/9-F-11 B,4090.9,2,6.84070062637,5.70088257875,934.144091876,298.131291418,298.131291418
reservoir_property_p51_r1-5ff8717e0fc5379c5d0f,15/9-F-11,15/9-F-11 B,4092.9,2,0.531804025173,4.2121349322,0.701999991527,66.5004950686,66.5004950686
reservoir_property_p51_r1-e158b83d8c77964d0fe7,15/9-F-11,15/9-F-11 B,4094.9,1,2.24219799042,2.62493083817,8.41400044659,12.8036194695,12.8036194695
reservoir_property_p51_r1-6b12bd46d6e6357564cf,15/9-F-11,15/9-F-11 B,4096.9,1,0.379121124744,1.82458830558,0.460999988277,5.2002418886,5.2002418886
reservoir_property_p51_r1-9d23dc62522ec5d28dae,15/9-F-11,15/9-F-11 B,4098.9,1,0.0246926117688,0.574313183748,0.0249999991579,0.77591038384,0.77591038384
reservoir_property_p51_r1-69b8fcf8d7183ee4a478,15/9-F-11,15/9-F-11 B,4100.9,2,0.039220713079,0.463614225554,0.0399999999227,0.589809544229,0.589809544229
reservoir_property_p51_r1-f312bc8f73429a0a30f6,15/9-F-11,15/9-F-11 B,4102.9,2,0.085259847343,0.120042320744,0.089000003694,0.127544569095,0.127544569095
reservoir_property_p51_r1-c21f3b1866e23aa01510,15/9-F-11,15/9-F-11 B,4104.9,2,0.000999500276521,-1.28711506735,0.000999999943381,-0.723933932622,0
reservoir_property_p51_r1-d9f76c346095fb05f5a4,15/9-F-11,15/9-F-11 B,4106.9,3,0.00299550895579,-0.634071424659,0.00299999997592,-0.469572198116,0
reservoir_property_p51_r1-2f3fa235db04751545b2,15/9-F-11,15/9-F-11 B,4108.9,2,0.686625957489,2.36988608949,0.986999987918,9.69617380805,9.69617380805
reservoir_property_p51_r1-3a11daf810800f737cee,15/9-F-11,15/9-F-11 B,4110.9,3,6.1097741127,5.35446499903,449.23700086,210.550766206,210.550766206
reservoir_property_p51_r1-b9aa2d943e81066721f3,15/9-F-11,15/9-F-11 B,4112.9,0,6.54106044769,6.41160022163,692.021101134,607.867224414,607.867224414
reservoir_property_p51_r1-e3f9056f235f478ff385,15/9-F-11,15/9-F-11 B,4114.9,0,6.43888711929,6.31364385909,624.710071529,551.052891209,551.052891209
reservoir_property_p51_r1-730e31cde2ae928d4245,15/9-F-11,15/9-F-11 B,4116.9,3,6.54163169861,6.41446919783,692.41710317,609.61655819,609.61655819
reservoir_property_p51_r1-7f107a0a214c7d8b2a3a,15/9-F-11,15/9-F-11 B,4118.9,3,7.20652723312,6.60834527257,1347.2021365,740.255427642,740.255427642
reservoir_property_p51_r1-03d4a863e350517a6942,15/9-F-11,15/9-F-11 B,4120.9,0,7.27085638046,6.6342986157,1436.7812137,759.745303845,759.745303845
reservoir_property_p51_r1-4117ae0171cc8baf4a07,15/9-F-11,15/9-F-11 B,4122.9,2,6.07183647156,6.57939238877,432.476017422,719.10165444,719.10165444
reservoir_property_p51_r1-2659a88c9907b6650219,15/9-F-11,15/9-F-11 B,4124.9,1,7.72983980179,6.68306458596,2274.23768258,797.763243599,797.763243599
reservoir_property_p51_r1-83db7934ba30b88ad7fd,15/9-F-11,15/9-F-11 B,4126.9,2,7.53575754166,7.04763000739,1872.86335076,1149.12971126,1149.12971126
reservoir_property_p51_r1-353636eb86bcbb2f0032,15/9-F-11,15/9-F-11 B,4128.9,2,6.982878685,6.58422451427,1077.01717648,722.589696551,722.589696551
reservoir_property_p51_r1-938910b013253c2b112e,15/9-F-11,15/9-F-11 B,4130.9,2,7.3907585144,6.61420823749,1619.93514941,744.614147237,744.614147237
reservoir_property_p51_r1-3287805e22f7f374832d,15/9-F-11,15/9-F-11 B,4132.9,2,7.67520523071,7.15755596914,2153.26576183,1282.76952329,1282.76952329
reservoir_property_p51_r1-9380218b99dd1b3e835d,15/9-F-11,15/9-F-11 B,4134.9,3,7.68712711334,7.32228582333,2179.10236988,1512.65997764,1512.65997764
reservoir_property_p51_r1-a7ae3a177e4b6c03fe5c,15/9-F-11,15/9-F-11 B,4136.9,2,7.98058891296,7.03875901548,2922.65233395,1138.97204081,1138.97204081
reservoir_property_p51_r1-084f254e59c90cba664f,15/9-F-11,15/9-F-11 B,4138.9,2,7.5899515152,6.83670052476,1977.21759793,930.410892051,930.410892051
reservoir_property_p51_r1-3e4895a8352056ae374d,15/9-F-11,15/9-F-11 B,4140.9,3,6.97479057312,6.62691213313,1068.3332187,754.146774094,754.146774094
reservoir_property_p51_r1-35d1ccd8abe1cbff24e7,15/9-F-11,15/9-F-11 B,4142.9,1,6.75961112976,6.2782545873,861.306805128,531.857794922,531.857794922
reservoir_property_p51_r1-b29f40428d09c8138e9e,15/9-F-11,15/9-F-11 B,4144.9,0,6.24818992615,5.7717178138,516.076031288,320.088829993,320.088829993
reservoir_property_p51_r1-64c6851468f2f0c21171,15/9-F-11,15/9-F-11 B,4146.9,0,6.92953252792,5.95615266246,1021.01610394,385.121722284,385.121722284
reservoir_property_p51_r1-08a1d4d0160303eb186c,15/9-F-11,15/9-F-11 B,4148.9,2,6.60480642319,6.62526305063,737.6368724,752.902501005,752.902501005
reservoir_property_p51_r1-48ddac98d42bee02f076,15/9-F-11,15/9-F-11 B,4150.9,1,6.38565444946,6.57250115003,592.272872689,714.156321332,714.156321332
reservoir_property_p51_r1-31112aab03481e38c806,15/9-F-11,15/9-F-11 B,4152.9,2,6.50528478622,6.65248422492,667.666069127,773.706482157,773.706482157
reservoir_property_p51_r1-fd5482f8316087406f94,15/9-F-11,15/9-F-11 B,4154.9,0,6.63807296753,6.57701623328,762.622049786,717.392612223,717.392612223
reservoir_property_p51_r1-168f226e9ab761e42316,15/9-F-11,15/9-F-11 B,4156.9,3,6.28853654861,6.52226067514,537.364881466,679.114165921,679.114165921
reservoir_property_p51_r1-635f3bb41fc17d09e5ba,15/9-F-11,15/9-F-11 B,4158.9,1,6.19890117645,6.55575303207,491.207894211,702.278541769,702.278541769
reservoir_property_p51_r1-864150d730be790c68b2,15/9-F-11,15/9-F-11 B,4160.9,3,6.21202898026,6.54218130382,497.71210245,692.79831357,692.79831357
reservoir_property_p51_r1-ef0ce68356424dddf37e,15/9-F-11,15/9-F-11 B,4162.9,3,6.3939704895,6.53380469944,597.227124981,687.010912804,687.010912804
reservoir_property_p51_r1-45e1637f256221c2e5e9,15/9-F-11,15/9-F-11 B,4164.9,0,6.62774372101,6.3034543771,754.775006177,545.45631972,545.45631972
reservoir_property_p51_r1-afa247f6526f17bda75d,15/9-F-11,15/9-F-11 B,4166.9,1,6.47858953476,6.29383009901,650.052012128,540.222299368,540.222299368
reservoir_property_p51_r1-685dcfc387fccc5ca172,15/9-F-11,15/9-F-11 B,4168.9,1,6.34108018875,6.09974593078,566.408889172,444.744505736,444.744505736
reservoir_property_p51_r1-47000bb96f81f8366c46,15/9-F-11,15/9-F-11 B,4170.9,2,5.49302434921,5.82650846921,241.990986294,338.172378471,338.172378471
reservoir_property_p51_r1-e5f70f2b2c15727eed5a,15/9-F-11,15/9-F-11 B,4172.9,0,6.07662582397,6.21354729731,434.557066294,498.469880671,498.469880671
reservoir_property_p51_r1-f1433220356a0f12d03d,15/9-F-11,15/9-F-11 B,4174.9,0,6.820084095,6.48931563796,915.062043081,657.072848999,657.072848999
reservoir_property_p51_r1-49dd96d7fa44b33d9981,15/9-F-11,15/9-F-11 B,4176.9,1,6.33940124512,6.41021178014,565.457040903,607.022434503,607.022434503
reservoir_property_p51_r1-6ca9a0667450d1508c5b,15/9-F-11,15/9-F-11 B,4178.9,1,6.67579317093,6.3734178753,791.976170148,585.057481051,585.057481051
reservoir_property_p51_r1-97a19b8d50cdd97be658,15/9-F-11,15/9-F-11 B,4180.9,0,5.97010278702,6.1535305978,390.545914518,469.375164107,469.375164107
reservoir_property_p51_r1-a3fd32435ef7a15de465,15/9-F-11,15/9-F-11 B,4182.9,0,6.11256885529,6.07301779457,450.497057326,432.988395198,432.988395198
reservoir_property_p51_r1-4ab2f94785aa585c035e,15/9-F-11,15/9-F-11 B,4184.9,3,6.06066179276,6.20219607182,427.659026448,492.832342443,492.832342443
reservoir_property_p51_r1-176f7b5f0eccad45766b,15/9-F-11,15/9-F-11 B,4186.9,0,5.30920267105,5.94737345865,201.188952997,381.746717595,381.746717595
reservoir_property_p51_r1-4c24557dbb749e47b6ec,15/9-F-11,15/9-F-11 B,4188.9,3,5.93141746521,5.93104445211,375.688077827,375.547594443,375.547594443
reservoir_property_p51_r1-741028ccdab5d36b08f3,15/9-F-11,15/9-F-11 B,4190.9,3,5.88785266876,5.92637449134,359.630060145,373.793231539,373.793231539
reservoir_property_p51_r1-6da9e9521746b5c2c2e8,15/9-F-11,15/9-F-11 B,4192.9,1,6.16968202591,6.11813369335,477.034079469,453.016569172,453.016569172
reservoir_property_p51_r1-2768be308e105ad071ce,15/9-F-11,15/9-F-11 B,4194.9,2,6.12663316727,6.39008015984,456.891917039,594.904345371,594.904345371
reservoir_property_p51_r1-56d387a244a2a613d009,15/9-F-11,15/9-F-11 B,4196.9,2,5.83689641953,6.39578774464,341.714047782,598.315244692,598.315244692
reservoir_property_p51_r1-51594ca32a972912d2cc,15/9-F-11,15/9-F-11 B,4198.9,2,6.28177309036,6.44225166456,533.735958933,626.818846936,626.818846936
reservoir_property_p51_r1-499de8e3611fc73a67eb,15/9-F-11,15/9-F-11 B,4200.9,0,5.97004938126,6.36877829055,390.525004269,582.344715618,582.344715618
reservoir_property_p51_r1-4003a6d690f9b8edd990,15/9-F-11,15/9-F-11 B,4202.9,0,6.03626346588,6.2624337012,417.327017796,523.493849418,523.493849418
reservoir_property_p51_r1-4c09a64b4956b4bac7f2,15/9-F-11,15/9-F-11 B,4204.9,3,5.75703907013,5.88755874176,315.410072513,359.524076809,359.524076809
reservoir_property_p51_r1-db9e24fe25028261c619,15/9-F-11,15/9-F-11 B,4206.9,3,5.65288543701,5.86553848553,284.11295555,351.672013762,351.672013762
reservoir_property_p51_r1-2adf5f4019726f29c6af,15/9-F-11,15/9-F-11 B,4208.9,0,5.66284227371,5.88245958882,286.965958562,357.690388506,357.690388506
reservoir_property_p51_r1-7cc962a1c7b96c1a5633,15/9-F-11,15/9-F-11 B,4210.9,1,5.71265649796,5.7791820741,301.674054252,322.494487658,322.494487658
reservoir_property_p51_r1-e33306c1e08cab504e1c,15/9-F-11,15/9-F-11 B,4212.9,1,5.72455835342,5.79881369725,305.297959922,328.90795696,328.90795696
reservoir_property_p51_r1-20b2a95e88e80f2d075b,15/9-F-11,15/9-F-11 B,4214.9,3,5.48186731339,5.80319257363,239.294994758,330.355750662,330.355750662
reservoir_property_p51_r1-c9dae570e33429f80bd0,15/9-F-11,15/9-F-11 B,4216.9,0,5.32206296921,5.57935053144,203.80595486,263.899506005,263.899506005
reservoir_property_p51_r1-0db980d395c7275790fe,15/9-F-11,15/9-F-11 B,4218.9,1,5.74693441391,5.78947977183,312.228956614,325.842947232,325.842947232
reservoir_property_p51_r1-f0e0827d68ce171a8320,15/9-F-11,15/9-F-11 B,4220.9,3,5.25561332703,5.38570655031,190.638987187,217.264264324,217.264264324
reservoir_property_p51_r1-34321ad417630df303c3,15/9-F-11,15/9-F-11 B,4222.9,2,3.45461177826,4.44573704924,30.6460006317,84.26269749,84.26269749
reservoir_property_p51_r1-0c88ffee9dccbf292171,15/9-F-11,15/9-F-11 B,4224.9,0,2.98941230774,3.48760223014,18.8739992633,31.7074287219,31.7074287219
reservoir_property_p51_r1-63b006b36d3b97e00ef8,15/9-F-11,15/9-F-11 B,4226.9,0,2.98102474213,4.03148380026,18.7080019204,55.3444531661,55.3444531661
reservoir_property_p51_r1-1f68c1f10a2b1a92050e,15/9-F-11,15/9-F-11 B,4228.9,2,5.23700046539,5.35636422612,187.105027808,210.952930933,210.952930933
reservoir_property_p51_r1-85ecacbc64d09f438326,15/9-F-11,15/9-F-11 B,4230.9,2,6.08260011673,5.75958230955,437.167000211,316.21580323,316.21580323
reservoir_property_p51_r1-f709652e58e333872ab1,15/9-F-11,15/9-F-11 B,4232.9,1,5.64392614365,5.74911899073,281.569953699,312.913977299,312.913977299
reservoir_property_p51_r1-c6a715929a6af97ab236,15/9-F-11,15/9-F-11 B,4234.9,2,5.55675077438,5.63432987315,257.979983359,278.871305178,278.871305178
reservoir_property_p51_r1-59474270abf3088f73a5,15/9-F-11,15/9-F-11 B,4236.9,0,5.10685396194,4.19010964881,164.149968639,65.0300306778,65.0300306778
reservoir_property_p51_r1-9862fbe2b5182588d72c,15/9-F-11,15/9-F-11 B,4238.9,0,0.1043600142,2.88402653904,0.109999998752,16.8861476517,16.8861476517
reservoir_property_p51_r1-93d3ba77f92bab877169,15/9-F-11,15/9-F-11 B,4240.9,2,2.25894665718,3.30876804979,8.57300020311,26.3514091335,26.3514091335
reservoir_property_p51_r1-7203cd72405e3be7a85e,15/9-F-11,15/9-F-11 B,4242.9,0,1.32680976391,3.26905382221,2.76900018703,25.2864559124,25.2864559124
reservoir_property_p51_r1-0f61afcbbb31f41178e9,15/9-F-11,15/9-F-11 B,4244.9,2,3.44976520538,4.0005280074,30.4929970544,53.6269858724,53.6269858724
reservoir_property_p51_r1-9f5266858c45014a2397,15/9-F-11,15/9-F-11 B,4246.9,1,3.33391737938,4.28455991186,27.0480014361,71.5706022294,71.5706022294
reservoir_property_p51_r1-efb005b6c765d880140f,15/9-F-11,15/9-F-11 B,4248.9,2,3.49423217773,4.06364514067,31.9249976987,57.1860212202,57.1860212202
reservoir_property_p51_r1-86e45c16059467eafbe6,15/9-F-11,15/9-F-11 B,4250.9,0,2.05630087852,3.63736027967,6.81700022893,36.9914175273,36.9914175273
reservoir_property_p51_r1-13161782af850160b633,15/9-F-11,15/9-F-11 B,4252.9,1,3.44339442253,3.8914138982,30.292999755,47.9800904503,47.9800904503
reservoir_property_p51_r1-f2f105a94d6c63e41109,15/9-F-11,15/9-F-11 B,4254.9,0,2.98376083374,3.3760534842,18.7619986555,28.255087325,28.255087325
reservoir_property_p51_r1-c69b61af7cf583705ce4,15/9-F-11,15/9-F-11 B,4256.9,1,0.570414423943,2.49005767781,0.769000015505,11.0619718085,11.0619718085
reservoir_property_p51_r1-dedd2f73714749b745af,15/9-F-11,15/9-F-11 B,4258.9,1,2.41885590553,2.96076302929,10.2330003468,18.3127022924,18.3127022924
reservoir_property_p51_r1-09a4d158f79659f45523,15/9-F-11,15/9-F-11 B,4260.9,3,2.05860090256,2.73203967045,6.83500020958,14.3641929725,14.3641929725
reservoir_property_p51_r1-9242053a11d9315188d1,15/9-F-11,15/9-F-11 B,4262.9,2,0.588897168636,2.06194693333,0.802000017029,6.86126027039,6.86126027039
reservoir_property_p51_r1-7fcce9239a4dcc3a39ed,15/9-F-11,15/9-F-11 B,4264.9,2,1.90449273586,2.95685738166,5.71599997748,18.2374207897,18.2374207897
reservoir_property_p51_r1-a18767f0ba4db7b10af1,15/9-F-11,15/9-F-11 B,4266.9,0,4.24480295181,4.20989066905,68.742016252,66.3491760579,66.3491760579
reservoir_property_p51_r1-b7de8f1bd551b2bc1f1e,15/9-F-11,15/9-F-11 B,4268.9,3,3.6628177166,5.23761914052,37.9709975375,187.221439716,187.221439716
reservoir_property_p51_r1-34ef50298fba454f7774,15/9-F-11,15/9-F-11 B,4270.9,2,6.05422782898,5.91561558729,424.909903163,369.782481447,369.782481447
reservoir_property_p51_r1-25fa5015ed7bbd6be752,15/9-F-11,15/9-F-11 B,4272.9,1,6.420358181,6.25349898852,613.223077766,518.828520291,518.828520291
reservoir_property_p51_r1-a6a9b9728321e4f20b35,15/9-F-11,15/9-F-11 B,4274.9,3,5.86838102341,6.06543098835,352.675923469,429.70826792,429.70826792
reservoir_property_p51_r1-1b0ab35762167fc00629,15/9-F-11,15/9-F-11 B,4276.9,0,5.8285484314,5.89389994081,338.864983502,361.817495571,361.817495571
reservoir_property_p51_r1-53ed4b600d23174eb501,15/9-F-11,15/9-F-11 B,4278.9,2,5.35182476044,4.92540124685,209.992958406,136.744600143,136.744600143
reservoir_property_p51_r1-fc0f625b80a7b951d98e,15/9-F-11,15/9-F-11 B,4280.9,2,0.786182045937,2.61525933589,1.1949999987,12.6707612372,12.6707612372
reservoir_property_p51_r1-a96743515c0f4edd71ea,15/9-F-11,15/9-F-11 B,4282.9,3,0.0449733659625,0.312930636689,0.0460000003345,0.367426678497,0.367426678497
reservoir_property_p51_r1-d3abf41c8811daff7523,15/9-F-11,15/9-F-11 B,4284.9,2,0.0129162250087,-0.0714419468217,0.0129999997388,-0.0689496735434,0
reservoir_property_p51_r1-3562c91b2b1ed7750e41,15/9-F-11,15/9-F-11 B,4286.9,3,3.3711848259,2.7097629659,28.1130004682,14.0257134863,14.0257134863
reservoir_property_p51_r1-a0fc5ce08a5d8e0f5dea,15/9-F-11,15/9-F-11 B,4288.9,2,5.98037815094,5.60772354956,394.589932579,271.523145894,271.523145894
reservoir_property_p51_r1-2c2866b52b365bf49896,15/9-F-11,15/9-F-11 B,4290.9,1,5.25621843338,5.82039216695,190.754984248,336.104228847,336.104228847
reservoir_property_p51_r1-0a52fe29b5290e270854,15/9-F-11,15/9-F-11 B,4292.9,0,4.65801858902,4.13971578939,104.42698089,61.7849747575,61.7849747575
reservoir_property_p51_r1-5595951d26e6ac1c39ae,15/9-F-11,15/9-F-11 B,4294.9,1,0.00697561353445,1.15481310388,0.00699999979661,2.17343026031,2.17343026031
reservoir_property_p51_r1-50d011832c672e2dc79e,15/9-F-11,15/9-F-11 B,4300.3,2,0.186479568481,1.37847864954,0.205000001854,2.96885900671,2.96885900671
reservoir_property_p51_r1-3a7145b3ab6311e8f25d,15/9-F-11,15/9-F-11 B,4302.3,1,0.608678042889,2.43486276786,0.83800003484,10.4142522036,10.4142522036
reservoir_property_p51_r1-d419774011859483de22,15/9-F-11,15/9-F-11 B,4304.3,3,2.30058312416,3.71525341065,8.9800003377,40.0689930862,40.0689930862
reservoir_property_p51_r1-e12a65d16ae7f5d59679,15/9-F-11,15/9-F-11 B,4306.3,1,4.39537477493,4.95274283975,80.0750099511,140.562715752,140.562715752
reservoir_property_p51_r1-565ab635df568efe1b6f,15/9-F-11,15/9-F-11 B,4308.3,3,4.89691400528,5.34965767804,132.876000922,209.53621436,209.53621436
reservoir_property_p51_r1-7b3b2ae25cc1fe5ebfe9,15/9-F-11,15/9-F-11 T2,4400.6,0,4.6338353157,3.99659451992,101.907992848,53.4125333574,53.4125333574
reservoir_property_p51_r1-eef3f72c25a8405135e1,15/9-F-11,15/9-F-11 T2,4402.6,0,4.45328855515,3.6961044256,84.9089964478,39.2900453827,39.2900453827
reservoir_property_p51_r1-f943b900a64502180b81,15/9-F-11,15/9-F-11 T2,4404.6,2,4.49672698975,3.87521160318,88.7229859397,47.192894982,47.192894982
reservoir_property_p51_r1-aecb03b323286c41747d,15/9-F-11,15/9-F-11 T2,4406.6,2,5.07427358627,4.23815443504,158.85602818,68.2798732719,68.2798732719
reservoir_property_p51_r1-06650b8a442cfd04d4a1,15/9-F-11,15/9-F-11 T2,4408.6,3,5.83233690262,4.19899994646,340.154994253,65.6196744749,65.6196744749
reservoir_property_p51_r1-50948e33c7f313a75821,15/9-F-11,15/9-F-11 T2,4410.6,0,4.96774864197,3.04347985226,142.702996016,19.9781171146,19.9781171146
reservoir_property_p51_r1-d766612d437e9ba4874f,15/9-F-11,15/9-F-11 T2,4412.6,0,3.8514020443,1.0002785316,46.0589957972,1.71903906129,1.71903906129
reservoir_property_p51_r1-b0429195018cd4c790e4,15/9-F-11,15/9-F-11 T2,4414.6,2,0.0276151672006,1.83227173541,0.0280000001723,5.24806449762,5.24806449762
reservoir_property_p51_r1-dab073f1a320116f4365,15/9-F-11,15/9-F-11 T2,4416.6,1,6.43940162659,4.68878192688,625.032086757,107.720669395,107.720669395
reservoir_property_p51_r1-5604e532d314abad691e,15/9-F-11,15/9-F-11 T2,4418.6,3,6.80378723145,5.42932198407,900.254094249,226.994609029,226.994609029
reservoir_property_p51_r1-022dbb60f8a15d81b61a,15/9-F-11,15/9-F-11 T2,4420.6,0,5.63798093796,4.2925432945,279.895001105,72.1522799038,72.1522799038
reservoir_property_p51_r1-5af141b5856ee30bc698,15/9-F-11,15/9-F-11 T2,4422.6,3,0.652845859528,3.18027774161,0.920999953399,23.0534332637,23.0534332637
reservoir_property_p51_r1-33b640b19ab12d920935,15/9-F-11,15/9-F-11 T2,4424.6,1,5.20843076706,3.78313146819,181.806966282,42.9534653328,42.9534653328
reservoir_property_p51_r1-cb340997a238385357a7,15/9-F-11,15/9-F-11 T2,4426.6,3,4.42187213898,4.30020878793,82.2519988662,72.7151829337,72.7151829337
reservoir_property_p51_r1-664dbc2565265e8fe649,15/9-F-11,15/9-F-11 T2,4428.6,2,4.80574083328,4.16890746792,121.209994725,63.6447870091,63.6447870091
reservoir_property_p51_r1-08cab6f36c81d873bd2a,15/9-F-11,15/9-F-11 T2,4430.6,0,3.75150203705,3.48023741432,41.5849982308,31.4674293937,31.4674293937
reservoir_property_p51_r1-869c97c4868dacfd8988,15/9-F-11,15/9-F-11 T2,4432.6,0,1.73958861828,3.12593299891,4.69500012176,21.7811399601,21.7811399601
reservoir_property_p51_r1-95b534ab119f581828f6,15/9-F-11,15/9-F-11 T2,4434.6,0,3.49307751656,3.5567142036,31.8870024221,34.0478476496,34.0478476496
reservoir_property_p51_r1-3ddbf46b2ad0e010e1ea,15/9-F-11,15/9-F-11 T2,4436.6,3,4.54496383667,3.84178394645,93.1570221164,45.6085474719,45.6085474719
reservoir_property_p51_r1-20df2492269150d61167,15/9-F-11,15/9-F-11 T2,4438.6,3,4.40197610855,3.81699016154,80.6119835609,44.4671533809,44.4671533809
reservoir_property_p51_r1-18b2b73f553186a48d09,15/9-F-11,15/9-F-11 T2,4440.6,3,3.73184323311,3.31861038728,40.7560033222,26.6219400775,26.6219400775
reservoir_property_p51_r1-3ca52cf198949916ef17,15/9-F-11,15/9-F-11 T2,4442.6,0,3.27408337593,2.88858923921,25.418998089,16.967943243,16.967943243
reservoir_property_p51_r1-18cf671e4332bb8eac36,15/9-F-11,15/9-F-11 T2,4444.6,3,4.24849510193,3.58590029143,68.9999901916,35.0858308633,35.0858308633
reservoir_property_p51_r1-0a48cf6a95e9a919c852,15/9-F-11,15/9-F-11 T2,4446.6,2,3.91487884521,4.23029997904,49.1429960791,67.7378489951,67.7378489951
reservoir_property_p51_r1-63fb285af5619fffa304,15/9-F-11,15/9-F-11 T2,4448.6,1,4.41698360443,4.91009139757,81.8460117433,134.651812088,134.651812088
reservoir_property_p51_r1-304bf3829b1be7b0246c,15/9-F-11,15/9-F-11 T2,4450.6,2,7.20755386353,5.77169069607,1348.58695253,320.080122911,320.080122911
reservoir_property_p51_r1-a75decbef6c4d9266c61,15/9-F-11,15/9-F-11 T2,4452.6,0,7.42385816574,5.28052804376,1674.48535379,195.473594622,195.473594622
reservoir_property_p51_r1-627c465d3823f663425e,15/9-F-11,15/9-F-11 T2,4454.6,2,3.67452692986,3.39264862516,38.4299992889,28.7446304065,28.7446304065
reservoir_property_p51_r1-1e7610968cb5fabbe70d,15/9-F-11,15/9-F-11 T2,4456.6,3,1.28037810326,2.192449983,2.59799988388,7.95713107325,7.95713107325
reservoir_property_p51_r1-0ac9de685fea25da969e,15/9-F-11,15/9-F-11 T2,4458.6,2,1.79275894165,2.28704349579,5.00599983237,8.84578550184,8.84578550184
reservoir_property_p51_r1-df7abf69194a9ad86c7d,15/9-F-11,15/9-F-11 T2,4460.6,1,4.58117437363,3.22907243336,96.6289798098,24.2562192763,24.2562192763
reservoir_property_p51_r1-c61a87f37791364aac5d,15/9-F-11,15/9-F-11 T2,4462.6,2,2.00673651695,2.32457854902,6.43900063784,9.2223709496,9.2223709496
reservoir_property_p51_r1-78bdc251edeeb5fa73a7,15/9-F-11,15/9-F-11 T2,4464.6,1,2.45298600197,2.6985913294,10.6230012589,13.8587858406,13.8587858406
reservoir_property_p51_r1-f6727249a8e4d91e5714,15/9-F-11,15/9-F-11 T2,4466.6,2,5.71748828888,4.03641778062,303.140050842,55.6231425503,55.6231425503
reservoir_property_p51_r1-a0de1f1dd73c128e5c8d,15/9-F-11,15/9-F-11 T2,4468.6,2,5.56734037399,4.6516900848,260.737050041,103.761892523,103.761892523
reservoir_property_p51_r1-d53314085d97a0d4b572,15/9-F-11,15/9-F-11 T2,4470.6,2,5.24640274048,4.05995417823,188.881983648,56.9716546541,56.9716546541
reservoir_property_p51_r1-29ed6b113c540501e567,15/9-F-11,15/9-F-11 T2,4472.6,0,4.10901975632,3.8040188727,59.8870042063,43.8811943395,43.8811943395
reservoir_property_p51_r1-dd6a219cda221ddd26d4,15/9-F-11,15/9-F-11 T2,4474.6,1,4.972864151,4.02239377184,143.439993441,54.8346012805,54.8346012805
reservoir_property_p51_r1-b306ce7e6cefdf2178e7,15/9-F-11,15/9-F-11 T2,4476.6,0,5.05009937286,4.63392157854,155.037969656,101.916870366,101.916870366
reservoir_property_p51_r1-bb1368e05347089a6bfe,15/9-F-11,15/9-F-11 T2,4478.6,0,6.25773477554,5.17561797075,521.035073137,175.905903179,175.905903179
reservoir_property_p51_r1-cbe7b099ca21e97f54ed,15/9-F-11,15/9-F-11 T2,4480.6,0,6.35030460358,5.23397085492,571.667118902,186.53600524,186.53600524
reservoir_property_p51_r1-cfc3c00464c01e956ae4,15/9-F-11,15/9-F-11 T2,4482.6,1,4.29811477661,5.10996663427,72.5609840095,164.664827254,164.664827254
reservoir_property_p51_r1-6d2726afb02c3085a208,15/9-F-11,15/9-F-11 T2,4484.6,1,5.87757349014,4.03635823202,355.942066587,55.6197708215,55.6197708215
reservoir_property_p51_r1-6e3bcfa776508ed00b51,15/9-F-11,15/9-F-11 T2,4486.6,0,1.87946510315,3.26180071978,5.55000035044,25.0964873187,25.0964873187
reservoir_property_p51_r1-7718a780287384012ae8,15/9-F-11,15/9-F-11 T2,4488.6,3,4.80549526215,3.75726016314,121.179987162,41.8309153515,41.8309153515
reservoir_property_p51_r1-3bb97bd9ee10771b5721,15/9-F-11,15/9-F-11 T2,4490.6,3,4.9437828064,4.21614555966,139.299974646,66.7717580111,66.7717580111
reservoir_property_p51_r1-182e66ec00ec82a6916d,15/9-F-11,15/9-F-11 T2,4492.6,1,5.15298509598,3.70488469303,171.946983881,39.6453603532,39.6453603532
reservoir_property_p51_r1-188c99f409134947b62b,15/9-F-11,15/9-F-11 T2,4494.6,1,3.11395955086,2.65632509788,21.5099976576,13.2438480524,13.2438480524
reservoir_property_p51_r1-5c24b61c90079ee94744,15/9-F-11,15/9-F-11 T2,4496.6,2,2.8577337265,1.56871900776,16.4219991481,3.80049485676,3.80049485676
reservoir_property_p51_r1-ef56fa1811b30c34ea7a,15/9-F-11,15/9-F-11 T2,4498.6,0,0.000999500276521,1.61051965023,0.000999999943381,4.00541161541,4.00541161541
reservoir_property_p51_r1-8a05122b29aa4a032fc8,15/9-F-11,15/9-F-11 T2,4500.6,2,0.0019980026409,1.11006571398,0.00199999997819,2.03455780076,2.03455780076
reservoir_property_p51_r1-e1e0412ddfeeaf96d26e,15/9-F-11,15/9-F-11 T2,4502.6,2,0.00796816963702,1.53499050308,0.00799999998775,3.64128145187,3.64128145187
reservoir_property_p51_r1-84d4ccb12bf3f48851f4,15/9-F-11,15/9-F-11 T2,4504.6,2,0.0266419313848,1.78167729621,0.0270000004502,4.93981089027,4.93981089027
reservoir_property_p51_r1-639e53c6dc5629f64950,15/9-F-11,15/9-F-11 T2,4506.6,2,0.000999500276521,1.09068044763,0.000999999943381,1.97629859901,1.97629859901
reservoir_property_p51_r1-9b66cde7ebce6bb587d2,15/9-F-11,15/9-F-11 T2,4508.6,2,0.000999500276521,-0.579399647582,0.000999999943381,-0.439765396176,0
reservoir_property_p51_r1-58df677b156117e45ce6,15/9-F-11,15/9-F-11 T2,4510.6,3,0.000999500276521,-1.67918606848,0.000999999943381,-0.813474266555,0
reservoir_property_p51_r1-1c4d1fb51e11f6a695f6,15/9-F-11,15/9-F-11 T2,4512.6,0,0.0019980026409,-1.79547202653,0.00199999997819,-0.833950945713,0
reservoir_property_p51_r1-3f38a6c034b96db4b973,15/9-F-12,15/9-F-12,3117.9516,0,0.000999500276521,-3.43079779626,0.000999999943381,-0.967638887103,0
reservoir_property_p51_r1-6702cde9baa3f335b90e,15/9-F-12,15/9-F-12,3120.0852,3,0.000999500276521,-0.747396163278,0.000999999943381,-0.526401879177,0
reservoir_property_p51_r1-b0e20fbd8d273e57a3e3,15/9-F-12,15/9-F-12,3122.2188,1,0.000999500276521,0.185468827656,0.000999999943381,0.203782674462,0.203782674462
reservoir_property_p51_r1-8b6fd913805ebe4d533e,15/9-F-12,15/9-F-12,3124.3524,2,0.000999500276521,-0.38797696504,0.000999999943381,-0.321572029355,0
reservoir_property_p51_r1-0ab016a2d4b4acacb9bb,15/9-F-12,15/9-F-12,3126.486,0,7.0665307045,2.32013783796,1171.07469905,9.17707699691,9.17707699691
reservoir_property_p51_r1-529b790809eb55baff07,15/9-F-12,15/9-F-12,3128.6196,1,6.11936950684,4.9854510945,453.577995809,145.269541533,145.269541533
reservoir_property_p51_r1-74569bc3997d5ab7aeb9,15/9-F-12,15/9-F-12,3130.7532,0,4.76464176178,4.42621730001,116.289092325,82.6145292636,82.6145292636
reservoir_property_p51_r1-0bb63087fb396f51163e,15/9-F-12,15/9-F-12,3132.8868,0,4.07281112671,3.34331712774,57.7218052216,27.3128885776,27.3128885776
reservoir_property_p51_r1-fc5548e4901c4f3568b0,15/9-F-12,15/9-F-12,3135.0204,0,0.0459289215505,2.57482840725,0.0469999891762,12.1290641129,12.1290641129
reservoir_property_p51_r1-b5640b0e4e6e0e91b0cd,15/9-F-12,15/9-F-12,3137.154,1,4.15250349045,3.37760789013,62.5930056631,28.3005969675,28.3005969675
reservoir_property_p51_r1-f3333510eb6abf2cda63,15/9-F-12,15/9-F-12,3139.2876,3,0.190372392535,1.63748330441,0.209699997038,4.14221183194,4.14221183194
reservoir_property_p51_r1-d65121186fd853fa16cb,15/9-F-12,15/9-F-12,3141.4212,1,0.00796816963702,0.720725624502,0.00799999998775,1.05592449871,1.05592449871
reservoir_property_p51_r1-37b4f55493cd6f9b9af0,15/9-F-12,15/9-F-12,3143.5548,2,3.2602250576,2.20631669805,25.0554004486,8.08220221641,8.08220221641
reservoir_property_p51_r1-592a04ee28bcee2d52d2,15/9-F-12,15/9-F-12,3145.6884,1,0.572673022747,1.09362808383,0.772999992296,1.98508458711,1.98508458711
reservoir_property_p51_r1-d6737e6a5336bd154c59,15/9-F-12,15/9-F-12,3147.822,3,0.000999500276521,-1.52044866633,0.000999999943381,-0.781386219697,0
reservoir_property_p51_r1-2539d0334f0fac390359,15/9-F-12,15/9-F-12,3149.9556,2,2.66676282883,1.06833017704,13.3933001194,1.91051539459,1.91051539459
reservoir_property_p51_r1-c5132bbbdd362f888613,15/9-F-12,15/9-F-12,3152.0892,0,5.9386138916,4.65144412614,378.408663357,103.736128597,103.736128597
reservoir_property_p51_r1-0e684dd1f15068b53faf,15/9-F-12,15/9-F-12,3154.2228,2,6.15769863129,4.64011159862,471.339795022,102.555903634,102.555903634
reservoir_property_p51_r1-2ca20e3df29d18fe515e,15/9-F-12,15/9-F-12,3156.3564,0,6.16952943802,4.78337776547,476.961142822,118.50733682,118.50733682
reservoir_property_p51_r1-a51fa3887ef25026c3a1,15/9-F-12,15/9-F-12,3158.49,0,6.27790594101,4.80595644585,531.672048412,121.236347576,121.236347576
reservoir_property_p51_r1-7ed1f6ea47c96c23d0d7,15/9-F-12,15/9-F-12,3160.6236,3,5.65006637573,4.17861581729,283.310336504,64.2754375202,64.2754375202
reservoir_property_p51_r1-625454f1895f1b2d6ecf,15/9-F-12,15/9-F-12,3162.7572,2,4.11878204346,3.71348602239,60.484311423,39.9964723348,39.9964723348
reservoir_property_p51_r1-8c2a082a676d77f162cb,15/9-F-12,15/9-F-12,3164.8908,1,5.76137876511,3.77628385096,316.786179497,42.6535169644,42.6535169644
reservoir_property_p51_r1-1bac30db3abe519b92de,15/9-F-12,15/9-F-12,3167.0244,0,1.97913765907,3.15793216943,6.23649996365,22.5219062885,22.5219062885
reservoir_property_p51_r1-6e88bf417c68aa55fd1d,15/9-F-12,15/9-F-12,3169.158,2,0.748203337193,2.39189867486,1.11319989621,9.9342348035,9.9342348035
reservoir_property_p51_r1-99365b57af8be71b2956,15/9-F-12,15/9-F-12,3171.2916,2,0.62025386095,2.26994072641,0.859400010991,8.67882709827,8.67882709827
reservoir_property_p51_r1-4b21e233f79a2e1263ce,15/9-F-12,15/9-F-12,3173.4252,2,0.775418162346,2.0455267188,1.17149997688,6.73323070336,6.73323070336
reservoir_property_p51_r1-f4ec491f6d302e188e9a,15/9-F-12,15/9-F-12,3175.5588,1,0.132080346346,1.66525192168,0.141200006834,4.28700499318,4.28700499318
reservoir_property_p51_r1-e98ef5c0e3e7704ae4a6,15/9-F-12,15/9-F-12,3177.6924,0,0.181654661894,1.85904922829,0.19919999291,5.41763216674,5.41763216674
reservoir_property_p51_r1-61f97be7b5afc0f5507f,15/9-F-12,15/9-F-12,3179.826,2,0.134443476796,0.670441475566,0.143900000282,0.955100259133,0.955100259133
reservoir_property_p51_r1-1e26b22d7402bdcf7a70,15/9-F-12,15/9-F-12,3181.9596,0,0.0134096872061,1.39087434572,0.0135000003002,3.01836195503,3.01836195503
reservoir_property_p51_r1-95879c6487610302bd53,15/9-F-12,15/9-F-12,3184.0932,1,5.41265106201,3.43671095081,223.225235438,30.0845512319,30.0845512319
reservoir_property_p51_r1-58d88d81d85ed22b4793,15/9-F-12,15/9-F-12,3186.2268,0,4.24177122116,4.43879589667,68.530897433,83.672925316,83.672925316
reservoir_property_p51_r1-4e29e75f3887a0d30065,15/9-F-12,15/9-F-12,3188.3604,1,6.99674463272,5.29241303599,1092.06901917,197.822613149,197.822613149
reservoir_property_p51_r1-40491812d41b4b76c4eb,15/9-F-12,15/9-F-12,3190.494,1,6.76331520081,5.47831178609,864.506773593,238.442136423,238.442136423
reservoir_property_p51_r1-a630d9b5e79f5bb9b3d3,15/9-F-12,15/9-F-12,3192.6276,1,6.81020259857,5.3613371101,906.054556291,212.00957337,212.00957337
reservoir_property_p51_r1-8335b643c3e08fc0b98c,15/9-F-12,15/9-F-12,3194.7612,3,6.09781599045,4.89504768582,443.885075028,132.626378546,132.626378546
reservoir_property_p51_r1-2652690bc997d0508def,15/9-F-12,15/9-F-12,3196.8948,0,3.89420104027,4.42821748575,48.1167953403,82.7819412243,82.7819412243
reservoir_property_p51_r1-bcf21b7e633bdf6be496,15/9-F-12,15/9-F-12,3199.0284,2,4.57439851761,4.46532822142,95.9696960279,85.9495635656,85.9495635656
reservoir_property_p51_r1-68e11e2f625b1d8092a9,15/9-F-12,15/9-F-12,3201.162,2,5.89845561981,4.86608834018,363.474146335,128.812141529,128.812141529
reservoir_property_p51_r1-21b08e3e961646d87d7a,15/9-F-12,15/9-F-12,3203.2956,1,6.40745449066,5.0516328051,605.348249809,155.277426857,155.277426857
reservoir_property_p51_r1-6767df83333feb62bf4d,15/9-F-12,15/9-F-12,3205.4292,0,5.32442855835,4.73608392807,204.291015103,112.986945431,112.986945431
reservoir_property_p51_r1-4d760c029e448352b292,15/9-F-12,15/9-F-12,3207.5628,2,5.28120756149,3.45290118307,195.607147283,30.5919134092,30.5919134092
reservoir_property_p51_r1-636663cf6a84b4ef2112,15/9-F-12,15/9-F-12,3209.6964,1,0.162798881531,1.52885172805,0.176799989674,3.61287694282,3.61287694282
reservoir_property_p51_r1-2ef063667eded60f5077,15/9-F-12,15/9-F-12,3211.83,2,0.476855099201,1.48337575024,0.610999991955,3.40780022687,3.40780022687
reservoir_property_p51_r1-b334c842bda1ef328f38,15/9-F-12,15/9-F-12,3213.9636,1,2.7401945591,2.59676403398,14.4899985233,12.4202402528,12.4202402528
reservoir_property_p51_r1-8c95ac841810a2d93b76,15/9-F-12,15/9-F-12,3216.0972,3,1.14048969746,1.36642551687,2.12829991067,2.92130896173,2.92130896173
reservoir_property_p51_r1-425b1e4863342e3b24c9,15/9-F-12,15/9-F-12,3218.2308,0,0.0499323606491,1.57873057079,0.0511999914862,3.84879669861,3.84879669861
reservoir_property_p51_r1-68b14c42407d8d231682,15/9-F-12,15/9-F-12,3220.3644,0,4.06427001953,3.31862355032,57.2223917974,26.6223036688,26.6223036688
reservoir_property_p51_r1-4b6087e77fc13272607a,15/9-F-12,15/9-F-12,3222.498,0,3.27393198013,3.54295644777,25.4149986665,33.5689696163,33.5689696163
reservoir_property_p51_r1-7345b5c9198a2bbb62f5,15/9-F-12,15/9-F-12,3224.6316,3,3.20701384544,3.30639750289,23.7052024125,26.2866481253,26.2866481253
reservoir_property_p51_r1-76e3d221da9d5e6c6d05,15/9-F-12,15/9-F-12,3226.7652,3,3.04748463631,3.19470121137,20.0622983948,23.4028812994,23.4028812994
reservoir_property_p51_r1-2acf63a10c98b888c2fc,15/9-F-12,15/9-F-12,3228.8988,2,2.54424405098,3.12643596305,11.7335984955,21.7926009385,21.7926009385
reservoir_property_p51_r1-dfeef5cbc2de34efba95,15/9-F-12,15/9-F-12,3231.0324,0,2.61233186722,2.66236488939,12.6307990346,13.3301382501,13.3301382501
reservoir_property_p51_r1-97f72964ae6ff42ad85d,15/9-F-12,15/9-F-12,3233.166,2,0.0207825303078,1.15458322891,0.0209999909389,2.17270085194,2.17270085194
reservoir_property_p51_r1-ae909583c02e00b7d815,15/9-F-12,15/9-F-12,3235.2996,0,0.095855474472,0.841236878599,0.100599987705,1.31923381412,1.31923381412
reservoir_property_p51_r1-93ad04da55e66902a172,15/9-F-12,15/9-F-12,3237.4332,2,0.488580018282,1.56148232123,0.630000005645,3.76588057768,3.76588057768
reservoir_property_p51_r1-ca712d32515a21890840,15/9-F-12,15/9-F-12,3239.5668,0,1.31587183475,2.3148359387,2.72799976861,9.12326194693,9.12326194693
reservoir_property_p51_r1-66c6e53a35be384ed606,15/9-F-12,15/9-F-12,3241.7004,2,1.57571566105,2.19033615542,3.8342000291,7.93821723993,7.93821723993
reservoir_property_p51_r1-8a405574e92664aef706,15/9-F-12,15/9-F-12,3243.834,1,0.488457322121,1.77485686107,0.62980002317,4.89943663682,4.89943663682
reservoir_property_p51_r1-fd659ec929231c7da9f2,15/9-F-12,15/9-F-12,3245.9676,3,1.70850467682,2.05719240555,4.52070007163,6.82397240338,6.82397240338
reservoir_property_p51_r1-033858a9d61fe79879d2,15/9-F-12,15/9-F-12,3248.1012,2,1.76647591591,2.1307942305,4.85020039322,7.4215528101,7.4215528101
reservoir_property_p51_r1-beec79ac877ddf064871,15/9-F-12,15/9-F-12,3250.2348,1,0.75212341547,1.72438887135,1.12150006324,4.60909210517,4.60909210517
reservoir_property_p51_r1-8cef5dc89f2b0678a45b,15/9-F-12,15/9-F-12,3252.3684,1,0.986525535583,1.8744217858,1.6819000993,5.51704977996,5.51704977996
reservoir_property_p51_r1-64096ecfb67b34b655a0,15/9-F-12,15/9-F-12,3254.502,2,1.43815124035,2.08306640249,3.21289997341,7.02905150854,7.02905150854
reservoir_property_p51_r1-0c3094d23bfe42aace33,15/9-F-12,15/9-F-12,3256.6356,3,1.31772100925,2.13171591161,2.73489986849,7.42931837436,7.42931837436
reservoir_property_p51_r1-00b9538f1aa551abeac6,15/9-F-12,15/9-F-12,3258.7692,1,1.11044204235,1.68642699739,2.03570000586,4.40015143873,4.40015143873
reservoir_property_p51_r1-081480d994ce0e302f9e,15/9-F-12,15/9-F-12,3260.9028,0,0.592000007629,1.47972442563,0.807600016403,3.39173526446,3.39173526446
reservoir_property_p51_r1-4853f4318271c6ff1ec6,15/9-F-12,15/9-F-12,3263.0364,2,0.951812267303,1.84084147104,1.59039990509,5.30183884548,5.30183884548
reservoir_property_p51_r1-ff6ab928b550ff19f45f,15/9-F-12,15/9-F-12,3265.17,3,2.17769050598,2.23315623486,7.82589934123,8.32926501158,8.32926501158
reservoir_property_p51_r1-43d03b28a1252bd76a8a,15/9-F-12,15/9-F-12,3267.3036,3,2.13058614731,2.05195824627,7.4198006088,6.78312747329,6.78312747329
reservoir_property_p51_r1-b08e47142d609ebea6a6,15/9-F-12,15/9-F-12,3269.4372,3,0.501381158829,1.7316266352,0.650999989914,4.64983666107,4.64983666107
reservoir_property_p51_r1-ab626e8e55c47a09bb57,15/9-F-12,15/9-F-12,3271.5708,3,1.30462324619,1.14727445169,2.68630000449,2.14959682218,2.14959682218
reservoir_property_p51_r1-e58af9ede87719b98a66,15/9-F-12,15/9-F-12,3273.7044,0,0.0266419313848,1.12637876834,0.0270000004502,2.08446668349,2.08446668349
reservoir_property_p51_r1-d909f087ed7d09a13949,15/9-F-12,15/9-F-12,3275.838,1,0.700073182583,1.16675505298,1.01390008449,2.21155438806,2.21155438806
reservoir_property_p51_r1-0bf3115bf45dea98b967,15/9-F-12,15/9-F-12,3277.9716,0,0.106879360974,0.627917165254,0.112799999273,0.873703896611,0.873703896611
reservoir_property_p51_r1-9a782908f3cf39dc1e3b,15/9-F-12,15/9-F-12,3280.1052,2,0.0226417295635,-0.589705974297,0.0228999990616,-0.445509704832,0
reservoir_property_p51_r1-484e2de3e11569818132,15/9-F-12,15/9-F-12,3282.2388,1,0.0192142184824,-1.91521000405,0.01939999955,-0.852689106547,0
reservoir_property_p51_r1-b4efbbf6fd337022a4d6,15/9-F-12,15/9-F-12,3284.3724,2,0.0158733483404,-2.05668481406,0.015999999171,-0.872122795333,0
reservoir_property_p51_r1-eba7b2e68048890519c4,15/9-F-12,15/9-F-12,3286.506,1,0.00279607740231,-1.35590567133,0.00279999007259,-0.742286215259,0
reservoir_property_p51_r1-9c419a917f8951844810,15/9-F-12,15/9-F-12,3288.6396,3,0.336400777102,-1.74272896,0.399899960247,-0.824957934559,0
