sample_id,well_id,mother_well_family,depth_m,actual_model_domain,predicted_model_domain,actual_fraction,predicted_fraction,interval_low_fraction,interval_high_fraction
target6_porosity_phif-fb42abff337e7ed765fb,15/9-19 A,15/9-19,3839.5656,0.1446000039577484,0.16238403419251105,0.1446000039577484,0.16238403419251105,,
target6_porosity_phif-81a513764143cd548683,15/9-19 A,15/9-19,3841.6992,0.20420800149440765,0.19301088526901708,0.20420800149440765,0.19301088526901708,,
target6_porosity_phif-2d2acd7a0de6fd80ace7,15/9-19 A,15/9-19,3843.8328,0.19491399824619293,0.22347157031814488,0.19491399824619293,0.22347157031814488,,
target6_porosity_phif-3102bde0ed9303dbdfd2,15/9-19 A,15/9-19,3845.9664,0.236626997590065,0.2412003317348783,0.236626997590065,0.2412003317348783,,
target6_porosity_phif-aab0008a3540497b405a,15/9-19 A,15/9-19,3848.1,0.03144700080156326,0.136022424092315,0.03144700080156326,0.136022424092315,,
target6_porosity_phif-2d948fa4f198ecd778a5,15/9-19 A,15/9-19,3850.2336,0.03414500132203102,0.17353077395603944,0.03414500132203102,0.17353077395603944,,
target6_porosity_phif-13f36fd8578bf9554b4a,15/9-19 A,15/9-19,3852.3672,0.19618000090122223,0.204622385207891,0.19618000090122223,0.204622385207891,,
target6_porosity_phif-a54f478ba53e297ef4ab,15/9-19 A,15/9-19,3854.5008,0.0015869999770075083,0.07442755358305397,0.0015869999770075083,0.07442755358305397,,
target6_porosity_phif-4e8942a2113b307be914,15/9-19 A,15/9-19,3856.6344,0.17501799762248993,0.1379613449826629,0.17501799762248993,0.1379613449826629,,
target6_porosity_phif-1dbe0a7e4dece4ee6ed9,15/9-19 A,15/9-19,3858.768,0.18601000308990479,0.19810512310619707,0.18601000308990479,0.19810512310619707,,
target6_porosity_phif-9093361b00340b3fcb99,15/9-19 A,15/9-19,3860.9016,0.2130340039730072,0.23071956998465593,0.2130340039730072,0.23071956998465593,,
target6_porosity_phif-ff3f86c3001bbdd66daf,15/9-19 A,15/9-19,3863.0352,0.24034200608730316,0.2557124018646533,0.24034200608730316,0.2557124018646533,,
target6_porosity_phif-67fa7e136b85691742aa,15/9-19 A,15/9-19,3865.1688,0.23640699684619904,0.2528239782714099,0.23640699684619904,0.2528239782714099,,
target6_porosity_phif-3ebbd731b6b9dd9b1735,15/9-19 A,15/9-19,3867.3024,0.2168869972229004,0.24548688797867033,0.2168869972229004,0.24548688797867033,,
target6_porosity_phif-184e02a819c1003560ec,15/9-19 A,15/9-19,3869.436,0.22807000577449799,0.2521440804056989,0.22807000577449799,0.2521440804056989,,
target6_porosity_phif-949e1ab72160626c0acf,15/9-19 A,15/9-19,3871.5696,0.23680399358272552,0.25633934362329797,0.23680399358272552,0.25633934362329797,,
target6_porosity_phif-b57a48956628b800e3d9,15/9-19 A,15/9-19,3873.7032,0.2176560014486313,0.23105404217921593,0.2176560014486313,0.23105404217921593,,
target6_porosity_phif-cf846bfc6664e3bb931f,15/9-19 A,15/9-19,3875.8368,0.1288509964942932,0.13347002796229393,0.1288509964942932,0.13347002796229393,,
target6_porosity_phif-ea90fba0a7384e07a245,15/9-19 A,15/9-19,3877.9704,0.24500000476837158,0.12698997753559163,0.24500000476837158,0.12698997753559163,,
target6_porosity_phif-271df29b29659dd7c207,15/9-19 A,15/9-19,3880.104,0.11568000167608261,0.15358258449537007,0.11568000167608261,0.15358258449537007,,
target6_porosity_phif-58ef3bd83c8830187cd9,15/9-19 A,15/9-19,3882.2376,0.21494199335575104,0.2189763392584109,0.21494199335575104,0.2189763392584109,,
target6_porosity_phif-19c735b1169694fe24a0,15/9-19 A,15/9-19,3884.3712,0.1671849936246872,0.18626322141206444,0.1671849936246872,0.18626322141206444,,
target6_porosity_phif-dca4a14ace40589f3897,15/9-19 A,15/9-19,3886.5048,0.2042970061302185,0.20424470268163877,0.2042970061302185,0.20424470268163877,,
target6_porosity_phif-db47d28c6fa6e49da35a,15/9-19 A,15/9-19,3888.6384,0.2140509933233261,0.22220302166725817,0.2140509933233261,0.22220302166725817,,
target6_porosity_phif-7b077ffd36866f5515d3,15/9-19 A,15/9-19,3890.772,0.214028999209404,0.21895603128683147,0.214028999209404,0.21895603128683147,,
target6_porosity_phif-b607f9535678259cfa68,15/9-19 A,15/9-19,3892.9056,0.20886899530887604,0.1936045365362178,0.20886899530887604,0.1936045365362178,,
target6_porosity_phif-30c984e52e27b1bf6f0e,15/9-19 A,15/9-19,3895.0392,0.1828169971704483,0.19702764748125773,0.1828169971704483,0.19702764748125773,,
target6_porosity_phif-437391a4ba2cb9164d18,15/9-19 A,15/9-19,3897.1728,0.19564999639987946,0.21646344434112344,0.19564999639987946,0.21646344434112344,,
target6_porosity_phif-e2b5e7667afd24ba4ca1,15/9-19 A,15/9-19,3899.3064,0.20675800740718842,0.21310998539313775,0.20675800740718842,0.21310998539313775,,
target6_porosity_phif-e7225834dcc353c80315,15/9-19 A,15/9-19,3901.44,0.19514499604701996,0.21274498576336473,0.19514499604701996,0.21274498576336473,,
target6_porosity_phif-6b0946bcf58fab5be1a9,15/9-19 A,15/9-19,3903.5736,0.17868399620056152,0.2026077206819472,0.17868399620056152,0.2026077206819472,,
target6_porosity_phif-7398e9a024c0bbcedae7,15/9-19 A,15/9-19,3905.7072,0.19043700397014618,0.20460952618919384,0.19043700397014618,0.20460952618919384,,
target6_porosity_phif-bfbd7e771225e988226f,15/9-19 A,15/9-19,3907.8408,0.1983650028705597,0.20019633740205292,0.1983650028705597,0.20019633740205292,,
target6_porosity_phif-5236b3901d36387666c5,15/9-19 A,15/9-19,3909.9744,0.22051499783992767,0.23206748029219126,0.22051499783992767,0.23206748029219126,,
target6_porosity_phif-18490dcf0d779c5d23f7,15/9-19 A,15/9-19,3912.108,0.22532899677753448,0.2412073873131238,0.22532899677753448,0.2412073873131238,,
target6_porosity_phif-5227d411c2f9a8d417f1,15/9-19 A,15/9-19,3914.2416,0.19727599620819092,0.21212362985706276,0.19727599620819092,0.21212362985706276,,
target6_porosity_phif-4d7a3e7fdb57ad41b539,15/9-19 A,15/9-19,3916.3752,0.21945500373840332,0.22841334202124064,0.21945500373840332,0.22841334202124064,,
target6_porosity_phif-fda41e9042203cc352de,15/9-19 A,15/9-19,3918.5088,0.17998500168323517,0.1923713219693162,0.17998500168323517,0.1923713219693162,,
target6_porosity_phif-fd5a70ba3c89e21306ff,15/9-19 A,15/9-19,3920.6424,0.045917998999357224,0.13026135819733128,0.045917998999357224,0.13026135819733128,,
target6_porosity_phif-262a38688660854a1ce3,15/9-19 A,15/9-19,3922.776,0.053015999495983124,0.07531709744366966,0.053015999495983124,0.07531709744366966,,
target6_porosity_phif-65dfee952dd231da7755,15/9-19 A,15/9-19,3924.9096,0.11614000052213669,0.09163894647697653,0.11614000052213669,0.09163894647697653,,
target6_porosity_phif-1fae44fb9184671a3d01,15/9-19 A,15/9-19,3927.0432,0.08535899966955185,0.10728271983052777,0.08535899966955185,0.10728271983052777,,
target6_porosity_phif-047268009d8475164db3,15/9-19 A,15/9-19,3929.1768,0.13112600147724152,0.12532222601337206,0.13112600147724152,0.12532222601337206,,
target6_porosity_phif-3060187db84a80e22a63,15/9-19 A,15/9-19,3931.3104,0.03412200137972832,0.0959199005146335,0.03412200137972832,0.0959199005146335,,
target6_porosity_phif-b73be1c22865d1edd228,15/9-19 A,15/9-19,3933.444,0.0,0.07935171594160978,0.0,0.07935171594160978,,
target6_porosity_phif-f1b5c58bf1d04cd22647,15/9-19 A,15/9-19,3935.5776,0.09549500048160553,0.10159384907768196,0.09549500048160553,0.10159384907768196,,
target6_porosity_phif-e9ef16a85c13690e14c4,15/9-19 A,15/9-19,3937.7112,0.14264999330043793,0.15678268196748332,0.14264999330043793,0.15678268196748332,,
target6_porosity_phif-78a8770f380b4b93080b,15/9-19 A,15/9-19,3939.8448,0.09364999830722809,0.13134286722286503,0.09364999830722809,0.13134286722286503,,
target6_porosity_phif-32ac7d1de6f5fff32d84,15/9-19 A,15/9-19,3941.9784,0.07518800348043442,0.09802558818902851,0.07518800348043442,0.09802558818902851,,
target6_porosity_phif-807b748e537890198555,15/9-19 A,15/9-19,3944.112,0.12213700264692307,0.09265367755325041,0.12213700264692307,0.09265367755325041,,
target6_porosity_phif-5d2252d19e48b95915ae,15/9-19 A,15/9-19,3946.2456,0.07843799889087677,0.0936919805495608,0.07843799889087677,0.0936919805495608,,
target6_porosity_phif-4688580a24171f68a0e7,15/9-19 A,15/9-19,3948.3792,0.16484999656677246,0.16083377517847902,0.16484999656677246,0.16083377517847902,,
target6_porosity_phif-787860842cde8d467d7e,15/9-19 A,15/9-19,3950.5128,0.06657999753952026,0.13718457346173357,0.06657999753952026,0.13718457346173357,,
target6_porosity_phif-9f486b9989f9a11566bd,15/9-19 A,15/9-19,3952.6464,0.18514299392700195,0.1600992363320958,0.18514299392700195,0.1600992363320958,,
target6_porosity_phif-71d3ff35b67aba821e2d,15/9-19 A,15/9-19,3954.78,0.1964070051908493,0.18109979433462065,0.1964070051908493,0.18109979433462065,,
target6_porosity_phif-73352d3bffc2563cdd74,15/9-19 A,15/9-19,3956.9136,0.1621840000152588,0.17002873483380573,0.1621840000152588,0.17002873483380573,,
target6_porosity_phif-095ddc522c55f7c1343a,15/9-19 A,15/9-19,3959.0472,0.17409199476242065,0.1410560720976035,0.17409199476242065,0.1410560720976035,,
target6_porosity_phif-e75f3c6df47bd32832c5,15/9-19 A,15/9-19,3961.1808,0.16755500435829163,0.13383235782597108,0.16755500435829163,0.13383235782597108,,
target6_porosity_phif-978eb492fade359ee7f2,15/9-19 A,15/9-19,3963.3144,0.1459369957447052,0.14782070799382746,0.1459369957447052,0.14782070799382746,,
target6_porosity_phif-0382189bcf96b66d2475,15/9-19 BT2,15/9-19,4039.9716,0.2012230008840561,0.19516838954404814,0.2012230008840561,0.19516838954404814,,
target6_porosity_phif-15abf2afff9d6db8fc39,15/9-19 BT2,15/9-19,4042.1052,0.20511899888515472,0.19521224757677041,0.20511899888515472,0.19521224757677041,,
target6_porosity_phif-57a5b4c0ab19936a714a,15/9-19 BT2,15/9-19,4044.2388,0.20312100648880005,0.19535557953446844,0.20312100648880005,0.19535557953446844,,
target6_porosity_phif-b6577fd752cfb9353a7c,15/9-19 BT2,15/9-19,4046.3724,0.1925790011882782,0.18229957556750406,0.1925790011882782,0.18229957556750406,,
target6_porosity_phif-e96192495b470b228351,15/9-19 BT2,15/9-19,4048.506,0.2090339958667755,0.1925862648485994,0.2090339958667755,0.1925862648485994,,
target6_porosity_phif-8b5e96553dc8cfd3634a,15/9-19 BT2,15/9-19,4050.6396,0.22113299369812012,0.1986222459130335,0.22113299369812012,0.1986222459130335,,
target6_porosity_phif-32565d794d4b8afaaa97,15/9-19 BT2,15/9-19,4052.7732,0.17901299893856049,0.19357333342595717,0.17901299893856049,0.19357333342595717,,
target6_porosity_phif-13cf7d77c00a0017ae53,15/9-19 BT2,15/9-19,4054.9068,0.23797400295734406,0.22858668759035194,0.23797400295734406,0.22858668759035194,,
target6_porosity_phif-e59a4f3089d7c2e9e419,15/9-19 BT2,15/9-19,4057.0404,0.2306479960680008,0.22805190362350466,0.2306479960680008,0.22805190362350466,,
target6_porosity_phif-fb5dee01d2d5eb210529,15/9-19 BT2,15/9-19,4059.174,0.23538799583911896,0.22131797538164438,0.23538799583911896,0.22131797538164438,,
target6_porosity_phif-3dca974ddfccb5ca7491,15/9-19 BT2,15/9-19,4061.3076,0.23645299673080444,0.22069035458986092,0.23645299673080444,0.22069035458986092,,
target6_porosity_phif-589b5ef8920d03b33c7d,15/9-19 BT2,15/9-19,4063.4412,0.17386700212955475,0.18950266896481197,0.17386700212955475,0.18950266896481197,,
target6_porosity_phif-8860e1fbb39b26eac27c,15/9-19 BT2,15/9-19,4065.5748,0.2135539948940277,0.1899382458837587,0.2135539948940277,0.1899382458837587,,
target6_porosity_phif-a95422a0ba0b398ff1d2,15/9-19 BT2,15/9-19,4067.7084,0.2288309931755066,0.216518285191973,0.2288309931755066,0.216518285191973,,
target6_porosity_phif-b1098fbdb75ae4a08be4,15/9-19 BT2,15/9-19,4069.842,0.15516400337219238,0.1600249748864749,0.15516400337219238,0.1600249748864749,,
target6_porosity_phif-55cdac80933c29cf02c9,15/9-19 BT2,15/9-19,4071.9756,0.10059099644422531,0.11195523697976069,0.10059099644422531,0.11195523697976069,,
target6_porosity_phif-385de87a969edbd0734a,15/9-19 BT2,15/9-19,4074.1092,0.22621700167655945,0.1748276142644748,0.22621700167655945,0.1748276142644748,,
target6_porosity_phif-bdd72f1b8cf75eeb874f,15/9-19 BT2,15/9-19,4076.2428,0.004401999991387129,0.03388651365383194,0.004401999991387129,0.03388651365383194,,
target6_porosity_phif-09d727a0c9d94b46b4d0,15/9-19 BT2,15/9-19,4078.3764,0.211777001619339,0.1494627553674212,0.211777001619339,0.1494627553674212,,
target6_porosity_phif-ff70f37ddf2d2b409620,15/9-19 BT2,15/9-19,4080.51,0.22484999895095825,0.18535262814369202,0.22484999895095825,0.18535262814369202,,
target6_porosity_phif-5a347497fca528c5696d,15/9-19 BT2,15/9-19,4082.6436,0.2063709944486618,0.2105228285428116,0.2063709944486618,0.2105228285428116,,
target6_porosity_phif-3fc5e33ba7d01d87e041,15/9-19 BT2,15/9-19,4084.7772,0.2440290004014969,0.21909841505478916,0.2440290004014969,0.21909841505478916,,
target6_porosity_phif-d305f11c6d5b121c7a38,15/9-19 BT2,15/9-19,4086.9108,0.19799500703811646,0.19403899130244712,0.19799500703811646,0.19403899130244712,,
target6_porosity_phif-a8a31f4d098f9ea81c36,15/9-19 BT2,15/9-19,4089.0444,0.1788800060749054,0.18848342980252594,0.1788800060749054,0.18848342980252594,,
target6_porosity_phif-13d8f06f968032bb172e,15/9-19 BT2,15/9-19,4091.178,0.1840289980173111,0.18423409721924813,0.1840289980173111,0.18423409721924813,,
target6_porosity_phif-febe121ecc8bcb5b0736,15/9-19 BT2,15/9-19,4093.3116,0.18767400085926056,0.18260263592975862,0.18767400085926056,0.18260263592975862,,
target6_porosity_phif-4a620bb2ac7ee295f403,15/9-19 BT2,15/9-19,4095.4452,0.21765899658203125,0.1943489362242301,0.21765899658203125,0.1943489362242301,,
target6_porosity_phif-ea33b1e51a075c93d2bd,15/9-19 BT2,15/9-19,4097.5788,0.21942000091075897,0.2223975996952159,0.21942000091075897,0.2223975996952159,,
target6_porosity_phif-acb884f363aedca585e3,15/9-19 BT2,15/9-19,4099.7124,0.11505600064992905,0.1430351482953594,0.11505600064992905,0.1430351482953594,,
target6_porosity_phif-93a9bd1c3104e0c6f1a6,15/9-19 BT2,15/9-19,4101.846,0.13840800523757935,0.1640559223591794,0.13840800523757935,0.1640559223591794,,
target6_porosity_phif-d0f644b061380f07ddf0,15/9-19 BT2,15/9-19,4103.9796,0.09605000168085098,0.15275982230559407,0.09605000168085098,0.15275982230559407,,
target6_porosity_phif-6d56d39b264967612c00,15/9-19 BT2,15/9-19,4106.1132,0.19506800174713135,0.19071211347776937,0.19506800174713135,0.19071211347776937,,
target6_porosity_phif-4fe1557b5483243faac5,15/9-19 BT2,15/9-19,4108.2468,0.19285500049591064,0.19262903385518398,0.19285500049591064,0.19262903385518398,,
target6_porosity_phif-917ed5ca7f36f0c50a6a,15/9-19 BT2,15/9-19,4110.3804,0.1928659975528717,0.1947090458965898,0.1928659975528717,0.1947090458965898,,
target6_porosity_phif-71d9165a1e0a1882c324,15/9-19 BT2,15/9-19,4112.514,0.20020799338817596,0.19694650752040624,0.20020799338817596,0.19694650752040624,,
target6_porosity_phif-47582e436816759902dd,15/9-19 BT2,15/9-19,4114.6476,0.22824500501155853,0.21363617669513646,0.22824500501155853,0.21363617669513646,,
target6_porosity_phif-435301c5a043ffdde17c,15/9-19 BT2,15/9-19,4116.7812,0.21803699433803558,0.21288442983057884,0.21803699433803558,0.21288442983057884,,
target6_porosity_phif-9bda39cd8322d40bf770,15/9-19 BT2,15/9-19,4118.9148,0.21784700453281403,0.22195849705497142,0.21784700453281403,0.22195849705497142,,
target6_porosity_phif-682f46adb888f1a97e12,15/9-19 BT2,15/9-19,4121.0484,0.20800399780273438,0.21880365001564284,0.20800399780273438,0.21880365001564284,,
target6_porosity_phif-cc6feab99b53f89700c2,15/9-19 BT2,15/9-19,4123.182,0.21394500136375427,0.22664479387008193,0.21394500136375427,0.22664479387008193,,
target6_porosity_phif-9c95cb4273ef54a0214c,15/9-19 BT2,15/9-19,4125.3156,0.22199900448322296,0.22786556327342947,0.22199900448322296,0.22786556327342947,,
target6_porosity_phif-5e823527c7c6481de340,15/9-19 BT2,15/9-19,4127.4492,0.22208799421787262,0.22825236333513732,0.22208799421787262,0.22825236333513732,,
target6_porosity_phif-d3245a2e0ccbf9fd58d9,15/9-19 BT2,15/9-19,4129.5828,0.223922997713089,0.2235417994073411,0.223922997713089,0.2235417994073411,,
target6_porosity_phif-f0b24453e4a79d113e50,15/9-19 BT2,15/9-19,4131.7164,0.1555429995059967,0.19793617436987665,0.1555429995059967,0.19793617436987665,,
target6_porosity_phif-2db47e4e6e3b8a6936c9,15/9-19 BT2,15/9-19,4133.85,0.21956999599933624,0.22371585105821323,0.21956999599933624,0.22371585105821323,,
target6_porosity_phif-7cc8ea629b3e2da6a722,15/9-19 BT2,15/9-19,4135.9836,0.19964300096035004,0.1938730709790018,0.19964300096035004,0.1938730709790018,,
target6_porosity_phif-f470493691c75562dbca,15/9-19 BT2,15/9-19,4138.1172,0.16448399424552917,0.1588939483952962,0.16448399424552917,0.1588939483952962,,
target6_porosity_phif-b732544426b6d029f95a,15/9-19 BT2,15/9-19,4140.2508,0.1387619972229004,0.17325950735437978,0.1387619972229004,0.17325950735437978,,
target6_porosity_phif-5dc8014d6c7ecb5f75c3,15/9-19 BT2,15/9-19,4142.3844,0.22985699772834778,0.2245649172258315,0.22985699772834778,0.2245649172258315,,
target6_porosity_phif-cc494acd647ec63b256c,15/9-19 BT2,15/9-19,4144.518,0.2500300109386444,0.24933730401875795,0.2500300109386444,0.24933730401875795,,
target6_porosity_phif-86328217404708421436,15/9-19 BT2,15/9-19,4146.6516,0.21793900430202484,0.22824608619567793,0.21793900430202484,0.22824608619567793,,
target6_porosity_phif-45ec379b855225a1c9e3,15/9-19 BT2,15/9-19,4148.7852,0.1977040022611618,0.2537120681860724,0.1977040022611618,0.2537120681860724,,
target6_porosity_phif-d218c14f222665fba13f,15/9-19 BT2,15/9-19,4150.9188,0.22161999344825745,0.2664557279694546,0.22161999344825745,0.2664557279694546,,
target6_porosity_phif-fe1910857d23a8f8890b,15/9-19 BT2,15/9-19,4153.0524,0.19609500467777252,0.21690752883389225,0.19609500467777252,0.21690752883389225,,
target6_porosity_phif-d429639f5091617160a2,15/9-19 BT2,15/9-19,4155.186,0.18148699402809143,0.19355995507310533,0.18148699402809143,0.19355995507310533,,
target6_porosity_phif-559a9ee1ea223f7b593f,15/9-19 BT2,15/9-19,4157.3196,0.18488900363445282,0.2169646510812921,0.18488900363445282,0.2169646510812921,,
target6_porosity_phif-9ef60635ef0775e132e8,15/9-19 BT2,15/9-19,4159.4532,0.1907150000333786,0.2102081625609883,0.1907150000333786,0.2102081625609883,,
target6_porosity_phif-a47e8acd81a3e7990c4b,15/9-19 BT2,15/9-19,4161.5868,0.1950789988040924,0.20760293856015966,0.1950789988040924,0.20760293856015966,,
target6_porosity_phif-8dc1c9f3d3f0bf4d5b42,15/9-19 BT2,15/9-19,4163.7204,0.1787099987268448,0.1925529265133621,0.1787099987268448,0.1925529265133621,,
target6_porosity_phif-cfac57b60b6657a0ec08,15/9-19 BT2,15/9-19,4165.854,0.22112299501895905,0.22919660303928718,0.22112299501895905,0.22919660303928718,,
target6_porosity_phif-11a4d507cc5c445cc28e,15/9-19 BT2,15/9-19,4167.9876,0.2541249990463257,0.24293833716677957,0.2541249990463257,0.24293833716677957,,
target6_porosity_phif-98cd17b0384020255d74,15/9-19 BT2,15/9-19,4170.1212,0.22062599658966064,0.2302264015311966,0.22062599658966064,0.2302264015311966,,
target6_porosity_phif-d480365607f5aeb79424,15/9-19 BT2,15/9-19,4172.2548,0.2591109871864319,0.24365056626220943,0.2591109871864319,0.24365056626220943,,
target6_porosity_phif-527136b3c931b480ff37,15/9-19 BT2,15/9-19,4174.3884,0.21430300176143646,0.21967678693088655,0.21430300176143646,0.21967678693088655,,
target6_porosity_phif-39a460551ab57fca2451,15/9-19 BT2,15/9-19,4176.522,0.23895800113677979,0.21649753564029528,0.23895800113677979,0.21649753564029528,,
target6_porosity_phif-99a68a1e3f24860c10d0,15/9-19 BT2,15/9-19,4178.6556,0.0,0.26474843300571516,0.0,0.26474843300571516,,
target6_porosity_phif-3143a8de7049113802d3,15/9-19 BT2,15/9-19,4180.7892,0.20451000332832336,0.2301815689021695,0.20451000332832336,0.2301815689021695,,
target6_porosity_phif-03ca545fc9aeccaec9b3,15/9-19 BT2,15/9-19,4182.9228,0.06798499822616577,0.12207342285419706,0.06798499822616577,0.12207342285419706,,
target6_porosity_phif-c0e73e9cf54660c66387,15/9-19 BT2,15/9-19,4185.0564,0.0,0.3222750438267755,0.0,0.3222750438267755,,
target6_porosity_phif-aa80577a9d8195d00d57,15/9-19 BT2,15/9-19,4187.19,0.17428700625896454,0.2589355277347521,0.17428700625896454,0.2589355277347521,,
target6_porosity_phif-bddcb2717b4c78d8526d,15/9-19 BT2,15/9-19,4189.3236,0.10569000244140625,0.13844774621566497,0.10569000244140625,0.13844774621566497,,
target6_porosity_phif-5a7612fdb9c7f1e2e363,15/9-19 BT2,15/9-19,4191.4572,0.0605509988963604,0.0479463848037803,0.0605509988963604,0.0479463848037803,,
target6_porosity_phif-79bf8407c14d45654d55,15/9-19 BT2,15/9-19,4193.5908,0.030967000871896744,0.05290954799898265,0.030967000871896744,0.05290954799898265,,
target6_porosity_phif-d2845e4981fab1321015,15/9-19 BT2,15/9-19,4195.7244,0.07656999677419662,0.05385119946976974,0.07656999677419662,0.05385119946976974,,
target6_porosity_phif-b5fa00b07db869e1f64b,15/9-19 SR,15/9-19,4269.9432,0.0,0.050228989563013554,0.0,0.050228989563013554,,
target6_porosity_phif-0b8d51e780325706b1b6,15/9-19 SR,15/9-19,4273.9056,0.0,0.0691133788054399,0.0,0.0691133788054399,,
target6_porosity_phif-7d35dff4c0535d560e4e,15/9-19 SR,15/9-19,4276.0392,0.0,0.07317509868004865,0.0,0.07317509868004865,,
target6_porosity_phif-ad8d5a22474891fa76d7,15/9-19 SR,15/9-19,4278.1728,0.0,0.06458514672511224,0.0,0.06458514672511224,,
target6_porosity_phif-73df6e16128dcfadcb4b,15/9-19 SR,15/9-19,4280.3064,0.0,0.06010687779874539,0.0,0.06010687779874539,,
target6_porosity_phif-cdcc690d4078694399e1,15/9-19 SR,15/9-19,4282.44,0.0,0.06311440926888609,0.0,0.06311440926888609,,
target6_porosity_phif-05baf9d9c2f1cb1fd4da,15/9-19 SR,15/9-19,4284.5736,0.0,0.07216046316648309,0.0,0.07216046316648309,,
target6_porosity_phif-123e87eb800af439d819,15/9-19 SR,15/9-19,4286.7072,0.0,0.060551685409118275,0.0,0.060551685409118275,,
target6_porosity_phif-a6cdf9a4d4ee7d12aa76,15/9-19 SR,15/9-19,4288.8408,0.0,0.06560556974663895,0.0,0.06560556974663895,,
target6_porosity_phif-fea0a42f309c16e3a1e9,15/9-19 SR,15/9-19,4290.9744,0.0,0.0638321135295546,0.0,0.0638321135295546,,
target6_porosity_phif-ed5b6c2b8d1e6a3688f6,15/9-19 SR,15/9-19,4293.108,0.0,0.05730460713956108,0.0,0.05730460713956108,,
target6_porosity_phif-9e5db81aabb50bf9dafb,15/9-19 SR,15/9-19,4295.2416,0.0,0.05887451303755736,0.0,0.05887451303755736,,
target6_porosity_phif-1f08e10a75ba8fa9836e,15/9-19 SR,15/9-19,4297.375,0.0,0.03782230056627506,0.0,0.03782230056627506,,
target6_porosity_phif-d60f060cde119f49628f,15/9-19 SR,15/9-19,4299.5088,0.0,0.025101345810170927,0.0,0.025101345810170927,,
target6_porosity_phif-7c96450395fc934e4e21,15/9-F-1 A,15/9-F-1,3430.6,0.019999999552965164,0.07825446661356839,0.019999999552965164,0.07825446661356839,,
target6_porosity_phif-5dcd40a37c1d5eb4e1bf,15/9-F-1 A,15/9-F-1,3432.6,0.019999999552965164,-0.012343698101774242,0.019999999552965164,0.0,,
target6_porosity_phif-c6f3737a16843661b1cf,15/9-F-1 A,15/9-F-1,3434.6,0.10220000147819519,0.10916934658890674,0.10220000147819519,0.10916934658890674,,
target6_porosity_phif-61c422a30c496a654fc3,15/9-F-1 A,15/9-F-1,3436.6,0.19040000438690186,0.2030229105421002,0.19040000438690186,0.2030229105421002,,
target6_porosity_phif-8b5126e6435daf96b8cb,15/9-F-1 A,15/9-F-1,3438.6,0.14339999854564667,0.14518177364180088,0.14339999854564667,0.14518177364180088,,
target6_porosity_phif-7ae17f9a8a4b35887938,15/9-F-1 A,15/9-F-1,3440.6,0.042500000447034836,0.11316827332428359,0.042500000447034836,0.11316827332428359,,
target6_porosity_phif-bd54f1549ded2264bd86,15/9-F-1 A,15/9-F-1,3442.6,0.17110000550746918,0.16439295095327733,0.17110000550746918,0.16439295095327733,,
target6_porosity_phif-781f89c73b86fab5b472,15/9-F-1 A,15/9-F-1,3444.6,0.20190000534057617,0.19868338717619455,0.20190000534057617,0.19868338717619455,,
target6_porosity_phif-1bb6c7177c2b958cfa37,15/9-F-1 A,15/9-F-1,3446.6,0.14149999618530273,0.16661454530040537,0.14149999618530273,0.16661454530040537,,
target6_porosity_phif-26aa594806013ea76a13,15/9-F-1 A,15/9-F-1,3448.6,0.22579999268054962,0.19637013694594269,0.22579999268054962,0.19637013694594269,,
target6_porosity_phif-9454394d3b091a68e89b,15/9-F-1 A,15/9-F-1,3450.6,0.08630000054836273,0.14492483276683696,0.08630000054836273,0.14492483276683696,,
target6_porosity_phif-225b18cb5c23e2beb89d,15/9-F-1 A,15/9-F-1,3452.6,0.163100004196167,0.14181371189487796,0.163100004196167,0.14181371189487796,,
target6_porosity_phif-6aae7d8ffb2318d548bf,15/9-F-1 A,15/9-F-1,3454.6,0.13369999825954437,0.1608901969649293,0.13369999825954437,0.1608901969649293,,
target6_porosity_phif-080c1161af6e02ef002c,15/9-F-1 A,15/9-F-1,3456.6,0.22259999811649323,0.2081472847516609,0.22259999811649323,0.2081472847516609,,
target6_porosity_phif-aa0ba80a966cc44dfe31,15/9-F-1 A,15/9-F-1,3458.6,0.16760000586509705,0.1440267797071985,0.16760000586509705,0.1440267797071985,,
target6_porosity_phif-907c59c2ec3e3d638cba,15/9-F-1 A,15/9-F-1,3460.6,0.1876000016927719,0.16901812826541754,0.1876000016927719,0.16901812826541754,,
target6_porosity_phif-645e0359b1ad9c47c6c7,15/9-F-1 A,15/9-F-1,3462.6,0.20149999856948853,0.17596561982151354,0.20149999856948853,0.17596561982151354,,
target6_porosity_phif-b3250e81a6dc8cbcc9be,15/9-F-1 A,15/9-F-1,3464.6,0.13910000026226044,0.13203832070689783,0.13910000026226044,0.13203832070689783,,
target6_porosity_phif-4f1f8b9d45938bc58c16,15/9-F-1 A,15/9-F-1,3466.6,0.10429999977350235,0.13859325837078385,0.10429999977350235,0.13859325837078385,,
target6_porosity_phif-c0cb068cafbe476a1000,15/9-F-1 A,15/9-F-1,3468.6,0.149399995803833,0.13054805962560395,0.149399995803833,0.13054805962560395,,
target6_porosity_phif-613405f280418cde7f19,15/9-F-1 A,15/9-F-1,3470.6,0.019999999552965164,0.08756834735559103,0.019999999552965164,0.08756834735559103,,
target6_porosity_phif-1afeb48e6a5821220080,15/9-F-1 A,15/9-F-1,3472.6,0.10570000112056732,0.08723966145599144,0.10570000112056732,0.08723966145599144,,
target6_porosity_phif-193a88322be377d00bfa,15/9-F-1 A,15/9-F-1,3474.6,0.12380000203847885,0.12408330809967333,0.12380000203847885,0.12408330809967333,,
target6_porosity_phif-3a46d8488a1fdd319100,15/9-F-1 A,15/9-F-1,3476.6,0.15620000660419464,0.14785943016242412,0.15620000660419464,0.14785943016242412,,
target6_porosity_phif-fd4a7ee277b0a8221c9b,15/9-F-1 A,15/9-F-1,3478.6,0.16060000658035278,0.1797228231277585,0.16060000658035278,0.1797228231277585,,
target6_porosity_phif-4dffc1811ccdaa5c3abc,15/9-F-1 A,15/9-F-1,3480.6,0.19699999690055847,0.18018615758022505,0.19699999690055847,0.18018615758022505,,
target6_porosity_phif-2995b733b0a165b40313,15/9-F-1 B,15/9-F-1,3251.3,0.1459999978542328,0.15004172824427492,0.1459999978542328,0.15004172824427492,,
target6_porosity_phif-2b3f149a1d68be33869c,15/9-F-1 B,15/9-F-1,3253.3,0.17579999566078186,0.18953629039720166,0.17579999566078186,0.18953629039720166,,
target6_porosity_phif-82496878b00b4d3134c1,15/9-F-1 B,15/9-F-1,3255.3,0.26750001311302185,0.24690882341490694,0.26750001311302185,0.24690882341490694,,
target6_porosity_phif-7c31554938fc46444160,15/9-F-1 B,15/9-F-1,3257.3,0.22910000383853912,0.1833649760198839,0.22910000383853912,0.1833649760198839,,
target6_porosity_phif-ba93e862001848ce1c51,15/9-F-1 B,15/9-F-1,3259.3,0.07720000296831131,0.1294775106624122,0.07720000296831131,0.1294775106624122,,
target6_porosity_phif-f0e3f188d3d4b824a803,15/9-F-1 B,15/9-F-1,3261.3,0.2215999960899353,0.2107400039249991,0.2215999960899353,0.2107400039249991,,
target6_porosity_phif-5d5fd25ee809fa87ae16,15/9-F-1 B,15/9-F-1,3263.3,0.11569999903440475,0.15669564763168872,0.11569999903440475,0.15669564763168872,,
target6_porosity_phif-852a1c288f9db08c294b,15/9-F-1 B,15/9-F-1,3265.3,0.23770000040531158,0.2512119628348688,0.23770000040531158,0.2512119628348688,,
target6_porosity_phif-4fa1449429ace3a78f6c,15/9-F-1 B,15/9-F-1,3267.3,0.23929999768733978,0.2320865948563121,0.23929999768733978,0.2320865948563121,,
target6_porosity_phif-99a5af379ed9bbdeabe3,15/9-F-1 B,15/9-F-1,3269.3,0.1290999948978424,0.1482255534087807,0.1290999948978424,0.1482255534087807,,
target6_porosity_phif-f51d2a68eb9741046cad,15/9-F-1 B,15/9-F-1,3271.3,0.20839999616146088,0.1948092967069915,0.20839999616146088,0.1948092967069915,,
target6_porosity_phif-caa083b60839bc48a04c,15/9-F-1 B,15/9-F-1,3273.3,0.2224999964237213,0.2107779205061146,0.2224999964237213,0.2107779205061146,,
target6_porosity_phif-16cb2fa5626fa64ef5d2,15/9-F-1 B,15/9-F-1,3275.3,0.20909999310970306,0.18903586388631913,0.20909999310970306,0.18903586388631913,,
target6_porosity_phif-a8a942228492d3b538a3,15/9-F-1 B,15/9-F-1,3277.3,0.09350000321865082,0.11485631375748942,0.09350000321865082,0.11485631375748942,,
target6_porosity_phif-4c28d94ae39d12118c62,15/9-F-1 B,15/9-F-1,3279.3,0.19990000128746033,0.1937305667238428,0.19990000128746033,0.1937305667238428,,
target6_porosity_phif-c60c18bdb47f8e12c9a3,15/9-F-1 B,15/9-F-1,3281.3,0.22470000386238098,0.19443750531359863,0.22470000386238098,0.19443750531359863,,
target6_porosity_phif-5e36dcdc10acd83e2b52,15/9-F-1 B,15/9-F-1,3283.3,0.19859999418258667,0.15995281755358692,0.19859999418258667,0.15995281755358692,,
target6_porosity_phif-40febc162be1716c7350,15/9-F-1 B,15/9-F-1,3285.3,0.20260000228881836,0.1835408719704347,0.20260000228881836,0.1835408719704347,,
target6_porosity_phif-090d0a8d1f8b4a2d469d,15/9-F-1 B,15/9-F-1,3287.3,0.2167000025510788,0.19915054581874375,0.2167000025510788,0.19915054581874375,,
target6_porosity_phif-359904232a40935c44cd,15/9-F-1 B,15/9-F-1,3289.3,0.18469999730587006,0.22850675655344307,0.18469999730587006,0.22850675655344307,,
target6_porosity_phif-0cdebc35fb2f0d3e29e0,15/9-F-1 B,15/9-F-1,3291.3,0.21889999508857727,0.241017296997659,0.21889999508857727,0.241017296997659,,
target6_porosity_phif-26f91cebc880b56e33c7,15/9-F-1 B,15/9-F-1,3293.3,0.23109999299049377,0.23970617066131789,0.23109999299049377,0.23970617066131789,,
target6_porosity_phif-05451f966c5ade8d6ed9,15/9-F-1 B,15/9-F-1,3295.3,0.1889999955892563,0.20324054659121657,0.1889999955892563,0.20324054659121657,,
target6_porosity_phif-b077a5db0d1910059ceb,15/9-F-1 B,15/9-F-1,3297.3,0.21299999952316284,0.20131666579387872,0.21299999952316284,0.20131666579387872,,
target6_porosity_phif-bb1ae9e3153389d58d79,15/9-F-1 B,15/9-F-1,3299.3,0.1582999974489212,0.1821379932025998,0.1582999974489212,0.1821379932025998,,
target6_porosity_phif-7dd954e6621670a77be8,15/9-F-1 B,15/9-F-1,3301.3,0.20640000700950623,0.19140162650249715,0.20640000700950623,0.19140162650249715,,
target6_porosity_phif-ee6953ea5957588b8bf4,15/9-F-1 B,15/9-F-1,3303.3,0.19910000264644623,0.1561441301940244,0.19910000264644623,0.1561441301940244,,
target6_porosity_phif-b63ce18cf1c525aa7d09,15/9-F-1 B,15/9-F-1,3305.3,0.019999999552965164,-0.007317743208410166,0.019999999552965164,0.0,,
target6_porosity_phif-fe52405e1e2a9a21714e,15/9-F-1 B,15/9-F-1,3313.5,0.07339999824762344,0.04710677772000846,0.07339999824762344,0.04710677772000846,,
target6_porosity_phif-2ec51ac277323bd0f2d4,15/9-F-1 B,15/9-F-1,3315.5,0.0746999979019165,0.057294187656865905,0.0746999979019165,0.057294187656865905,,
target6_porosity_phif-efc0bd512b3fbfa6c0f0,15/9-F-1 B,15/9-F-1,3317.5,0.019999999552965164,0.03439049198582314,0.019999999552965164,0.03439049198582314,,
target6_porosity_phif-cee8e926038278191b53,15/9-F-1 B,15/9-F-1,3319.5,0.07429999858140945,0.05921545649702409,0.07429999858140945,0.05921545649702409,,
target6_porosity_phif-05653d62e9668c5f898b,15/9-F-1 B,15/9-F-1,3321.5,0.026200000196695328,0.05778472172811727,0.026200000196695328,0.05778472172811727,,
target6_porosity_phif-6252e2f960bab374451c,15/9-F-1 B,15/9-F-1,3323.5,0.05009999871253967,0.05574178346657363,0.05009999871253967,0.05574178346657363,,
target6_porosity_phif-2de91eccc748661f478c,15/9-F-1 B,15/9-F-1,3325.5,0.05389999970793724,0.05678035485980781,0.05389999970793724,0.05678035485980781,,
target6_porosity_phif-f2c960de20405497827f,15/9-F-1 B,15/9-F-1,3327.5,0.1835000067949295,0.15170035766036974,0.1835000067949295,0.15170035766036974,,
target6_porosity_phif-54652d9e05028e37e365,15/9-F-1 B,15/9-F-1,3329.5,0.19030000269412994,0.1757968661672985,0.19030000269412994,0.1757968661672985,,
target6_porosity_phif-40bf19d645539f012d05,15/9-F-1 B,15/9-F-1,3331.5,0.17800000309944153,0.14691450785797666,0.17800000309944153,0.14691450785797666,,
target6_porosity_phif-2222996285ad623fde57,15/9-F-1 B,15/9-F-1,3333.5,0.13760000467300415,0.13861859226375434,0.13760000467300415,0.13861859226375434,,
target6_porosity_phif-6306417c56de1f46f78d,15/9-F-1 B,15/9-F-1,3335.5,0.18039999902248383,0.13140672803131448,0.18039999902248383,0.13140672803131448,,
target6_porosity_phif-4291d26d6931fa962e74,15/9-F-1 C,15/9-F-1,3256.4,0.2549999952316284,0.22426789808268544,0.2549999952316284,0.22426789808268544,,
target6_porosity_phif-5bd4a4ffedbbe1b628ed,15/9-F-1 C,15/9-F-1,3258.4,0.23319999873638153,0.222843962324624,0.23319999873638153,0.222843962324624,,
target6_porosity_phif-0b3ccb778fff2c5b3396,15/9-F-1 C,15/9-F-1,3260.4,0.20069999992847443,0.2008862753270201,0.20069999992847443,0.2008862753270201,,
target6_porosity_phif-d054e16fa1add2e59a48,15/9-F-1 C,15/9-F-1,3262.4,0.21610000729560852,0.2041368988368037,0.21610000729560852,0.2041368988368037,,
target6_porosity_phif-b6779aa625911382f221,15/9-F-1 C,15/9-F-1,3264.4,0.23469999432563782,0.22098897016106595,0.23469999432563782,0.22098897016106595,,
target6_porosity_phif-6e2c0d12830ca10f8930,15/9-F-1 C,15/9-F-1,3266.4,0.2313999980688095,0.20553425216227347,0.2313999980688095,0.20553425216227347,,
target6_porosity_phif-1830eb0ce9514f4b0329,15/9-F-1 C,15/9-F-1,3268.4,0.10400000214576721,0.13774300642601256,0.10400000214576721,0.13774300642601256,,
target6_porosity_phif-fb2009024e30521cad3b,15/9-F-1 C,15/9-F-1,3270.4,0.2224999964237213,0.20800971207569857,0.2224999964237213,0.20800971207569857,,
target6_porosity_phif-6b656d2443d70a8b6c3e,15/9-F-1 C,15/9-F-1,3272.4,0.23690000176429749,0.2261506221271205,0.23690000176429749,0.2261506221271205,,
target6_porosity_phif-0956c3bd098f3bcd9a4c,15/9-F-1 C,15/9-F-1,3274.4,0.21799999475479126,0.2129455398918868,0.21799999475479126,0.2129455398918868,,
target6_porosity_phif-9c4d13b25750d3d18a0b,15/9-F-1 C,15/9-F-1,3276.4,0.23000000417232513,0.20970205610161646,0.23000000417232513,0.20970205610161646,,
target6_porosity_phif-fae74a3a9d0c528b3082,15/9-F-1 C,15/9-F-1,3278.4,0.17900000512599945,0.14640963367686646,0.17900000512599945,0.14640963367686646,,
target6_porosity_phif-49135edc5b30f9ec0000,15/9-F-1 C,15/9-F-1,3280.4,0.10890000313520432,0.1142749230657646,0.10890000313520432,0.1142749230657646,,
target6_porosity_phif-924e7a1b4ee94140fc88,15/9-F-1 C,15/9-F-1,3282.4,0.14390000700950623,0.16495444035024323,0.14390000700950623,0.16495444035024323,,
target6_porosity_phif-e8547b1c55b59e002763,15/9-F-1 C,15/9-F-1,3284.4,0.1737000048160553,0.17137202371632534,0.1737000048160553,0.17137202371632534,,
target6_porosity_phif-646622bb68010364dbba,15/9-F-1 C,15/9-F-1,3286.4,0.0989999994635582,0.12152145569864944,0.0989999994635582,0.12152145569864944,,
target6_porosity_phif-0c2920677799aef2bc48,15/9-F-1 C,15/9-F-1,3288.4,0.12309999763965607,0.11346145334928587,0.12309999763965607,0.11346145334928587,,
target6_porosity_phif-d89e6f2007b8385555e9,15/9-F-1 C,15/9-F-1,3290.4,0.09849999845027924,0.09654970701719069,0.09849999845027924,0.09654970701719069,,
target6_porosity_phif-0de5136d57836b4b37ba,15/9-F-1 C,15/9-F-1,3292.4,0.15410000085830688,0.13215063241753874,0.15410000085830688,0.13215063241753874,,
target6_porosity_phif-b645dd6f65940e919843,15/9-F-1 C,15/9-F-1,3294.4,0.16910000145435333,0.12136842400567968,0.16910000145435333,0.12136842400567968,,
target6_porosity_phif-e6cca13473c57c3f3a4f,15/9-F-1 C,15/9-F-1,3296.4,0.06310000270605087,0.06652270607797744,0.06310000270605087,0.06652270607797744,,
target6_porosity_phif-0782221fd5aa84a1d61e,15/9-F-1 C,15/9-F-1,3298.4,0.03269999846816063,0.03944754658540739,0.03269999846816063,0.03944754658540739,,
target6_porosity_phif-4da5de9b2dbdb9ac94bf,15/9-F-1 C,15/9-F-1,3300.4,0.04989999905228615,0.03405761061545373,0.04989999905228615,0.03405761061545373,,
target6_porosity_phif-1c65b5831c97efefb29f,15/9-F-1 C,15/9-F-1,3302.4,0.03610000014305115,0.07011261790295355,0.03610000014305115,0.07011261790295355,,
target6_porosity_phif-4cb2306ef4298efea4df,15/9-F-1 C,15/9-F-1,3304.4,0.09480000287294388,0.09718874376083504,0.09480000287294388,0.09718874376083504,,
target6_porosity_phif-7ef868657761892f0960,15/9-F-1 C,15/9-F-1,3306.4,0.03660000115633011,0.0775034625454938,0.03660000115633011,0.0775034625454938,,
target6_porosity_phif-0dd5fcd49631c440783a,15/9-F-1 C,15/9-F-1,3308.4,0.12780000269412994,0.11802647212679662,0.12780000269412994,0.11802647212679662,,
target6_porosity_phif-98d33a3a64932472c6b6,15/9-F-1 C,15/9-F-1,3310.4,0.1518000066280365,0.15019992001678875,0.1518000066280365,0.15019992001678875,,
target6_porosity_phif-c6ab4961026053225946,15/9-F-1 C,15/9-F-1,3312.4,0.14790000021457672,0.15184696736080094,0.14790000021457672,0.15184696736080094,,
target6_porosity_phif-b52663c7df6b581941a6,15/9-F-1 C,15/9-F-1,3314.4,0.1412999927997589,0.14066417086736988,0.1412999927997589,0.14066417086736988,,
target6_porosity_phif-442b6a69a75472c316c7,15/9-F-1 C,15/9-F-1,3316.4,0.05139999836683273,0.07811340483640387,0.05139999836683273,0.07811340483640387,,
target6_porosity_phif-1ef23ed1eff165b8efc9,15/9-F-1 C,15/9-F-1,3318.4,0.04569999873638153,0.05014917346089531,0.04569999873638153,0.05014917346089531,,
target6_porosity_phif-3f9891cc673836d914e8,15/9-F-1 C,15/9-F-1,3320.4,0.025100000202655792,0.037587280253416705,0.025100000202655792,0.037587280253416705,,
target6_porosity_phif-50a3d5205848b5346b44,15/9-F-1 C,15/9-F-1,3322.4,0.019999999552965164,0.021544920332229545,0.019999999552965164,0.021544920332229545,,
target6_porosity_phif-5fb608e254eca0f6dd8a,15/9-F-1 C,15/9-F-1,3324.4,0.03929999843239784,0.06815543809149265,0.03929999843239784,0.06815543809149265,,
target6_porosity_phif-6c59bfaebe0445248889,15/9-F-1 C,15/9-F-1,3326.4,0.1096000000834465,0.118556946169917,0.1096000000834465,0.118556946169917,,
target6_porosity_phif-1621af9cba1af8414302,15/9-F-1 C,15/9-F-1,3328.4,0.12290000170469284,0.12788358427295635,0.12290000170469284,0.12788358427295635,,
target6_porosity_phif-9da0fcc0bffba5a8cb4c,15/9-F-1 C,15/9-F-1,3330.4,0.08969999849796295,0.12550608936752206,0.08969999849796295,0.12550608936752206,,
target6_porosity_phif-da0405e6cf37eba20768,15/9-F-1 C,15/9-F-1,3332.4,0.1031000018119812,0.12416090709741508,0.1031000018119812,0.12416090709741508,,
target6_porosity_phif-53986fd5f74025afad89,15/9-F-1 C,15/9-F-1,3334.4,0.08269999921321869,0.119625733191162,0.08269999921321869,0.119625733191162,,
target6_porosity_phif-c0caae6ab305be8bec22,15/9-F-1 C,15/9-F-1,3336.4,0.10689999908208847,0.1310052705799012,0.10689999908208847,0.1310052705799012,,
target6_porosity_phif-625adeda403217547c1f,15/9-F-1 C,15/9-F-1,3338.4,0.09719999879598618,0.10937839004014138,0.09719999879598618,0.10937839004014138,,
target6_porosity_phif-5a990406b0a1cff4fc41,15/9-F-1 C,15/9-F-1,3340.4,0.042899999767541885,0.07035696979620032,0.042899999767541885,0.07035696979620032,,
target6_porosity_phif-82afbdf2bc1fc4f74944,15/9-F-1 C,15/9-F-1,3342.4,0.20260000228881836,0.1828784623588277,0.20260000228881836,0.1828784623588277,,
target6_porosity_phif-44c768de51207942f01a,15/9-F-1 C,15/9-F-1,3344.4,0.23849999904632568,0.22265512119921865,0.23849999904632568,0.22265512119921865,,
target6_porosity_phif-a5f74eca39c8db5744c5,15/9-F-1 C,15/9-F-1,3346.4,0.23350000381469727,0.22433533248769477,0.23350000381469727,0.22433533248769477,,
target6_porosity_phif-ce451c545ecc5d7baf6d,15/9-F-1 C,15/9-F-1,3348.4,0.22529999911785126,0.21287890227983175,0.22529999911785126,0.21287890227983175,,
target6_porosity_phif-c213329818a3d001ca71,15/9-F-1 C,15/9-F-1,3350.4,0.23680000007152557,0.21983955365814564,0.23680000007152557,0.21983955365814564,,
target6_porosity_phif-fce1bd3b270cdff0b282,15/9-F-1 C,15/9-F-1,3352.4,0.20399999618530273,0.18697393166204787,0.20399999618530273,0.18697393166204787,,
target6_porosity_phif-ff763700333046eca9c5,15/9-F-1 C,15/9-F-1,3354.4,0.04960000142455101,0.09308371410828035,0.04960000142455101,0.09308371410828035,,
target6_porosity_phif-f80d4bcee1ba90bf4cd9,15/9-F-1 C,15/9-F-1,3356.4,0.21449999511241913,0.18164463185419466,0.21449999511241913,0.18164463185419466,,
target6_porosity_phif-69f42a3ee7f04613ff71,15/9-F-1 C,15/9-F-1,3358.4,0.22030000388622284,0.20424163844193677,0.22030000388622284,0.20424163844193677,,
target6_porosity_phif-a50f1cc008534644096b,15/9-F-1 C,15/9-F-1,3360.4,0.18070000410079956,0.1736197703425538,0.18070000410079956,0.1736197703425538,,
target6_porosity_phif-27751e3c2ab272073d41,15/9-F-1 C,15/9-F-1,3362.4,0.15950000286102295,0.14645000077289924,0.15950000286102295,0.14645000077289924,,
target6_porosity_phif-f7437347dcd090943b75,15/9-F-1 C,15/9-F-1,3364.4,0.15160000324249268,0.1366369179983318,0.15160000324249268,0.1366369179983318,,
target6_porosity_phif-4bb6f483349921ca0c85,15/9-F-1 C,15/9-F-1,3366.4,0.12770000100135803,0.12230952028955264,0.12770000100135803,0.12230952028955264,,
target6_porosity_phif-f07438e5670f0e93b143,15/9-F-1 C,15/9-F-1,3368.4,0.13349999487400055,0.1103990092586234,0.13349999487400055,0.1103990092586234,,
target6_porosity_phif-f874fc0d5d456b300294,15/9-F-1 C,15/9-F-1,3370.4,0.05169999971985817,0.08057426164860577,0.05169999971985817,0.08057426164860577,,
target6_porosity_phif-60b75a70cb0b81ade0f8,15/9-F-1 C,15/9-F-1,3372.4,0.0340999998152256,0.06074737313124741,0.0340999998152256,0.06074737313124741,,
target6_porosity_phif-31da4f5501b82d748616,15/9-F-1 C,15/9-F-1,3374.4,0.052299998700618744,0.06773673733938301,0.052299998700618744,0.06773673733938301,,
target6_porosity_phif-c7c84ea537f10b956606,15/9-F-1 C,15/9-F-1,3376.4,0.027499999850988388,0.07023433241937098,0.027499999850988388,0.07023433241937098,,
target6_porosity_phif-37a34870b06ab92d3b3b,15/9-F-1 C,15/9-F-1,3378.4,0.10409999638795853,0.08560145549082071,0.10409999638795853,0.08560145549082071,,
target6_porosity_phif-a7eac0155a2e43dc8bf7,15/9-F-1 C,15/9-F-1,3380.4,0.055799998342990875,0.08514869742303313,0.055799998342990875,0.08514869742303313,,
target6_porosity_phif-511cf80d839e42a524cb,15/9-F-1 C,15/9-F-1,3382.4,0.06289999932050705,0.09233232424163795,0.06289999932050705,0.09233232424163795,,
target6_porosity_phif-cb847a84a962418df948,15/9-F-1 C,15/9-F-1,3384.4,0.0982000008225441,0.1073690345680055,0.0982000008225441,0.1073690345680055,,
target6_porosity_phif-27985762b7ece2c7e034,15/9-F-1 C,15/9-F-1,3386.4,0.08720000088214874,0.15369656151324892,0.08720000088214874,0.15369656151324892,,
target6_porosity_phif-f95306f169bbce952298,15/9-F-1 C,15/9-F-1,3388.4,0.26249998807907104,0.24654071820852488,0.26249998807907104,0.24654071820852488,,
target6_porosity_phif-e5fbeda71be93c8036d0,15/9-F-1 C,15/9-F-1,3390.4,0.2485000044107437,0.24932902305114668,0.2485000044107437,0.24932902305114668,,
target6_porosity_phif-73cf719e04ce159e2562,15/9-F-1 C,15/9-F-1,3392.4,0.2687999904155731,0.26013277881562147,0.2687999904155731,0.26013277881562147,,
target6_porosity_phif-a9ded5dfecefbc410437,15/9-F-1 C,15/9-F-1,3394.4,0.25870001316070557,0.2590720586587305,0.25870001316070557,0.2590720586587305,,
target6_porosity_phif-c3d1c3e1817561e050f9,15/9-F-1 C,15/9-F-1,3396.4,0.2648000121116638,0.26227237794674796,0.2648000121116638,0.26227237794674796,,
target6_porosity_phif-ee2db30db6fd917e2409,15/9-F-1 C,15/9-F-1,3398.4,0.26019999384880066,0.255896759138318,0.26019999384880066,0.255896759138318,,
target6_porosity_phif-debd21a01b20856b9026,15/9-F-1 C,15/9-F-1,3400.4,0.2531999945640564,0.25231788489042817,0.2531999945640564,0.25231788489042817,,
target6_porosity_phif-fc7e1337271b44dd4bcb,15/9-F-1 C,15/9-F-1,3402.4,0.25440001487731934,0.2543717662600572,0.25440001487731934,0.2543717662600572,,
target6_porosity_phif-8e3fa61eff19eb39f4e2,15/9-F-1 C,15/9-F-1,3404.4,0.2535000145435333,0.2519530642145878,0.2535000145435333,0.2519530642145878,,
target6_porosity_phif-b19f377815282c5dca35,15/9-F-1 C,15/9-F-1,3406.4,0.2547000050544739,0.24571533499242967,0.2547000050544739,0.24571533499242967,,
target6_porosity_phif-be6487f677ae93a74c33,15/9-F-1 C,15/9-F-1,3408.4,0.257999986410141,0.24827755813931895,0.257999986410141,0.24827755813931895,,
target6_porosity_phif-979357d8d6892d8c46da,15/9-F-1 C,15/9-F-1,3410.4,0.25380000472068787,0.24802473057082025,0.25380000472068787,0.24802473057082025,,
target6_porosity_phif-414d7de7d7773d27c06a,15/9-F-1 C,15/9-F-1,3412.4,0.24819999933242798,0.24342614295727427,0.24819999933242798,0.24342614295727427,,
target6_porosity_phif-bb17a79f1171919c098a,15/9-F-1 C,15/9-F-1,3414.4,0.24580000340938568,0.24358347855592788,0.24580000340938568,0.24358347855592788,,
target6_porosity_phif-f44520af5d4fb6adae97,15/9-F-1 C,15/9-F-1,3416.4,0.2459000051021576,0.2378583266124047,0.2459000051021576,0.2378583266124047,,
target6_porosity_phif-444a72cc04c65979d5e1,15/9-F-1 C,15/9-F-1,3418.4,0.18050000071525574,0.16345780191125295,0.18050000071525574,0.16345780191125295,,
target6_porosity_phif-a1c327f00b72fe37016a,15/9-F-1 C,15/9-F-1,3420.4,0.1421000063419342,0.11543037274710158,0.1421000063419342,0.11543037274710158,,
target6_porosity_phif-15caa5f7b29973ae1e95,15/9-F-1 C,15/9-F-1,3422.4,0.15289999544620514,0.13922592402318054,0.15289999544620514,0.13922592402318054,,
target6_porosity_phif-f63df5966228f00fc1b8,15/9-F-1 C,15/9-F-1,3424.4,0.13490000367164612,0.15308695500283326,0.13490000367164612,0.15308695500283326,,
target6_porosity_phif-f32e8b727810cfc83d46,15/9-F-1 C,15/9-F-1,3426.4,0.12060000002384186,0.1388112037990654,0.12060000002384186,0.1388112037990654,,
target6_porosity_phif-7bd514bcc59fe14cfc4f,15/9-F-1 C,15/9-F-1,3428.4,0.11749999970197678,0.14708441577936432,0.11749999970197678,0.14708441577936432,,
target6_porosity_phif-949f48be46dfaaa6f48a,15/9-F-1 C,15/9-F-1,3430.4,0.1551000028848648,0.16936927849595518,0.1551000028848648,0.16936927849595518,,
target6_porosity_phif-6122c4d42fd28dad655c,15/9-F-1 C,15/9-F-1,3432.4,0.15109999477863312,0.1657706279816711,0.15109999477863312,0.1657706279816711,,
target6_porosity_phif-0083de13e6a45cb96b2b,15/9-F-1 C,15/9-F-1,3434.4,0.13130000233650208,0.1620783220250744,0.13130000233650208,0.1620783220250744,,
target6_porosity_phif-95823ebf144d5e63a452,15/9-F-1 C,15/9-F-1,3436.4,0.15809999406337738,0.17833642312581796,0.15809999406337738,0.17833642312581796,,
target6_porosity_phif-1a8773e85b63882ba087,15/9-F-1 C,15/9-F-1,3438.4,0.14350000023841858,0.16761467530009724,0.14350000023841858,0.16761467530009724,,
target6_porosity_phif-2430853b37ec03e9a28d,15/9-F-1 C,15/9-F-1,3440.4,0.1517000049352646,0.16894062349581787,0.1517000049352646,0.16894062349581787,,
target6_porosity_phif-5c086d7b48a0a67e8193,15/9-F-1 C,15/9-F-1,3442.4,0.14139999449253082,0.15370539662960825,0.14139999449253082,0.15370539662960825,,
target6_porosity_phif-4a0b9a360d3c75072679,15/9-F-1 C,15/9-F-1,3444.4,0.12269999831914902,0.14543252653965483,0.12269999831914902,0.14543252653965483,,
target6_porosity_phif-881f15a6663d4fcab950,15/9-F-1 C,15/9-F-1,3446.4,0.1817999929189682,0.18344940353069622,0.1817999929189682,0.18344940353069622,,
target6_porosity_phif-29d6817d1289bcc553f1,15/9-F-1 C,15/9-F-1,3448.4,0.1761000007390976,0.18959985201870555,0.1761000007390976,0.18959985201870555,,
target6_porosity_phif-d25894db2afd2a025897,15/9-F-1 C,15/9-F-1,3450.4,0.10740000009536743,0.0955077505397336,0.10740000009536743,0.0955077505397336,,
target6_porosity_phif-8d029fa4092aa720dd02,15/9-F-1 C,15/9-F-1,3452.4,0.019999999552965164,-0.00024861296438388747,0.019999999552965164,0.0,,
target6_porosity_phif-fc38af202c2cbc8e32d7,15/9-F-1 C,15/9-F-1,3454.4,0.05460000038146973,0.08519698272372657,0.05460000038146973,0.08519698272372657,,
target6_porosity_phif-5283d94161cd6998f797,15/9-F-1 C,15/9-F-1,3456.4,0.18799999356269836,0.19686406748968258,0.18799999356269836,0.19686406748968258,,
target6_porosity_phif-ed54dd6555fc8cb0e2e9,15/9-F-1 C,15/9-F-1,3458.4,0.20160000026226044,0.18281031193527184,0.20160000026226044,0.18281031193527184,,
target6_porosity_phif-cc361acef32561280276,15/9-F-1 C,15/9-F-1,3460.4,0.13019999861717224,0.11284798546942297,0.13019999861717224,0.11284798546942297,,
target6_porosity_phif-02647d1b9ab15429953a,15/9-F-1 C,15/9-F-1,3462.4,0.019999999552965164,0.07612570315430398,0.019999999552965164,0.07612570315430398,,
target6_porosity_phif-10197d41532193220b31,15/9-F-1 C,15/9-F-1,3464.4,0.20489999651908875,0.16279978817754434,0.20489999651908875,0.16279978817754434,,
target6_porosity_phif-1859ebf3e2237102bdfd,15/9-F-1 C,15/9-F-1,3466.4,0.14710000157356262,0.14021299072919371,0.14710000157356262,0.14021299072919371,,
target6_porosity_phif-3ab064b3935dd8cd3c52,15/9-F-1 C,15/9-F-1,3468.4,0.11169999837875366,0.09546832122234108,0.11169999837875366,0.09546832122234108,,
target6_porosity_phif-621e271d01e669ca6939,15/9-F-1 C,15/9-F-1,3470.4,0.03660000115633011,0.06950928894961986,0.03660000115633011,0.06950928894961986,,
target6_porosity_phif-23ab57eab7ac5376aaad,15/9-F-1 C,15/9-F-1,3472.4,0.1454000025987625,0.118523198813835,0.1454000025987625,0.118523198813835,,
target6_porosity_phif-0fe2870b161288adc95c,15/9-F-1 C,15/9-F-1,3474.4,0.12349999696016312,0.10073744871944783,0.12349999696016312,0.10073744871944783,,
target6_porosity_phif-5ba3ac51288a00423bbb,15/9-F-1 C,15/9-F-1,3476.4,0.07599999755620956,0.06319463500445602,0.07599999755620956,0.06319463500445602,,
target6_porosity_phif-d470789bc657afbea2d3,15/9-F-1 C,15/9-F-1,3478.4,0.07100000232458115,0.05924692373846087,0.07100000232458115,0.05924692373846087,,
target6_porosity_phif-1f95f25646935e2977f7,15/9-F-1 C,15/9-F-1,3480.4,0.16459999978542328,0.14538554478213722,0.16459999978542328,0.14538554478213722,,
target6_porosity_phif-e2169d1e229c05d9f546,15/9-F-1 C,15/9-F-1,3482.4,0.24690000712871552,0.23653402661401152,0.24690000712871552,0.23653402661401152,,
target6_porosity_phif-d75eb33fd49a4e9fc513,15/9-F-1 C,15/9-F-1,3484.4,0.2549000084400177,0.25241122096349167,0.2549000084400177,0.25241122096349167,,
target6_porosity_phif-baecadb027808d3f188c,15/9-F-1 C,15/9-F-1,3486.4,0.2556000053882599,0.25625137414565397,0.2556000053882599,0.25625137414565397,,
target6_porosity_phif-e57faff39678f9cfc5ef,15/9-F-1 C,15/9-F-1,3488.4,0.2451999932527542,0.24293849871545192,0.2451999932527542,0.24293849871545192,,
target6_porosity_phif-077aecf999d2fac7b851,15/9-F-1 C,15/9-F-1,3490.4,0.20280000567436218,0.21942284649970978,0.20280000567436218,0.21942284649970978,,
target6_porosity_phif-65e43e2c9d5c2937dca6,15/9-F-1 C,15/9-F-1,3492.4,0.23090000450611115,0.224644276709199,0.23090000450611115,0.224644276709199,,
target6_porosity_phif-4a92d7ec2842c6d24846,15/9-F-1 C,15/9-F-1,3494.4,0.23420000076293945,0.2255946519877231,0.23420000076293945,0.2255946519877231,,
target6_porosity_phif-bb136f7df332c5bfbf1a,15/9-F-1 C,15/9-F-1,3496.4,0.22280000150203705,0.22373274879183935,0.22280000150203705,0.22373274879183935,,
target6_porosity_phif-b60434e3cf9214150e2d,15/9-F-1 C,15/9-F-1,3498.4,0.23559999465942383,0.23918774746516477,0.23559999465942383,0.23918774746516477,,
target6_porosity_phif-c40306564af0ef48188d,15/9-F-1 C,15/9-F-1,3500.4,0.24529999494552612,0.23551686054233517,0.24529999494552612,0.23551686054233517,,
target6_porosity_phif-02230d7fe28852c786f7,15/9-F-1 C,15/9-F-1,3502.4,0.2069000005722046,0.2033785637857215,0.2069000005722046,0.2033785637857215,,
target6_porosity_phif-805593ba9aece456a854,15/9-F-1 C,15/9-F-1,3504.4,0.1770000010728836,0.1853032398924107,0.1770000010728836,0.1853032398924107,,
target6_porosity_phif-9f6a856f3a1fa3ff0ee8,15/9-F-1 C,15/9-F-1,3506.4,0.2460000067949295,0.2308699550240591,0.2460000067949295,0.2308699550240591,,
target6_porosity_phif-028cc0e8a0a27772d802,15/9-F-1 C,15/9-F-1,3508.4,0.23389999568462372,0.22974312527275198,0.23389999568462372,0.22974312527275198,,
target6_porosity_phif-5c3c1f035f79486734bf,15/9-F-1 C,15/9-F-1,3510.4,0.1876000016927719,0.2000774593768547,0.1876000016927719,0.2000774593768547,,
target6_porosity_phif-e286c12bce4e34691101,15/9-F-1 C,15/9-F-1,3512.4,0.21439999341964722,0.2092414091844515,0.21439999341964722,0.2092414091844515,,
target6_porosity_phif-66c38e9ad53067689e7e,15/9-F-1 C,15/9-F-1,3514.4,0.2240999937057495,0.22568868024693228,0.2240999937057495,0.22568868024693228,,
target6_porosity_phif-5355a909588f8b6a09fc,15/9-F-1 C,15/9-F-1,3516.4,0.23839999735355377,0.2380205940175768,0.23839999735355377,0.2380205940175768,,
target6_porosity_phif-392c05b1947b14466451,15/9-F-1 C,15/9-F-1,3518.4,0.2522999942302704,0.2503931780399259,0.2522999942302704,0.2503931780399259,,
target6_porosity_phif-c63e3e91aeb0bc1f5fc8,15/9-F-1 C,15/9-F-1,3520.4,0.2563999891281128,0.2579897208715104,0.2563999891281128,0.2579897208715104,,
target6_porosity_phif-bc3bcd7be1ee4e5aaa68,15/9-F-1 C,15/9-F-1,3522.4,0.258899986743927,0.25919326581624286,0.258899986743927,0.25919326581624286,,
target6_porosity_phif-c53c50445372adf2fbfb,15/9-F-1 C,15/9-F-1,3524.4,0.25450000166893005,0.25331754667412104,0.25450000166893005,0.25331754667412104,,
target6_porosity_phif-e8e2c856dfb2d2e652a9,15/9-F-1 C,15/9-F-1,3526.4,0.24490000307559967,0.24664259700387436,0.24490000307559967,0.24664259700387436,,
target6_porosity_phif-c469d0e8e1dcc797c5da,15/9-F-1 C,15/9-F-1,3528.4,0.25209999084472656,0.249837639513527,0.25209999084472656,0.249837639513527,,
target6_porosity_phif-744bce128a19fa7c4319,15/9-F-1 C,15/9-F-1,3530.4,0.16380000114440918,0.15377292573245666,0.16380000114440918,0.15377292573245666,,
target6_porosity_phif-ffb107bce8871bd31bc1,15/9-F-1 C,15/9-F-1,3532.4,0.052000001072883606,0.07410268702225294,0.052000001072883606,0.07410268702225294,,
target6_porosity_phif-ab0ba54fce58505d6f7b,15/9-F-1 C,15/9-F-1,3534.4,0.08919999748468399,0.06907250776418827,0.08919999748468399,0.06907250776418827,,
target6_porosity_phif-ca70091f05d4873a7541,15/9-F-1 C,15/9-F-1,3536.4,0.027799999341368675,0.049821569922066405,0.027799999341368675,0.049821569922066405,,
target6_porosity_phif-e40215712fa66495310c,15/9-F-1 C,15/9-F-1,3538.4,0.08919999748468399,0.07866674226679762,0.08919999748468399,0.07866674226679762,,
target6_porosity_phif-9d69807310344d29a75d,15/9-F-1 C,15/9-F-1,3540.4,0.18809999525547028,0.1453985907880593,0.18809999525547028,0.1453985907880593,,
target6_porosity_phif-1e5b9f18d7f4806cab7f,15/9-F-1 C,15/9-F-1,3542.4,0.20569999516010284,0.18843580995109474,0.20569999516010284,0.18843580995109474,,
target6_porosity_phif-3848330d245fd3a2d397,15/9-F-1 C,15/9-F-1,3544.4,0.1623000055551529,0.17512291387687995,0.1623000055551529,0.17512291387687995,,
target6_porosity_phif-1e98243aeeb2ebe59e60,15/9-F-1 C,15/9-F-1,3546.4,0.15369999408721924,0.1669383476583438,0.15369999408721924,0.1669383476583438,,
target6_porosity_phif-86ad367d4afd9808e7b0,15/9-F-1 C,15/9-F-1,3548.4,0.18979999423027039,0.20292755766966458,0.18979999423027039,0.20292755766966458,,
target6_porosity_phif-930ef2d0fb2e190c0b56,15/9-F-1 C,15/9-F-1,3550.4,0.25130000710487366,0.23998394603976136,0.25130000710487366,0.23998394603976136,,
target6_porosity_phif-381866ab61be1a22e69f,15/9-F-1 C,15/9-F-1,3552.4,0.25859999656677246,0.2623604200292503,0.25859999656677246,0.2623604200292503,,
target6_porosity_phif-230e10a1ca08a267d6fb,15/9-F-1 C,15/9-F-1,3554.4,0.2721000015735626,0.26340903530679377,0.2721000015735626,0.26340903530679377,,
target6_porosity_phif-ba2e2a0cae6003a4c7ec,15/9-F-1 C,15/9-F-1,3556.4,0.0471000000834465,0.06932678989111522,0.0471000000834465,0.06932678989111522,,
target6_porosity_phif-3c9fceb8fababd33eafa,15/9-F-1 C,15/9-F-1,3558.4,0.04699999839067459,0.10176524279610606,0.04699999839067459,0.10176524279610606,,
target6_porosity_phif-d558d49da1b8e09850c3,15/9-F-1 C,15/9-F-1,3560.4,0.25529998540878296,0.2066417795579496,0.25529998540878296,0.2066417795579496,,
target6_porosity_phif-0e40e4ae277d122f935f,15/9-F-1 C,15/9-F-1,3562.4,0.08290000259876251,0.07245304065551125,0.08290000259876251,0.07245304065551125,,
target6_porosity_phif-a68ec4617713247aec60,15/9-F-1 C,15/9-F-1,3564.4,0.060499999672174454,0.04297169629337719,0.060499999672174454,0.04297169629337719,,
target6_porosity_phif-9ab6a1715db84ba08744,15/9-F-1 C,15/9-F-1,3566.4,0.12790000438690186,0.11877196072118132,0.12790000438690186,0.11877196072118132,,
target6_porosity_phif-b754d4546db607a2a877,15/9-F-1 C,15/9-F-1,3568.4,0.1932000070810318,0.16212963169578232,0.1932000070810318,0.16212963169578232,,
target6_porosity_phif-2d7cb977056cd59b91e5,15/9-F-1 C,15/9-F-1,3570.4,0.19619999825954437,0.16921008928779518,0.19619999825954437,0.16921008928779518,,
target6_porosity_phif-b6795c6c0b0466de43c8,15/9-F-1 C,15/9-F-1,3572.4,0.2142000049352646,0.2043095353261889,0.2142000049352646,0.2043095353261889,,
target6_porosity_phif-65e6889d337cc8493565,15/9-F-1 C,15/9-F-1,3574.4,0.23589999973773956,0.2387149131731456,0.23589999973773956,0.2387149131731456,,
target6_porosity_phif-7e983003f5e21cec969c,15/9-F-1 C,15/9-F-1,3576.4,0.225600004196167,0.193081131430483,0.225600004196167,0.193081131430483,,
target6_porosity_phif-15abb771f8b7fce98298,15/9-F-1 C,15/9-F-1,3578.4,0.20430000126361847,0.19263171473741236,0.20430000126361847,0.19263171473741236,,
target6_porosity_phif-cc9a7ff50c18d80423c8,15/9-F-1 C,15/9-F-1,3580.4,0.22139999270439148,0.21061593147989766,0.22139999270439148,0.21061593147989766,,
target6_porosity_phif-0121537934dede456d61,15/9-F-1 C,15/9-F-1,3582.4,0.21969999372959137,0.21524590720626907,0.21969999372959137,0.21524590720626907,,
target6_porosity_phif-57013216991d14b2d648,15/9-F-1 C,15/9-F-1,3584.4,0.2639000117778778,0.2434847029388928,0.2639000117778778,0.2434847029388928,,
target6_porosity_phif-66494644ccb72938643c,15/9-F-1 C,15/9-F-1,3586.4,0.26330000162124634,0.25047439844878533,0.26330000162124634,0.25047439844878533,,
target6_porosity_phif-e18cda3f96e4328f7216,15/9-F-1 C,15/9-F-1,3588.4,0.2240000069141388,0.18799106413112326,0.2240000069141388,0.18799106413112326,,
target6_porosity_phif-c8ed76ed0d32272d7701,15/9-F-1 C,15/9-F-1,3590.4,0.17110000550746918,0.13974713714985443,0.17110000550746918,0.13974713714985443,,
target6_porosity_phif-6d644a9428136044759b,15/9-F-1 C,15/9-F-1,3592.4,0.24770000576972961,0.21986906092674618,0.24770000576972961,0.21986906092674618,,
target6_porosity_phif-5b4131d5afad56f9fa28,15/9-F-1 C,15/9-F-1,3594.4,0.20059999823570251,0.18030186342458443,0.20059999823570251,0.18030186342458443,,
target6_porosity_phif-b0ab041a8df2e71d139e,15/9-F-1 C,15/9-F-1,3596.4,0.048500001430511475,0.08955005247985405,0.048500001430511475,0.08955005247985405,,
target6_porosity_phif-5bad42876b407611fe67,15/9-F-1 C,15/9-F-1,3598.4,0.08500000089406967,0.09398841482627883,0.08500000089406967,0.09398841482627883,,
target6_porosity_phif-4f2aeaff3c2de6e57f83,15/9-F-1 C,15/9-F-1,3600.4,0.17010000348091125,0.16456870625539416,0.17010000348091125,0.16456870625539416,,
target6_porosity_phif-7023f745dcefc96a02c3,15/9-F-1 C,15/9-F-1,3602.4,0.25940001010894775,0.24428227803049396,0.25940001010894775,0.24428227803049396,,
target6_porosity_phif-450cac72f48bbc21f4a2,15/9-F-1 C,15/9-F-1,3604.4,0.2676999866962433,0.2587546072127354,0.2676999866962433,0.2587546072127354,,
target6_porosity_phif-dadff416dee9edc95ece,15/9-F-1 C,15/9-F-1,3606.4,0.24819999933242798,0.23899462307145752,0.24819999933242798,0.23899462307145752,,
target6_porosity_phif-3e78a69071c536c7fde4,15/9-F-1 C,15/9-F-1,3608.4,0.19850000739097595,0.17199949933532876,0.19850000739097595,0.17199949933532876,,
target6_porosity_phif-baf8de9f45ab7b20ccae,15/9-F-1 C,15/9-F-1,3610.4,0.07909999787807465,0.1200155389019446,0.07909999787807465,0.1200155389019446,,
target6_porosity_phif-cc5878ecff4fe8a936ad,15/9-F-1 C,15/9-F-1,3612.4,0.12439999729394913,0.15064864522228916,0.12439999729394913,0.15064864522228916,,
target6_porosity_phif-cadef4515121e3a95f00,15/9-F-1 C,15/9-F-1,3614.4,0.2207999974489212,0.23554158872714384,0.2207999974489212,0.23554158872714384,,
target6_porosity_phif-7ef3311f745fa589fdbf,15/9-F-1 C,15/9-F-1,3616.4,0.22089999914169312,0.24134547500646114,0.22089999914169312,0.24134547500646114,,
target6_porosity_phif-9bfb1781e33ce8968f5b,15/9-F-1 C,15/9-F-1,3618.4,0.2361000031232834,0.2554113639981063,0.2361000031232834,0.2554113639981063,,
target6_porosity_phif-726a680b067061c882b8,15/9-F-1 C,15/9-F-1,3620.4,0.241799995303154,0.2597872497617809,0.241799995303154,0.2597872497617809,,
target6_porosity_phif-368c0b21c62b8f6b38d0,15/9-F-1 C,15/9-F-1,3622.4,0.24120000004768372,0.26164787740616013,0.24120000004768372,0.26164787740616013,,
target6_porosity_phif-c24868ba2461d5552a76,15/9-F-1 C,15/9-F-1,3624.4,0.23190000653266907,0.2569550379117228,0.23190000653266907,0.2569550379117228,,
target6_porosity_phif-324cb99904e082d94b9a,15/9-F-1 C,15/9-F-1,3626.4,0.21780000627040863,0.2484250302506546,0.21780000627040863,0.2484250302506546,,
target6_porosity_phif-e84ca151c2ca62c45731,15/9-F-1 C,15/9-F-1,3628.4,0.22529999911785126,0.23970655625934761,0.22529999911785126,0.23970655625934761,,
target6_porosity_phif-89a9a6eb70c465a15853,15/9-F-1 C,15/9-F-1,3630.4,0.17139999568462372,0.2192731697267617,0.17139999568462372,0.2192731697267617,,
target6_porosity_phif-f84c67a7e408a175a27c,15/9-F-1 C,15/9-F-1,3632.4,0.23510000109672546,0.25080534615999883,0.23510000109672546,0.25080534615999883,,
target6_porosity_phif-e4cb193ef0bed1a62455,15/9-F-1 C,15/9-F-1,3634.4,0.23109999299049377,0.2461936909442652,0.23109999299049377,0.2461936909442652,,
target6_porosity_phif-a6e586ba1dfc8efa2b78,15/9-F-1 C,15/9-F-1,3636.4,0.22010000050067902,0.23156567089903632,0.22010000050067902,0.23156567089903632,,
target6_porosity_phif-0b716d1bbce563a6e3f2,15/9-F-1 C,15/9-F-1,3638.4,0.1712000072002411,0.18688727682486417,0.1712000072002411,0.18688727682486417,,
target6_porosity_phif-89d09efdb5e0656bf751,15/9-F-1 C,15/9-F-1,3640.4,0.23739999532699585,0.21629374920258915,0.23739999532699585,0.21629374920258915,,
target6_porosity_phif-6f2670b0861c5deb0805,15/9-F-1 C,15/9-F-1,3642.4,0.21969999372959137,0.23131239748165325,0.21969999372959137,0.23131239748165325,,
target6_porosity_phif-7773854a112d9aa7707f,15/9-F-1 C,15/9-F-1,3644.4,0.21950000524520874,0.2289811880677124,0.21950000524520874,0.2289811880677124,,
target6_porosity_phif-dee9375b8c621066626d,15/9-F-1 C,15/9-F-1,3646.4,0.23270000517368317,0.24521744945385107,0.23270000517368317,0.24521744945385107,,
target6_porosity_phif-9f01a987b3a01aa7c4ca,15/9-F-1 C,15/9-F-1,3648.4,0.23569999635219574,0.24915258460770473,0.23569999635219574,0.24915258460770473,,
target6_porosity_phif-18381ec03a64bdc615b2,15/9-F-1 C,15/9-F-1,3650.4,0.20800000429153442,0.2157821350674764,0.20800000429153442,0.2157821350674764,,
target6_porosity_phif-76e20efbf2623450b0fb,15/9-F-1 C,15/9-F-1,3652.4,0.22910000383853912,0.2159012876718338,0.22910000383853912,0.2159012876718338,,
target6_porosity_phif-53c55513a65d1f7929d9,15/9-F-1 C,15/9-F-1,3654.4,0.2272000014781952,0.22319381191843973,0.2272000014781952,0.22319381191843973,,
target6_porosity_phif-c5bd7f0210d93d130689,15/9-F-1 C,15/9-F-1,3656.4,0.24940000474452972,0.23539380574590904,0.24940000474452972,0.23539380574590904,,
target6_porosity_phif-dccdbd8086f7b10c970c,15/9-F-1 C,15/9-F-1,3658.4,0.24959999322891235,0.23864622329866822,0.24959999322891235,0.23864622329866822,,
target6_porosity_phif-d4a5e1e882eaeff94947,15/9-F-1 C,15/9-F-1,3660.4,0.23010000586509705,0.22606327692288092,0.23010000586509705,0.22606327692288092,,
target6_porosity_phif-857bd3c6efccdeab78bf,15/9-F-1 C,15/9-F-1,3662.4,0.23759999871253967,0.2237182542751549,0.23759999871253967,0.2237182542751549,,
target6_porosity_phif-a9ef4845e4f3cd248d41,15/9-F-1 C,15/9-F-1,3664.4,0.20260000228881836,0.20420066307434848,0.20260000228881836,0.20420066307434848,,
target6_porosity_phif-0dc2e09ed8a45c53a30b,15/9-F-1 C,15/9-F-1,3666.4,0.22779999673366547,0.19885142622011842,0.22779999673366547,0.19885142622011842,,
target6_porosity_phif-47ce204a5b7577ce7c46,15/9-F-1 C,15/9-F-1,3668.4,0.2078000009059906,0.18464881053408277,0.2078000009059906,0.18464881053408277,,
target6_porosity_phif-a36153177b5941d42e34,15/9-F-1 C,15/9-F-1,3670.4,0.2134999930858612,0.18962254986020138,0.2134999930858612,0.18962254986020138,,
target6_porosity_phif-3e3c360e3310f608a4f5,15/9-F-1 C,15/9-F-1,3672.4,0.12470000237226486,0.13204863506817568,0.12470000237226486,0.13204863506817568,,
target6_porosity_phif-85eb09ff80f35dbf5c40,15/9-F-1 C,15/9-F-1,3674.4,0.18459999561309814,0.1481254018353631,0.18459999561309814,0.1481254018353631,,
target6_porosity_phif-ef87cbce28b7a8fe1084,15/9-F-1 C,15/9-F-1,3676.4,0.19120000302791595,0.15849873622327237,0.19120000302791595,0.15849873622327237,,
target6_porosity_phif-a93ab11f77688943be59,15/9-F-1 C,15/9-F-1,3678.4,0.13109999895095825,0.15601127610076113,0.13109999895095825,0.15601127610076113,,
target6_porosity_phif-283c0a18647cc257ade5,15/9-F-1 C,15/9-F-1,3680.4,0.22120000422000885,0.19653295625022485,0.22120000422000885,0.19653295625022485,,
target6_porosity_phif-a8e47e3baab2c72e9569,15/9-F-1 C,15/9-F-1,3682.4,0.24150000512599945,0.21974209098920755,0.24150000512599945,0.21974209098920755,,
target6_porosity_phif-ee5406a7ad571258d312,15/9-F-1 C,15/9-F-1,3684.4,0.24580000340938568,0.22767942892798484,0.24580000340938568,0.22767942892798484,,
target6_porosity_phif-550f3961beefbeeadb43,15/9-F-1 C,15/9-F-1,3686.4,0.23999999463558197,0.2205893034573257,0.23999999463558197,0.2205893034573257,,
target6_porosity_phif-441db73d5a93952cdc18,15/9-F-1 C,15/9-F-1,3688.4,0.22869999706745148,0.21030626407521896,0.22869999706745148,0.21030626407521896,,
target6_porosity_phif-9eb5fcbf710e029846d1,15/9-F-1 C,15/9-F-1,3690.4,0.2257000058889389,0.1999268174739952,0.2257000058889389,0.1999268174739952,,
target6_porosity_phif-fd3bf5c57365ff4dfb22,15/9-F-1 C,15/9-F-1,3692.4,0.22990000247955322,0.20500443287881293,0.22990000247955322,0.20500443287881293,,
target6_porosity_phif-8f96ac92723ab81f99f7,15/9-F-1 C,15/9-F-1,3694.4,0.21690000593662262,0.20152363128047074,0.21690000593662262,0.20152363128047074,,
target6_porosity_phif-08facaa83d880aa32dd8,15/9-F-1 C,15/9-F-1,3696.4,0.23070000112056732,0.20203585783760475,0.23070000112056732,0.20203585783760475,,
target6_porosity_phif-ee6fe2f8d28e6e78b02f,15/9-F-1 C,15/9-F-1,3698.4,0.23890000581741333,0.2038016005279393,0.23890000581741333,0.2038016005279393,,
target6_porosity_phif-073e91bd56cd0e2b1228,15/9-F-1 C,15/9-F-1,3700.4,0.23019999265670776,0.1981140574790182,0.23019999265670776,0.1981140574790182,,
target6_porosity_phif-e1d8f5ff788ab86ce748,15/9-F-1 C,15/9-F-1,3702.4,0.23180000483989716,0.2023914254406583,0.23180000483989716,0.2023914254406583,,
target6_porosity_phif-05370862dd144d60f48d,15/9-F-1 C,15/9-F-1,3704.4,0.18639999628067017,0.1989905948252056,0.18639999628067017,0.1989905948252056,,
target6_porosity_phif-e6b76eb98052030408a4,15/9-F-1 C,15/9-F-1,3706.4,0.23899999260902405,0.24900982895760698,0.23899999260902405,0.24900982895760698,,
target6_porosity_phif-98ff9c0056f233d51228,15/9-F-1 C,15/9-F-1,3708.4,0.23229999840259552,0.2501249119180912,0.23229999840259552,0.2501249119180912,,
target6_porosity_phif-43fd70c316e757c921d6,15/9-F-1 C,15/9-F-1,3710.4,0.219200000166893,0.21614188092917613,0.219200000166893,0.21614188092917613,,
target6_porosity_phif-9b1d469538ef8d6767d8,15/9-F-1 C,15/9-F-1,3712.4,0.13899999856948853,0.15589224736456403,0.13899999856948853,0.15589224736456403,,
target6_porosity_phif-99ea8749bb0e886b898a,15/9-F-1 C,15/9-F-1,3714.4,0.21369999647140503,0.20910546332677282,0.21369999647140503,0.20910546332677282,,
target6_porosity_phif-4e7b095f13f8174dda34,15/9-F-1 C,15/9-F-1,3716.4,0.2206999957561493,0.23333863546885808,0.2206999957561493,0.23333863546885808,,
target6_porosity_phif-5d203f9f24484f823a1c,15/9-F-1 C,15/9-F-1,3718.4,0.21860000491142273,0.23105228009085588,0.21860000491142273,0.23105228009085588,,
target6_porosity_phif-e9f9ac79ae31b7a2bbc2,15/9-F-1 C,15/9-F-1,3720.4,0.22050000727176666,0.2310908341806463,0.22050000727176666,0.2310908341806463,,
target6_porosity_phif-da4a8ed0a59dbb8a89cc,15/9-F-1 C,15/9-F-1,3722.4,0.22100000083446503,0.23086361405800726,0.22100000083446503,0.23086361405800726,,
target6_porosity_phif-b6ada937240e8908ff6e,15/9-F-1 C,15/9-F-1,3724.4,0.2159000039100647,0.2241438592628388,0.2159000039100647,0.2241438592628388,,
target6_porosity_phif-5c6465b18adc4681e1d7,15/9-F-1 C,15/9-F-1,3726.4,0.23600000143051147,0.2380447451713858,0.23600000143051147,0.2380447451713858,,
target6_porosity_phif-87f8ecad5502127132cf,15/9-F-1 C,15/9-F-1,3728.4,0.21729999780654907,0.2296786086377551,0.21729999780654907,0.2296786086377551,,
target6_porosity_phif-9021b3fbee66ef689fd9,15/9-F-1 C,15/9-F-1,3730.4,0.19529999792575836,0.18191337967014895,0.19529999792575836,0.18191337967014895,,
target6_porosity_phif-d9a5142beda22426581e,15/9-F-1 C,15/9-F-1,3732.4,0.17990000545978546,0.18050711403775244,0.17990000545978546,0.18050711403775244,,
target6_porosity_phif-bc42e57c4413c89d8297,15/9-F-1 C,15/9-F-1,3734.4,0.22920000553131104,0.23755618364383632,0.22920000553131104,0.23755618364383632,,
target6_porosity_phif-384c650039b06c13bfa6,15/9-F-1 C,15/9-F-1,3736.4,0.23350000381469727,0.24351404033738455,0.23350000381469727,0.24351404033738455,,
target6_porosity_phif-e0c9ec512c985095d934,15/9-F-1 C,15/9-F-1,3738.4,0.2451000064611435,0.24838606392630774,0.2451000064611435,0.24838606392630774,,
target6_porosity_phif-af98dec5a76e311e42e3,15/9-F-1 C,15/9-F-1,3740.4,0.22759999334812164,0.2371187780115077,0.22759999334812164,0.2371187780115077,,
target6_porosity_phif-01698777061fece7d0f7,15/9-F-1 C,15/9-F-1,3742.4,0.22789999842643738,0.23982293441576397,0.22789999842643738,0.23982293441576397,,
target6_porosity_phif-a5347e6c91f4378282d4,15/9-F-1 C,15/9-F-1,3744.4,0.21870000660419464,0.23292423818270944,0.21870000660419464,0.23292423818270944,,
target6_porosity_phif-602681ca82cf9d124cf5,15/9-F-1 C,15/9-F-1,3746.4,0.20829999446868896,0.22027315053351793,0.20829999446868896,0.22027315053351793,,
target6_porosity_phif-d1ab843ea1b70855dd60,15/9-F-1 C,15/9-F-1,3748.4,0.1931000053882599,0.20741992613620117,0.1931000053882599,0.20741992613620117,,
target6_porosity_phif-832e870035995dc697d3,15/9-F-1 C,15/9-F-1,3750.4,0.2092999964952469,0.20897052583052889,0.2092999964952469,0.20897052583052889,,
target6_porosity_phif-43f90184646cfee8838d,15/9-F-1 C,15/9-F-1,3752.4,0.2152000069618225,0.21899085177865402,0.2152000069618225,0.21899085177865402,,
target6_porosity_phif-af1c804741b86d8f0d83,15/9-F-1 C,15/9-F-1,3754.4,0.22190000116825104,0.22516515889502028,0.22190000116825104,0.22516515889502028,,
target6_porosity_phif-88e73f6daa88aed822e1,15/9-F-1 C,15/9-F-1,3756.4,0.04989999905228615,0.16701921485234153,0.04989999905228615,0.16701921485234153,,
target6_porosity_phif-8fc6df5494236c5f234a,15/9-F-1 C,15/9-F-1,3758.4,0.08429999649524689,0.12667842600243,0.08429999649524689,0.12667842600243,,
target6_porosity_phif-9266c68f31ac1d9ff77c,15/9-F-1 C,15/9-F-1,3760.4,0.20200000703334808,0.19489696308633903,0.20200000703334808,0.19489696308633903,,
target6_porosity_phif-9d23d6d31e083c493d5f,15/9-F-1 C,15/9-F-1,3762.4,0.21410000324249268,0.22636540695871982,0.21410000324249268,0.22636540695871982,,
target6_porosity_phif-cbffb8d6c99fc8590d0f,15/9-F-1 C,15/9-F-1,3764.4,0.22190000116825104,0.23755781277874258,0.22190000116825104,0.23755781277874258,,
target6_porosity_phif-b06beef165d22e30de40,15/9-F-1 C,15/9-F-1,3766.4,0.2361000031232834,0.23927639793602606,0.2361000031232834,0.23927639793602606,,
target6_porosity_phif-b741e84f079207a4cc1b,15/9-F-1 C,15/9-F-1,3768.4,0.22450000047683716,0.23040215257557745,0.22450000047683716,0.23040215257557745,,
target6_porosity_phif-fe37b3cb179234437231,15/9-F-1 C,15/9-F-1,3770.4,0.2232999950647354,0.23735832189770945,0.2232999950647354,0.23735832189770945,,
target6_porosity_phif-ab747cbb9ca325a7a1ce,15/9-F-1 C,15/9-F-1,3772.4,0.22419999539852142,0.23784233344593725,0.22419999539852142,0.23784233344593725,,
target6_porosity_phif-1d57a6d0d0d607eff136,15/9-F-1 C,15/9-F-1,3774.4,0.23080000281333923,0.23411581642591267,0.23080000281333923,0.23411581642591267,,
target6_porosity_phif-91e57270026d090a2e91,15/9-F-1 C,15/9-F-1,3776.4,0.22519999742507935,0.22822790722507075,0.22519999742507935,0.22822790722507075,,
target6_porosity_phif-b618caae8c6b75fb7131,15/9-F-1 C,15/9-F-1,3778.4,0.21359999477863312,0.21971515051831225,0.21359999477863312,0.21971515051831225,,
target6_porosity_phif-3f2cf4dfd6cef2ce8b43,15/9-F-1 C,15/9-F-1,3780.4,0.21889999508857727,0.22111408207191682,0.21889999508857727,0.22111408207191682,,
target6_porosity_phif-fc52afc83d27effab41b,15/9-F-1 C,15/9-F-1,3782.4,0.21860000491142273,0.22297484459030778,0.21860000491142273,0.22297484459030778,,
target6_porosity_phif-a1de2f99b5c4fcac6bdc,15/9-F-1 C,15/9-F-1,3784.4,0.2207999974489212,0.21702010496250473,0.2207999974489212,0.21702010496250473,,
target6_porosity_phif-2736fb0ba548c2ed5d88,15/9-F-1 C,15/9-F-1,3786.4,0.1817999929189682,0.18836524281174366,0.1817999929189682,0.18836524281174366,,
target6_porosity_phif-f7b3d7ae78f6b7d2aff4,15/9-F-1 C,15/9-F-1,3788.4,0.23420000076293945,0.2183097519387922,0.23420000076293945,0.2183097519387922,,
target6_porosity_phif-bcfa087fc25d5031553a,15/9-F-1 C,15/9-F-1,3790.4,0.2264000028371811,0.22010718840796428,0.2264000028371811,0.22010718840796428,,
target6_porosity_phif-cac5afff3a1a1797ac3d,15/9-F-1 C,15/9-F-1,3792.4,0.20469999313354492,0.21291202015804253,0.20469999313354492,0.21291202015804253,,
target6_porosity_phif-d4097c8fb347615fb950,15/9-F-1 C,15/9-F-1,3794.4,0.21170000731945038,0.20858177080183835,0.21170000731945038,0.20858177080183835,,
target6_porosity_phif-0706a15e76e06e5dfd9a,15/9-F-1 C,15/9-F-1,3796.4,0.22390000522136688,0.21842325144220714,0.22390000522136688,0.21842325144220714,,
target6_porosity_phif-2cf9d7bdbafa934374fb,15/9-F-1 C,15/9-F-1,3798.4,0.22259999811649323,0.2201247479914325,0.22259999811649323,0.2201247479914325,,
target6_porosity_phif-e57d82f3d7ea45f31600,15/9-F-1 C,15/9-F-1,3800.4,0.22429999709129333,0.21581952132925294,0.22429999709129333,0.21581952132925294,,
target6_porosity_phif-1e2b268f15acee2f85ee,15/9-F-1 C,15/9-F-1,3802.4,0.1923000067472458,0.16862440041181304,0.1923000067472458,0.16862440041181304,,
target6_porosity_phif-56d0d4241706da20c5fb,15/9-F-1 C,15/9-F-1,3804.4,0.17499999701976776,0.1389958869492388,0.17499999701976776,0.1389958869492388,,
target6_porosity_phif-363d2192b004e0f870d6,15/9-F-1 C,15/9-F-1,3806.4,0.19370000064373016,0.17894738923695053,0.19370000064373016,0.17894738923695053,,
target6_porosity_phif-18c714b269b9bf9d2cca,15/9-F-1 C,15/9-F-1,3808.4,0.18320000171661377,0.1762370539743867,0.18320000171661377,0.1762370539743867,,
target6_porosity_phif-1cde3d039e2795da7478,15/9-F-1 C,15/9-F-1,3810.4,0.1941000074148178,0.18686692896886908,0.1941000074148178,0.18686692896886908,,
target6_porosity_phif-8e1cb441eb6792d27df4,15/9-F-1 C,15/9-F-1,3812.4,0.21199999749660492,0.1990672230594742,0.21199999749660492,0.1990672230594742,,
target6_porosity_phif-0d30ceacc40b81e01581,15/9-F-1 C,15/9-F-1,3814.4,0.21649999916553497,0.20881068223024846,0.21649999916553497,0.20881068223024846,,
target6_porosity_phif-7a261d6993040b1d638a,15/9-F-1 C,15/9-F-1,3816.4,0.22179999947547913,0.2106914665055443,0.22179999947547913,0.2106914665055443,,
target6_porosity_phif-a48ea3ecc9dac0109f13,15/9-F-1 C,15/9-F-1,3818.4,0.1639000028371811,0.16734645660633285,0.1639000028371811,0.16734645660633285,,
target6_porosity_phif-a4c05dac2be19654d70f,15/9-F-1 C,15/9-F-1,3820.4,0.16329999268054962,0.16905851335896796,0.16329999268054962,0.16905851335896796,,
target6_porosity_phif-5446dc4462129238d1d7,15/9-F-1 C,15/9-F-1,3822.4,0.22300000488758087,0.21343734462666497,0.22300000488758087,0.21343734462666497,,
target6_porosity_phif-4557411a715d8d63271d,15/9-F-1 C,15/9-F-1,3824.4,0.20980000495910645,0.2101462669632832,0.20980000495910645,0.2101462669632832,,
target6_porosity_phif-1cd6ab5f2f3840bfaf18,15/9-F-1 C,15/9-F-1,3826.4,0.22169999778270721,0.21496301503107593,0.22169999778270721,0.21496301503107593,,
target6_porosity_phif-68e9778ad90a83d5fbdd,15/9-F-1 C,15/9-F-1,3828.4,0.21449999511241913,0.20859956192927243,0.21449999511241913,0.20859956192927243,,
target6_porosity_phif-36c28ca7703c3c8bd9de,15/9-F-1 C,15/9-F-1,3830.4,0.10930000245571136,0.1195249719128245,0.10930000245571136,0.1195249719128245,,
target6_porosity_phif-f5150cfd99ca0409834a,15/9-F-1 C,15/9-F-1,3832.4,0.22040000557899475,0.18420433888838272,0.22040000557899475,0.18420433888838272,,
target6_porosity_phif-ddeeee566aff7749abe0,15/9-F-1 C,15/9-F-1,3834.4,0.2540999948978424,0.2534096061064729,0.2540999948978424,0.2534096061064729,,
target6_porosity_phif-6dd23fbbbbecae06e7e5,15/9-F-1 C,15/9-F-1,3836.4,0.24609999358654022,0.24937910302808525,0.24609999358654022,0.24937910302808525,,
target6_porosity_phif-4fdc69af05a7695eaeca,15/9-F-1 C,15/9-F-1,3838.4,0.19660000503063202,0.21375906076819137,0.19660000503063202,0.21375906076819137,,
target6_porosity_phif-51b633edfcf0a4e2407f,15/9-F-1 C,15/9-F-1,3840.4,0.1469999998807907,0.16426804270444295,0.1469999998807907,0.16426804270444295,,
target6_porosity_phif-66481aa917e5e0e571db,15/9-F-1 C,15/9-F-1,3842.4,0.147599995136261,0.13167294309158753,0.147599995136261,0.13167294309158753,,
target6_porosity_phif-314987eaf5407d36131b,15/9-F-1 C,15/9-F-1,3844.4,0.052799999713897705,0.07037941083262643,0.052799999713897705,0.07037941083262643,,
target6_porosity_phif-1a22cb802f29d16fdc28,15/9-F-1 C,15/9-F-1,3846.4,0.164900004863739,0.1516533719102348,0.164900004863739,0.1516533719102348,,
target6_porosity_phif-2f261c5566f43dfb70e5,15/9-F-1 C,15/9-F-1,3848.4,0.24860000610351562,0.23884048266937438,0.24860000610351562,0.23884048266937438,,
target6_porosity_phif-e346f61584eb8f93ab5d,15/9-F-1 C,15/9-F-1,3850.4,0.22750000655651093,0.2260705997019848,0.22750000655651093,0.2260705997019848,,
target6_porosity_phif-3fee7dbe0101b26f7787,15/9-F-1 C,15/9-F-1,3852.4,0.225600004196167,0.2157572366751209,0.225600004196167,0.2157572366751209,,
target6_porosity_phif-28aba07968ddc99d70c9,15/9-F-1 C,15/9-F-1,3854.4,0.2054000049829483,0.22254569474928804,0.2054000049829483,0.22254569474928804,,
target6_porosity_phif-503413f12f0fc6015b6f,15/9-F-1 C,15/9-F-1,3856.4,0.19599999487400055,0.20623814757157763,0.19599999487400055,0.20623814757157763,,
target6_porosity_phif-db1c3b25cd823e4989ca,15/9-F-1 C,15/9-F-1,3858.4,0.23270000517368317,0.22032263619643916,0.23270000517368317,0.22032263619643916,,
target6_porosity_phif-f3e126e0e0ff2f1d2f9b,15/9-F-1 C,15/9-F-1,3860.4,0.22689999639987946,0.20786661598958633,0.22689999639987946,0.20786661598958633,,
target6_porosity_phif-95ea1fd1f977855f4e13,15/9-F-1 C,15/9-F-1,3862.4,0.1859000027179718,0.18092251306200297,0.1859000027179718,0.18092251306200297,,
target6_porosity_phif-ec4c2e4290bd2e8d5ec1,15/9-F-1 C,15/9-F-1,3864.4,0.2215999960899353,0.20035308944377253,0.2215999960899353,0.20035308944377253,,
target6_porosity_phif-11a5c2126beef10219d6,15/9-F-1 C,15/9-F-1,3866.4,0.2013999968767166,0.20467652501763264,0.2013999968767166,0.20467652501763264,,
target6_porosity_phif-f3c413a6293b3d593710,15/9-F-1 C,15/9-F-1,3868.4,0.23280000686645508,0.21730270439235208,0.23280000686645508,0.21730270439235208,,
target6_porosity_phif-fad3d2da1d21960e0132,15/9-F-1 C,15/9-F-1,3870.4,0.23919999599456787,0.22441303498576784,0.23919999599456787,0.22441303498576784,,
target6_porosity_phif-28e39dd0ca169f3b8f12,15/9-F-1 C,15/9-F-1,3872.4,0.24050000309944153,0.22143525223515595,0.24050000309944153,0.22143525223515595,,
target6_porosity_phif-9e520a57cab4961e94d0,15/9-F-1 C,15/9-F-1,3874.4,0.20630000531673431,0.1897578907889652,0.20630000531673431,0.1897578907889652,,
target6_porosity_phif-3b7ae6449d97ea3d565b,15/9-F-1 C,15/9-F-1,3876.4,0.20919999480247498,0.16532106638337152,0.20919999480247498,0.16532106638337152,,
target6_porosity_phif-e2e5a87c90199f364a4c,15/9-F-1 C,15/9-F-1,3878.4,0.1793999969959259,0.16384065315060234,0.1793999969959259,0.16384065315060234,,
target6_porosity_phif-96c54085d105f44e4e90,15/9-F-1 C,15/9-F-1,3880.4,0.22349999845027924,0.20396707960284655,0.22349999845027924,0.20396707960284655,,
target6_porosity_phif-5c7f7993de53304bc925,15/9-F-1 C,15/9-F-1,3882.4,0.22349999845027924,0.20949120631220758,0.22349999845027924,0.20949120631220758,,
target6_porosity_phif-4cbe28aba3164a07be9e,15/9-F-1 C,15/9-F-1,3884.4,0.2207999974489212,0.1954155445904688,0.2207999974489212,0.1954155445904688,,
target6_porosity_phif-b1fd6fafcffb721a7b32,15/9-F-1 C,15/9-F-1,3886.4,0.21220000088214874,0.18140491566437442,0.21220000088214874,0.18140491566437442,,
target6_porosity_phif-47ed07684166cd456d5e,15/9-F-1 C,15/9-F-1,3888.4,0.13619999587535858,0.1694380528139792,0.13619999587535858,0.1694380528139792,,
target6_porosity_phif-3f6fdc263561b96cba74,15/9-F-1 C,15/9-F-1,3890.4,0.20319999754428864,0.19934891688159082,0.20319999754428864,0.19934891688159082,,
target6_porosity_phif-f96efb91cb1c90c40abc,15/9-F-1 C,15/9-F-1,3892.4,0.22050000727176666,0.20632615790256142,0.22050000727176666,0.20632615790256142,,
target6_porosity_phif-5ed65a2dafdb2bcac39d,15/9-F-1 C,15/9-F-1,3894.4,0.24089999496936798,0.21561322878476896,0.24089999496936798,0.21561322878476896,,
target6_porosity_phif-b8679a485e5057d84e74,15/9-F-1 C,15/9-F-1,3896.4,0.22779999673366547,0.1804573266633142,0.22779999673366547,0.1804573266633142,,
target6_porosity_phif-bfd16455ce1ab5598463,15/9-F-1 C,15/9-F-1,3898.4,0.019999999552965164,0.0766943857048684,0.019999999552965164,0.0766943857048684,,
target6_porosity_phif-271a7a2b2b435ced2eae,15/9-F-1 C,15/9-F-1,3900.4,0.12610000371932983,0.10267093953817964,0.12610000371932983,0.10267093953817964,,
target6_porosity_phif-0c22a3aae825112baec7,15/9-F-1 C,15/9-F-1,3902.4,0.1145000010728836,0.13054728848760971,0.1145000010728836,0.13054728848760971,,
target6_porosity_phif-f13d5ac6f65828ca6825,15/9-F-1 C,15/9-F-1,3904.4,0.181099995970726,0.15746460939870818,0.181099995970726,0.15746460939870818,,
target6_porosity_phif-a5bcd48b3e34478e2cf8,15/9-F-1 C,15/9-F-1,3906.4,0.019999999552965164,0.06317247202030361,0.019999999552965164,0.06317247202030361,,
target6_porosity_phif-e42cbb3598e3ea9c387d,15/9-F-1 C,15/9-F-1,3908.4,0.06599999964237213,0.06942391838628786,0.06599999964237213,0.06942391838628786,,
target6_porosity_phif-99bd2b205ec363aedd66,15/9-F-1 C,15/9-F-1,3910.4,0.06870000064373016,0.08703116899484477,0.06870000064373016,0.08703116899484477,,
target6_porosity_phif-a07e8f544bd7663d86e1,15/9-F-1 C,15/9-F-1,3912.4,0.11640000343322754,0.08982073714369365,0.11640000343322754,0.08982073714369365,,
target6_porosity_phif-579634ab4bfb4355cd97,15/9-F-1 C,15/9-F-1,3914.4,0.06459999829530716,0.08019882820293232,0.06459999829530716,0.08019882820293232,,
target6_porosity_phif-944a0ea14110d5751541,15/9-F-1 C,15/9-F-1,3916.4,0.06809999793767929,0.06371128420807465,0.06809999793767929,0.06371128420807465,,
target6_porosity_phif-f89d2a483224d33d135b,15/9-F-1 C,15/9-F-1,3918.4,0.1875,0.1699472831786779,0.1875,0.1699472831786779,,
target6_porosity_phif-b60ef9fbca982c92ca3f,15/9-F-1 C,15/9-F-1,3920.4,0.2298000007867813,0.23185533140463865,0.2298000007867813,0.23185533140463865,,
target6_porosity_phif-84ac64440de5767eb3f2,15/9-F-1 C,15/9-F-1,3922.4,0.2409999966621399,0.24842837971173723,0.2409999966621399,0.24842837971173723,,
target6_porosity_phif-715ec7a6e145f95055be,15/9-F-1 C,15/9-F-1,3924.4,0.24269999563694,0.2563141479216802,0.24269999563694,0.2563141479216802,,
target6_porosity_phif-2a4570dcdab40cbfea8c,15/9-F-1 C,15/9-F-1,3926.4,0.24660000205039978,0.2578987270663459,0.24660000205039978,0.2578987270663459,,
target6_porosity_phif-2fa8ab605dfd66cbd026,15/9-F-1 C,15/9-F-1,3928.4,0.24799999594688416,0.25522653896430714,0.24799999594688416,0.25522653896430714,,
target6_porosity_phif-f472f303cddbb30863cc,15/9-F-1 C,15/9-F-1,3930.4,0.24619999527931213,0.25099976025578496,0.24619999527931213,0.25099976025578496,,
target6_porosity_phif-71c9b6bc68492312505e,15/9-F-1 C,15/9-F-1,3932.4,0.2378000020980835,0.24894742975838036,0.2378000020980835,0.24894742975838036,,
target6_porosity_phif-c03536e0bc68413f9d5e,15/9-F-1 C,15/9-F-1,3934.4,0.2379000037908554,0.24910493330653752,0.2379000037908554,0.24910493330653752,,
target6_porosity_phif-864169bafc031152c720,15/9-F-1 C,15/9-F-1,3936.4,0.2329999953508377,0.2487023198970073,0.2329999953508377,0.2487023198970073,,
target6_porosity_phif-02045f8b0501a2dde87b,15/9-F-1 C,15/9-F-1,3938.4,0.21850000321865082,0.2351731204486107,0.21850000321865082,0.2351731204486107,,
target6_porosity_phif-17b1ce530374b16c8787,15/9-F-1 C,15/9-F-1,3940.4,0.21979999542236328,0.23863665709238105,0.21979999542236328,0.23863665709238105,,
target6_porosity_phif-a04127ef58db58dc4920,15/9-F-1 C,15/9-F-1,3942.4,0.22769999504089355,0.24402460083811056,0.22769999504089355,0.24402460083811056,,
target6_porosity_phif-92a5b79320a18078327e,15/9-F-1 C,15/9-F-1,3944.4,0.2409999966621399,0.24941549759710352,0.2409999966621399,0.24941549759710352,,
target6_porosity_phif-02ccd061ac3e6525c4a0,15/9-F-1 C,15/9-F-1,3946.4,0.24699999392032623,0.2550357435022993,0.24699999392032623,0.2550357435022993,,
target6_porosity_phif-1153f2f88b739fec0b33,15/9-F-1 C,15/9-F-1,3948.4,0.24240000545978546,0.24539805867191733,0.24240000545978546,0.24539805867191733,,
target6_porosity_phif-8e112f4028059656a0c3,15/9-F-1 C,15/9-F-1,3950.4,0.2102999985218048,0.21686169860036722,0.2102999985218048,0.21686169860036722,,
target6_porosity_phif-2ade7b54d659693dbde0,15/9-F-1 C,15/9-F-1,3952.4,0.18240000307559967,0.18555264292006624,0.18240000307559967,0.18555264292006624,,
target6_porosity_phif-7129e8ec4aed623ca92b,15/9-F-1 C,15/9-F-1,3954.4,0.1582999974489212,0.16516187212845343,0.1582999974489212,0.16516187212845343,,
target6_porosity_phif-23b53175b4edc84ad9ac,15/9-F-1 C,15/9-F-1,3956.4,0.19339999556541443,0.1865043115501271,0.19339999556541443,0.1865043115501271,,
target6_porosity_phif-22b0930c7dd3491ee15f,15/9-F-1 C,15/9-F-1,3958.4,0.18729999661445618,0.18377246249192689,0.18729999661445618,0.18377246249192689,,
target6_porosity_phif-48261a814f64b22ca9f0,15/9-F-1 C,15/9-F-1,3960.4,0.17389999330043793,0.17611748372827551,0.17389999330043793,0.17611748372827551,,
target6_porosity_phif-bc51a01571f0cc039f00,15/9-F-1 C,15/9-F-1,3962.4,0.17720000445842743,0.17097252334072702,0.17720000445842743,0.17097252334072702,,
target6_porosity_phif-20c83c1ec3e4934b68de,15/9-F-1 C,15/9-F-1,3964.4,0.1500999927520752,0.1352002337637457,0.1500999927520752,0.1352002337637457,,
target6_porosity_phif-8596a5655f56d60d32d4,15/9-F-1 C,15/9-F-1,3966.4,0.061500001698732376,0.09638118727478492,0.061500001698732376,0.09638118727478492,,
target6_porosity_phif-ca56fb8b32f237db288b,15/9-F-1 C,15/9-F-1,3968.4,0.16279999911785126,0.11676042307191345,0.16279999911785126,0.11676042307191345,,
target6_porosity_phif-95d40138e196b1798767,15/9-F-1 C,15/9-F-1,3970.4,0.07029999792575836,0.11926082620455086,0.07029999792575836,0.11926082620455086,,
target6_porosity_phif-76b6383aacefd4ff86b6,15/9-F-1 C,15/9-F-1,3972.4,0.16099999845027924,0.14495676496272172,0.16099999845027924,0.14495676496272172,,
target6_porosity_phif-571253794aeea033892c,15/9-F-1 C,15/9-F-1,3974.4,0.21699999272823334,0.20652090222268552,0.21699999272823334,0.20652090222268552,,
target6_porosity_phif-6cc876c4fa24d70c92f2,15/9-F-1 C,15/9-F-1,3976.4,0.219200000166893,0.2165465269973535,0.219200000166893,0.2165465269973535,,
target6_porosity_phif-0c5011e21be1dd7a2421,15/9-F-1 C,15/9-F-1,3978.4,0.2011999934911728,0.1971365845524119,0.2011999934911728,0.1971365845524119,,
target6_porosity_phif-5e58187704a5ab6f5b2d,15/9-F-1 C,15/9-F-1,3980.4,0.19480000436306,0.18364258185875573,0.19480000436306,0.18364258185875573,,
target6_porosity_phif-6d91805c9e281d4ad383,15/9-F-1 C,15/9-F-1,3982.4,0.17810000479221344,0.16968829600829613,0.17810000479221344,0.16968829600829613,,
target6_porosity_phif-cd525979b62fcce5a07e,15/9-F-1 C,15/9-F-1,3984.4,0.17550000548362732,0.1539736432637412,0.17550000548362732,0.1539736432637412,,
target6_porosity_phif-d7a2e1f0824a8cd598c7,15/9-F-1 C,15/9-F-1,3986.4,0.1573999971151352,0.147289467701281,0.1573999971151352,0.147289467701281,,
target6_porosity_phif-8fbe65399fd42ab26f23,15/9-F-1 C,15/9-F-1,3988.4,0.2151000052690506,0.18750041852965144,0.2151000052690506,0.18750041852965144,,
target6_porosity_phif-0962f17db9446c3774a0,15/9-F-1 C,15/9-F-1,3990.4,0.18150000274181366,0.17531865947299208,0.18150000274181366,0.17531865947299208,,
target6_porosity_phif-5f6a7293569e434a4003,15/9-F-1 C,15/9-F-1,3992.4,0.17970000207424164,0.16720650338143908,0.17970000207424164,0.16720650338143908,,
target6_porosity_phif-8d0137037116707da9ef,15/9-F-1 C,15/9-F-1,3994.4,0.17759999632835388,0.15626906154780965,0.17759999632835388,0.15626906154780965,,
target6_porosity_phif-5ca406fe424a90738db3,15/9-F-1 C,15/9-F-1,3996.4,0.19979999959468842,0.17559767681236313,0.19979999959468842,0.17559767681236313,,
target6_porosity_phif-8d1945a57b12b1b66c73,15/9-F-1 C,15/9-F-1,3998.4,0.20029999315738678,0.18680404113852797,0.20029999315738678,0.18680404113852797,,
target6_porosity_phif-ce1312a7b918a2e94854,15/9-F-1 C,15/9-F-1,4000.4,0.16920000314712524,0.1531885099969562,0.16920000314712524,0.1531885099969562,,
target6_porosity_phif-fdd87299feee56b60ec1,15/9-F-1 C,15/9-F-1,4002.4,0.13420000672340393,0.11786973495547391,0.13420000672340393,0.11786973495547391,,
target6_porosity_phif-0f3be6d92380416961ee,15/9-F-1 C,15/9-F-1,4004.4,0.019999999552965164,0.0644040226764701,0.019999999552965164,0.0644040226764701,,
target6_porosity_phif-ee6aaa853837bafeb0a2,15/9-F-1 C,15/9-F-1,4017.4,0.03280000016093254,0.08649817383245433,0.03280000016093254,0.08649817383245433,,
target6_porosity_phif-4e1e4b74b4c736eee428,15/9-F-1 C,15/9-F-1,4019.4,0.09920000284910202,0.10371322595426535,0.09920000284910202,0.10371322595426535,,
target6_porosity_phif-33ac9cec9ad497a090ee,15/9-F-1 C,15/9-F-1,4021.4,0.11110000312328339,0.1168742908164564,0.11110000312328339,0.1168742908164564,,
target6_porosity_phif-208f0b00c9a568964932,15/9-F-1,15/9-F-1,3387.0,0.15729999542236328,0.12019934931412113,0.15729999542236328,0.12019934931412113,,
target6_porosity_phif-f4c2ec468375890c6899,15/9-F-1,15/9-F-1,3398.9,0.0828000009059906,0.062358315190994856,0.0828000009059906,0.062358315190994856,,
target6_porosity_phif-d007380dd4e0f339963f,15/9-F-1,15/9-F-1,3400.9,0.0494999997317791,0.05917757623845271,0.0494999997317791,0.05917757623845271,,
target6_porosity_phif-fd8b1688a3c2d42cf5df,15/9-F-1,15/9-F-1,3402.9,0.08500000089406967,0.07287322992410734,0.08500000089406967,0.07287322992410734,,
target6_porosity_phif-e1ed96908bcd87dcfb2c,15/9-F-1,15/9-F-1,3404.9,0.07069999724626541,0.06461088235934676,0.07069999724626541,0.06461088235934676,,
target6_porosity_phif-485df9a6830f8095a7b9,15/9-F-1,15/9-F-1,3453.2,0.10220000147819519,0.15674670754341502,0.10220000147819519,0.15674670754341502,,
target6_porosity_phif-0189eb293adfdbddd519,15/9-F-1,15/9-F-1,3455.2,0.18729999661445618,0.14464247408042438,0.18729999661445618,0.14464247408042438,,
target6_porosity_phif-d4c10faf065922af4fd1,15/9-F-11 A,15/9-F-11,3598.4,0.09399999678134918,0.09035737439604523,0.09399999678134918,0.09035737439604523,,
target6_porosity_phif-f2c00ca3e0f387468b24,15/9-F-11 A,15/9-F-11,3605.0,0.19099999964237213,0.16731922924732587,0.19099999964237213,0.16731922924732587,,
target6_porosity_phif-d14a2766ffa241c4b300,15/9-F-11 A,15/9-F-11,3607.0,0.19300000369548798,0.17329010196271208,0.19300000369548798,0.17329010196271208,,
target6_porosity_phif-4daf7199a815541e8825,15/9-F-11 A,15/9-F-11,3609.0,0.23000000417232513,0.17875775339285008,0.23000000417232513,0.17875775339285008,,
target6_porosity_phif-4a8b3243d8703225d0ee,15/9-F-11 A,15/9-F-11,3611.0,0.13500000536441803,0.13607438434707986,0.13500000536441803,0.13607438434707986,,
target6_porosity_phif-53cfdd8845026e454eb7,15/9-F-11 A,15/9-F-11,3613.0,0.10999999940395355,0.17872557566577346,0.10999999940395355,0.17872557566577346,,
target6_porosity_phif-b683dec0c4fcf6342c16,15/9-F-11 A,15/9-F-11,3615.0,0.2150000035762787,0.2146886373929409,0.2150000035762787,0.2146886373929409,,
target6_porosity_phif-dd16a670bbef5a4ef12b,15/9-F-11 A,15/9-F-11,3617.0,0.23999999463558197,0.2370081748907767,0.23999999463558197,0.2370081748907767,,
target6_porosity_phif-a779508cda8966a97290,15/9-F-11 A,15/9-F-11,3619.0,0.1550000011920929,0.1767395152055349,0.1550000011920929,0.1767395152055349,,
target6_porosity_phif-699fcf1b2111e66cb208,15/9-F-11 A,15/9-F-11,3621.0,0.23199999332427979,0.20166835302715888,0.23199999332427979,0.20166835302715888,,
target6_porosity_phif-3586388be7ad15d1ef7c,15/9-F-11 A,15/9-F-11,3623.0,0.22599999606609344,0.23796436207459326,0.22599999606609344,0.23796436207459326,,
target6_porosity_phif-dfe98b55bbaf97844e90,15/9-F-11 A,15/9-F-11,3625.0,0.2280000001192093,0.23652538867666434,0.2280000001192093,0.23652538867666434,,
target6_porosity_phif-f09a6325939c1b0d92a5,15/9-F-11 A,15/9-F-11,3627.0,0.1679999977350235,0.17373610775385234,0.1679999977350235,0.17373610775385234,,
target6_porosity_phif-201f756d25c7a2cdcd3e,15/9-F-11 A,15/9-F-11,3629.0,0.18799999356269836,0.13761173286028083,0.18799999356269836,0.13761173286028083,,
target6_porosity_phif-e9a61dbd9c1257449693,15/9-F-11 A,15/9-F-11,3631.0,0.11800000071525574,0.18425348412873807,0.11800000071525574,0.18425348412873807,,
target6_porosity_phif-dc738b7290bf8d226d42,15/9-F-11 A,15/9-F-11,3633.0,0.24400000274181366,0.24034746024572767,0.24400000274181366,0.24034746024572767,,
target6_porosity_phif-66fbb33f4d5b03c1fbc8,15/9-F-11 A,15/9-F-11,3635.0,0.24799999594688416,0.2475276812595727,0.24799999594688416,0.2475276812595727,,
target6_porosity_phif-e98e7059be7cf9581dfb,15/9-F-11 A,15/9-F-11,3637.0,0.23499999940395355,0.238326383450112,0.23499999940395355,0.238326383450112,,
target6_porosity_phif-8ddc3e4bfd9d7a8a6348,15/9-F-11 A,15/9-F-11,3639.0,0.22499999403953552,0.2308513038316932,0.22499999403953552,0.2308513038316932,,
target6_porosity_phif-05911f5bd93347c99103,15/9-F-11 A,15/9-F-11,3641.0,0.2160000056028366,0.20404626545549828,0.2160000056028366,0.20404626545549828,,
target6_porosity_phif-0e9dad7fdf88f32fd943,15/9-F-11 A,15/9-F-11,3643.0,0.16899999976158142,0.18431989755426678,0.16899999976158142,0.18431989755426678,,
target6_porosity_phif-a5f620c2a63e5504cc9b,15/9-F-11 A,15/9-F-11,3645.0,0.21799999475479126,0.20087208243398066,0.21799999475479126,0.20087208243398066,,
target6_porosity_phif-7a56aba3367f6a6ce984,15/9-F-11 A,15/9-F-11,3647.0,0.13899999856948853,0.14777866687771776,0.13899999856948853,0.14777866687771776,,
target6_porosity_phif-86137d4a12c06ecfd31e,15/9-F-11 A,15/9-F-11,3649.0,0.14300000667572021,0.16960387785764794,0.14300000667572021,0.16960387785764794,,
target6_porosity_phif-49722c7e21ad3f37d46e,15/9-F-11 A,15/9-F-11,3651.0,0.20499999821186066,0.18094183582622703,0.20499999821186066,0.18094183582622703,,
target6_porosity_phif-0b13770bcacf557a626e,15/9-F-11 A,15/9-F-11,3653.0,0.10499999672174454,0.1026618391849529,0.10499999672174454,0.1026618391849529,,
target6_porosity_phif-b648c8db41674a294bb5,15/9-F-11 A,15/9-F-11,3655.0,0.13699999451637268,0.11774340052061526,0.13699999451637268,0.11774340052061526,,
target6_porosity_phif-0ba560f02dcf29c497e2,15/9-F-11 A,15/9-F-11,3657.0,0.20000000298023224,0.1911107927708061,0.20000000298023224,0.1911107927708061,,
target6_porosity_phif-c14f0f98ece527d1159d,15/9-F-11 A,15/9-F-11,3659.0,0.25,0.18796275108926272,0.25,0.18796275108926272,,
target6_porosity_phif-a70500918fb415f11cd7,15/9-F-11 A,15/9-F-11,3662.7,0.013000000268220901,0.058268802868579495,0.013000000268220901,0.058268802868579495,,
target6_porosity_phif-833fffe6886b1c057a1f,15/9-F-11 A,15/9-F-11,3664.7,0.21400000154972076,0.18985549582852934,0.21400000154972076,0.18985549582852934,,
target6_porosity_phif-93a94627db3cd176f976,15/9-F-11 A,15/9-F-11,3666.7,0.21400000154972076,0.21491571443579338,0.21400000154972076,0.21491571443579338,,
target6_porosity_phif-dc1b4af3e2051bca262d,15/9-F-11 A,15/9-F-11,3668.7,0.2619999945163727,0.2449987181223245,0.2619999945163727,0.2449987181223245,,
target6_porosity_phif-d9270d0990ed7d53c1bd,15/9-F-11 A,15/9-F-11,3670.7,0.24799999594688416,0.24106535004666826,0.24799999594688416,0.24106535004666826,,
target6_porosity_phif-8a6ddd4efe9ee6487fe2,15/9-F-11 A,15/9-F-11,3672.7,0.23100000619888306,0.23189009143184608,0.23100000619888306,0.23189009143184608,,
target6_porosity_phif-58865eef78834f9a3d01,15/9-F-11 A,15/9-F-11,3674.7,0.18199999630451202,0.1995670392609258,0.18199999630451202,0.1995670392609258,,
target6_porosity_phif-8a8b7b8e647756a7dde6,15/9-F-11 A,15/9-F-11,3676.7,0.19900000095367432,0.1921322355600495,0.19900000095367432,0.1921322355600495,,
target6_porosity_phif-7c5c76f6eaea89ce7d4d,15/9-F-11 A,15/9-F-11,3678.7,0.20800000429153442,0.20811745304510473,0.20800000429153442,0.20811745304510473,,
target6_porosity_phif-ed58d65138dd9750a028,15/9-F-11 A,15/9-F-11,3680.7,0.2029999941587448,0.20905777536402814,0.2029999941587448,0.20905777536402814,,
target6_porosity_phif-dd51f79c46d13df9df2b,15/9-F-11 A,15/9-F-11,3682.7,0.18400000035762787,0.19440634529198192,0.18400000035762787,0.19440634529198192,,
target6_porosity_phif-58bb0727eb4ceb0f7c17,15/9-F-11 A,15/9-F-11,3684.7,0.22499999403953552,0.21522917875526443,0.22499999403953552,0.21522917875526443,,
target6_porosity_phif-9cf75f448a4ca8a0fbde,15/9-F-11 A,15/9-F-11,3686.7,0.21899999678134918,0.23120388282060828,0.21899999678134918,0.23120388282060828,,
target6_porosity_phif-42ff6eb56315198b2ffa,15/9-F-11 A,15/9-F-11,3688.7,0.23399999737739563,0.23655145023383028,0.23399999737739563,0.23655145023383028,,
target6_porosity_phif-46789025b14635951830,15/9-F-11 A,15/9-F-11,3690.7,0.20000000298023224,0.21840007483302648,0.20000000298023224,0.21840007483302648,,
target6_porosity_phif-c4b0f6eabb38dbc50bc7,15/9-F-11 A,15/9-F-11,3692.7,0.23600000143051147,0.22974303862606252,0.23600000143051147,0.22974303862606252,,
target6_porosity_phif-d2b90f56aa98ddae240e,15/9-F-11 A,15/9-F-11,3694.7,0.24500000476837158,0.24315234498786556,0.24500000476837158,0.24315234498786556,,
target6_porosity_phif-880f697c7221e4b117fa,15/9-F-11 A,15/9-F-11,3696.7,0.24500000476837158,0.23705278473264582,0.24500000476837158,0.23705278473264582,,
target6_porosity_phif-7e19067643ed513190a8,15/9-F-11 A,15/9-F-11,3698.7,0.2409999966621399,0.2330411956484465,0.2409999966621399,0.2330411956484465,,
target6_porosity_phif-23525eedfb788296d799,15/9-F-11 A,15/9-F-11,3700.7,0.2549999952316284,0.2320460712996245,0.2549999952316284,0.2320460712996245,,
target6_porosity_phif-5668393e542ea5c05351,15/9-F-11 A,15/9-F-11,3702.7,0.07100000232458115,0.13905880220645966,0.07100000232458115,0.13905880220645966,,
target6_porosity_phif-ffc7b6bb3b07c5fdfe7a,15/9-F-11 B,15/9-F-11,3445.5,0.08500000089406967,0.12060023278696985,0.08500000089406967,0.12060023278696985,,
target6_porosity_phif-109c202498a706b6da3a,15/9-F-11 B,15/9-F-11,3447.5,0.08799999952316284,0.096340104427874,0.08799999952316284,0.096340104427874,,
target6_porosity_phif-7054d37371c9b39eb754,15/9-F-11 B,15/9-F-11,3449.5,0.07199999690055847,0.05122509254199667,0.07199999690055847,0.05122509254199667,,
target6_porosity_phif-7a14c99abda64a5c7bb8,15/9-F-11 B,15/9-F-11,3451.5,0.019999999552965164,0.0004979170532275201,0.019999999552965164,0.0004979170532275201,,
target6_porosity_phif-82b42eabe219371aa8b4,15/9-F-11 B,15/9-F-11,3453.5,0.019999999552965164,-0.0005010670232934722,0.019999999552965164,0.0,,
target6_porosity_phif-fb7a36a562eee2f1849f,15/9-F-11 B,15/9-F-11,3455.5,0.019999999552965164,-0.026914485048952747,0.019999999552965164,0.0,,
target6_porosity_phif-e8a78f0713a9875821bf,15/9-F-11 B,15/9-F-11,3458.9,0.019999999552965164,0.0029078861850752036,0.019999999552965164,0.0029078861850752036,,
target6_porosity_phif-33722855a406d10b6ea6,15/9-F-11 B,15/9-F-11,3460.9,0.019999999552965164,0.03155056237853565,0.019999999552965164,0.03155056237853565,,
target6_porosity_phif-d865a2c3b002709643f9,15/9-F-11 B,15/9-F-11,3462.9,0.08900000154972076,0.0760071738931575,0.08900000154972076,0.0760071738931575,,
target6_porosity_phif-fc641f04ba1ecc5ee63e,15/9-F-11 B,15/9-F-11,3464.9,0.04899999871850014,0.06958975454683752,0.04899999871850014,0.06958975454683752,,
target6_porosity_phif-52354ad100b82bf4371a,15/9-F-11 B,15/9-F-11,3466.9,0.05700000002980232,0.10778014711884312,0.05700000002980232,0.10778014711884312,,
target6_porosity_phif-19dd38a5d3ba0114748a,15/9-F-11 B,15/9-F-11,3468.9,0.05900000035762787,0.09543314103441439,0.05900000035762787,0.09543314103441439,,
target6_porosity_phif-9b873f1da3fb426df840,15/9-F-11 B,15/9-F-11,3470.9,0.23899999260902405,0.19190325333680017,0.23899999260902405,0.19190325333680017,,
target6_porosity_phif-d902fd37a4aa2dfa3266,15/9-F-11 B,15/9-F-11,3472.9,0.24199999868869781,0.23639686765112294,0.24199999868869781,0.23639686765112294,,
target6_porosity_phif-687d50b2386674f91676,15/9-F-11 B,15/9-F-11,3474.9,0.23399999737739563,0.23315468772818082,0.23399999737739563,0.23315468772818082,,
target6_porosity_phif-7e89dbe3180335344b1d,15/9-F-11 B,15/9-F-11,3476.9,0.23100000619888306,0.23255864468077034,0.23100000619888306,0.23255864468077034,,
target6_porosity_phif-8becf931243700eb453b,15/9-F-11 B,15/9-F-11,3478.9,0.23800000548362732,0.23738056295595933,0.23800000548362732,0.23738056295595933,,
target6_porosity_phif-ccb4cbb19077cb1e24bd,15/9-F-11 B,15/9-F-11,3480.9,0.23999999463558197,0.24076420114682712,0.23999999463558197,0.24076420114682712,,
target6_porosity_phif-18430cd6f9daaeb31ad0,15/9-F-11 B,15/9-F-11,3482.9,0.23999999463558197,0.241995664738046,0.23999999463558197,0.241995664738046,,
target6_porosity_phif-04dcab8ebfd702556bef,15/9-F-11 B,15/9-F-11,3484.9,0.2280000001192093,0.23477737769850288,0.2280000001192093,0.23477737769850288,,
target6_porosity_phif-fe81b837afeef6068ed5,15/9-F-11 B,15/9-F-11,3486.9,0.23899999260902405,0.23503194163875202,0.23899999260902405,0.23503194163875202,,
target6_porosity_phif-e20b1f4dcc7029f3022e,15/9-F-11 B,15/9-F-11,3488.9,0.22100000083446503,0.22308090498505817,0.22100000083446503,0.22308090498505817,,
target6_porosity_phif-de3fe8167e7994c6cfe2,15/9-F-11 B,15/9-F-11,3490.9,0.21400000154972076,0.2097130023015733,0.21400000154972076,0.2097130023015733,,
target6_porosity_phif-3e824b3fa6c19c6142cd,15/9-F-11 B,15/9-F-11,3492.9,0.1979999989271164,0.20239306624368625,0.1979999989271164,0.20239306624368625,,
target6_porosity_phif-c1f12f6e2153de7885fa,15/9-F-11 B,15/9-F-11,3494.9,0.23600000143051147,0.20926809724469256,0.23600000143051147,0.20926809724469256,,
target6_porosity_phif-ba5d1bee011ad8fd005f,15/9-F-11 B,15/9-F-11,3496.9,0.23100000619888306,0.2243427838002918,0.23100000619888306,0.2243427838002918,,
target6_porosity_phif-e8bd5b90d5e3e49fff42,15/9-F-11 B,15/9-F-11,3498.9,0.2770000100135803,0.2765649460092866,0.2770000100135803,0.2765649460092866,,
target6_porosity_phif-c01eb538fd5c8c4b2551,15/9-F-11 B,15/9-F-11,3500.9,0.2709999978542328,0.2760904131735663,0.2709999978542328,0.2760904131735663,,
target6_porosity_phif-5209d8af7e548e181a0a,15/9-F-11 B,15/9-F-11,3502.9,0.29100000858306885,0.26084560538818463,0.29100000858306885,0.26084560538818463,,
target6_porosity_phif-0d59e454f2ab056f31ed,15/9-F-11 B,15/9-F-11,3504.9,0.23000000417232513,0.2199838050707827,0.23000000417232513,0.2199838050707827,,
target6_porosity_phif-21ac6ae1beccf19c0d1b,15/9-F-11 B,15/9-F-11,3506.9,0.16500000655651093,0.155699591919029,0.16500000655651093,0.155699591919029,,
target6_porosity_phif-a6bc26cb2547b16f498f,15/9-F-11 B,15/9-F-11,3508.9,0.1720000058412552,0.13808431022570652,0.1720000058412552,0.13808431022570652,,
target6_porosity_phif-a633ec1f95265e5ea876,15/9-F-11 B,15/9-F-11,3510.9,0.17800000309944153,0.15800088891145161,0.17800000309944153,0.15800088891145161,,
target6_porosity_phif-e777646b933c55f55dc0,15/9-F-11 B,15/9-F-11,3512.9,0.2409999966621399,0.23944797692343667,0.2409999966621399,0.23944797692343667,,
target6_porosity_phif-873549ae16ec742e02b6,15/9-F-11 B,15/9-F-11,3514.9,0.2549999952316284,0.273515169946805,0.2549999952316284,0.273515169946805,,
target6_porosity_phif-7f52cbf933e85b4a2428,15/9-F-11 B,15/9-F-11,3516.9,0.25600001215934753,0.2503671135225597,0.25600001215934753,0.2503671135225597,,
target6_porosity_phif-e4a51e33751720a6130c,15/9-F-11 B,15/9-F-11,3518.9,0.2070000022649765,0.19440157553463025,0.2070000022649765,0.19440157553463025,,
target6_porosity_phif-03361b7d535aaed41971,15/9-F-11 B,15/9-F-11,3520.9,0.18299999833106995,0.15860469672743926,0.18299999833106995,0.15860469672743926,,
target6_porosity_phif-8b75dab087a2b37de725,15/9-F-11 B,15/9-F-11,3522.9,0.2150000035762787,0.19971079758425817,0.2150000035762787,0.19971079758425817,,
target6_porosity_phif-0b9f21441f4e5cc35f9e,15/9-F-11 B,15/9-F-11,3524.9,0.26100000739097595,0.2645251348642172,0.26100000739097595,0.2645251348642172,,
target6_porosity_phif-9f2605b06fea4291a9f4,15/9-F-11 B,15/9-F-11,3526.9,0.26600000262260437,0.26327080668962266,0.26600000262260437,0.26327080668962266,,
target6_porosity_phif-049fea2e425c1e41fe52,15/9-F-11 B,15/9-F-11,3528.9,0.2619999945163727,0.25493745878328106,0.2619999945163727,0.25493745878328106,,
target6_porosity_phif-38f31b233c2254c1952a,15/9-F-11 B,15/9-F-11,3530.9,0.25699999928474426,0.253162540601373,0.25699999928474426,0.253162540601373,,
target6_porosity_phif-afed4e751e8c673dba87,15/9-F-11 B,15/9-F-11,3532.9,0.26100000739097595,0.25560401860841275,0.26100000739097595,0.25560401860841275,,
target6_porosity_phif-efa6fa1260b43a7b0e92,15/9-F-11 B,15/9-F-11,3534.9,0.25600001215934753,0.25508641611319594,0.25600001215934753,0.25508641611319594,,
target6_porosity_phif-29b1fe3e9b0302e2596f,15/9-F-11 B,15/9-F-11,3536.9,0.2549999952316284,0.24911428609940775,0.2549999952316284,0.24911428609940775,,
target6_porosity_phif-e938d40b62fdb1d31ff3,15/9-F-11 B,15/9-F-11,3538.9,0.23399999737739563,0.2199817224311853,0.23399999737739563,0.2199817224311853,,
target6_porosity_phif-5af9bf606266cdec5cb0,15/9-F-11 B,15/9-F-11,3540.9,0.17299999296665192,0.16483603188653861,0.17299999296665192,0.16483603188653861,,
target6_porosity_phif-7fd82e2b209d65882c0b,15/9-F-11 B,15/9-F-11,3542.9,0.16300000250339508,0.13768948594481722,0.16300000250339508,0.13768948594481722,,
target6_porosity_phif-ce0da1611ed7b6e26603,15/9-F-11 B,15/9-F-11,3544.9,0.1080000028014183,0.1169395370928319,0.1080000028014183,0.1169395370928319,,
target6_porosity_phif-7768c3edcdf2e990c5c8,15/9-F-11 B,15/9-F-11,3546.9,0.10300000011920929,0.11395787737214158,0.10300000011920929,0.11395787737214158,,
target6_porosity_phif-36a97a3456ecdb803bd9,15/9-F-11 B,15/9-F-11,3548.9,0.18000000715255737,0.1509777908123155,0.18000000715255737,0.1509777908123155,,
target6_porosity_phif-70bd7dc5696790850766,15/9-F-11 B,15/9-F-11,3550.9,0.19099999964237213,0.1566182836278805,0.19099999964237213,0.1566182836278805,,
target6_porosity_phif-b27347c0522712478135,15/9-F-11 B,15/9-F-11,3552.9,0.19099999964237213,0.14931179901545621,0.19099999964237213,0.14931179901545621,,
target6_porosity_phif-c2b27f9a3f19699682c1,15/9-F-11 B,15/9-F-11,3554.9,0.11599999666213989,0.12383706324207991,0.11599999666213989,0.12383706324207991,,
target6_porosity_phif-891bb09ce2c952a2c985,15/9-F-11 B,15/9-F-11,3556.9,0.13699999451637268,0.11340495276279498,0.13699999451637268,0.11340495276279498,,
target6_porosity_phif-2ab24bc5fcfd13467c44,15/9-F-11 B,15/9-F-11,3558.9,0.06400000303983688,0.09726565020475682,0.06400000303983688,0.09726565020475682,,
target6_porosity_phif-7c8cbaa83f1f5565b0a8,15/9-F-11 B,15/9-F-11,3560.9,0.1379999965429306,0.11286130653055045,0.1379999965429306,0.11286130653055045,,
target6_porosity_phif-0f02a82f2e8357ecb400,15/9-F-11 B,15/9-F-11,3562.9,0.12200000137090683,0.13268830873737306,0.12200000137090683,0.13268830873737306,,
target6_porosity_phif-0e0e719e834027df4c89,15/9-F-11 B,15/9-F-11,3564.9,0.1860000044107437,0.14843584958510897,0.1860000044107437,0.14843584958510897,,
target6_porosity_phif-59208b9d79191faa15d4,15/9-F-11 B,15/9-F-11,3566.9,0.16300000250339508,0.13925266162369146,0.16300000250339508,0.13925266162369146,,
target6_porosity_phif-b9cc29c5b7cd0c379348,15/9-F-11 B,15/9-F-11,3568.9,0.1550000011920929,0.1422086819910122,0.1550000011920929,0.1422086819910122,,
target6_porosity_phif-d35a248761a0a2ac913b,15/9-F-11 B,15/9-F-11,3570.9,0.16899999976158142,0.1405837047094545,0.16899999976158142,0.1405837047094545,,
target6_porosity_phif-a65eb3c8226397278dc4,15/9-F-11 B,15/9-F-11,3572.9,0.1120000034570694,0.13123713205146004,0.1120000034570694,0.13123713205146004,,
target6_porosity_phif-c28d06e1abe63ddee88c,15/9-F-11 B,15/9-F-11,3574.9,0.1720000058412552,0.14777416489827822,0.1720000058412552,0.14777416489827822,,
target6_porosity_phif-9b6d10f20637112f019f,15/9-F-11 B,15/9-F-11,3576.9,0.17599999904632568,0.16056673765812998,0.17599999904632568,0.16056673765812998,,
target6_porosity_phif-8e5f2f67c90a9be9698d,15/9-F-11 B,15/9-F-11,3578.9,0.16500000655651093,0.15257886847907884,0.16500000655651093,0.15257886847907884,,
target6_porosity_phif-2d270fdb605d0fcdfd71,15/9-F-11 B,15/9-F-11,3580.9,0.18000000715255737,0.16068615653053825,0.18000000715255737,0.16068615653053825,,
target6_porosity_phif-a4962ba674d0d6179dcb,15/9-F-11 B,15/9-F-11,3582.9,0.17000000178813934,0.157164774806734,0.17000000178813934,0.157164774806734,,
target6_porosity_phif-2c95635fc118dac2fe52,15/9-F-11 B,15/9-F-11,3584.9,0.16699999570846558,0.1384551252328958,0.16699999570846558,0.1384551252328958,,
target6_porosity_phif-d22b0db04e2104f35477,15/9-F-11 B,15/9-F-11,3586.9,0.1420000046491623,0.13900440113707258,0.1420000046491623,0.13900440113707258,,
target6_porosity_phif-2065e189d854dfafe056,15/9-F-11 B,15/9-F-11,3588.9,0.10700000077486038,0.1660317046625525,0.10700000077486038,0.1660317046625525,,
target6_porosity_phif-e1ee2b273c0446fdd0af,15/9-F-11 B,15/9-F-11,3590.9,0.25,0.2294110514024948,0.25,0.2294110514024948,,
target6_porosity_phif-840d189255740da7edfc,15/9-F-11 B,15/9-F-11,3592.9,0.25,0.24562362901193285,0.25,0.24562362901193285,,
target6_porosity_phif-9eca0c915e6e239dee4f,15/9-F-11 B,15/9-F-11,3594.9,0.25099998712539673,0.24832356452563906,0.25099998712539673,0.24832356452563906,,
target6_porosity_phif-266b2419387caf25f4d2,15/9-F-11 B,15/9-F-11,3596.9,0.2409999966621399,0.23356906426858448,0.2409999966621399,0.23356906426858448,,
target6_porosity_phif-f50f3ba5193a19665e33,15/9-F-11 B,15/9-F-11,3598.9,0.16699999570846558,0.18775589447065166,0.16699999570846558,0.18775589447065166,,
target6_porosity_phif-db4e6c4d84766cdcc1ac,15/9-F-11 B,15/9-F-11,3600.9,0.18400000035762787,0.15441769902482377,0.18400000035762787,0.15441769902482377,,
target6_porosity_phif-5b444f1dae116b75e253,15/9-F-11 B,15/9-F-11,3602.9,0.19599999487400055,0.16367014814792596,0.19599999487400055,0.16367014814792596,,
target6_porosity_phif-e01ac47e61e8ec0c1ced,15/9-F-11 B,15/9-F-11,3604.9,0.19499999284744263,0.17380070398327105,0.19499999284744263,0.17380070398327105,,
target6_porosity_phif-4a852a336ab90be168c9,15/9-F-11 B,15/9-F-11,3606.9,0.20800000429153442,0.17585206977670825,0.20800000429153442,0.17585206977670825,,
target6_porosity_phif-8823f33d25eb14002027,15/9-F-11 B,15/9-F-11,3608.9,0.17800000309944153,0.1470612595208067,0.17800000309944153,0.1470612595208067,,
target6_porosity_phif-c5c7cb9fbe28b1554d0f,15/9-F-11 B,15/9-F-11,3610.9,0.10599999874830246,0.12148785327950821,0.10599999874830246,0.12148785327950821,,
target6_porosity_phif-b51f29d995b40d28e74b,15/9-F-11 B,15/9-F-11,3612.9,0.10999999940395355,0.11037748192382713,0.10999999940395355,0.11037748192382713,,
target6_porosity_phif-3bce4dbc89cf770f7f16,15/9-F-11 B,15/9-F-11,3614.9,0.19499999284744263,0.16427671356090623,0.19499999284744263,0.16427671356090623,,
target6_porosity_phif-d4ed03acd0c29eb4b7a0,15/9-F-11 B,15/9-F-11,3616.9,0.20800000429153442,0.18155123254816408,0.20800000429153442,0.18155123254816408,,
target6_porosity_phif-fcfdef1eb9908a4c756d,15/9-F-11 B,15/9-F-11,3618.9,0.19200000166893005,0.16364546792687762,0.19200000166893005,0.16364546792687762,,
target6_porosity_phif-5b92468cfdd1cd42dc10,15/9-F-11 B,15/9-F-11,3620.9,0.1940000057220459,0.1839314729264558,0.1940000057220459,0.1839314729264558,,
target6_porosity_phif-3aec1444f76a546a3ad0,15/9-F-11 B,15/9-F-11,3622.9,0.20100000500679016,0.19113480104954958,0.20100000500679016,0.19113480104954958,,
target6_porosity_phif-eaa300c3286ec426c8ce,15/9-F-11 B,15/9-F-11,3624.9,0.1809999942779541,0.17241453254634315,0.1809999942779541,0.17241453254634315,,
target6_porosity_phif-6f515ed95783716306d2,15/9-F-11 B,15/9-F-11,3626.9,0.06499999761581421,0.10118549236960798,0.06499999761581421,0.10118549236960798,,
target6_porosity_phif-f950b156fdfdf509071c,15/9-F-11 B,15/9-F-11,3628.9,0.1509999930858612,0.10589991082605425,0.1509999930858612,0.10589991082605425,,
target6_porosity_phif-4e8b8cdc03d44ca79d01,15/9-F-11 B,15/9-F-11,3630.9,0.10000000149011612,0.11233365656717108,0.10000000149011612,0.11233365656717108,,
target6_porosity_phif-c12657398bb51ca337d8,15/9-F-11 B,15/9-F-11,3632.9,0.10300000011920929,0.12393933074979245,0.10300000011920929,0.12393933074979245,,
target6_porosity_phif-34a2b2308155a86d17ba,15/9-F-11 B,15/9-F-11,3634.9,0.17599999904632568,0.15495287262567758,0.17599999904632568,0.15495287262567758,,
target6_porosity_phif-f3f59c5bacb967935b44,15/9-F-11 B,15/9-F-11,3636.9,0.14000000059604645,0.15799349416544423,0.14000000059604645,0.15799349416544423,,
target6_porosity_phif-115a8affe7d8b3fcc64e,15/9-F-11 B,15/9-F-11,3638.9,0.1809999942779541,0.15929853237647953,0.1809999942779541,0.15929853237647953,,
target6_porosity_phif-2b40093910c76b471f86,15/9-F-11 B,15/9-F-11,3640.9,0.1770000010728836,0.1664615007384334,0.1770000010728836,0.1664615007384334,,
target6_porosity_phif-c509484ee742361354a1,15/9-F-11 B,15/9-F-11,3642.9,0.18299999833106995,0.1761262059963559,0.18299999833106995,0.1761262059963559,,
target6_porosity_phif-92eebfcac7a4b1cf53bc,15/9-F-11 B,15/9-F-11,3644.9,0.1979999989271164,0.17049785550065194,0.1979999989271164,0.17049785550065194,,
target6_porosity_phif-8eaf169f6d14b4f2e4ba,15/9-F-11 B,15/9-F-11,3646.9,0.19099999964237213,0.16996207817749234,0.19099999964237213,0.16996207817749234,,
target6_porosity_phif-a5ed7486a95960aeeefe,15/9-F-11 B,15/9-F-11,3648.9,0.19300000369548798,0.16962683496150963,0.19300000369548798,0.16962683496150963,,
target6_porosity_phif-8a82e602da84645fe23b,15/9-F-11 B,15/9-F-11,3650.9,0.18700000643730164,0.161877628055934,0.18700000643730164,0.161877628055934,,
target6_porosity_phif-c8b56d64010bf96ce1bc,15/9-F-11 B,15/9-F-11,3652.9,0.20600000023841858,0.17564063626151882,0.20600000023841858,0.17564063626151882,,
target6_porosity_phif-02eb8a24fde675fd63d0,15/9-F-11 B,15/9-F-11,3654.9,0.22100000083446503,0.19187360514731142,0.22100000083446503,0.19187360514731142,,
target6_porosity_phif-885fad769833444dec7c,15/9-F-11 B,15/9-F-11,3656.9,0.19900000095367432,0.17546119019836862,0.19900000095367432,0.17546119019836862,,
target6_porosity_phif-1fab834a4eb1445251d3,15/9-F-11 B,15/9-F-11,3658.9,0.2150000035762787,0.1983836167610185,0.2150000035762787,0.1983836167610185,,
target6_porosity_phif-55e41c1cdbda631573f0,15/9-F-11 B,15/9-F-11,3660.9,0.19499999284744263,0.2161704584952004,0.19499999284744263,0.2161704584952004,,
target6_porosity_phif-5e67bd491d70b1a444f7,15/9-F-11 B,15/9-F-11,3662.9,0.21299999952316284,0.22015544771491466,0.21299999952316284,0.22015544771491466,,
target6_porosity_phif-85163e42846581b048e1,15/9-F-11 B,15/9-F-11,3664.9,0.21799999475479126,0.22716072753588315,0.21799999475479126,0.22716072753588315,,
target6_porosity_phif-74b8bb5083611e0c5d1f,15/9-F-11 B,15/9-F-11,3666.9,0.23000000417232513,0.22346945729955608,0.23000000417232513,0.22346945729955608,,
target6_porosity_phif-7fb4eb21b3f351bc45fe,15/9-F-11 B,15/9-F-11,3668.9,0.2290000021457672,0.24167786690337661,0.2290000021457672,0.24167786690337661,,
target6_porosity_phif-a2da65a89a6e740ad18c,15/9-F-11 B,15/9-F-11,3670.9,0.23999999463558197,0.2652623300425856,0.23999999463558197,0.2652623300425856,,
target6_porosity_phif-571c75ee53f51c63d8cd,15/9-F-11 B,15/9-F-11,3672.9,0.23399999737739563,0.2506371342987186,0.23399999737739563,0.2506371342987186,,
target6_porosity_phif-f455648951b8b5cdc6bd,15/9-F-11 B,15/9-F-11,3674.9,0.23600000143051147,0.2545816922297385,0.23600000143051147,0.2545816922297385,,
target6_porosity_phif-4c633491c48432fae8db,15/9-F-11 B,15/9-F-11,3676.9,0.2409999966621399,0.26165207667929297,0.2409999966621399,0.26165207667929297,,
target6_porosity_phif-a5e39babd58bbdcd85f4,15/9-F-11 B,15/9-F-11,3678.9,0.24400000274181366,0.261318972912182,0.24400000274181366,0.261318972912182,,
target6_porosity_phif-138a479144d01882e95b,15/9-F-11 B,15/9-F-11,3680.9,0.23899999260902405,0.25661023774490366,0.23899999260902405,0.25661023774490366,,
target6_porosity_phif-1173e208f7eb0021c54d,15/9-F-11 B,15/9-F-11,3682.9,0.23600000143051147,0.25538388889924163,0.23600000143051147,0.25538388889924163,,
target6_porosity_phif-2af17b10bebaa4c61474,15/9-F-11 B,15/9-F-11,3684.9,0.2409999966621399,0.26190633836700733,0.2409999966621399,0.26190633836700733,,
target6_porosity_phif-9b4020a9f8b90c10407a,15/9-F-11 B,15/9-F-11,3686.9,0.23600000143051147,0.2539098449690814,0.23600000143051147,0.2539098449690814,,
target6_porosity_phif-fcd3267574a358c920e1,15/9-F-11 B,15/9-F-11,3688.9,0.2329999953508377,0.25173161759533114,0.2329999953508377,0.25173161759533114,,
target6_porosity_phif-0c191948457d7b37f5b5,15/9-F-11 B,15/9-F-11,3690.9,0.2370000034570694,0.25806559982935573,0.2370000034570694,0.25806559982935573,,
target6_porosity_phif-42e80cb2ab1c263c8c45,15/9-F-11 B,15/9-F-11,3692.9,0.24199999868869781,0.24897289141027623,0.24199999868869781,0.24897289141027623,,
target6_porosity_phif-ae3e891e8e6ff18c0656,15/9-F-11 B,15/9-F-11,3694.9,0.2370000034570694,0.247865003056418,0.2370000034570694,0.247865003056418,,
target6_porosity_phif-b215173e03f2d4b1e390,15/9-F-11 B,15/9-F-11,3696.9,0.24300000071525574,0.2497914771876173,0.24300000071525574,0.2497914771876173,,
target6_porosity_phif-94476b87246dcc08bf60,15/9-F-11 B,15/9-F-11,3698.9,0.23999999463558197,0.2503324370930207,0.23999999463558197,0.2503324370930207,,
target6_porosity_phif-f4647c39092514edbf5e,15/9-F-11 B,15/9-F-11,3700.9,0.23499999940395355,0.24950098877224325,0.23499999940395355,0.24950098877224325,,
target6_porosity_phif-4789e5ba8627de936e3a,15/9-F-11 B,15/9-F-11,3702.9,0.2409999966621399,0.24891322598421173,0.2409999966621399,0.24891322598421173,,
target6_porosity_phif-4826f5d7e8e46edf7708,15/9-F-11 B,15/9-F-11,3704.9,0.23499999940395355,0.2477796281122555,0.23499999940395355,0.2477796281122555,,
target6_porosity_phif-76a2ed078f4dc60956d7,15/9-F-11 B,15/9-F-11,3706.9,0.23000000417232513,0.24399720434114577,0.23000000417232513,0.24399720434114577,,
target6_porosity_phif-654aa043a5a93bb6d0c0,15/9-F-11 B,15/9-F-11,3708.9,0.23399999737739563,0.2462353355333211,0.23399999737739563,0.2462353355333211,,
target6_porosity_phif-2b93e545a95fc9788c69,15/9-F-11 B,15/9-F-11,3710.9,0.2370000034570694,0.2482319052161378,0.2370000034570694,0.2482319052161378,,
target6_porosity_phif-e13a5f3eb329780376e0,15/9-F-11 B,15/9-F-11,3712.9,0.23100000619888306,0.24260228626685246,0.23100000619888306,0.24260228626685246,,
target6_porosity_phif-4c815f1d41457c84a27d,15/9-F-11 B,15/9-F-11,3714.9,0.22200000286102295,0.24010710171052346,0.22200000286102295,0.24010710171052346,,
target6_porosity_phif-914bae9565e122c9795a,15/9-F-11 B,15/9-F-11,3716.9,0.23800000548362732,0.24947140223210446,0.23800000548362732,0.24947140223210446,,
target6_porosity_phif-aedf4f341ac26154cf1c,15/9-F-11 B,15/9-F-11,3718.9,0.23600000143051147,0.24931068548854857,0.23600000143051147,0.24931068548854857,,
target6_porosity_phif-89bf217d75a10c27ee49,15/9-F-11 B,15/9-F-11,3720.9,0.22699999809265137,0.24453552561845965,0.22699999809265137,0.24453552561845965,,
target6_porosity_phif-99708bfe4a8637818d47,15/9-F-11 B,15/9-F-11,3722.9,0.22499999403953552,0.2384347505694017,0.22499999403953552,0.2384347505694017,,
target6_porosity_phif-ba021ceec0792d5f5797,15/9-F-11 B,15/9-F-11,3724.9,0.22699999809265137,0.23673374234387148,0.22699999809265137,0.23673374234387148,,
target6_porosity_phif-3bd7ee8ff0d951b276dc,15/9-F-11 B,15/9-F-11,3726.9,0.23800000548362732,0.24389133675386032,0.23800000548362732,0.24389133675386032,,
target6_porosity_phif-e1a9215229de6bb3cd7c,15/9-F-11 B,15/9-F-11,3728.9,0.23399999737739563,0.2432279611118071,0.23399999737739563,0.2432279611118071,,
target6_porosity_phif-09c74388ecef23050270,15/9-F-11 B,15/9-F-11,3730.9,0.2290000021457672,0.24127572980143763,0.2290000021457672,0.24127572980143763,,
target6_porosity_phif-be54d89911ad50269e66,15/9-F-11 B,15/9-F-11,3732.9,0.2280000001192093,0.23634776753190542,0.2280000001192093,0.23634776753190542,,
target6_porosity_phif-a316efabdcf4a0f61ba6,15/9-F-11 B,15/9-F-11,3734.9,0.23000000417232513,0.2383791167747785,0.23000000417232513,0.2383791167747785,,
target6_porosity_phif-39b54f4dcac9cb241ef1,15/9-F-11 B,15/9-F-11,3736.9,0.23100000619888306,0.23821779034379728,0.23100000619888306,0.23821779034379728,,
target6_porosity_phif-51170c39ede0eae7d214,15/9-F-11 B,15/9-F-11,3738.9,0.23000000417232513,0.2346125244493661,0.23000000417232513,0.2346125244493661,,
target6_porosity_phif-3ec7678f1c3890210f4c,15/9-F-11 B,15/9-F-11,3740.9,0.23000000417232513,0.23367731670902003,0.23000000417232513,0.23367731670902003,,
target6_porosity_phif-9853a376beb3af256769,15/9-F-11 B,15/9-F-11,3742.9,0.2290000021457672,0.2337764125691055,0.2290000021457672,0.2337764125691055,,
target6_porosity_phif-7b04434005a54a0bc8cf,15/9-F-11 B,15/9-F-11,3744.9,0.2329999953508377,0.23361663482316206,0.2329999953508377,0.23361663482316206,,
target6_porosity_phif-867e6bda5c4b1c13977b,15/9-F-11 B,15/9-F-11,3746.9,0.23499999940395355,0.236573814726968,0.23499999940395355,0.236573814726968,,
target6_porosity_phif-21933f2dc1bac5fcd1c2,15/9-F-11 B,15/9-F-11,3748.9,0.2280000001192093,0.23381453690209147,0.2280000001192093,0.23381453690209147,,
target6_porosity_phif-658c2e8087444178eee3,15/9-F-11 B,15/9-F-11,3750.9,0.23199999332427979,0.23575370394055917,0.23199999332427979,0.23575370394055917,,
target6_porosity_phif-4e6cc911361c072f7085,15/9-F-11 B,15/9-F-11,3752.9,0.2290000021457672,0.23767714552781155,0.2290000021457672,0.23767714552781155,,
target6_porosity_phif-6f242431544228b9eaee,15/9-F-11 B,15/9-F-11,3754.9,0.2370000034570694,0.23972068495655824,0.2370000034570694,0.23972068495655824,,
target6_porosity_phif-8ec14f1437a429411038,15/9-F-11 B,15/9-F-11,3756.9,0.23100000619888306,0.2332221376152416,0.23100000619888306,0.2332221376152416,,
target6_porosity_phif-444f33092aaf80d77531,15/9-F-11 B,15/9-F-11,3758.9,0.22499999403953552,0.2295123566759381,0.22499999403953552,0.2295123566759381,,
target6_porosity_phif-31e34899898f54f9201c,15/9-F-11 B,15/9-F-11,3760.9,0.23100000619888306,0.23061130037219701,0.23100000619888306,0.23061130037219701,,
target6_porosity_phif-79bc7d09fc9a7ca15b81,15/9-F-11 B,15/9-F-11,3762.9,0.23000000417232513,0.22994026920076407,0.23000000417232513,0.22994026920076407,,
target6_porosity_phif-89134d9ed235c9e728a2,15/9-F-11 B,15/9-F-11,3764.9,0.23199999332427979,0.23028448319195285,0.23199999332427979,0.23028448319195285,,
target6_porosity_phif-bc681c34977cea7e7bd3,15/9-F-11 B,15/9-F-11,3766.9,0.2290000021457672,0.23244923704550113,0.2290000021457672,0.23244923704550113,,
target6_porosity_phif-059a91931b2075a4720d,15/9-F-11 B,15/9-F-11,3768.9,0.24300000071525574,0.24144896035409383,0.24300000071525574,0.24144896035409383,,
target6_porosity_phif-fd1686c01dcea995ccc4,15/9-F-11 B,15/9-F-11,3770.9,0.23100000619888306,0.2361451909141829,0.23100000619888306,0.2361451909141829,,
target6_porosity_phif-68a3bf9e227186e1f357,15/9-F-11 B,15/9-F-11,3772.9,0.23499999940395355,0.23860727435054319,0.23499999940395355,0.23860727435054319,,
target6_porosity_phif-9c55c31fb0cca345fcb4,15/9-F-11 B,15/9-F-11,3774.9,0.2370000034570694,0.24006769674723175,0.2370000034570694,0.24006769674723175,,
target6_porosity_phif-4be88afd62c0e454af6a,15/9-F-11 B,15/9-F-11,3776.9,0.23600000143051147,0.23453352452941933,0.23600000143051147,0.23453352452941933,,
target6_porosity_phif-2c64e95950251452fecc,15/9-F-11 B,15/9-F-11,3778.9,0.23899999260902405,0.23713163318617722,0.23899999260902405,0.23713163318617722,,
target6_porosity_phif-3b2c434d364559e8ea76,15/9-F-11 B,15/9-F-11,3780.9,0.23600000143051147,0.23267718538798043,0.23600000143051147,0.23267718538798043,,
target6_porosity_phif-3be8b81c7e9539e46b88,15/9-F-11 B,15/9-F-11,3782.9,0.23100000619888306,0.23219254806082476,0.23100000619888306,0.23219254806082476,,
target6_porosity_phif-74dc0eebe254624a3674,15/9-F-11 B,15/9-F-11,3784.9,0.23999999463558197,0.2370865489799054,0.23999999463558197,0.2370865489799054,,
target6_porosity_phif-5c785d75863c60214079,15/9-F-11 B,15/9-F-11,3786.9,0.2370000034570694,0.2445950815427981,0.2370000034570694,0.2445950815427981,,
target6_porosity_phif-3b9d90e65016fe23640d,15/9-F-11 B,15/9-F-11,3788.9,0.24500000476837158,0.24462818394663605,0.24500000476837158,0.24462818394663605,,
target6_porosity_phif-d294bd58e858d4150465,15/9-F-11 B,15/9-F-11,3790.9,0.2290000021457672,0.22438760072055658,0.2290000021457672,0.22438760072055658,,
target6_porosity_phif-cba63a8df4efb8080499,15/9-F-11 B,15/9-F-11,3792.9,0.2370000034570694,0.22625245385875314,0.2370000034570694,0.22625245385875314,,
target6_porosity_phif-7c72d83ec487700e84ad,15/9-F-11 B,15/9-F-11,3794.9,0.23399999737739563,0.22771476295304977,0.23399999737739563,0.22771476295304977,,
target6_porosity_phif-be5a887de862ff9fb4e5,15/9-F-11 B,15/9-F-11,3796.9,0.23800000548362732,0.22900858750382708,0.23800000548362732,0.22900858750382708,,
target6_porosity_phif-b6c58a72529ed4b966c1,15/9-F-11 B,15/9-F-11,3798.9,0.2329999953508377,0.2244687357107738,0.2329999953508377,0.2244687357107738,,
target6_porosity_phif-21dcd9d7e51d874a120b,15/9-F-11 B,15/9-F-11,3800.9,0.2240000069141388,0.21997114617438873,0.2240000069141388,0.21997114617438873,,
target6_porosity_phif-ee1b531f1d52785cc426,15/9-F-11 B,15/9-F-11,3802.9,0.23100000619888306,0.220895943187003,0.23100000619888306,0.220895943187003,,
target6_porosity_phif-17a018084835395c3419,15/9-F-11 B,15/9-F-11,3804.9,0.23100000619888306,0.22261860799390526,0.23100000619888306,0.22261860799390526,,
target6_porosity_phif-717ad2d3d619228d6dcb,15/9-F-11 B,15/9-F-11,3806.9,0.23000000417232513,0.2192192446733014,0.23000000417232513,0.2192192446733014,,
target6_porosity_phif-10ef09dcf51ee01b1e9a,15/9-F-11 B,15/9-F-11,3808.9,0.20999999344348907,0.09097302873525363,0.20999999344348907,0.09097302873525363,,
target6_porosity_phif-adef1199a6ffc7cd86c4,15/9-F-11 B,15/9-F-11,3810.9,0.019999999552965164,-0.006577782145809952,0.019999999552965164,0.0,,
target6_porosity_phif-05ef9c1887301c5d1cf9,15/9-F-11 B,15/9-F-11,3812.9,0.0820000022649765,0.06431598763640521,0.0820000022649765,0.06431598763640521,,
target6_porosity_phif-10a6e06a63db8a7bb77a,15/9-F-11 B,15/9-F-11,3814.9,0.019999999552965164,0.030605277919700524,0.019999999552965164,0.030605277919700524,,
target6_porosity_phif-1ed969527317e9adbb40,15/9-F-11 B,15/9-F-11,3816.9,0.019999999552965164,-0.01202891787352095,0.019999999552965164,0.0,,
target6_porosity_phif-d3bd346d7f063993a512,15/9-F-11 B,15/9-F-11,3818.9,0.019999999552965164,-0.013362903345932653,0.019999999552965164,0.0,,
target6_porosity_phif-20bc5336cf6fb9149129,15/9-F-11 B,15/9-F-11,3820.9,0.019999999552965164,-0.0143817746735454,0.019999999552965164,0.0,,
target6_porosity_phif-1174b78b795484d7c5db,15/9-F-11 B,15/9-F-11,3822.9,0.019999999552965164,0.006220491027748437,0.019999999552965164,0.006220491027748437,,
target6_porosity_phif-877f0cdeec0e26e775c8,15/9-F-11 B,15/9-F-11,3824.9,0.019999999552965164,0.023247689865912857,0.019999999552965164,0.023247689865912857,,
target6_porosity_phif-035eacecf169dd05b091,15/9-F-11 B,15/9-F-11,3826.9,0.019999999552965164,0.02178068617728407,0.019999999552965164,0.02178068617728407,,
target6_porosity_phif-cb0e60e57dd8706097c1,15/9-F-11 B,15/9-F-11,3828.9,0.019999999552965164,-0.0008268094857964703,0.019999999552965164,0.0,,
target6_porosity_phif-dd773bef777357121644,15/9-F-11 B,15/9-F-11,3830.9,0.019999999552965164,-0.011868613288506025,0.019999999552965164,0.0,,
target6_porosity_phif-32b57dd47a12811a670c,15/9-F-11 B,15/9-F-11,3832.9,0.019999999552965164,-0.0011909770962173771,0.019999999552965164,0.0,,
target6_porosity_phif-e34f25427695ec09312d,15/9-F-11 B,15/9-F-11,3834.9,0.019999999552965164,-0.02801735885982748,0.019999999552965164,0.0,,
target6_porosity_phif-46b1337edd2970c55cec,15/9-F-11 B,15/9-F-11,3836.9,0.019999999552965164,-0.027420314022253145,0.019999999552965164,0.0,,
target6_porosity_phif-1cfbad12fe4d9a5ab6fb,15/9-F-11 B,15/9-F-11,3838.9,0.019999999552965164,0.003294972405624541,0.019999999552965164,0.003294972405624541,,
target6_porosity_phif-b7b6ad2947fcbcf44988,15/9-F-11 B,15/9-F-11,3840.9,0.019999999552965164,0.006199949961475271,0.019999999552965164,0.006199949961475271,,
target6_porosity_phif-f955401442b985b1f44e,15/9-F-11 B,15/9-F-11,3842.9,0.027000000700354576,0.036733081126797795,0.027000000700354576,0.036733081126797795,,
target6_porosity_phif-ad26bd54d647e42e6065,15/9-F-11 B,15/9-F-11,3844.9,0.019999999552965164,0.04766622278463459,0.019999999552965164,0.04766622278463459,,
target6_porosity_phif-c9277b4f01bc6a879a35,15/9-F-11 B,15/9-F-11,3846.9,0.019999999552965164,0.028346118529074205,0.019999999552965164,0.028346118529074205,,
target6_porosity_phif-1b81cd94f8b2775f3904,15/9-F-11 B,15/9-F-11,3848.9,0.019999999552965164,-0.02368716546875191,0.019999999552965164,0.0,,
target6_porosity_phif-b18a402858ba17f9c6f6,15/9-F-11 B,15/9-F-11,3850.9,0.019999999552965164,-0.03547051106333632,0.019999999552965164,0.0,,
target6_porosity_phif-a1fb7b869a5d3aa87bee,15/9-F-11 B,15/9-F-11,3852.9,0.019999999552965164,0.015291637618630866,0.019999999552965164,0.015291637618630866,,
target6_porosity_phif-ab18b30a963b5ccc1cf1,15/9-F-11 B,15/9-F-11,3854.9,0.027000000700354576,0.05230078091563975,0.027000000700354576,0.05230078091563975,,
target6_porosity_phif-0022c9247f1d34270c9c,15/9-F-11 B,15/9-F-11,3856.9,0.04399999976158142,0.0546374479126719,0.04399999976158142,0.0546374479126719,,
target6_porosity_phif-792b55fb1f0bf28bd15c,15/9-F-11 B,15/9-F-11,3858.9,0.09399999678134918,0.070861155163721,0.09399999678134918,0.070861155163721,,
target6_porosity_phif-2f2932f360ee33f9a2be,15/9-F-11 B,15/9-F-11,3860.9,0.07900000363588333,0.0779322219382628,0.07900000363588333,0.0779322219382628,,
target6_porosity_phif-944c77681c523274dec1,15/9-F-11 B,15/9-F-11,3862.9,0.12700000405311584,0.08870445350834778,0.12700000405311584,0.08870445350834778,,
target6_porosity_phif-23ca1262aea1226826e7,15/9-F-11 B,15/9-F-11,3864.9,0.07999999821186066,0.09944209589432854,0.07999999821186066,0.09944209589432854,,
target6_porosity_phif-6bc35981247221911725,15/9-F-11 B,15/9-F-11,3866.9,0.13099999725818634,0.11628744039622468,0.13099999725818634,0.11628744039622468,,
target6_porosity_phif-08ad39a21819e2926d0d,15/9-F-11 B,15/9-F-11,3868.9,0.1340000033378601,0.09955952542208898,0.1340000033378601,0.09955952542208898,,
target6_porosity_phif-96ee8844a586b1f1ea8d,15/9-F-11 B,15/9-F-11,3870.9,0.05900000035762787,0.06975255592742592,0.05900000035762787,0.06975255592742592,,
target6_porosity_phif-4b29f427094694cb7983,15/9-F-11 B,15/9-F-11,3872.9,0.05299999937415123,0.07349489996243573,0.05299999937415123,0.07349489996243573,,
target6_porosity_phif-f31cc437f297eaee8464,15/9-F-11 B,15/9-F-11,3874.9,0.06800000369548798,0.0782041776156909,0.06800000369548798,0.0782041776156909,,
target6_porosity_phif-c6d0b90d7223a6814a24,15/9-F-11 B,15/9-F-11,3876.9,0.05999999865889549,0.06837180310925418,0.05999999865889549,0.06837180310925418,,
target6_porosity_phif-3790de46718fd53fbc4b,15/9-F-11 B,15/9-F-11,3878.9,0.028999999165534973,0.055598243532731725,0.028999999165534973,0.055598243532731725,,
target6_porosity_phif-dd46eb8d5c948a91ad7c,15/9-F-11 B,15/9-F-11,3880.9,0.032999999821186066,0.04473147088362911,0.032999999821186066,0.04473147088362911,,
target6_porosity_phif-0aac85b6ee98f392e217,15/9-F-11 B,15/9-F-11,3882.9,0.061000000685453415,0.052692369498898536,0.061000000685453415,0.052692369498898536,,
target6_porosity_phif-0b3115e93209fd7a13e7,15/9-F-11 B,15/9-F-11,3884.9,0.09799999743700027,0.08854150960262512,0.09799999743700027,0.08854150960262512,,
target6_porosity_phif-3a64e7047356757c7022,15/9-F-11 B,15/9-F-11,3886.9,0.10899999737739563,0.08786422245356655,0.10899999737739563,0.08786422245356655,,
target6_porosity_phif-30987ab33ecf9f933d93,15/9-F-11 B,15/9-F-11,3888.9,0.07000000029802322,0.06949564210850522,0.07000000029802322,0.06949564210850522,,
target6_porosity_phif-0d6439e1908c55c33c50,15/9-F-11 B,15/9-F-11,3890.9,0.04500000178813934,0.048411324232374126,0.04500000178813934,0.048411324232374126,,
target6_porosity_phif-54eabc8944e3afac6ef8,15/9-F-11 B,15/9-F-11,3892.9,0.019999999552965164,0.03799418584675612,0.019999999552965164,0.03799418584675612,,
target6_porosity_phif-ebd6de9f98971ceeb945,15/9-F-11 B,15/9-F-11,3894.9,0.0949999988079071,0.08075569429952405,0.0949999988079071,0.08075569429952405,,
target6_porosity_phif-4adb9531f24d1215df2a,15/9-F-11 B,15/9-F-11,3896.9,0.15199999511241913,0.12405735490176048,0.15199999511241913,0.12405735490176048,,
target6_porosity_phif-97571985de205bae3783,15/9-F-11 B,15/9-F-11,3898.9,0.16599999368190765,0.14722985394529314,0.16599999368190765,0.14722985394529314,,
target6_porosity_phif-8c3e71f6b72e880510ad,15/9-F-11 B,15/9-F-11,3900.9,0.20600000023841858,0.19389942604609625,0.20600000023841858,0.19389942604609625,,
target6_porosity_phif-5fde354f9852b3ef3d97,15/9-F-11 B,15/9-F-11,3902.9,0.21899999678134918,0.20604948038905743,0.21899999678134918,0.20604948038905743,,
target6_porosity_phif-da525d07e00591ceef6f,15/9-F-11 B,15/9-F-11,3904.9,0.20900000631809235,0.2013871030437587,0.20900000631809235,0.2013871030437587,,
target6_porosity_phif-2d2e777b0015d07383e6,15/9-F-11 B,15/9-F-11,3906.9,0.21699999272823334,0.21103761621365627,0.21699999272823334,0.21103761621365627,,
target6_porosity_phif-10551f7e6772d78c6e8e,15/9-F-11 B,15/9-F-11,3908.9,0.2199999988079071,0.2183585421694373,0.2199999988079071,0.2183585421694373,,
target6_porosity_phif-171c5977be3812666828,15/9-F-11 B,15/9-F-11,3910.9,0.2290000021457672,0.22764920512746975,0.2290000021457672,0.22764920512746975,,
target6_porosity_phif-ec0537a7fdb142785f8b,15/9-F-11 B,15/9-F-11,3912.9,0.23499999940395355,0.23112608884450817,0.23499999940395355,0.23112608884450817,,
target6_porosity_phif-fae2ae4cb393bcf2f36d,15/9-F-11 B,15/9-F-11,3914.9,0.23199999332427979,0.23185261297356705,0.23199999332427979,0.23185261297356705,,
target6_porosity_phif-43f30b664d48142eafce,15/9-F-11 B,15/9-F-11,3916.9,0.23899999260902405,0.237858691302419,0.23899999260902405,0.237858691302419,,
target6_porosity_phif-61c08f48c60abae5b286,15/9-F-11 B,15/9-F-11,3918.9,0.2290000021457672,0.23817537290573465,0.2290000021457672,0.23817537290573465,,
target6_porosity_phif-613e6669ceda60808ef0,15/9-F-11 B,15/9-F-11,3920.9,0.2280000001192093,0.2365393763397717,0.2280000001192093,0.2365393763397717,,
target6_porosity_phif-e02ebd78500963d3abb3,15/9-F-11 B,15/9-F-11,3922.9,0.24300000071525574,0.24304615902171176,0.24300000071525574,0.24304615902171176,,
target6_porosity_phif-5d2f63fb3f2b14342a40,15/9-F-11 B,15/9-F-11,3924.9,0.23800000548362732,0.24274368676422858,0.23800000548362732,0.24274368676422858,,
target6_porosity_phif-3f4feca8d31a21727ec9,15/9-F-11 B,15/9-F-11,3926.9,0.22599999606609344,0.23898706597307293,0.22599999606609344,0.23898706597307293,,
target6_porosity_phif-498a8ab18af98fba5008,15/9-F-11 B,15/9-F-11,3928.9,0.2370000034570694,0.24180578910058342,0.2370000034570694,0.24180578910058342,,
target6_porosity_phif-cdd40de8d1f74080eb34,15/9-F-11 B,15/9-F-11,3930.9,0.23600000143051147,0.2293913619941143,0.23600000143051147,0.2293913619941143,,
target6_porosity_phif-2f35884f40248bf95850,15/9-F-11 B,15/9-F-11,3932.9,0.23399999737739563,0.19835066702548482,0.23399999737739563,0.19835066702548482,,
target6_porosity_phif-841cd0b010eff04d56ff,15/9-F-11 B,15/9-F-11,3934.9,0.10499999672174454,0.12505162101799056,0.10499999672174454,0.12505162101799056,,
target6_porosity_phif-f38ca5ca83060dd4d4ba,15/9-F-11 B,15/9-F-11,3936.9,0.10499999672174454,0.1089658480486676,0.10499999672174454,0.1089658480486676,,
target6_porosity_phif-99faf90d62587433bd78,15/9-F-11 B,15/9-F-11,3938.9,0.17800000309944153,0.14321273443652055,0.17800000309944153,0.14321273443652055,,
target6_porosity_phif-ff69df6f33f30ec04c2b,15/9-F-11 B,15/9-F-11,3940.9,0.1509999930858612,0.13228190107698812,0.1509999930858612,0.13228190107698812,,
target6_porosity_phif-d943e6e980fb97d9e7dd,15/9-F-11 B,15/9-F-11,3942.9,0.11299999803304672,0.09660958751671272,0.11299999803304672,0.09660958751671272,,
target6_porosity_phif-5768e6c12eff249d6dd0,15/9-F-11 B,15/9-F-11,3944.9,0.07199999690055847,0.08597102756701125,0.07199999690055847,0.08597102756701125,,
target6_porosity_phif-31326fade9b3f52d51c3,15/9-F-11 B,15/9-F-11,3946.9,0.04500000178813934,0.06567572913220902,0.04500000178813934,0.06567572913220902,,
target6_porosity_phif-741d118a68700a83aff7,15/9-F-11 B,15/9-F-11,3948.9,0.03999999910593033,0.06613863330896556,0.03999999910593033,0.06613863330896556,,
target6_porosity_phif-d6ed14e8e42a7743ab0a,15/9-F-11 B,15/9-F-11,3950.9,0.02199999988079071,0.09853934951298182,0.02199999988079071,0.09853934951298182,,
target6_porosity_phif-7febcbe2551105ed97ad,15/9-F-11 B,15/9-F-11,3952.9,0.23000000417232513,0.19931834385540664,0.23000000417232513,0.19931834385540664,,
target6_porosity_phif-9f7156b9fbfd95485421,15/9-F-11 B,15/9-F-11,3954.9,0.2280000001192093,0.22601622108788097,0.2280000001192093,0.22601622108788097,,
target6_porosity_phif-cc41db12e8a01696525f,15/9-F-11 B,15/9-F-11,3956.9,0.2240000069141388,0.22905515458903175,0.2240000069141388,0.22905515458903175,,
target6_porosity_phif-19835378b3eb808027d4,15/9-F-11 B,15/9-F-11,3958.9,0.2199999988079071,0.22546249902568083,0.2199999988079071,0.22546249902568083,,
target6_porosity_phif-621efe812c40b8dc1ba3,15/9-F-11 B,15/9-F-11,3960.9,0.22499999403953552,0.22799321043132814,0.22499999403953552,0.22799321043132814,,
target6_porosity_phif-ef1d4e8f5dd88a6507e1,15/9-F-11 B,15/9-F-11,3962.9,0.23100000619888306,0.23314868886104015,0.23100000619888306,0.23314868886104015,,
target6_porosity_phif-bcb4f1ac91b629fb95d4,15/9-F-11 B,15/9-F-11,3964.9,0.22599999606609344,0.23130277027454954,0.22599999606609344,0.23130277027454954,,
target6_porosity_phif-760c04dd18d7b624fef6,15/9-F-11 B,15/9-F-11,3966.9,0.2329999953508377,0.22823833933264148,0.2329999953508377,0.22823833933264148,,
target6_porosity_phif-d284699fc20ddb9fff8a,15/9-F-11 B,15/9-F-11,3968.9,0.2280000001192093,0.22970768287667948,0.2280000001192093,0.22970768287667948,,
target6_porosity_phif-b73a1632b0e89c3da5d1,15/9-F-11 B,15/9-F-11,3970.9,0.22499999403953552,0.22595480951622668,0.22499999403953552,0.22595480951622668,,
target6_porosity_phif-69f6a238ece0e3a27f28,15/9-F-11 B,15/9-F-11,3972.9,0.2150000035762787,0.21771234911362194,0.2150000035762787,0.21771234911362194,,
target6_porosity_phif-ccb320c24ddcdd281735,15/9-F-11 B,15/9-F-11,3974.9,0.2160000056028366,0.2183445841766639,0.2160000056028366,0.2183445841766639,,
target6_porosity_phif-827e835eac1a0aaf3538,15/9-F-11 B,15/9-F-11,3976.9,0.22300000488758087,0.2129593019712615,0.22300000488758087,0.2129593019712615,,
target6_porosity_phif-7e50ef12211de9708950,15/9-F-11 B,15/9-F-11,3978.9,0.15399999916553497,0.15527036872071276,0.15399999916553497,0.15527036872071276,,
target6_porosity_phif-6642dfca9db7cb1fcc98,15/9-F-11 B,15/9-F-11,3980.9,0.12300000339746475,0.12454655750876148,0.12300000339746475,0.12454655750876148,,
target6_porosity_phif-0a012d90ec215e620fe3,15/9-F-11 B,15/9-F-11,3982.9,0.15700000524520874,0.14529614781756509,0.15700000524520874,0.14529614781756509,,
target6_porosity_phif-28ff4459f123b2109aa3,15/9-F-11 B,15/9-F-11,3984.9,0.1599999964237213,0.1481786526195954,0.1599999964237213,0.1481786526195954,,
target6_porosity_phif-2cb7ac724a46d832d40b,15/9-F-11 B,15/9-F-11,3986.9,0.16599999368190765,0.1605218533504298,0.16599999368190765,0.1605218533504298,,
target6_porosity_phif-eb705ab8250f9b8b6eb4,15/9-F-11 B,15/9-F-11,3988.9,0.18199999630451202,0.16880395020399097,0.18199999630451202,0.16880395020399097,,
target6_porosity_phif-8b637c2668a639d01d5d,15/9-F-11 B,15/9-F-11,3990.9,0.19300000369548798,0.19022718169489927,0.19300000369548798,0.19022718169489927,,
target6_porosity_phif-7b053300200756bd92c4,15/9-F-11 B,15/9-F-11,3992.9,0.23800000548362732,0.22183229167247848,0.23800000548362732,0.22183229167247848,,
target6_porosity_phif-bb1a85ab98db668a1aa1,15/9-F-11 B,15/9-F-11,3994.9,0.22100000083446503,0.2271656436444225,0.22100000083446503,0.2271656436444225,,
target6_porosity_phif-08eae4b31c5b32ae3397,15/9-F-11 B,15/9-F-11,3996.9,0.25999999046325684,0.25496498827825975,0.25999999046325684,0.25496498827825975,,
target6_porosity_phif-4d1ff1d37f6d5bf96268,15/9-F-11 B,15/9-F-11,3998.9,0.25999999046325684,0.25415353483389236,0.25999999046325684,0.25415353483389236,,
target6_porosity_phif-8a0a2718cad36eea75e4,15/9-F-11 B,15/9-F-11,4000.9,0.2160000056028366,0.22161065048599202,0.2160000056028366,0.22161065048599202,,
target6_porosity_phif-61ddf4600c6e37b95b8c,15/9-F-11 B,15/9-F-11,4002.9,0.257999986410141,0.24584056472734356,0.257999986410141,0.24584056472734356,,
target6_porosity_phif-f2df321742fbcc2aa6bc,15/9-F-11 B,15/9-F-11,4004.9,0.22699999809265137,0.1934906380189478,0.22699999809265137,0.1934906380189478,,
target6_porosity_phif-ee0a6325232ec99e1bc6,15/9-F-11 B,15/9-F-11,4006.9,0.03700000047683716,0.10320762249069916,0.03700000047683716,0.10320762249069916,,
target6_porosity_phif-54d0041a6db746d270b8,15/9-F-11 B,15/9-F-11,4008.9,0.14300000667572021,0.099423129536025,0.14300000667572021,0.099423129536025,,
target6_porosity_phif-e7667545c78317fa4696,15/9-F-11 B,15/9-F-11,4010.9,0.1550000011920929,0.12303057379750149,0.1550000011920929,0.12303057379750149,,
target6_porosity_phif-c7958fde4df5b1ca55e6,15/9-F-11 B,15/9-F-11,4012.9,0.15600000321865082,0.1388122092552909,0.15600000321865082,0.1388122092552909,,
target6_porosity_phif-16711e012d1bf2c9ec76,15/9-F-11 B,15/9-F-11,4014.9,0.13300000131130219,0.12909530544939624,0.13300000131130219,0.12909530544939624,,
target6_porosity_phif-dd76476f14c92d073020,15/9-F-11 B,15/9-F-11,4016.9,0.15399999916553497,0.13671001786271242,0.15399999916553497,0.13671001786271242,,
target6_porosity_phif-d7621cb9323230876bcb,15/9-F-11 B,15/9-F-11,4018.9,0.1889999955892563,0.16754014442483456,0.1889999955892563,0.16754014442483456,,
target6_porosity_phif-6879c86f640df5a00331,15/9-F-11 B,15/9-F-11,4020.9,0.19300000369548798,0.19278066791570284,0.19300000369548798,0.19278066791570284,,
target6_porosity_phif-5d1eeafb9888d5cf89da,15/9-F-11 B,15/9-F-11,4022.9,0.23999999463558197,0.22572196715127635,0.23999999463558197,0.22572196715127635,,
target6_porosity_phif-9bfd27e235b1c0a136eb,15/9-F-11 B,15/9-F-11,4024.9,0.2529999911785126,0.23107057329202832,0.2529999911785126,0.23107057329202832,,
target6_porosity_phif-abe3f9f83e9222a448e3,15/9-F-11 B,15/9-F-11,4026.9,0.2160000056028366,0.1755325914944424,0.2160000056028366,0.1755325914944424,,
target6_porosity_phif-6670edf56d52c1e48324,15/9-F-11 B,15/9-F-11,4028.9,0.10100000351667404,0.14556491156012066,0.10100000351667404,0.14556491156012066,,
target6_porosity_phif-387364be29e8d5f18474,15/9-F-11 B,15/9-F-11,4030.9,0.23999999463558197,0.2073226897147486,0.23999999463558197,0.2073226897147486,,
target6_porosity_phif-9262e3aa46e5f73cbc61,15/9-F-11 B,15/9-F-11,4032.9,0.23499999940395355,0.23992140452859306,0.23499999940395355,0.23992140452859306,,
target6_porosity_phif-de9f2548d64f770bf628,15/9-F-11 B,15/9-F-11,4034.9,0.26499998569488525,0.2567117101624108,0.26499998569488525,0.2567117101624108,,
target6_porosity_phif-02b3ba5a232933df069d,15/9-F-11 B,15/9-F-11,4036.9,0.2709999978542328,0.2666691473024287,0.2709999978542328,0.2666691473024287,,
target6_porosity_phif-03c86cc95e948c71ce7b,15/9-F-11 B,15/9-F-11,4038.9,0.2750000059604645,0.271134796233363,0.2750000059604645,0.271134796233363,,
target6_porosity_phif-0aede2cc436777a4d1e5,15/9-F-11 B,15/9-F-11,4040.9,0.26899999380111694,0.235001462933905,0.26899999380111694,0.235001462933905,,
target6_porosity_phif-a27a684eefc64162a85f,15/9-F-11 B,15/9-F-11,4042.9,0.11800000071525574,0.16545992963977912,0.11800000071525574,0.16545992963977912,,
target6_porosity_phif-37800065ce85c1332a1b,15/9-F-11 B,15/9-F-11,4044.9,0.22300000488758087,0.18173284040602342,0.22300000488758087,0.18173284040602342,,
target6_porosity_phif-87801c6edf3c3a8d2e97,15/9-F-11 B,15/9-F-11,4046.9,0.23100000619888306,0.2175520252455127,0.23100000619888306,0.2175520252455127,,
target6_porosity_phif-648fd5a434003f7ba974,15/9-F-11 B,15/9-F-11,4048.9,0.23499999940395355,0.208732941809736,0.23499999940395355,0.208732941809736,,
target6_porosity_phif-b89d7f1621ce1bd2bb9f,15/9-F-11 B,15/9-F-11,4050.9,0.2070000022649765,0.1754238891794056,0.2070000022649765,0.1754238891794056,,
target6_porosity_phif-a8149991023d9b7d4093,15/9-F-11 B,15/9-F-11,4052.9,0.2329999953508377,0.1847298223656706,0.2329999953508377,0.1847298223656706,,
target6_porosity_phif-95af9994a29fec37a278,15/9-F-11 B,15/9-F-11,4054.9,0.2409999966621399,0.22263942151263594,0.2409999966621399,0.22263942151263594,,
target6_porosity_phif-300279c991f6eac74f30,15/9-F-11 B,15/9-F-11,4056.9,0.23000000417232513,0.17814095547636657,0.23000000417232513,0.17814095547636657,,
target6_porosity_phif-fad31b39c0373b5e130b,15/9-F-11 B,15/9-F-11,4058.9,0.1509999930858612,0.14491993857172614,0.1509999930858612,0.14491993857172614,,
target6_porosity_phif-d73a85b6f2eb60805882,15/9-F-11 B,15/9-F-11,4060.9,0.0689999982714653,0.07847658664059914,0.0689999982714653,0.07847658664059914,,
target6_porosity_phif-3067987c3d997d2b87ac,15/9-F-11 B,15/9-F-11,4062.9,0.07800000160932541,0.10233524267170938,0.07800000160932541,0.10233524267170938,,
target6_porosity_phif-a02adb63de4fea3db6b0,15/9-F-11 B,15/9-F-11,4064.9,0.19499999284744263,0.191179048991754,0.19499999284744263,0.191179048991754,,
target6_porosity_phif-36f52cd4de54266edff8,15/9-F-11 B,15/9-F-11,4066.9,0.24500000476837158,0.2255897522475515,0.24500000476837158,0.2255897522475515,,
target6_porosity_phif-06d696a864763bb26ba9,15/9-F-11 B,15/9-F-11,4068.9,0.25699999928474426,0.24992651497899668,0.25699999928474426,0.24992651497899668,,
target6_porosity_phif-77c847ea84d3a70f1c1c,15/9-F-11 B,15/9-F-11,4070.9,0.25699999928474426,0.25500515604362123,0.25699999928474426,0.25500515604362123,,
target6_porosity_phif-6280624de7f6b40fc7b2,15/9-F-11 B,15/9-F-11,4072.9,0.25999999046325684,0.2551704976139574,0.25999999046325684,0.2551704976139574,,
target6_porosity_phif-0ede668fd6af1b40b6cc,15/9-F-11 B,15/9-F-11,4074.9,0.25699999928474426,0.24299598103833597,0.25699999928474426,0.24299598103833597,,
target6_porosity_phif-492fdc803a43271fa580,15/9-F-11 B,15/9-F-11,4076.9,0.1379999965429306,0.16365184345477277,0.1379999965429306,0.16365184345477277,,
target6_porosity_phif-3c193c48cfa0bde2ffa8,15/9-F-11 B,15/9-F-11,4078.9,0.12600000202655792,0.12614068033552156,0.12600000202655792,0.12614068033552156,,
target6_porosity_phif-f37f5015218bb2035702,15/9-F-11 B,15/9-F-11,4080.9,0.12099999934434891,0.11253279613452305,0.12099999934434891,0.11253279613452305,,
target6_porosity_phif-43af190fdfac72f667b2,15/9-F-11 B,15/9-F-11,4082.9,0.10899999737739563,0.09304585370186715,0.10899999737739563,0.09304585370186715,,
target6_porosity_phif-846d8178140deb523730,15/9-F-11 B,15/9-F-11,4084.9,0.11100000143051147,0.11256310171704902,0.11100000143051147,0.11256310171704902,,
target6_porosity_phif-dbfc4266ecbc874f6420,15/9-F-11 B,15/9-F-11,4086.9,0.09200000017881393,0.11250483299868608,0.09200000017881393,0.11250483299868608,,
target6_porosity_phif-f7612e369950ef793dea,15/9-F-11 B,15/9-F-11,4088.9,0.19099999964237213,0.1716318960005024,0.19099999964237213,0.1716318960005024,,
target6_porosity_phif-0b0bcec4ca34ad82055c,15/9-F-11 B,15/9-F-11,4090.9,0.23999999463558197,0.2406115369557367,0.23999999463558197,0.2406115369557367,,
target6_porosity_phif-0a28529759d56162e55a,15/9-F-11 B,15/9-F-11,4092.9,0.18700000643730164,0.16953556850508994,0.18700000643730164,0.16953556850508994,,
target6_porosity_phif-a97c842f132db7e7ecc9,15/9-F-11 B,15/9-F-11,4094.9,0.1979999989271164,0.15341961878793442,0.1979999989271164,0.15341961878793442,,
target6_porosity_phif-67c9288cb798d999e6d8,15/9-F-11 B,15/9-F-11,4096.9,0.13500000536441803,0.1347748391011856,0.13500000536441803,0.1347748391011856,,
target6_porosity_phif-36640df4c0edea5ce102,15/9-F-11 B,15/9-F-11,4098.9,0.09099999815225601,0.1072403765589396,0.09099999815225601,0.1072403765589396,,
target6_porosity_phif-fce38da9a9ed53dbf48d,15/9-F-11 B,15/9-F-11,4100.9,0.11999999731779099,0.11847782606936948,0.11999999731779099,0.11847782606936948,,
target6_porosity_phif-b9099897aa939be3d58c,15/9-F-11 B,15/9-F-11,4102.9,0.14399999380111694,0.11402775764059878,0.14399999380111694,0.11402775764059878,,
target6_porosity_phif-f54ee3e0c48d053ab26c,15/9-F-11 B,15/9-F-11,4104.9,0.03999999910593033,0.07789731821179215,0.03999999910593033,0.07789731821179215,,
target6_porosity_phif-e75d8b1fb2c03c30f29e,15/9-F-11 B,15/9-F-11,4106.9,0.03700000047683716,0.07837823043780263,0.03700000047683716,0.07837823043780263,,
target6_porosity_phif-5631bd3f6d509d78bca1,15/9-F-11 B,15/9-F-11,4108.9,0.14800000190734863,0.14057739549339668,0.14800000190734863,0.14057739549339668,,
target6_porosity_phif-a7326c0ab714cbc76433,15/9-F-11 B,15/9-F-11,4110.9,0.23399999737739563,0.22794519998183313,0.23399999737739563,0.22794519998183313,,
target6_porosity_phif-6a6c1386556877363fc7,15/9-F-11 B,15/9-F-11,4112.9,0.2160000056028366,0.2137500943716281,0.2160000056028366,0.2137500943716281,,
target6_porosity_phif-5b40db6bf5e0bfd41714,15/9-F-11 B,15/9-F-11,4114.9,0.19499999284744263,0.1953950626664976,0.19499999284744263,0.1953950626664976,,
target6_porosity_phif-30dee5df1665f7b6a907,15/9-F-11 B,15/9-F-11,4116.9,0.2160000056028366,0.19842222346002492,0.2160000056028366,0.19842222346002492,,
target6_porosity_phif-a67577de791fb9533c81,15/9-F-11 B,15/9-F-11,4118.9,0.21299999952316284,0.20763546728669818,0.21299999952316284,0.20763546728669818,,
target6_porosity_phif-aa239f3e1785fbd08ea9,15/9-F-11 B,15/9-F-11,4120.9,0.22300000488758087,0.2137510526981186,0.22300000488758087,0.2137510526981186,,
target6_porosity_phif-8df5493f7b1a62cc8217,15/9-F-11 B,15/9-F-11,4122.9,0.17100000381469727,0.17837486845644066,0.17100000381469727,0.17837486845644066,,
target6_porosity_phif-a43faccb51802c57f147,15/9-F-11 B,15/9-F-11,4124.9,0.2160000056028366,0.1896775391311797,0.2160000056028366,0.1896775391311797,,
target6_porosity_phif-df75016f64b7d260ae2c,15/9-F-11 B,15/9-F-11,4126.9,0.22300000488758087,0.21518121572552706,0.22300000488758087,0.21518121572552706,,
target6_porosity_phif-838c57ce4441c2f21c5c,15/9-F-11 B,15/9-F-11,4128.9,0.19499999284744263,0.1913438010218561,0.19499999284744263,0.1913438010218561,,
target6_porosity_phif-fdf5933d8d9de7aeb2c5,15/9-F-11 B,15/9-F-11,4130.9,0.20900000631809235,0.1916142441789122,0.20900000631809235,0.1916142441789122,,
target6_porosity_phif-97b602b570e52b621f7f,15/9-F-11 B,15/9-F-11,4132.9,0.21799999475479126,0.21374113416880283,0.21799999475479126,0.21374113416880283,,
target6_porosity_phif-30a981bb646a08bd6514,15/9-F-11 B,15/9-F-11,4134.9,0.2199999988079071,0.21856078130553105,0.2199999988079071,0.21856078130553105,,
target6_porosity_phif-fd70bf5e6fb19fdb4016,15/9-F-11 B,15/9-F-11,4136.9,0.22100000083446503,0.21563056163675015,0.22100000083446503,0.21563056163675015,,
target6_porosity_phif-b2ae28b7b9b14016fe0f,15/9-F-11 B,15/9-F-11,4138.9,0.22100000083446503,0.21549291361832615,0.22100000083446503,0.21549291361832615,,
target6_porosity_phif-dab5ce3e46b3f98cd436,15/9-F-11 B,15/9-F-11,4140.9,0.22300000488758087,0.21433678811504978,0.22300000488758087,0.21433678811504978,,
target6_porosity_phif-8eb1096874bb6d12d589,15/9-F-11 B,15/9-F-11,4142.9,0.20900000631809235,0.19374643779151826,0.20900000631809235,0.19374643779151826,,
target6_porosity_phif-7da102259be6c9bb956c,15/9-F-11 B,15/9-F-11,4144.9,0.1720000058412552,0.16442182616307055,0.1720000058412552,0.16442182616307055,,
target6_porosity_phif-b43c8f69a65c36993540,15/9-F-11 B,15/9-F-11,4146.9,0.20100000500679016,0.182577764253512,0.20100000500679016,0.182577764253512,,
target6_porosity_phif-c9998b228fe6a133f012,15/9-F-11 B,15/9-F-11,4148.9,0.21299999952316284,0.20648311621458645,0.21299999952316284,0.20648311621458645,,
target6_porosity_phif-28298c044b50e69b721a,15/9-F-11 B,15/9-F-11,4150.9,0.22599999606609344,0.2113362477225217,0.22599999606609344,0.2113362477225217,,
target6_porosity_phif-bcdf1b5d0182cb87cbda,15/9-F-11 B,15/9-F-11,4152.9,0.20800000429153442,0.20686330556871646,0.20800000429153442,0.20686330556871646,,
target6_porosity_phif-0946ea0530f90d50c305,15/9-F-11 B,15/9-F-11,4154.9,0.20499999821186066,0.19925147848592933,0.20499999821186066,0.19925147848592933,,
target6_porosity_phif-fe45b4c9c571ee49f935,15/9-F-11 B,15/9-F-11,4156.9,0.20999999344348907,0.20406831195229444,0.20999999344348907,0.20406831195229444,,
target6_porosity_phif-63f168f409cafcbd5a30,15/9-F-11 B,15/9-F-11,4158.9,0.21299999952316284,0.21127633215347083,0.21299999952316284,0.21127633215347083,,
target6_porosity_phif-1db03c20713bcd4a6775,15/9-F-11 B,15/9-F-11,4160.9,0.20999999344348907,0.20565374633497857,0.20999999344348907,0.20565374633497857,,
target6_porosity_phif-4e6d6a2f732ac3d2335f,15/9-F-11 B,15/9-F-11,4162.9,0.20800000429153442,0.20263917445149282,0.20800000429153442,0.20263917445149282,,
target6_porosity_phif-b29491ccf5cf5b4cfc57,15/9-F-11 B,15/9-F-11,4164.9,0.21400000154972076,0.20538341494742687,0.21400000154972076,0.20538341494742687,,
target6_porosity_phif-83172746b630ed140855,15/9-F-11 B,15/9-F-11,4166.9,0.22599999606609344,0.21273799702379897,0.22599999606609344,0.21273799702379897,,
target6_porosity_phif-3059aa5fdccdb9e5b096,15/9-F-11 B,15/9-F-11,4168.9,0.21299999952316284,0.20703323713295912,0.21299999952316284,0.20703323713295912,,
target6_porosity_phif-e47f23b25047153faf0a,15/9-F-11 B,15/9-F-11,4170.9,0.20100000500679016,0.1926132198025205,0.20100000500679016,0.1926132198025205,,
target6_porosity_phif-ed19638a70683bfbc9f5,15/9-F-11 B,15/9-F-11,4172.9,0.2029999941587448,0.19707459115306855,0.2029999941587448,0.19707459115306855,,
target6_porosity_phif-27fabb6557582951fd17,15/9-F-11 B,15/9-F-11,4174.9,0.20800000429153442,0.20185444249882398,0.20800000429153442,0.20185444249882398,,
target6_porosity_phif-49d7fe9049e6bb47218d,15/9-F-11 B,15/9-F-11,4176.9,0.20900000631809235,0.2001934867663583,0.20900000631809235,0.2001934867663583,,
target6_porosity_phif-f9f9149cd83d3ee05287,15/9-F-11 B,15/9-F-11,4178.9,0.20999999344348907,0.20290324210392435,0.20999999344348907,0.20290324210392435,,
target6_porosity_phif-eec0ea22aca6836a950b,15/9-F-11 B,15/9-F-11,4180.9,0.22300000488758087,0.20529788618952116,0.22300000488758087,0.20529788618952116,,
target6_porosity_phif-c9f6ce9202d6a4bd8422,15/9-F-11 B,15/9-F-11,4182.9,0.21299999952316284,0.20216423758521013,0.21299999952316284,0.20216423758521013,,
target6_porosity_phif-274745e39b12bda096d4,15/9-F-11 B,15/9-F-11,4184.9,0.22499999403953552,0.21022653362870514,0.22499999403953552,0.21022653362870514,,
target6_porosity_phif-5259acf77d05086b7302,15/9-F-11 B,15/9-F-11,4186.9,0.1940000057220459,0.20428069107562472,0.1940000057220459,0.20428069107562472,,
target6_porosity_phif-316e71f75be6a5ec6aa7,15/9-F-11 B,15/9-F-11,4188.9,0.26600000262260437,0.2465224148168738,0.26600000262260437,0.2465224148168738,,
target6_porosity_phif-2a4a9235107d3ca81b91,15/9-F-11 B,15/9-F-11,4190.9,0.25999999046325684,0.25728904868571595,0.25999999046325684,0.25728904868571595,,
target6_porosity_phif-71a84a67a63e19253def,15/9-F-11 B,15/9-F-11,4192.9,0.2630000114440918,0.25836326756334327,0.2630000114440918,0.25836326756334327,,
target6_porosity_phif-b02f27d566d9dff6306d,15/9-F-11 B,15/9-F-11,4194.9,0.25600001215934753,0.25519806183967597,0.25600001215934753,0.25519806183967597,,
target6_porosity_phif-e09bfe6f86f867536ad0,15/9-F-11 B,15/9-F-11,4196.9,0.2680000066757202,0.2590471650780756,0.2680000066757202,0.2590471650780756,,
target6_porosity_phif-d37af3f61b700c75ecfa,15/9-F-11 B,15/9-F-11,4198.9,0.26899999380111694,0.2614602329833213,0.26899999380111694,0.2614602329833213,,
target6_porosity_phif-9a4e5f3a3e80c6fb803a,15/9-F-11 B,15/9-F-11,4200.9,0.26499998569488525,0.25954109659539065,0.26499998569488525,0.25954109659539065,,
target6_porosity_phif-14c8e08d7907fda9f8ca,15/9-F-11 B,15/9-F-11,4202.9,0.26499998569488525,0.25664652611630356,0.26499998569488525,0.25664652611630356,,
target6_porosity_phif-65ddc70ed0eb604d03e6,15/9-F-11 B,15/9-F-11,4204.9,0.25600001215934753,0.24410253111583502,0.25600001215934753,0.24410253111583502,,
target6_porosity_phif-368f91d52148097ba97d,15/9-F-11 B,15/9-F-11,4206.9,0.25600001215934753,0.24134755260534196,0.25600001215934753,0.24134755260534196,,
target6_porosity_phif-1763bd512b65ae48a41c,15/9-F-11 B,15/9-F-11,4208.9,0.24799999594688416,0.23499907123673694,0.24799999594688416,0.23499907123673694,,
target6_porosity_phif-487ea5bc7930958c113e,15/9-F-11 B,15/9-F-11,4210.9,0.24899999797344208,0.22860607426009266,0.24899999797344208,0.22860607426009266,,
target6_porosity_phif-3e53ab87ea985b7c4eb0,15/9-F-11 B,15/9-F-11,4212.9,0.25,0.23232319954571246,0.25,0.23232319954571246,,
target6_porosity_phif-61b30edb5bdedeb4bf16,15/9-F-11 B,15/9-F-11,4214.9,0.25200000405311584,0.2371077791668658,0.25200000405311584,0.2371077791668658,,
target6_porosity_phif-2a1414174cd182e001ab,15/9-F-11 B,15/9-F-11,4216.9,0.24899999797344208,0.237045698181157,0.24899999797344208,0.237045698181157,,
target6_porosity_phif-074dd52f645d755f8fda,15/9-F-11 B,15/9-F-11,4218.9,0.24400000274181366,0.23477320565653081,0.24400000274181366,0.23477320565653081,,
target6_porosity_phif-2841bc2165bb442d84f7,15/9-F-11 B,15/9-F-11,4220.9,0.24300000071525574,0.2169557750027461,0.24300000071525574,0.2169557750027461,,
target6_porosity_phif-49220d2ae64feacc9b1c,15/9-F-11 B,15/9-F-11,4222.9,0.14399999380111694,0.13137953566715005,0.14399999380111694,0.13137953566715005,,
target6_porosity_phif-4083c608c0cbed7c3b49,15/9-F-11 B,15/9-F-11,4224.9,0.13300000131130219,0.12785205887714673,0.13300000131130219,0.12785205887714673,,
target6_porosity_phif-125e03d5599bd56a9db5,15/9-F-11 B,15/9-F-11,4226.9,0.16699999570846558,0.1582010938029519,0.16699999570846558,0.1582010938029519,,
target6_porosity_phif-a97b6e7418713067a78a,15/9-F-11 B,15/9-F-11,4228.9,0.21699999272823334,0.21805310874779998,0.21699999272823334,0.21805310874779998,,
target6_porosity_phif-8df93330a7438c10232d,15/9-F-11 B,15/9-F-11,4230.9,0.2529999911785126,0.23672316833987836,0.2529999911785126,0.23672316833987836,,
target6_porosity_phif-d3ee96521b1a5f9fae96,15/9-F-11 B,15/9-F-11,4232.9,0.24799999594688416,0.23871693174408398,0.24799999594688416,0.23871693174408398,,
target6_porosity_phif-2d97f95ace1a6824d33a,15/9-F-11 B,15/9-F-11,4234.9,0.25099998712539673,0.24004093986311548,0.25099998712539673,0.24004093986311548,,
target6_porosity_phif-51730c74aa24bdb8f654,15/9-F-11 B,15/9-F-11,4236.9,0.23999999463558197,0.20915958644909743,0.23999999463558197,0.20915958644909743,,
target6_porosity_phif-7a76ce58261c97fbf5ee,15/9-F-11 B,15/9-F-11,4238.9,0.08399999886751175,0.13556819763229996,0.08399999886751175,0.13556819763229996,,
target6_porosity_phif-06f3de37c76f60ae6432,15/9-F-11 B,15/9-F-11,4240.9,0.06499999761581421,0.04727873133033658,0.06499999761581421,0.04727873133033658,,
target6_porosity_phif-3b1b1846a46a76e3c165,15/9-F-11 B,15/9-F-11,4242.9,0.028999999165534973,0.077271539328635,0.028999999165534973,0.077271539328635,,
target6_porosity_phif-4ec9e614e9c118ced60e,15/9-F-11 B,15/9-F-11,4244.9,0.2240000069141388,0.1755540126873109,0.2240000069141388,0.1755540126873109,,
target6_porosity_phif-5f8f5bb2ea520371e134,15/9-F-11 B,15/9-F-11,4246.9,0.23899999260902405,0.21207776251209778,0.23899999260902405,0.21207776251209778,,
target6_porosity_phif-693f812811864cad36ec,15/9-F-11 B,15/9-F-11,4248.9,0.22300000488758087,0.19865650302394505,0.22300000488758087,0.19865650302394505,,
target6_porosity_phif-d39ffc78a8d8bd12a7b9,15/9-F-11 B,15/9-F-11,4250.9,0.19099999964237213,0.16487227572302704,0.19099999964237213,0.16487227572302704,,
target6_porosity_phif-4c29d16afe48c274aa23,15/9-F-11 B,15/9-F-11,4252.9,0.1899999976158142,0.15990167797406668,0.1899999976158142,0.15990167797406668,,
target6_porosity_phif-9ed8dbdb2d6cb312b15e,15/9-F-11 B,15/9-F-11,4254.9,0.16899999976158142,0.12409816321106641,0.16899999976158142,0.12409816321106641,,
target6_porosity_phif-ed18402502604734e237,15/9-F-11 B,15/9-F-11,4256.9,0.029999999329447746,0.06886084579713793,0.029999999329447746,0.06886084579713793,,
target6_porosity_phif-86acdeb11cdd8b113164,15/9-F-11 B,15/9-F-11,4258.9,0.1599999964237213,0.107180524870036,0.1599999964237213,0.107180524870036,,
target6_porosity_phif-6d871aa188b77a45cf61,15/9-F-11 B,15/9-F-11,4260.9,0.14000000059604645,0.11518543112760221,0.14000000059604645,0.11518543112760221,,
target6_porosity_phif-93ee57164d30802eb118,15/9-F-11 B,15/9-F-11,4262.9,0.12200000137090683,0.12334440309398548,0.12200000137090683,0.12334440309398548,,
target6_porosity_phif-9a43633c90e5eb044927,15/9-F-11 B,15/9-F-11,4264.9,0.16500000655651093,0.1631200036108341,0.16500000655651093,0.1631200036108341,,
target6_porosity_phif-e0112979a36eb17bcfa7,15/9-F-11 B,15/9-F-11,4266.9,0.21799999475479126,0.19386722525520803,0.21799999475479126,0.19386722525520803,,
target6_porosity_phif-e059dbcc83c8990916ce,15/9-F-11 B,15/9-F-11,4268.9,0.21199999749660492,0.20756382130756418,0.21199999749660492,0.20756382130756418,,
target6_porosity_phif-2b630c31a5cc410dbd09,15/9-F-11 B,15/9-F-11,4270.9,0.24899999797344208,0.24381503633493792,0.24899999797344208,0.24381503633493792,,
target6_porosity_phif-0cfcffbe1461eb6f9497,15/9-F-11 B,15/9-F-11,4272.9,0.25999999046325684,0.2576293895737462,0.25999999046325684,0.2576293895737462,,
target6_porosity_phif-4e1d1e3a2811e0f9d6ed,15/9-F-11 B,15/9-F-11,4274.9,0.2529999911785126,0.24894772387313924,0.2529999911785126,0.24894772387313924,,
target6_porosity_phif-d561ac073c4d04d33184,15/9-F-11 B,15/9-F-11,4276.9,0.24799999594688416,0.23887457875792545,0.24799999594688416,0.23887457875792545,,
target6_porosity_phif-c14d1969ce583970e7b3,15/9-F-11 B,15/9-F-11,4278.9,0.2029999941587448,0.18678210213425928,0.2029999941587448,0.18678210213425928,,
target6_porosity_phif-30a1a1086570ed2125a9,15/9-F-11 B,15/9-F-11,4280.9,0.03099999949336052,0.048283917460771986,0.03099999949336052,0.048283917460771986,,
target6_porosity_phif-06976c5d28f209d00206,15/9-F-11 B,15/9-F-11,4282.9,0.023000000044703484,0.037060613995897024,0.023000000044703484,0.037060613995897024,,
target6_porosity_phif-033f622975c8d17e899a,15/9-F-11 B,15/9-F-11,4284.9,0.09099999815225601,0.090981813384564,0.09099999815225601,0.090981813384564,,
target6_porosity_phif-bd60586150595204d519,15/9-F-11 B,15/9-F-11,4286.9,0.20000000298023224,0.15142872754926426,0.20000000298023224,0.15142872754926426,,
target6_porosity_phif-1f5045a9ed0ff984a558,15/9-F-11 B,15/9-F-11,4288.9,0.23399999737739563,0.23447565623196642,0.23399999737739563,0.23447565623196642,,
target6_porosity_phif-8b9b28dce8a0a97bc2fd,15/9-F-11 B,15/9-F-11,4290.9,0.2160000056028366,0.20407561436287516,0.2160000056028366,0.20407561436287516,,
target6_porosity_phif-9a5e72c740d2d823ae97,15/9-F-11 B,15/9-F-11,4292.9,0.17100000381469727,0.14816844739259624,0.17100000381469727,0.14816844739259624,,
target6_porosity_phif-f60dbac8fd89bd6c1295,15/9-F-11 B,15/9-F-11,4294.9,0.05299999937415123,0.09701012433243913,0.05299999937415123,0.09701012433243913,,
target6_porosity_phif-dc5c8356b730c8869e95,15/9-F-11 B,15/9-F-11,4300.3,0.12099999934434891,0.12929012326555642,0.12099999934434891,0.12929012326555642,,
target6_porosity_phif-0c2422c33b15e1d31fae,15/9-F-11 B,15/9-F-11,4302.3,0.17100000381469727,0.14893885854486483,0.17100000381469727,0.14893885854486483,,
target6_porosity_phif-b11f71a35f6275c7bd68,15/9-F-11 B,15/9-F-11,4304.3,0.210999995470047,0.1901366349305938,0.210999995470047,0.1901366349305938,,
target6_porosity_phif-a79c6b3d673d0bfc97f6,15/9-F-11 B,15/9-F-11,4306.3,0.23999999463558197,0.22959696329345014,0.23999999463558197,0.22959696329345014,,
target6_porosity_phif-ccf328bc6f1112560866,15/9-F-11 B,15/9-F-11,4308.3,0.24400000274181366,0.22916845333604655,0.24400000274181366,0.22916845333604655,,
target6_porosity_phif-9aeee199352002f24f2a,15/9-F-11 T2,15/9-F-11,4400.6,0.11100000143051147,0.12770410659624232,0.11100000143051147,0.12770410659624232,,
target6_porosity_phif-3660e49e3493282500e3,15/9-F-11 T2,15/9-F-11,4402.6,0.125,0.12857873596244726,0.125,0.12857873596244726,,
target6_porosity_phif-cea95b2b2a0b6529eb27,15/9-F-11 T2,15/9-F-11,4404.6,0.11900000274181366,0.12729243925356992,0.11900000274181366,0.12729243925356992,,
target6_porosity_phif-e0a9d74f948ce66ffd0d,15/9-F-11 T2,15/9-F-11,4406.6,0.13300000131130219,0.157813669975032,0.13300000131130219,0.157813669975032,,
target6_porosity_phif-7460622fd0e81147ed94,15/9-F-11 T2,15/9-F-11,4408.6,0.19900000095367432,0.18564223676247907,0.19900000095367432,0.18564223676247907,,
target6_porosity_phif-2ad3dab279df339365af,15/9-F-11 T2,15/9-F-11,4410.6,0.20499999821186066,0.17860249771363337,0.20499999821186066,0.17860249771363337,,
target6_porosity_phif-4e7c37e8809bf221b9de,15/9-F-11 T2,15/9-F-11,4412.6,0.1550000011920929,0.1121924908530545,0.1550000011920929,0.1121924908530545,,
target6_porosity_phif-7ff7a8fce9c5cd740f87,15/9-F-11 T2,15/9-F-11,4414.6,0.02199999988079071,0.08346167899570901,0.02199999988079071,0.08346167899570901,,
target6_porosity_phif-4a132e9d4162ca197b42,15/9-F-11 T2,15/9-F-11,4416.6,0.1340000033378601,0.1006793541077208,0.1340000033378601,0.1006793541077208,,
target6_porosity_phif-fa5cfaad10704864a752,15/9-F-11 T2,15/9-F-11,4418.6,0.14800000190734863,0.11336772079431681,0.14800000190734863,0.11336772079431681,,
target6_porosity_phif-65fc2e3477289a3074ef,15/9-F-11 T2,15/9-F-11,4420.6,0.1589999943971634,0.12886501757972846,0.1589999943971634,0.12886501757972846,,
target6_porosity_phif-569a9c89be68dead9117,15/9-F-11 T2,15/9-F-11,4422.6,0.06599999964237213,0.11045024815813298,0.06599999964237213,0.11045024815813298,,
target6_porosity_phif-e8b1e92e0c395735ea94,15/9-F-11 T2,15/9-F-11,4424.6,0.14499999582767487,0.1405013851156018,0.14499999582767487,0.1405013851156018,,
target6_porosity_phif-dc172c64ec8ff93084a7,15/9-F-11 T2,15/9-F-11,4426.6,0.1509999930858612,0.14934739793893653,0.1509999930858612,0.14934739793893653,,
target6_porosity_phif-953573cddd614825f73d,15/9-F-11 T2,15/9-F-11,4428.6,0.13099999725818634,0.1300423799027438,0.13099999725818634,0.1300423799027438,,
target6_porosity_phif-169338f147c7529be6a4,15/9-F-11 T2,15/9-F-11,4430.6,0.08699999749660492,0.10847607941206044,0.08699999749660492,0.10847607941206044,,
target6_porosity_phif-d5d17de00e34ab08f76a,15/9-F-11 T2,15/9-F-11,4432.6,0.04899999871850014,0.09436914642754282,0.04899999871850014,0.09436914642754282,,
target6_porosity_phif-daa3f643e42666460b89,15/9-F-11 T2,15/9-F-11,4434.6,0.13699999451637268,0.13673896413403147,0.13699999451637268,0.13673896413403147,,
target6_porosity_phif-09995d4c38d396d17eb9,15/9-F-11 T2,15/9-F-11,4436.6,0.1809999942779541,0.18029384995437134,0.1809999942779541,0.18029384995437134,,
target6_porosity_phif-3b4c6ac42730fdadfb7f,15/9-F-11 T2,15/9-F-11,4438.6,0.1860000044107437,0.18473998764716815,0.1860000044107437,0.18473998764716815,,
target6_porosity_phif-212f1ead2f16aa2905d7,15/9-F-11 T2,15/9-F-11,4440.6,0.17299999296665192,0.1716025839709949,0.17299999296665192,0.1716025839709949,,
target6_porosity_phif-ee397685b4664f5a5d46,15/9-F-11 T2,15/9-F-11,4442.6,0.1550000011920929,0.15006067382272978,0.1550000011920929,0.15006067382272978,,
target6_porosity_phif-eb5a2a081c6a86e565e2,15/9-F-11 T2,15/9-F-11,4444.6,0.11599999666213989,0.1219466759590962,0.11599999666213989,0.1219466759590962,,
target6_porosity_phif-231a6ef52d40fb26df80,15/9-F-11 T2,15/9-F-11,4446.6,0.019999999552965164,0.01704703659968318,0.019999999552965164,0.01704703659968318,,
target6_porosity_phif-d480f51a66699cef6da7,15/9-F-11 T2,15/9-F-11,4448.6,0.019999999552965164,0.028914272168288957,0.019999999552965164,0.028914272168288957,,
target6_porosity_phif-348401f8acec50047385,15/9-F-11 T2,15/9-F-11,4450.6,0.1889999955892563,0.16483664742345366,0.1889999955892563,0.16483664742345366,,
target6_porosity_phif-10997cd0ed2224e28dff,15/9-F-11 T2,15/9-F-11,4452.6,0.19900000095367432,0.1592196037268829,0.19900000095367432,0.1592196037268829,,
target6_porosity_phif-9ed54ae52930ef855c42,15/9-F-11 T2,15/9-F-11,4454.6,0.07100000232458115,0.064341465866913,0.07100000232458115,0.064341465866913,,
target6_porosity_phif-d38399df05d041a5501a,15/9-F-11 T2,15/9-F-11,4456.6,0.019999999552965164,0.01262316548392231,0.019999999552965164,0.01262316548392231,,
target6_porosity_phif-14734278020858b82f01,15/9-F-11 T2,15/9-F-11,4458.6,0.019999999552965164,0.03132936026611258,0.019999999552965164,0.03132936026611258,,
target6_porosity_phif-b4eaf816e099905b477b,15/9-F-11 T2,15/9-F-11,4460.6,0.20999999344348907,0.12760863207920506,0.20999999344348907,0.12760863207920506,,
target6_porosity_phif-af1a6af65ee85a7c580f,15/9-F-11 T2,15/9-F-11,4462.6,0.019999999552965164,0.03938693827805159,0.019999999552965164,0.03938693827805159,,
target6_porosity_phif-e5dc78c3ce806f426b83,15/9-F-11 T2,15/9-F-11,4464.6,0.1899999976158142,0.13199204140254148,0.1899999976158142,0.13199204140254148,,
target6_porosity_phif-b8784d3a80ab7997c196,15/9-F-11 T2,15/9-F-11,4466.6,0.1860000044107437,0.1908198728175752,0.1860000044107437,0.1908198728175752,,
target6_porosity_phif-a6084cdbc75b0cb416c7,15/9-F-11 T2,15/9-F-11,4468.6,0.1979999989271164,0.18771449986365887,0.1979999989271164,0.18771449986365887,,
target6_porosity_phif-9ca9e4663d7390489a8e,15/9-F-11 T2,15/9-F-11,4470.6,0.19900000095367432,0.18619718141124605,0.19900000095367432,0.18619718141124605,,
target6_porosity_phif-45f95872b6dcf2aa5b87,15/9-F-11 T2,15/9-F-11,4472.6,0.18000000715255737,0.19036411131131115,0.18000000715255737,0.19036411131131115,,
target6_porosity_phif-6e9ea92c6bbab8a5ef58,15/9-F-11 T2,15/9-F-11,4474.6,0.20800000429153442,0.20321744364366662,0.20800000429153442,0.20321744364366662,,
target6_porosity_phif-dff037871bfb52572e64,15/9-F-11 T2,15/9-F-11,4476.6,0.1940000057220459,0.19161359072879236,0.1940000057220459,0.19161359072879236,,
target6_porosity_phif-0f5e6c592b2964efd936,15/9-F-11 T2,15/9-F-11,4478.6,0.19300000369548798,0.18027666082549423,0.19300000369548798,0.18027666082549423,,
target6_porosity_phif-0bdda1a21db688c6c141,15/9-F-11 T2,15/9-F-11,4480.6,0.19900000095367432,0.1785364405670503,0.19900000095367432,0.1785364405670503,,
target6_porosity_phif-d78f55fcde43fece499d,15/9-F-11 T2,15/9-F-11,4482.6,0.10300000011920929,0.15083845983419392,0.10300000011920929,0.15083845983419392,,
target6_porosity_phif-e77768f8e55dca4e93f5,15/9-F-11 T2,15/9-F-11,4484.6,0.1860000044107437,0.1526280771309592,0.1860000044107437,0.1526280771309592,,
target6_porosity_phif-bf9ddf1f713c783780ce,15/9-F-11 T2,15/9-F-11,4486.6,0.11999999731779099,0.15054297455719398,0.11999999731779099,0.15054297455719398,,
target6_porosity_phif-c29787c64a686c2a63f7,15/9-F-11 T2,15/9-F-11,4488.6,0.20600000023841858,0.1925236177569207,0.20600000023841858,0.1925236177569207,,
target6_porosity_phif-46753094bb36f8c25a8d,15/9-F-11 T2,15/9-F-11,4490.6,0.19900000095367432,0.20224883384012257,0.19900000095367432,0.20224883384012257,,
target6_porosity_phif-ae14bc87ab9f6c1199c3,15/9-F-11 T2,15/9-F-11,4492.6,0.2070000022649765,0.19950677784401363,0.2070000022649765,0.19950677784401363,,
target6_porosity_phif-2ca11aa200d01c212e58,15/9-F-11 T2,15/9-F-11,4494.6,0.17399999499320984,0.18391851957917882,0.17399999499320984,0.18391851957917882,,
target6_porosity_phif-4580c8609212390f5e81,15/9-F-11 T2,15/9-F-11,4496.6,0.18299999833106995,0.17200010723074421,0.18299999833106995,0.17200010723074421,,
target6_porosity_phif-85c6218ae4e76d6a36c5,15/9-F-11 T2,15/9-F-11,4498.6,0.03200000151991844,0.16934140998668956,0.03200000151991844,0.16934140998668956,,
target6_porosity_phif-dd4ae3947c4de3146a86,15/9-F-11 T2,15/9-F-11,4500.6,0.041999999433755875,0.06437420555170807,0.041999999433755875,0.06437420555170807,,
target6_porosity_phif-5f7af8c712cfd9e76cc4,15/9-F-11 T2,15/9-F-11,4502.6,0.07400000095367432,0.07647030324043785,0.07400000095367432,0.07647030324043785,,
target6_porosity_phif-aaf83767f2bfb617f18a,15/9-F-11 T2,15/9-F-11,4504.6,0.054999999701976776,0.051913421907169535,0.054999999701976776,0.051913421907169535,,
target6_porosity_phif-e538e61c19b51d4f63ac,15/9-F-11 T2,15/9-F-11,4506.6,0.0010000000474974513,0.09223598444730106,0.0010000000474974513,0.09223598444730106,,
target6_porosity_phif-4a7695b4dce4ffd03c3e,15/9-F-11 T2,15/9-F-11,4508.6,0.019999999552965164,0.05378028350528491,0.019999999552965164,0.05378028350528491,,
target6_porosity_phif-c4c568fa7f3082ad9fe8,15/9-F-11 T2,15/9-F-11,4510.6,0.027000000700354576,0.05074924644412837,0.027000000700354576,0.05074924644412837,,
target6_porosity_phif-5f8bbe018376780257ac,15/9-F-11 T2,15/9-F-11,4512.6,0.05700000002980232,0.06829633964763836,0.05700000002980232,0.06829633964763836,,
target6_porosity_phif-586a588753fbf38c6e92,15/9-F-12,15/9-F-12,3117.9516,0.005499990191310644,-0.0360162607052337,0.005499990191310644,0.0,,
target6_porosity_phif-623613921a7424bea197,15/9-F-12,15/9-F-12,3120.0852,0.002400000113993883,-0.006075047504061265,0.002400000113993883,0.0,,
target6_porosity_phif-0d4cd6f613be095401d3,15/9-F-12,15/9-F-12,3122.2188,0.008999990299344063,0.03487771243375826,0.008999990299344063,0.03487771243375826,,
target6_porosity_phif-001cda38615c16c6b37f,15/9-F-12,15/9-F-12,3124.3524,0.049300000071525574,0.05793125180496925,0.049300000071525574,0.05793125180496925,,
target6_porosity_phif-0e6a03b20be08511bef2,15/9-F-12,15/9-F-12,3126.486,0.24089999496936798,0.18881358071404503,0.24089999496936798,0.18881358071404503,,
target6_porosity_phif-32ce2b29747b0d944140,15/9-F-12,15/9-F-12,3128.6196,0.24629999697208405,0.239403905754438,0.24629999697208405,0.239403905754438,,
target6_porosity_phif-78d778f25c013704c4ef,15/9-F-12,15/9-F-12,3130.7532,0.25619998574256897,0.24309100559237595,0.25619998574256897,0.24309100559237595,,
target6_porosity_phif-63ed5271f79fcdeb3e15,15/9-F-12,15/9-F-12,3132.8868,0.2590999901294708,0.24294471284013297,0.2590999901294708,0.24294471284013297,,
target6_porosity_phif-d8e68a79025161da345d,15/9-F-12,15/9-F-12,3135.0204,0.1873999834060669,0.18294138899442103,0.1873999834060669,0.18294138899442103,,
target6_porosity_phif-65acd05db16b0295c966,15/9-F-12,15/9-F-12,3137.154,0.2786000072956085,0.2674280984495442,0.2786000072956085,0.2674280984495442,,
target6_porosity_phif-72e0a445ac9bb28562d2,15/9-F-12,15/9-F-12,3139.2876,0.16850000619888306,0.16297510317245478,0.16850000619888306,0.16297510317245478,,
target6_porosity_phif-9466915416153406f0fb,15/9-F-12,15/9-F-12,3141.4212,0.19439998269081116,0.13772185422831446,0.19439998269081116,0.13772185422831446,,
target6_porosity_phif-941d330688f9c3586483,15/9-F-12,15/9-F-12,3143.5548,0.27639999985694885,0.25073555270016595,0.27639999985694885,0.25073555270016595,,
target6_porosity_phif-9bcc351fd72a6f799ef4,15/9-F-12,15/9-F-12,3145.6884,0.20900000631809235,0.1782648932600208,0.20900000631809235,0.1782648932600208,,
target6_porosity_phif-36978fb776c520c1f22e,15/9-F-12,15/9-F-12,3147.822,0.11869999021291733,0.12078183043235315,0.11869999021291733,0.12078183043235315,,
target6_porosity_phif-2850948f3731a4ff25ff,15/9-F-12,15/9-F-12,3149.9556,0.22519999742507935,0.17372933517110764,0.22519999742507935,0.17372933517110764,,
target6_porosity_phif-af4c36877721c3fd0f39,15/9-F-12,15/9-F-12,3152.0892,0.2362000048160553,0.22824224970455678,0.2362000048160553,0.22824224970455678,,
target6_porosity_phif-8d2023dde485c36fcd87,15/9-F-12,15/9-F-12,3154.2228,0.2329999953508377,0.2204611351283252,0.2329999953508377,0.2204611351283252,,
target6_porosity_phif-5f80d6d0db9337ea230c,15/9-F-12,15/9-F-12,3156.3564,0.23340000212192535,0.22520834616748844,0.23340000212192535,0.22520834616748844,,
target6_porosity_phif-fe5abb982f5f2f419c33,15/9-F-12,15/9-F-12,3158.49,0.22779999673366547,0.20804665882342813,0.22779999673366547,0.20804665882342813,,
target6_porosity_phif-c296b077cd006e699648,15/9-F-12,15/9-F-12,3160.6236,0.1987999826669693,0.16684700333998587,0.1987999826669693,0.16684700333998587,,
target6_porosity_phif-b1c83fd72f7facc42876,15/9-F-12,15/9-F-12,3162.7572,0.17430000007152557,0.14357638871072678,0.17430000007152557,0.14357638871072678,,
target6_porosity_phif-21dc30796b5712a44936,15/9-F-12,15/9-F-12,3164.8908,0.14409999549388885,0.13762880629356933,0.14409999549388885,0.13762880629356933,,
target6_porosity_phif-88f970906dac03ded070,15/9-F-12,15/9-F-12,3167.0244,0.21279999613761902,0.20210039766443635,0.21279999613761902,0.20210039766443635,,
target6_porosity_phif-37766dfbe9d759ea22b8,15/9-F-12,15/9-F-12,3169.158,0.2619999945163727,0.25026222718257296,0.2619999945163727,0.25026222718257296,,
target6_porosity_phif-f24447d281c04aa7685a,15/9-F-12,15/9-F-12,3171.2916,0.24150000512599945,0.2424821738914228,0.24150000512599945,0.2424821738914228,,
target6_porosity_phif-6219189e0dcb0d87691c,15/9-F-12,15/9-F-12,3173.4252,0.26339998841285706,0.2449385045148064,0.26339998841285706,0.2449385045148064,,
target6_porosity_phif-47c83c9c3bf32db77916,15/9-F-12,15/9-F-12,3175.5588,0.257099986076355,0.2455176292263766,0.257099986076355,0.2455176292263766,,
target6_porosity_phif-2ac9f5038ca9be61d72d,15/9-F-12,15/9-F-12,3177.6924,0.2621999979019165,0.24692476724055115,0.2621999979019165,0.24692476724055115,,
target6_porosity_phif-62677823630e95663c13,15/9-F-12,15/9-F-12,3179.826,0.1867000013589859,0.1801284907049183,0.1867000013589859,0.1801284907049183,,
target6_porosity_phif-5e309af7f82c07aa883f,15/9-F-12,15/9-F-12,3181.9596,0.22669999301433563,0.19975889435919764,0.22669999301433563,0.19975889435919764,,
target6_porosity_phif-dc3abdc7e9e02c887e68,15/9-F-12,15/9-F-12,3184.0932,0.24330000579357147,0.2469409469287963,0.24330000579357147,0.2469409469287963,,
target6_porosity_phif-6132cfcfa7775c48f4c7,15/9-F-12,15/9-F-12,3186.2268,0.25949999690055847,0.2513532255108387,0.25949999690055847,0.2513532255108387,,
target6_porosity_phif-2b64669cd399dd1d1fbf,15/9-F-12,15/9-F-12,3188.3604,0.250900000333786,0.2551762807604939,0.250900000333786,0.2551762807604939,,
target6_porosity_phif-56a10ed01d232633a5e0,15/9-F-12,15/9-F-12,3190.494,0.23980000615119934,0.25932959408512635,0.23980000615119934,0.25932959408512635,,
target6_porosity_phif-ba335cc5819b420ca0fc,15/9-F-12,15/9-F-12,3192.6276,0.2540000081062317,0.2608748002829775,0.2540000081062317,0.2608748002829775,,
target6_porosity_phif-f4f93f504efd3f62cbfd,15/9-F-12,15/9-F-12,3194.7612,0.20499998331069946,0.21152851853403742,0.20499998331069946,0.21152851853403742,,
target6_porosity_phif-ffba3ff76dfb8a4de86c,15/9-F-12,15/9-F-12,3196.8948,0.2460000067949295,0.23770407912921804,0.2460000067949295,0.23770407912921804,,
target6_porosity_phif-98e9cb5548ebf0c0f78e,15/9-F-12,15/9-F-12,3199.0284,0.23680000007152557,0.24667826013390665,0.23680000007152557,0.24667826013390665,,
target6_porosity_phif-e27fe9e35d9a264a2588,15/9-F-12,15/9-F-12,3201.162,0.2264000028371811,0.238551099871508,0.2264000028371811,0.238551099871508,,
target6_porosity_phif-6fdcfb8f59ed20958fdc,15/9-F-12,15/9-F-12,3203.2956,0.24250000715255737,0.25074685970455923,0.24250000715255737,0.25074685970455923,,
target6_porosity_phif-78711d3023864de1ba1e,15/9-F-12,15/9-F-12,3205.4292,0.1972000002861023,0.20875068136704003,0.1972000002861023,0.20875068136704003,,
target6_porosity_phif-2cda0e159eefdc326f6a,15/9-F-12,15/9-F-12,3207.5628,0.24009999632835388,0.24404201051191968,0.24009999632835388,0.24404201051191968,,
target6_porosity_phif-96df1782a0883983a35e,15/9-F-12,15/9-F-12,3209.6964,0.2662000060081482,0.25656462554134724,0.2662000060081482,0.25656462554134724,,
target6_porosity_phif-6d47005d64b510ddd108,15/9-F-12,15/9-F-12,3211.83,0.25279998779296875,0.2457144699945484,0.25279998779296875,0.2457144699945484,,
target6_porosity_phif-1a38857a3f881298130a,15/9-F-12,15/9-F-12,3213.9636,0.22439998388290405,0.22223479952642128,0.22439998388290405,0.22223479952642128,,
target6_porosity_phif-84c33ac8812a09703c18,15/9-F-12,15/9-F-12,3216.0972,0.21610000729560852,0.20788493747237052,0.21610000729560852,0.20788493747237052,,
target6_porosity_phif-20752422e13c52bd1bc6,15/9-F-12,15/9-F-12,3218.2308,0.2329999953508377,0.21498425216082329,0.2329999953508377,0.21498425216082329,,
target6_porosity_phif-16f57e9be5fd2153556c,15/9-F-12,15/9-F-12,3220.3644,0.24740000069141388,0.23888123351142293,0.24740000069141388,0.23888123351142293,,
target6_porosity_phif-34cc2f4f82b536bf8612,15/9-F-12,15/9-F-12,3222.498,0.23739999532699585,0.2330160053837928,0.23739999532699585,0.2330160053837928,,
target6_porosity_phif-c5b58ce53e91d7c12f12,15/9-F-12,15/9-F-12,3224.6316,0.23720000684261322,0.22907840040706662,0.23720000684261322,0.22907840040706662,,
target6_porosity_phif-1a60d3bca1e09a839fec,15/9-F-12,15/9-F-12,3226.7652,0.2296999841928482,0.22333163536920195,0.2296999841928482,0.22333163536920195,,
target6_porosity_phif-3c2072f6310fb560ba5c,15/9-F-12,15/9-F-12,3228.8988,0.23569999635219574,0.22507360685825228,0.23569999635219574,0.22507360685825228,,
target6_porosity_phif-362feff47a5b57c2c948,15/9-F-12,15/9-F-12,3231.0324,0.20020000636577606,0.21154636921357942,0.20020000636577606,0.21154636921357942,,
target6_porosity_phif-2fb3850bd2b6d250be6f,15/9-F-12,15/9-F-12,3233.166,0.20319998264312744,0.19169824170743946,0.20319998264312744,0.19169824170743946,,
target6_porosity_phif-889960f9ab458ebbed38,15/9-F-12,15/9-F-12,3235.2996,0.2621000111103058,0.23662834229384141,0.2621000111103058,0.23662834229384141,,
target6_porosity_phif-0bd34db93c1899660528,15/9-F-12,15/9-F-12,3237.4332,0.26179999113082886,0.2462708115065836,0.26179999113082886,0.2462708115065836,,
target6_porosity_phif-fc289dadec75a0dfd60c,15/9-F-12,15/9-F-12,3239.5668,0.26829999685287476,0.2571800909551142,0.26829999685287476,0.2571800909551142,,
target6_porosity_phif-5851c32a5575430f1f91,15/9-F-12,15/9-F-12,3241.7004,0.2775999903678894,0.25867523213860144,0.2775999903678894,0.25867523213860144,,
target6_porosity_phif-ab64ed8d9ec4da6b2c17,15/9-F-12,15/9-F-12,3243.834,0.17470000684261322,0.166730132210316,0.17470000684261322,0.166730132210316,,
target6_porosity_phif-f111412cc9c02e0dd8b2,15/9-F-12,15/9-F-12,3245.9676,0.20960000157356262,0.18597169976606992,0.20960000157356262,0.18597169976606992,,
target6_porosity_phif-7cbdf54d9e92c4a2f4f5,15/9-F-12,15/9-F-12,3248.1012,0.2484000027179718,0.22784959979032615,0.2484000027179718,0.22784959979032615,,
target6_porosity_phif-48c76adb122014280344,15/9-F-12,15/9-F-12,3250.2348,0.24330000579357147,0.2213388517797716,0.24330000579357147,0.2213388517797716,,
target6_porosity_phif-89f0c4f759a2a4d259c0,15/9-F-12,15/9-F-12,3252.3684,0.24140000343322754,0.22115409270724776,0.24140000343322754,0.22115409270724776,,
target6_porosity_phif-74564e3edb8a3e702876,15/9-F-12,15/9-F-12,3254.502,0.23759998381137848,0.22211262014834784,0.23759998381137848,0.22211262014834784,,
target6_porosity_phif-5632f029067e851632b7,15/9-F-12,15/9-F-12,3256.6356,0.2639999985694885,0.2436579189671072,0.2639999985694885,0.2436579189671072,,
target6_porosity_phif-3811bdfb99862b0d6c3a,15/9-F-12,15/9-F-12,3258.7692,0.23600000143051147,0.20325235279062775,0.23600000143051147,0.20325235279062775,,
target6_porosity_phif-3de2c243ea61ace1a0ca,15/9-F-12,15/9-F-12,3260.9028,0.17219999432563782,0.14799936352957135,0.17219999432563782,0.14799936352957135,,
target6_porosity_phif-4ce4687369e1c7746de8,15/9-F-12,15/9-F-12,3263.0364,0.2175000011920929,0.19634715300466957,0.2175000011920929,0.19634715300466957,,
target6_porosity_phif-d4f3e5473f37e6799388,15/9-F-12,15/9-F-12,3265.17,0.20640000700950623,0.1850879087084005,0.20640000700950623,0.1850879087084005,,
target6_porosity_phif-a5e272a0bf7b5a071060,15/9-F-12,15/9-F-12,3267.3036,0.14830000698566437,0.1420627572572924,0.14830000698566437,0.1420627572572924,,
target6_porosity_phif-b3b5f7faf3e0a6b485cf,15/9-F-12,15/9-F-12,3269.4372,0.21389998495578766,0.19121424922588237,0.21389998495578766,0.19121424922588237,,
target6_porosity_phif-d3da9433f819beaebc16,15/9-F-12,15/9-F-12,3271.5708,0.2563000023365021,0.2168649235276822,0.2563000023365021,0.2168649235276822,,
target6_porosity_phif-ec459000d99b2e634c66,15/9-F-12,15/9-F-12,3273.7044,0.19429999589920044,0.16832867413533525,0.19429999589920044,0.16832867413533525,,
target6_porosity_phif-347c40118109a734d76a,15/9-F-12,15/9-F-12,3275.838,0.21050000190734863,0.1926271001691567,0.21050000190734863,0.1926271001691567,,
target6_porosity_phif-9a8f83a4acb00c671603,15/9-F-12,15/9-F-12,3277.9716,0.1809999942779541,0.20143182233123189,0.1809999942779541,0.20143182233123189,,
target6_porosity_phif-40d305de4e9eb67cf163,15/9-F-12,15/9-F-12,3280.1052,0.1720000058412552,0.17090703404119753,0.1720000058412552,0.17090703404119753,,
target6_porosity_phif-3a95c875f973609f876e,15/9-F-12,15/9-F-12,3282.2388,0.07699999213218689,0.09447192646712832,0.07699999213218689,0.09447192646712832,,
target6_porosity_phif-e7b0934ab7339ffd0253,15/9-F-12,15/9-F-12,3284.3724,0.0714000016450882,0.08351338618375502,0.0714000016450882,0.08351338618375502,,
target6_porosity_phif-3fe4e1205a8852ebee2c,15/9-F-12,15/9-F-12,3286.506,0.03480000048875809,0.07626181910839745,0.03480000048875809,0.07626181910839745,,
target6_porosity_phif-c9f71ad9fc9802def63a,15/9-F-12,15/9-F-12,3288.6396,0.109499990940094,0.08956643523327146,0.109499990940094,0.08956643523327146,,
