sample_id,family_id,well_id,depth_m,fold_id,truth_model_domain,prediction_model_domain,truth_physical,prediction_physical_unclipped,prediction_physical_bounded
reservoir_property_p51_r1-c82c5b891df29e7e1807,15/9-19,15/9-19 A,3839.5656,1,0.144600003958,0.171268808794,0.144600003958,0.171268808794,0.171268808794
reservoir_property_p51_r1-1963a20e391bb3309902,15/9-19,15/9-19 A,3841.6992,1,0.204208001494,0.190030488999,0.204208001494,0.190030488999,0.190030488999
reservoir_property_p51_r1-fe974d79cb240d283870,15/9-19,15/9-19 A,3843.8328,1,0.194913998246,0.21619761734,0.194913998246,0.21619761734,0.21619761734
reservoir_property_p51_r1-554169715805611d6505,15/9-19,15/9-19 A,3845.9664,1,0.23662699759,0.211662892688,0.23662699759,0.211662892688,0.211662892688
reservoir_property_p51_r1-e9faa83dbd75146b922d,15/9-19,15/9-19 A,3848.1,1,0.0314470008016,0.165123355944,0.0314470008016,0.165123355944,0.165123355944
reservoir_property_p51_r1-b21ead1ab61170abe768,15/9-19,15/9-19 A,3850.2336,1,0.034145001322,0.186478755421,0.034145001322,0.186478755421,0.186478755421
reservoir_property_p51_r1-8cbfd7b4b6577ea396b6,15/9-19,15/9-19 A,3852.3672,1,0.196180000901,0.187288439765,0.196180000901,0.187288439765,0.187288439765
reservoir_property_p51_r1-157edc8d66166411b41c,15/9-19,15/9-19 A,3854.5008,1,0.00158699997701,0.11717409373,0.00158699997701,0.11717409373,0.11717409373
reservoir_property_p51_r1-eefb76085578cf371e11,15/9-19,15/9-19 A,3856.6344,1,0.175017997622,0.147555231442,0.175017997622,0.147555231442,0.147555231442
reservoir_property_p51_r1-ba88d3aa1dead4c37a0a,15/9-19,15/9-19 A,3858.768,1,0.18601000309,0.214409207111,0.18601000309,0.214409207111,0.214409207111
reservoir_property_p51_r1-4b01174c986da8207347,15/9-19,15/9-19 A,3860.9016,1,0.213034003973,0.236691013768,0.213034003973,0.236691013768,0.236691013768
reservoir_property_p51_r1-adc4e2d20a333d442972,15/9-19,15/9-19 A,3863.0352,1,0.240342006087,0.257148418847,0.240342006087,0.257148418847,0.257148418847
reservoir_property_p51_r1-86ed2576ff87ddf2e6f9,15/9-19,15/9-19 A,3865.1688,1,0.236406996846,0.255467753421,0.236406996846,0.255467753421,0.255467753421
reservoir_property_p51_r1-71e20c83ac5524dbd4aa,15/9-19,15/9-19 A,3867.3024,1,0.216886997223,0.251523704216,0.216886997223,0.251523704216,0.251523704216
reservoir_property_p51_r1-8b23836a45e0e18009f5,15/9-19,15/9-19 A,3869.436,1,0.228070005774,0.25511046674,0.228070005774,0.25511046674,0.25511046674
reservoir_property_p51_r1-ee4a3c96e1393e892666,15/9-19,15/9-19 A,3871.5696,1,0.236803993583,0.257479165305,0.236803993583,0.257479165305,0.257479165305
reservoir_property_p51_r1-8cffe42d063d40cd6fd3,15/9-19,15/9-19 A,3873.7032,1,0.217656001449,0.233735500955,0.217656001449,0.233735500955,0.233735500955
reservoir_property_p51_r1-74be318bc57b2dd39843,15/9-19,15/9-19 A,3875.8368,1,0.128850996494,0.162560856359,0.128850996494,0.162560856359,0.162560856359
reservoir_property_p51_r1-ef6176b25058728b8a75,15/9-19,15/9-19 A,3877.9704,1,0.245000004768,0.134842432977,0.245000004768,0.134842432977,0.134842432977
reservoir_property_p51_r1-2b8e6ccf04b6acc524ba,15/9-19,15/9-19 A,3880.104,1,0.115680001676,0.175183262284,0.115680001676,0.175183262284,0.175183262284
reservoir_property_p51_r1-05f0299cb2d43e708a38,15/9-19,15/9-19 A,3882.2376,1,0.214941993356,0.212231280263,0.214941993356,0.212231280263,0.212231280263
reservoir_property_p51_r1-0bbb78431a16c310d16d,15/9-19,15/9-19 A,3884.3712,1,0.167184993625,0.196916839786,0.167184993625,0.196916839786,0.196916839786
reservoir_property_p51_r1-53b0c2d8b1aa1f1043ea,15/9-19,15/9-19 A,3886.5048,1,0.20429700613,0.204859950523,0.20429700613,0.204859950523,0.204859950523
reservoir_property_p51_r1-21d9afbf8716251e6dcf,15/9-19,15/9-19 A,3888.6384,1,0.214050993323,0.221570356498,0.214050993323,0.221570356498,0.221570356498
reservoir_property_p51_r1-b410868ca057738d21a3,15/9-19,15/9-19 A,3890.772,1,0.214028999209,0.215143141014,0.214028999209,0.215143141014,0.215143141014
reservoir_property_p51_r1-029c92d38f813b260b8c,15/9-19,15/9-19 A,3892.9056,1,0.208868995309,0.192126616909,0.208868995309,0.192126616909,0.192126616909
reservoir_property_p51_r1-fd8572584c089825c58d,15/9-19,15/9-19 A,3895.0392,1,0.18281699717,0.202750759521,0.18281699717,0.202750759521,0.202750759521
reservoir_property_p51_r1-4a98aad73b54e05450d6,15/9-19,15/9-19 A,3897.1728,1,0.1956499964,0.216890700264,0.1956499964,0.216890700264,0.216890700264
reservoir_property_p51_r1-5222af628774f4d29812,15/9-19,15/9-19 A,3899.3064,1,0.206758007407,0.215613930778,0.206758007407,0.215613930778,0.215613930778
reservoir_property_p51_r1-b24f628f40d9912a4a57,15/9-19,15/9-19 A,3901.44,1,0.195144996047,0.220343957373,0.195144996047,0.220343957373,0.220343957373
reservoir_property_p51_r1-98b0c25c053b60754842,15/9-19,15/9-19 A,3903.5736,1,0.178683996201,0.210760142734,0.178683996201,0.210760142734,0.210760142734
reservoir_property_p51_r1-15b0cc17d6f671ddad2f,15/9-19,15/9-19 A,3905.7072,1,0.19043700397,0.209540318362,0.19043700397,0.209540318362,0.209540318362
reservoir_property_p51_r1-37cd85bd1039f0fb621f,15/9-19,15/9-19 A,3907.8408,1,0.198365002871,0.207975724181,0.198365002871,0.207975724181,0.207975724181
reservoir_property_p51_r1-d7cfe2a01f79bc3bfdeb,15/9-19,15/9-19 A,3909.9744,1,0.22051499784,0.222843518236,0.22051499784,0.222843518236,0.222843518236
reservoir_property_p51_r1-1eb04d9daf364c9b0e78,15/9-19,15/9-19 A,3912.108,1,0.225328996778,0.233000929281,0.225328996778,0.233000929281,0.233000929281
reservoir_property_p51_r1-a1d5a592554ea15ffea6,15/9-19,15/9-19 A,3914.2416,1,0.197275996208,0.215494985142,0.197275996208,0.215494985142,0.215494985142
reservoir_property_p51_r1-95e15844b5ac76025022,15/9-19,15/9-19 A,3916.3752,1,0.219455003738,0.218360080729,0.219455003738,0.218360080729,0.218360080729
reservoir_property_p51_r1-5310a7e7b4271355abaa,15/9-19,15/9-19 A,3918.5088,1,0.179985001683,0.197090394277,0.179985001683,0.197090394277,0.197090394277
reservoir_property_p51_r1-a87bb0be089ebb81db40,15/9-19,15/9-19 A,3920.6424,1,0.0459179989994,0.147663462378,0.0459179989994,0.147663462378,0.147663462378
reservoir_property_p51_r1-2c827d5bf1b7b2c72471,15/9-19,15/9-19 A,3922.776,1,0.053015999496,0.11241499432,0.053015999496,0.11241499432,0.11241499432
reservoir_property_p51_r1-d7c43bb402ed0dfa7845,15/9-19,15/9-19 A,3924.9096,1,0.116140000522,0.123172552191,0.116140000522,0.123172552191,0.123172552191
reservoir_property_p51_r1-2fd3c77299aba260cbc2,15/9-19,15/9-19 A,3927.0432,1,0.0853589996696,0.135014347561,0.0853589996696,0.135014347561,0.135014347561
reservoir_property_p51_r1-482ca5e8f089f800b149,15/9-19,15/9-19 A,3929.1768,1,0.131126001477,0.150047761434,0.131126001477,0.150047761434,0.150047761434
reservoir_property_p51_r1-6368e91c7b49eb48f555,15/9-19,15/9-19 A,3931.3104,1,0.0341220013797,0.128375835882,0.0341220013797,0.128375835882,0.128375835882
reservoir_property_p51_r1-e245e2b7be260e10d89d,15/9-19,15/9-19 A,3933.444,1,0,0.109202514852,0,0.109202514852,0.109202514852
reservoir_property_p51_r1-c4646559245407a189bd,15/9-19,15/9-19 A,3935.5776,1,0.0954950004816,0.125199822288,0.0954950004816,0.125199822288,0.125199822288
reservoir_property_p51_r1-7288da4e92a9b94012df,15/9-19,15/9-19 A,3937.7112,1,0.1426499933,0.164043898253,0.1426499933,0.164043898253,0.164043898253
reservoir_property_p51_r1-7730fe1274b31c527544,15/9-19,15/9-19 A,3939.8448,1,0.0936499983072,0.146784517574,0.0936499983072,0.146784517574,0.146784517574
reservoir_property_p51_r1-4269d6afb067480d3d74,15/9-19,15/9-19 A,3941.9784,1,0.0751880034804,0.109888396679,0.0751880034804,0.109888396679,0.109888396679
reservoir_property_p51_r1-36d004f1b0ef6b98c067,15/9-19,15/9-19 A,3944.112,1,0.122137002647,0.10404722208,0.122137002647,0.10404722208,0.10404722208
reservoir_property_p51_r1-fc0b15025295be2d1721,15/9-19,15/9-19 A,3946.2456,1,0.0784379988909,0.107487740148,0.0784379988909,0.107487740148,0.107487740148
reservoir_property_p51_r1-6ce722e91999e30b030f,15/9-19,15/9-19 A,3948.3792,1,0.164849996567,0.141533122274,0.164849996567,0.141533122274,0.141533122274
reservoir_property_p51_r1-ef1ad8b8028fd49ddc4f,15/9-19,15/9-19 A,3950.5128,1,0.0665799975395,0.1478655799,0.0665799975395,0.1478655799,0.1478655799
reservoir_property_p51_r1-f3d652b75bda5eb9cbf2,15/9-19,15/9-19 A,3952.6464,1,0.185142993927,0.155570446885,0.185142993927,0.155570446885,0.155570446885
reservoir_property_p51_r1-abd5ddc6451bcbcdd444,15/9-19,15/9-19 A,3954.78,1,0.196407005191,0.171951183091,0.196407005191,0.171951183091,0.171951183091
reservoir_property_p51_r1-48f2e104933dfb6b8333,15/9-19,15/9-19 A,3956.9136,1,0.162184000015,0.167915407866,0.162184000015,0.167915407866,0.167915407866
reservoir_property_p51_r1-80d0cf104d57aaf84b64,15/9-19,15/9-19 A,3959.0472,1,0.174091994762,0.132760567293,0.174091994762,0.132760567293,0.132760567293
reservoir_property_p51_r1-e8971e133fc2020c291f,15/9-19,15/9-19 A,3961.1808,1,0.167555004358,0.135241839018,0.167555004358,0.135241839018,0.135241839018
reservoir_property_p51_r1-2a2dc31ff88488cd7591,15/9-19,15/9-19 A,3963.3144,1,0.145936995745,0.14407576248,0.145936995745,0.14407576248,0.14407576248
reservoir_property_p51_r1-5f9023d0346bb7db4d0c,15/9-19,15/9-19 BT2,4039.9716,1,0.201223000884,0.202352278751,0.201223000884,0.202352278751,0.202352278751
reservoir_property_p51_r1-17eb1e25bbbc88a94216,15/9-19,15/9-19 BT2,4042.1052,1,0.205118998885,0.202252087924,0.205118998885,0.202252087924,0.202252087924
reservoir_property_p51_r1-6c7658fe80039c29d01c,15/9-19,15/9-19 BT2,4044.2388,1,0.203121006489,0.201777805618,0.203121006489,0.201777805618,0.201777805618
reservoir_property_p51_r1-c4d972db396a804b6e68,15/9-19,15/9-19 BT2,4046.3724,1,0.192579001188,0.191833592982,0.192579001188,0.191833592982,0.191833592982
reservoir_property_p51_r1-0d5cf65e32752909676d,15/9-19,15/9-19 BT2,4048.506,1,0.209033995867,0.192453518876,0.209033995867,0.192453518876,0.192453518876
reservoir_property_p51_r1-83dd5d6464a142941499,15/9-19,15/9-19 BT2,4050.6396,1,0.221132993698,0.19408969368,0.221132993698,0.19408969368,0.19408969368
reservoir_property_p51_r1-f7a2682f45a52a1db059,15/9-19,15/9-19 BT2,4052.7732,1,0.179012998939,0.196344309075,0.179012998939,0.196344309075,0.196344309075
reservoir_property_p51_r1-f9ae65e0657a3121113a,15/9-19,15/9-19 BT2,4054.9068,1,0.237974002957,0.221987948953,0.237974002957,0.221987948953,0.221987948953
reservoir_property_p51_r1-db439f8c7b0d4bd04d6f,15/9-19,15/9-19 BT2,4057.0404,1,0.230647996068,0.223201941667,0.230647996068,0.223201941667,0.223201941667
reservoir_property_p51_r1-a7a18be6e023dabcb84e,15/9-19,15/9-19 BT2,4059.174,1,0.235387995839,0.219194295803,0.235387995839,0.219194295803,0.219194295803
reservoir_property_p51_r1-f18e185fd42e53603cbe,15/9-19,15/9-19 BT2,4061.3076,1,0.236452996731,0.209926000534,0.236452996731,0.209926000534,0.209926000534
reservoir_property_p51_r1-eca180adcf269306e40e,15/9-19,15/9-19 BT2,4063.4412,1,0.17386700213,0.195498228579,0.17386700213,0.195498228579,0.195498228579
reservoir_property_p51_r1-d55e2b07ae322ddacf1b,15/9-19,15/9-19 BT2,4065.5748,1,0.213553994894,0.200070669365,0.213553994894,0.200070669365,0.200070669365
reservoir_property_p51_r1-e5dffe3e0b960a8909f1,15/9-19,15/9-19 BT2,4067.7084,1,0.228830993176,0.210782913227,0.228830993176,0.210782913227,0.210782913227
reservoir_property_p51_r1-2942949578935c453b7d,15/9-19,15/9-19 BT2,4069.842,1,0.155164003372,0.170061253037,0.155164003372,0.170061253037,0.170061253037
reservoir_property_p51_r1-3fb7e0a49f7f424b71bd,15/9-19,15/9-19 BT2,4071.9756,1,0.100590996444,0.146856332214,0.100590996444,0.146856332214,0.146856332214
reservoir_property_p51_r1-0ef440a79a6c325b9485,15/9-19,15/9-19 BT2,4074.1092,1,0.226217001677,0.156795110297,0.226217001677,0.156795110297,0.156795110297
reservoir_property_p51_r1-8b0dfe4fd19568417549,15/9-19,15/9-19 BT2,4076.2428,1,0.00440199999139,0.106974417369,0.00440199999139,0.106974417369,0.106974417369
reservoir_property_p51_r1-61d8c6da5f43e3c3a8c9,15/9-19,15/9-19 BT2,4078.3764,1,0.211777001619,0.151230346226,0.211777001619,0.151230346226,0.151230346226
reservoir_property_p51_r1-2c435b2f5ec28e30c92a,15/9-19,15/9-19 BT2,4080.51,1,0.224849998951,0.198050533936,0.224849998951,0.198050533936,0.198050533936
reservoir_property_p51_r1-1492cd74a90b4db31f7c,15/9-19,15/9-19 BT2,4082.6436,1,0.206370994449,0.220829694133,0.206370994449,0.220829694133,0.220829694133
reservoir_property_p51_r1-e4c619aa61e7c9c4c69e,15/9-19,15/9-19 BT2,4084.7772,1,0.244029000401,0.218824138268,0.244029000401,0.218824138268,0.218824138268
reservoir_property_p51_r1-0407ee04f6ddb66a1a56,15/9-19,15/9-19 BT2,4086.9108,1,0.197995007038,0.202552292787,0.197995007038,0.202552292787,0.202552292787
reservoir_property_p51_r1-74439ba92582a84ba471,15/9-19,15/9-19 BT2,4089.0444,1,0.178880006075,0.200683569494,0.178880006075,0.200683569494,0.200683569494
reservoir_property_p51_r1-9bf9284f92d26be1d274,15/9-19,15/9-19 BT2,4091.178,1,0.184028998017,0.193671815119,0.184028998017,0.193671815119,0.193671815119
reservoir_property_p51_r1-645867ec61a985871c4c,15/9-19,15/9-19 BT2,4093.3116,1,0.187674000859,0.1887811953,0.187674000859,0.1887811953,0.1887811953
reservoir_property_p51_r1-cfdf9b0049feed6a747f,15/9-19,15/9-19 BT2,4095.4452,1,0.217658996582,0.198157961628,0.217658996582,0.198157961628,0.198157961628
reservoir_property_p51_r1-52b3257a3ea06c05215f,15/9-19,15/9-19 BT2,4097.5788,1,0.219420000911,0.208699198635,0.219420000911,0.208699198635,0.208699198635
reservoir_property_p51_r1-c192d53d443568006318,15/9-19,15/9-19 BT2,4099.7124,1,0.11505600065,0.161763154278,0.11505600065,0.161763154278,0.161763154278
reservoir_property_p51_r1-7e7e6dcc83e62f16b2a7,15/9-19,15/9-19 BT2,4101.846,1,0.138408005238,0.156795660277,0.138408005238,0.156795660277,0.156795660277
reservoir_property_p51_r1-8053c6131cedcb32f61b,15/9-19,15/9-19 BT2,4103.9796,1,0.0960500016809,0.166498259943,0.0960500016809,0.166498259943,0.166498259943
reservoir_property_p51_r1-fb3cceeb3a4ce1d6fd01,15/9-19,15/9-19 BT2,4106.1132,1,0.195068001747,0.184417629288,0.195068001747,0.184417629288,0.184417629288
reservoir_property_p51_r1-4e718ca88f4887b2bd0c,15/9-19,15/9-19 BT2,4108.2468,1,0.192855000496,0.200502799741,0.192855000496,0.200502799741,0.200502799741
reservoir_property_p51_r1-b418c56149f6ec7619f3,15/9-19,15/9-19 BT2,4110.3804,1,0.192865997553,0.203232616046,0.192865997553,0.203232616046,0.203232616046
reservoir_property_p51_r1-50ec9c8e748675c1780b,15/9-19,15/9-19 BT2,4112.514,1,0.200207993388,0.204337084139,0.200207993388,0.204337084139,0.204337084139
reservoir_property_p51_r1-61e6173eb6face567e7b,15/9-19,15/9-19 BT2,4114.6476,1,0.228245005012,0.211840882652,0.228245005012,0.211840882652,0.211840882652
reservoir_property_p51_r1-2b215e73c517e3d41ddc,15/9-19,15/9-19 BT2,4116.7812,1,0.218036994338,0.216957568982,0.218036994338,0.216957568982,0.216957568982
reservoir_property_p51_r1-b8eed999fd8eda807685,15/9-19,15/9-19 BT2,4118.9148,1,0.217847004533,0.225438252069,0.217847004533,0.225438252069,0.225438252069
reservoir_property_p51_r1-da56dacb5179280cfe8f,15/9-19,15/9-19 BT2,4121.0484,1,0.208003997803,0.225144528186,0.208003997803,0.225144528186,0.225144528186
reservoir_property_p51_r1-2670d98ab1ae8e8fa0c3,15/9-19,15/9-19 BT2,4123.182,1,0.213945001364,0.230281057526,0.213945001364,0.230281057526,0.230281057526
reservoir_property_p51_r1-bc5d03ad223768b5016a,15/9-19,15/9-19 BT2,4125.3156,1,0.221999004483,0.230000667463,0.221999004483,0.230000667463,0.230000667463
reservoir_property_p51_r1-be076e89fde786b423f8,15/9-19,15/9-19 BT2,4127.4492,1,0.222087994218,0.232415676539,0.222087994218,0.232415676539,0.232415676539
reservoir_property_p51_r1-56b8b3420a07934e1600,15/9-19,15/9-19 BT2,4129.5828,1,0.223922997713,0.225869478964,0.223922997713,0.225869478964,0.225869478964
reservoir_property_p51_r1-16ddefd7012a9ec1d84e,15/9-19,15/9-19 BT2,4131.7164,1,0.155542999506,0.220651343088,0.155542999506,0.220651343088,0.220651343088
reservoir_property_p51_r1-be453fb7f5b5fb6d6dc7,15/9-19,15/9-19 BT2,4133.85,1,0.219569995999,0.226608331784,0.219569995999,0.226608331784,0.226608331784
reservoir_property_p51_r1-0e5276b6055c5f46c990,15/9-19,15/9-19 BT2,4135.9836,1,0.19964300096,0.20770771907,0.19964300096,0.20770771907,0.20770771907
reservoir_property_p51_r1-75f3af5dea0fc3b8bc18,15/9-19,15/9-19 BT2,4138.1172,1,0.164483994246,0.181078752778,0.164483994246,0.181078752778,0.181078752778
reservoir_property_p51_r1-d8f352d5bffdfa9933a0,15/9-19,15/9-19 BT2,4140.2508,1,0.138761997223,0.187336759058,0.138761997223,0.187336759058,0.187336759058
reservoir_property_p51_r1-f57780042299ff0bb4c0,15/9-19,15/9-19 BT2,4142.3844,1,0.229856997728,0.217645511469,0.229856997728,0.217645511469,0.217645511469
reservoir_property_p51_r1-f7df0942c045e791ea97,15/9-19,15/9-19 BT2,4144.518,1,0.250030010939,0.23448971074,0.250030010939,0.23448971074,0.23448971074
reservoir_property_p51_r1-f77f21a917f8e2bb4453,15/9-19,15/9-19 BT2,4146.6516,1,0.217939004302,0.227505061044,0.217939004302,0.227505061044,0.227505061044
reservoir_property_p51_r1-90ae4a78ff185f815bbe,15/9-19,15/9-19 BT2,4148.7852,1,0.197704002261,0.250464467065,0.197704002261,0.250464467065,0.250464467065
reservoir_property_p51_r1-caf20a32eb1cce9b728d,15/9-19,15/9-19 BT2,4150.9188,1,0.221619993448,0.262233262846,0.221619993448,0.262233262846,0.262233262846
reservoir_property_p51_r1-b5581e403eb22a9df522,15/9-19,15/9-19 BT2,4153.0524,1,0.196095004678,0.222533250961,0.196095004678,0.222533250961,0.222533250961
reservoir_property_p51_r1-3fe00fa7843c63cb5069,15/9-19,15/9-19 BT2,4155.186,1,0.181486994028,0.214514278056,0.181486994028,0.214514278056,0.214514278056
reservoir_property_p51_r1-ee8199ff3b3d3a92dd3b,15/9-19,15/9-19 BT2,4157.3196,1,0.184889003634,0.22384807091,0.184889003634,0.22384807091,0.22384807091
reservoir_property_p51_r1-14303b1a409ae943241b,15/9-19,15/9-19 BT2,4159.4532,1,0.190715000033,0.228836159386,0.190715000033,0.228836159386,0.228836159386
reservoir_property_p51_r1-2424110cfa656c3e20ed,15/9-19,15/9-19 BT2,4161.5868,1,0.195078998804,0.218730991188,0.195078998804,0.218730991188,0.218730991188
reservoir_property_p51_r1-e4dcb87f43964bc42283,15/9-19,15/9-19 BT2,4163.7204,1,0.178709998727,0.20517906767,0.178709998727,0.20517906767,0.20517906767
reservoir_property_p51_r1-fa279f41172f2b46d8a7,15/9-19,15/9-19 BT2,4165.854,1,0.221122995019,0.220713687098,0.221122995019,0.220713687098,0.220713687098
reservoir_property_p51_r1-9a82322911d1538fb107,15/9-19,15/9-19 BT2,4167.9876,1,0.254124999046,0.236564786002,0.254124999046,0.236564786002,0.236564786002
reservoir_property_p51_r1-a5404e09df17407de685,15/9-19,15/9-19 BT2,4170.1212,1,0.22062599659,0.231349593789,0.22062599659,0.231349593789,0.231349593789
reservoir_property_p51_r1-b61032c8988d22de110d,15/9-19,15/9-19 BT2,4172.2548,1,0.259110987186,0.234579771872,0.259110987186,0.234579771872,0.234579771872
reservoir_property_p51_r1-5fd52a891c14eb2ec674,15/9-19,15/9-19 BT2,4174.3884,1,0.214303001761,0.210690958905,0.214303001761,0.210690958905,0.210690958905
reservoir_property_p51_r1-632b8d072ab14d84370f,15/9-19,15/9-19 BT2,4176.522,1,0.238958001137,0.206451639948,0.238958001137,0.206451639948,0.206451639948
reservoir_property_p51_r1-627fafe2433e9e258195,15/9-19,15/9-19 BT2,4178.6556,1,0,0.220743560062,0,0.220743560062,0.220743560062
reservoir_property_p51_r1-acc3e9ed568068a231eb,15/9-19,15/9-19 BT2,4180.7892,1,0.204510003328,0.194053907005,0.204510003328,0.194053907005,0.194053907005
reservoir_property_p51_r1-51047cca1addf691de5a,15/9-19,15/9-19 BT2,4182.9228,1,0.0679849982262,0.150852735534,0.0679849982262,0.150852735534,0.150852735534
reservoir_property_p51_r1-1778b37e8d76204de6b5,15/9-19,15/9-19 BT2,4185.0564,1,0,0.236156359323,0,0.236156359323,0.236156359323
reservoir_property_p51_r1-3732931f1dab15fb1ae8,15/9-19,15/9-19 BT2,4187.19,1,0.174287006259,0.208034901549,0.174287006259,0.208034901549,0.208034901549
reservoir_property_p51_r1-803d8dda07685417ac15,15/9-19,15/9-19 BT2,4189.3236,1,0.105690002441,0.116700053288,0.105690002441,0.116700053288,0.116700053288
reservoir_property_p51_r1-5d3a90b792abbdfd0416,15/9-19,15/9-19 BT2,4191.4572,1,0.0605509988964,0.0541990988008,0.0605509988964,0.0541990988008,0.0541990988008
reservoir_property_p51_r1-bc9998907f1ed9056af2,15/9-19,15/9-19 BT2,4193.5908,1,0.0309670008719,0.0449371219578,0.0309670008719,0.0449371219578,0.0449371219578
reservoir_property_p51_r1-3732ebca88252773d1c6,15/9-19,15/9-19 BT2,4195.7244,1,0.0765699967742,0.0401777100677,0.0765699967742,0.0401777100677,0.0401777100677
reservoir_property_p51_r1-a9cfe829449d62897cbd,15/9-19,15/9-19 SR,4269.9432,1,0,0.0889404538061,0,0.0889404538061,0.0889404538061
reservoir_property_p51_r1-ce358540f331435b66ce,15/9-19,15/9-19 SR,4273.9056,1,0,0.100032168921,0,0.100032168921,0.100032168921
reservoir_property_p51_r1-973bba9c487f6d73cebf,15/9-19,15/9-19 SR,4276.0392,1,0,0.101835314322,0,0.101835314322,0.101835314322
reservoir_property_p51_r1-d68e98e909894fe502d6,15/9-19,15/9-19 SR,4278.1728,1,0,0.0978155283198,0,0.0978155283198,0.0978155283198
reservoir_property_p51_r1-28b363ee45458e731cb9,15/9-19,15/9-19 SR,4280.3064,1,0,0.0937152079122,0,0.0937152079122,0.0937152079122
reservoir_property_p51_r1-f993a075275f6edf91a1,15/9-19,15/9-19 SR,4282.44,1,0,0.084873433838,0,0.084873433838,0.084873433838
reservoir_property_p51_r1-3e030bdce98d6f8dd264,15/9-19,15/9-19 SR,4284.5736,1,0,0.0897662017204,0,0.0897662017204,0.0897662017204
reservoir_property_p51_r1-7891ab9dbb0ef5c467e6,15/9-19,15/9-19 SR,4286.7072,1,0,0.0852137990332,0,0.0852137990332,0.0852137990332
reservoir_property_p51_r1-434c7020b5853ed800b6,15/9-19,15/9-19 SR,4288.8408,1,0,0.0852938444767,0,0.0852938444767,0.0852938444767
reservoir_property_p51_r1-9e714c3b24a10192ce2e,15/9-19,15/9-19 SR,4290.9744,1,0,0.0879169506276,0,0.0879169506276,0.0879169506276
reservoir_property_p51_r1-86ac012091ab82f4544d,15/9-19,15/9-19 SR,4293.108,1,0,0.0649762025944,0,0.0649762025944,0.0649762025944
reservoir_property_p51_r1-30bf9051d53730f79a53,15/9-19,15/9-19 SR,4295.2416,1,0,0.0644087091904,0,0.0644087091904,0.0644087091904
reservoir_property_p51_r1-ab62a2045b781330f8c6,15/9-19,15/9-19 SR,4297.375,1,0,0.0483732447256,0,0.0483732447256,0.0483732447256
reservoir_property_p51_r1-e0a592a358fb01109913,15/9-19,15/9-19 SR,4299.5088,1,0,0.0375957695232,0,0.0375957695232,0.0375957695232
reservoir_property_p51_r1-aad3053a7097065a6859,15/9-F-1,15/9-F-1 A,3430.6,3,0.019999999553,0.048102054297,0.019999999553,0.048102054297,0.048102054297
reservoir_property_p51_r1-75ae061e8f9000495219,15/9-F-1,15/9-F-1 A,3432.6,3,0.019999999553,0.00465289079962,0.019999999553,0.00465289079962,0.00465289079962
reservoir_property_p51_r1-0a608aa6cdb2229c0489,15/9-F-1,15/9-F-1 A,3434.6,3,0.102200001478,0.0875575099203,0.102200001478,0.0875575099203,0.0875575099203
reservoir_property_p51_r1-6910121701041a982dc0,15/9-F-1,15/9-F-1 A,3436.6,3,0.190400004387,0.167670904127,0.190400004387,0.167670904127,0.167670904127
reservoir_property_p51_r1-f9474c1ca000994ce73a,15/9-F-1,15/9-F-1 A,3438.6,3,0.143399998546,0.135799362465,0.143399998546,0.135799362465,0.135799362465
reservoir_property_p51_r1-9bb7f858c0054bd2f092,15/9-F-1,15/9-F-1 A,3440.6,3,0.042500000447,0.121412286036,0.042500000447,0.121412286036,0.121412286036
reservoir_property_p51_r1-134adcc7a7ef74b8b1fd,15/9-F-1,15/9-F-1 A,3442.6,3,0.171100005507,0.147891536568,0.171100005507,0.147891536568,0.147891536568
reservoir_property_p51_r1-a5ef3e955e2caf730929,15/9-F-1,15/9-F-1 A,3444.6,3,0.201900005341,0.167585751495,0.201900005341,0.167585751495,0.167585751495
reservoir_property_p51_r1-c21a8e20da38350152a2,15/9-F-1,15/9-F-1 A,3446.6,3,0.141499996185,0.156542098587,0.141499996185,0.156542098587,0.156542098587
reservoir_property_p51_r1-6789f2fc7722bf724393,15/9-F-1,15/9-F-1 A,3448.6,3,0.225799992681,0.15030560707,0.225799992681,0.15030560707,0.15030560707
reservoir_property_p51_r1-9b3bf10d1cd101b1abdb,15/9-F-1,15/9-F-1 A,3450.6,3,0.0863000005484,0.136019233633,0.0863000005484,0.136019233633,0.136019233633
reservoir_property_p51_r1-cc78df5177291bcc05fe,15/9-F-1,15/9-F-1 A,3452.6,3,0.163100004196,0.112298019463,0.163100004196,0.112298019463,0.112298019463
reservoir_property_p51_r1-6404c6ada7cc14ccd560,15/9-F-1,15/9-F-1 A,3454.6,3,0.13369999826,0.153621857197,0.13369999826,0.153621857197,0.153621857197
reservoir_property_p51_r1-d569b961f92e47de34ec,15/9-F-1,15/9-F-1 A,3456.6,3,0.222599998116,0.184950193473,0.222599998116,0.184950193473,0.184950193473
reservoir_property_p51_r1-3d30c8bbdf16298b333d,15/9-F-1,15/9-F-1 A,3458.6,3,0.167600005865,0.155396064198,0.167600005865,0.155396064198,0.155396064198
reservoir_property_p51_r1-c771e76ce1b55bf86b75,15/9-F-1,15/9-F-1 A,3460.6,3,0.187600001693,0.156227234951,0.187600001693,0.156227234951,0.156227234951
reservoir_property_p51_r1-aac1d578d62b49e27099,15/9-F-1,15/9-F-1 A,3462.6,3,0.201499998569,0.166418144879,0.201499998569,0.166418144879,0.166418144879
reservoir_property_p51_r1-51c0bb52d7a801e51ed1,15/9-F-1,15/9-F-1 A,3464.6,3,0.139100000262,0.128543613197,0.139100000262,0.128543613197,0.128543613197
reservoir_property_p51_r1-4fcd5e516330d8543cfa,15/9-F-1,15/9-F-1 A,3466.6,3,0.104299999774,0.122773603738,0.104299999774,0.122773603738,0.122773603738
reservoir_property_p51_r1-4a7af87c28d0acdb3166,15/9-F-1,15/9-F-1 A,3468.6,3,0.149399995804,0.115802995398,0.149399995804,0.115802995398,0.115802995398
reservoir_property_p51_r1-a7c937b526bbdf6495eb,15/9-F-1,15/9-F-1 A,3470.6,3,0.019999999553,0.100841676487,0.019999999553,0.100841676487,0.100841676487
reservoir_property_p51_r1-fd91be1e31f5fd815739,15/9-F-1,15/9-F-1 A,3472.6,3,0.105700001121,0.0989086530861,0.105700001121,0.0989086530861,0.0989086530861
reservoir_property_p51_r1-51f76c40fbfdb1cd5f02,15/9-F-1,15/9-F-1 A,3474.6,3,0.123800002038,0.12185901536,0.123800002038,0.12185901536,0.12185901536
reservoir_property_p51_r1-b2027021bb2ec38fadec,15/9-F-1,15/9-F-1 A,3476.6,3,0.156200006604,0.14428009757,0.156200006604,0.14428009757,0.14428009757
reservoir_property_p51_r1-50e39d5ae1f287b78378,15/9-F-1,15/9-F-1 A,3478.6,3,0.16060000658,0.160220008099,0.16060000658,0.160220008099,0.160220008099
reservoir_property_p51_r1-c821bc567d9ce6c62529,15/9-F-1,15/9-F-1 A,3480.6,3,0.196999996901,0.168757065948,0.196999996901,0.168757065948,0.168757065948
reservoir_property_p51_r1-1d1b55d28bbc1282df82,15/9-F-1,15/9-F-1 B,3251.3,3,0.145999997854,0.166928208982,0.145999997854,0.166928208982,0.166928208982
reservoir_property_p51_r1-a7f5b50b7828b740f7f5,15/9-F-1,15/9-F-1 B,3253.3,3,0.175799995661,0.199151506834,0.175799995661,0.199151506834,0.199151506834
reservoir_property_p51_r1-8a0cde04ad7968b79dc1,15/9-F-1,15/9-F-1 B,3255.3,3,0.267500013113,0.225096160916,0.267500013113,0.225096160916,0.225096160916
reservoir_property_p51_r1-c49556fbbe6bd89ff14c,15/9-F-1,15/9-F-1 B,3257.3,3,0.229100003839,0.166985167012,0.229100003839,0.166985167012,0.166985167012
reservoir_property_p51_r1-447b0ea12ecbb91646b2,15/9-F-1,15/9-F-1 B,3259.3,3,0.0772000029683,0.151573688025,0.0772000029683,0.151573688025,0.151573688025
reservoir_property_p51_r1-43fa187b112e89a1f121,15/9-F-1,15/9-F-1 B,3261.3,3,0.22159999609,0.181398029908,0.22159999609,0.181398029908,0.181398029908
reservoir_property_p51_r1-fca26ac5283f6c989911,15/9-F-1,15/9-F-1 B,3263.3,3,0.115699999034,0.176558498176,0.115699999034,0.176558498176,0.176558498176
reservoir_property_p51_r1-11d65665aa4d40745035,15/9-F-1,15/9-F-1 B,3265.3,3,0.237700000405,0.216569707851,0.237700000405,0.216569707851,0.216569707851
reservoir_property_p51_r1-212804f3c1ebd8e1a38b,15/9-F-1,15/9-F-1 B,3267.3,3,0.239299997687,0.223242070899,0.239299997687,0.223242070899,0.223242070899
reservoir_property_p51_r1-91f8c3e3fe8e4532fa25,15/9-F-1,15/9-F-1 B,3269.3,3,0.129099994898,0.176133416384,0.129099994898,0.176133416384,0.176133416384
reservoir_property_p51_r1-6804b84f98a8eeeae1bc,15/9-F-1,15/9-F-1 B,3271.3,3,0.208399996161,0.18059001921,0.208399996161,0.18059001921,0.18059001921
reservoir_property_p51_r1-1dc81ceae51063db4b29,15/9-F-1,15/9-F-1 B,3273.3,3,0.222499996424,0.204306307325,0.222499996424,0.204306307325,0.204306307325
reservoir_property_p51_r1-3e8d1cf4320503754e2e,15/9-F-1,15/9-F-1 B,3275.3,3,0.20909999311,0.179835775908,0.20909999311,0.179835775908,0.179835775908
reservoir_property_p51_r1-af2b8e676792777de942,15/9-F-1,15/9-F-1 B,3277.3,3,0.0935000032187,0.141098230913,0.0935000032187,0.141098230913,0.141098230913
reservoir_property_p51_r1-ef4ca2efde74bb98ec32,15/9-F-1,15/9-F-1 B,3279.3,3,0.199900001287,0.176478411078,0.199900001287,0.176478411078,0.176478411078
reservoir_property_p51_r1-0102c564ecdfe0fa7b57,15/9-F-1,15/9-F-1 B,3281.3,3,0.224700003862,0.178839299533,0.224700003862,0.178839299533,0.178839299533
reservoir_property_p51_r1-9003136593df695f3de3,15/9-F-1,15/9-F-1 B,3283.3,3,0.198599994183,0.160419026769,0.198599994183,0.160419026769,0.160419026769
reservoir_property_p51_r1-fa77940f9659d8b0ae6e,15/9-F-1,15/9-F-1 B,3285.3,3,0.202600002289,0.180543769067,0.202600002289,0.180543769067,0.180543769067
reservoir_property_p51_r1-f721ec200134c2e177d3,15/9-F-1,15/9-F-1 B,3287.3,3,0.216700002551,0.184584010277,0.216700002551,0.184584010277,0.184584010277
reservoir_property_p51_r1-7cefea5c31860686b82f,15/9-F-1,15/9-F-1 B,3289.3,3,0.184699997306,0.219233746924,0.184699997306,0.219233746924,0.219233746924
reservoir_property_p51_r1-8f392a18ef7ebb897d89,15/9-F-1,15/9-F-1 B,3291.3,3,0.218899995089,0.242237922866,0.218899995089,0.242237922866,0.242237922866
reservoir_property_p51_r1-a1794b20e4c302e8b749,15/9-F-1,15/9-F-1 B,3293.3,3,0.23109999299,0.23194114268,0.23109999299,0.23194114268,0.23194114268
reservoir_property_p51_r1-da9ceeb7c0a1a928e2b1,15/9-F-1,15/9-F-1 B,3295.3,3,0.188999995589,0.207589223099,0.188999995589,0.207589223099,0.207589223099
reservoir_property_p51_r1-979302475eaa572d2e54,15/9-F-1,15/9-F-1 B,3297.3,3,0.212999999523,0.192198702795,0.212999999523,0.192198702795,0.192198702795
reservoir_property_p51_r1-9f7deba1998be3a1c08f,15/9-F-1,15/9-F-1 B,3299.3,3,0.158299997449,0.18630407275,0.158299997449,0.18630407275,0.18630407275
reservoir_property_p51_r1-f15d7a36e61d5b540c60,15/9-F-1,15/9-F-1 B,3301.3,3,0.20640000701,0.186856428194,0.20640000701,0.186856428194,0.186856428194
reservoir_property_p51_r1-c1d406b7e0c2f1f8a313,15/9-F-1,15/9-F-1 B,3303.3,3,0.199100002646,0.145366407517,0.199100002646,0.145366407517,0.145366407517
reservoir_property_p51_r1-aeb895029f772745ce88,15/9-F-1,15/9-F-1 B,3305.3,3,0.019999999553,0.048258286081,0.019999999553,0.048258286081,0.048258286081
reservoir_property_p51_r1-4fd8f693147220acbbbf,15/9-F-1,15/9-F-1 B,3313.5,3,0.0733999982476,0.0705140902385,0.0733999982476,0.0705140902385,0.0705140902385
reservoir_property_p51_r1-f48a8c765f4b5d8fe8e2,15/9-F-1,15/9-F-1 B,3315.5,3,0.0746999979019,0.071231719859,0.0746999979019,0.071231719859,0.071231719859
reservoir_property_p51_r1-7c0918cccea0a1ed5fc7,15/9-F-1,15/9-F-1 B,3317.5,3,0.019999999553,0.0634074481054,0.019999999553,0.0634074481054,0.0634074481054
reservoir_property_p51_r1-90916c854c0c8d605aec,15/9-F-1,15/9-F-1 B,3319.5,3,0.0742999985814,0.0731906225579,0.0742999985814,0.0731906225579,0.0731906225579
reservoir_property_p51_r1-14dc5ee09f52fc7a06c8,15/9-F-1,15/9-F-1 B,3321.5,3,0.0262000001967,0.0797677078824,0.0262000001967,0.0797677078824,0.0797677078824
reservoir_property_p51_r1-df38cce6f2a353ca4c82,15/9-F-1,15/9-F-1 B,3323.5,3,0.0500999987125,0.0719844088074,0.0500999987125,0.0719844088074,0.0719844088074
reservoir_property_p51_r1-ac8d27be352cd4be88de,15/9-F-1,15/9-F-1 B,3325.5,3,0.0538999997079,0.0802432458966,0.0538999997079,0.0802432458966,0.0802432458966
reservoir_property_p51_r1-b40a81d12f8998ebacbd,15/9-F-1,15/9-F-1 B,3327.5,3,0.183500006795,0.130944455305,0.183500006795,0.130944455305,0.130944455305
reservoir_property_p51_r1-770468663c804e3f3b51,15/9-F-1,15/9-F-1 B,3329.5,3,0.190300002694,0.164766120688,0.190300002694,0.164766120688,0.164766120688
reservoir_property_p51_r1-47a98aa288dd56c7002f,15/9-F-1,15/9-F-1 B,3331.5,3,0.178000003099,0.146147204443,0.178000003099,0.146147204443,0.146147204443
reservoir_property_p51_r1-ebdb5f9226406b8e60e7,15/9-F-1,15/9-F-1 B,3333.5,3,0.137600004673,0.142486856574,0.137600004673,0.142486856574,0.142486856574
reservoir_property_p51_r1-3dd64cebddac91036c1b,15/9-F-1,15/9-F-1 B,3335.5,3,0.180399999022,0.125966562195,0.180399999022,0.125966562195,0.125966562195
reservoir_property_p51_r1-9bf7f09f56c31772e573,15/9-F-1,15/9-F-1 C,3256.4,3,0.254999995232,0.212119974605,0.254999995232,0.212119974605,0.212119974605
reservoir_property_p51_r1-499c8257961ecf0b32c7,15/9-F-1,15/9-F-1 C,3258.4,3,0.233199998736,0.217056509434,0.233199998736,0.217056509434,0.217056509434
reservoir_property_p51_r1-9564e978f2d7f9ecffc1,15/9-F-1,15/9-F-1 C,3260.4,3,0.200699999928,0.208565276262,0.200699999928,0.208565276262,0.208565276262
reservoir_property_p51_r1-4ba15d2703aff84a4f66,15/9-F-1,15/9-F-1 C,3262.4,3,0.216100007296,0.209752974066,0.216100007296,0.209752974066,0.209752974066
reservoir_property_p51_r1-ddec7e403327aafa7547,15/9-F-1,15/9-F-1 C,3264.4,3,0.234699994326,0.218651201408,0.234699994326,0.218651201408,0.218651201408
reservoir_property_p51_r1-c0d1aa05916d64574a7d,15/9-F-1,15/9-F-1 C,3266.4,3,0.231399998069,0.19467904872,0.231399998069,0.19467904872,0.19467904872
reservoir_property_p51_r1-f95c1db32c44829f10fe,15/9-F-1,15/9-F-1 C,3268.4,3,0.104000002146,0.164905472343,0.104000002146,0.164905472343,0.164905472343
reservoir_property_p51_r1-58e03042adf77d71a7a9,15/9-F-1,15/9-F-1 C,3270.4,3,0.222499996424,0.195845019898,0.222499996424,0.195845019898,0.195845019898
reservoir_property_p51_r1-193e0d84a9e04194e714,15/9-F-1,15/9-F-1 C,3272.4,3,0.236900001764,0.221063840806,0.236900001764,0.221063840806,0.221063840806
reservoir_property_p51_r1-56a0121deac186e4c92e,15/9-F-1,15/9-F-1 C,3274.4,3,0.217999994755,0.215566082242,0.217999994755,0.215566082242,0.215566082242
reservoir_property_p51_r1-57540c878139f3e7b885,15/9-F-1,15/9-F-1 C,3276.4,3,0.230000004172,0.203855499858,0.230000004172,0.203855499858,0.203855499858
reservoir_property_p51_r1-7745b82b813f3281544d,15/9-F-1,15/9-F-1 C,3278.4,3,0.179000005126,0.145776155396,0.179000005126,0.145776155396,0.145776155396
reservoir_property_p51_r1-d9eea74e10622bfdb40f,15/9-F-1,15/9-F-1 C,3280.4,3,0.108900003135,0.110691233424,0.108900003135,0.110691233424,0.110691233424
reservoir_property_p51_r1-9708bf89831e2e1ddbb9,15/9-F-1,15/9-F-1 C,3282.4,3,0.14390000701,0.137475428629,0.14390000701,0.137475428629,0.137475428629
reservoir_property_p51_r1-3d6999b07016da8e4dd2,15/9-F-1,15/9-F-1 C,3284.4,3,0.173700004816,0.149246958859,0.173700004816,0.149246958859,0.149246958859
reservoir_property_p51_r1-1e6ec50ba3f83871060c,15/9-F-1,15/9-F-1 C,3286.4,3,0.0989999994636,0.117433720577,0.0989999994636,0.117433720577,0.117433720577
reservoir_property_p51_r1-61049786f69724dfd3c6,15/9-F-1,15/9-F-1 C,3288.4,3,0.12309999764,0.105350822165,0.12309999764,0.105350822165,0.105350822165
reservoir_property_p51_r1-7498d21f09127b2ec9db,15/9-F-1,15/9-F-1 C,3290.4,3,0.0984999984503,0.101548927459,0.0984999984503,0.101548927459,0.101548927459
reservoir_property_p51_r1-10e37b270250c49abbab,15/9-F-1,15/9-F-1 C,3292.4,3,0.154100000858,0.117338284928,0.154100000858,0.117338284928,0.117338284928
reservoir_property_p51_r1-b21a1cc4f346f7012cfe,15/9-F-1,15/9-F-1 C,3294.4,3,0.169100001454,0.114398916603,0.169100001454,0.114398916603,0.114398916603
reservoir_property_p51_r1-478bcbdead0a22362a21,15/9-F-1,15/9-F-1 C,3296.4,3,0.0631000027061,0.077767343679,0.0631000027061,0.077767343679,0.077767343679
reservoir_property_p51_r1-d9070657b0af55f701e2,15/9-F-1,15/9-F-1 C,3298.4,3,0.0326999984682,0.061022050477,0.0326999984682,0.061022050477,0.061022050477
reservoir_property_p51_r1-d11e3e84d76939e1557d,15/9-F-1,15/9-F-1 C,3300.4,3,0.0498999990523,0.0525623861359,0.0498999990523,0.0525623861359,0.0525623861359
reservoir_property_p51_r1-df95c4ba92b23607f873,15/9-F-1,15/9-F-1 C,3302.4,3,0.0361000001431,0.0755973421891,0.0361000001431,0.0755973421891,0.0755973421891
reservoir_property_p51_r1-1a8617e23f148c7b271c,15/9-F-1,15/9-F-1 C,3304.4,3,0.0948000028729,0.0927102538062,0.0948000028729,0.0927102538062,0.0927102538062
reservoir_property_p51_r1-a0a102296c2a569cf3c2,15/9-F-1,15/9-F-1 C,3306.4,3,0.0366000011563,0.0778098245195,0.0366000011563,0.0778098245195,0.0778098245195
reservoir_property_p51_r1-3b5ee07c5419afd8baf8,15/9-F-1,15/9-F-1 C,3308.4,3,0.127800002694,0.100380140033,0.127800002694,0.100380140033,0.100380140033
reservoir_property_p51_r1-9142446fb331784e64d5,15/9-F-1,15/9-F-1 C,3310.4,3,0.151800006628,0.127294398139,0.151800006628,0.127294398139,0.127294398139
reservoir_property_p51_r1-12495fa20fdce1b98b08,15/9-F-1,15/9-F-1 C,3312.4,3,0.147900000215,0.126854261664,0.147900000215,0.126854261664,0.126854261664
reservoir_property_p51_r1-30b182a551d77c5f0219,15/9-F-1,15/9-F-1 C,3314.4,3,0.1412999928,0.114649553761,0.1412999928,0.114649553761,0.114649553761
reservoir_property_p51_r1-60ce6548930e488162d8,15/9-F-1,15/9-F-1 C,3316.4,3,0.0513999983668,0.0791511342423,0.0513999983668,0.0791511342423,0.0791511342423
reservoir_property_p51_r1-1bf6e850daad7da40b38,15/9-F-1,15/9-F-1 C,3318.4,3,0.0456999987364,0.0564699660385,0.0456999987364,0.0564699660385,0.0564699660385
reservoir_property_p51_r1-83dcbf16c7e8335ab152,15/9-F-1,15/9-F-1 C,3320.4,3,0.0251000002027,0.0455422234273,0.0251000002027,0.0455422234273,0.0455422234273
reservoir_property_p51_r1-b554df2ec8e93aa807c0,15/9-F-1,15/9-F-1 C,3322.4,3,0.019999999553,0.0360867722517,0.019999999553,0.0360867722517,0.0360867722517
reservoir_property_p51_r1-7b9a0e09bf3b95d71bf8,15/9-F-1,15/9-F-1 C,3324.4,3,0.0392999984324,0.0707670233542,0.0392999984324,0.0707670233542,0.0707670233542
reservoir_property_p51_r1-02e8e4cb18f3b3035495,15/9-F-1,15/9-F-1 C,3326.4,3,0.109600000083,0.103103146918,0.109600000083,0.103103146918,0.103103146918
reservoir_property_p51_r1-e5770a80806c46b505c3,15/9-F-1,15/9-F-1 C,3328.4,3,0.122900001705,0.11211668547,0.122900001705,0.11211668547,0.11211668547
reservoir_property_p51_r1-d76c4522f03a16e172db,15/9-F-1,15/9-F-1 C,3330.4,3,0.089699998498,0.110119168016,0.089699998498,0.110119168016,0.110119168016
reservoir_property_p51_r1-5956aa274dd7175206b7,15/9-F-1,15/9-F-1 C,3332.4,3,0.103100001812,0.105694029384,0.103100001812,0.105694029384,0.105694029384
reservoir_property_p51_r1-96bcb573591fdb17de4a,15/9-F-1,15/9-F-1 C,3334.4,3,0.0826999992132,0.102370210606,0.0826999992132,0.102370210606,0.102370210606
reservoir_property_p51_r1-3114e073eda52e0924ce,15/9-F-1,15/9-F-1 C,3336.4,3,0.106899999082,0.104061952406,0.106899999082,0.104061952406,0.104061952406
reservoir_property_p51_r1-624fba37885a1612e998,15/9-F-1,15/9-F-1 C,3338.4,3,0.097199998796,0.0890094512991,0.097199998796,0.0890094512991,0.0890094512991
reservoir_property_p51_r1-6d87c0e47d60c7e461c3,15/9-F-1,15/9-F-1 C,3340.4,3,0.0428999997675,0.0939224769548,0.0428999997675,0.0939224769548,0.0939224769548
reservoir_property_p51_r1-95e61c82088ed71d3273,15/9-F-1,15/9-F-1 C,3342.4,3,0.202600002289,0.159029250011,0.202600002289,0.159029250011,0.159029250011
reservoir_property_p51_r1-33dc5df2eb7012f994c0,15/9-F-1,15/9-F-1 C,3344.4,3,0.238499999046,0.188637202507,0.238499999046,0.188637202507,0.188637202507
reservoir_property_p51_r1-509d4aa6b57df80c13ba,15/9-F-1,15/9-F-1 C,3346.4,3,0.233500003815,0.191376949246,0.233500003815,0.191376949246,0.191376949246
reservoir_property_p51_r1-ef3cf5c9a46c439f78e7,15/9-F-1,15/9-F-1 C,3348.4,3,0.225299999118,0.186714120285,0.225299999118,0.186714120285,0.186714120285
reservoir_property_p51_r1-0cb716fa81edb00e4c5f,15/9-F-1,15/9-F-1 C,3350.4,3,0.236800000072,0.184039132591,0.236800000072,0.184039132591,0.184039132591
reservoir_property_p51_r1-a5908c4ca521784f5656,15/9-F-1,15/9-F-1 C,3352.4,3,0.203999996185,0.160838546144,0.203999996185,0.160838546144,0.160838546144
reservoir_property_p51_r1-bdbe752575d8d6c5a091,15/9-F-1,15/9-F-1 C,3354.4,3,0.0496000014246,0.119666033479,0.0496000014246,0.119666033479,0.119666033479
reservoir_property_p51_r1-7e34034854d7aa9720f7,15/9-F-1,15/9-F-1 C,3356.4,3,0.214499995112,0.151194561557,0.214499995112,0.151194561557,0.151194561557
reservoir_property_p51_r1-b3c629b058da5928c7f7,15/9-F-1,15/9-F-1 C,3358.4,3,0.220300003886,0.176626282088,0.220300003886,0.176626282088,0.176626282088
reservoir_property_p51_r1-0eb06cea201ee5fed6ee,15/9-F-1,15/9-F-1 C,3360.4,3,0.180700004101,0.154786896991,0.180700004101,0.154786896991,0.154786896991
reservoir_property_p51_r1-7ca86d62982fd6d08d3b,15/9-F-1,15/9-F-1 C,3362.4,3,0.159500002861,0.135992539799,0.159500002861,0.135992539799,0.135992539799
reservoir_property_p51_r1-042e1ca7c88533c0826d,15/9-F-1,15/9-F-1 C,3364.4,3,0.151600003242,0.128181485361,0.151600003242,0.128181485361,0.128181485361
reservoir_property_p51_r1-4a3756bcdc4ebc7c7260,15/9-F-1,15/9-F-1 C,3366.4,3,0.127700001001,0.122380444002,0.127700001001,0.122380444002,0.122380444002
reservoir_property_p51_r1-a69a0b89ba0cba756b80,15/9-F-1,15/9-F-1 C,3368.4,3,0.133499994874,0.105656653375,0.133499994874,0.105656653375,0.105656653375
reservoir_property_p51_r1-a8e97937674cde660c3c,15/9-F-1,15/9-F-1 C,3370.4,3,0.0516999997199,0.0801071488884,0.0516999997199,0.0801071488884,0.0801071488884
reservoir_property_p51_r1-a9e3ea21dc6a5404082c,15/9-F-1,15/9-F-1 C,3372.4,3,0.0340999998152,0.0695500223971,0.0340999998152,0.0695500223971,0.0695500223971
reservoir_property_p51_r1-befcd435662d9692828f,15/9-F-1,15/9-F-1 C,3374.4,3,0.0522999987006,0.0649080391093,0.0522999987006,0.0649080391093,0.0649080391093
reservoir_property_p51_r1-00dc6341a8a3a054bd46,15/9-F-1,15/9-F-1 C,3376.4,3,0.027499999851,0.0741276342434,0.027499999851,0.0741276342434,0.0741276342434
reservoir_property_p51_r1-2466e2b1be0244cefaa7,15/9-F-1,15/9-F-1 C,3378.4,3,0.104099996388,0.0833467518351,0.104099996388,0.0833467518351,0.0833467518351
reservoir_property_p51_r1-a1c997337cac1f85b308,15/9-F-1,15/9-F-1 C,3380.4,3,0.055799998343,0.0899084934744,0.055799998343,0.0899084934744,0.0899084934744
reservoir_property_p51_r1-36741033958274258596,15/9-F-1,15/9-F-1 C,3382.4,3,0.0628999993205,0.0973171499451,0.0628999993205,0.0973171499451,0.0973171499451
reservoir_property_p51_r1-48d528494f86f7e4cef3,15/9-F-1,15/9-F-1 C,3384.4,3,0.0982000008225,0.101958510767,0.0982000008225,0.101958510767,0.101958510767
reservoir_property_p51_r1-cd78ec5fe28cd0802b99,15/9-F-1,15/9-F-1 C,3386.4,3,0.0872000008821,0.145621309458,0.0872000008821,0.145621309458,0.145621309458
reservoir_property_p51_r1-1da1f447911489c8c336,15/9-F-1,15/9-F-1 C,3388.4,3,0.262499988079,0.206727227377,0.262499988079,0.206727227377,0.206727227377
reservoir_property_p51_r1-129fa5e4ee0fb8d647a1,15/9-F-1,15/9-F-1 C,3390.4,3,0.248500004411,0.217640058441,0.248500004411,0.217640058441,0.217640058441
reservoir_property_p51_r1-08923321315a5a9dec40,15/9-F-1,15/9-F-1 C,3392.4,3,0.268799990416,0.220124162484,0.268799990416,0.220124162484,0.220124162484
reservoir_property_p51_r1-146f429acf27e2366c6a,15/9-F-1,15/9-F-1 C,3394.4,3,0.258700013161,0.222310659061,0.258700013161,0.222310659061,0.222310659061
reservoir_property_p51_r1-e06f3962b5b7c6016511,15/9-F-1,15/9-F-1 C,3396.4,3,0.264800012112,0.222913023415,0.264800012112,0.222913023415,0.222913023415
reservoir_property_p51_r1-c946bb78d9d6171c6577,15/9-F-1,15/9-F-1 C,3398.4,3,0.260199993849,0.220590211886,0.260199993849,0.220590211886,0.220590211886
reservoir_property_p51_r1-0cbdb74b4232a9418edc,15/9-F-1,15/9-F-1 C,3400.4,3,0.253199994564,0.218499738606,0.253199994564,0.218499738606,0.218499738606
reservoir_property_p51_r1-70d0a995ec8fea1db94e,15/9-F-1,15/9-F-1 C,3402.4,3,0.254400014877,0.221028418018,0.254400014877,0.221028418018,0.221028418018
reservoir_property_p51_r1-a79575295799e7c4fb74,15/9-F-1,15/9-F-1 C,3404.4,3,0.253500014544,0.220012064442,0.253500014544,0.220012064442,0.220012064442
reservoir_property_p51_r1-655f050da4672440946f,15/9-F-1,15/9-F-1 C,3406.4,3,0.254700005054,0.213645876131,0.254700005054,0.213645876131,0.213645876131
reservoir_property_p51_r1-7042a59b12e123430ec3,15/9-F-1,15/9-F-1 C,3408.4,3,0.25799998641,0.215398701033,0.25799998641,0.215398701033,0.215398701033
reservoir_property_p51_r1-e424a28794876a3269fb,15/9-F-1,15/9-F-1 C,3410.4,3,0.253800004721,0.215455932504,0.253800004721,0.215455932504,0.215455932504
reservoir_property_p51_r1-295d9f6532ae86f3e955,15/9-F-1,15/9-F-1 C,3412.4,3,0.248199999332,0.213733629399,0.248199999332,0.213733629399,0.213733629399
reservoir_property_p51_r1-035713e249d526b47f61,15/9-F-1,15/9-F-1 C,3414.4,3,0.245800003409,0.214334136416,0.245800003409,0.214334136416,0.214334136416
reservoir_property_p51_r1-47dbad30b85efd0d33ba,15/9-F-1,15/9-F-1 C,3416.4,3,0.245900005102,0.207399487125,0.245900005102,0.207399487125,0.207399487125
reservoir_property_p51_r1-bd689894576fc8da0e9f,15/9-F-1,15/9-F-1 C,3418.4,3,0.180500000715,0.15665757799,0.180500000715,0.15665757799,0.15665757799
reservoir_property_p51_r1-16dfb7f5cedcf2890a6d,15/9-F-1,15/9-F-1 C,3420.4,3,0.142100006342,0.107430577495,0.142100006342,0.107430577495,0.107430577495
reservoir_property_p51_r1-10a9e848853f426e04bb,15/9-F-1,15/9-F-1 C,3422.4,3,0.152899995446,0.122280150308,0.152899995446,0.122280150308,0.122280150308
reservoir_property_p51_r1-cc9289b606e1860ad4eb,15/9-F-1,15/9-F-1 C,3424.4,3,0.134900003672,0.13222452766,0.134900003672,0.13222452766,0.13222452766
reservoir_property_p51_r1-54886ca16b1925f87382,15/9-F-1,15/9-F-1 C,3426.4,3,0.120600000024,0.120092073206,0.120600000024,0.120092073206,0.120092073206
reservoir_property_p51_r1-aa5844453c1caa83c139,15/9-F-1,15/9-F-1 C,3428.4,3,0.117499999702,0.126801712455,0.117499999702,0.126801712455,0.126801712455
reservoir_property_p51_r1-77819e732b1bb114c966,15/9-F-1,15/9-F-1 C,3430.4,3,0.155100002885,0.142242082677,0.155100002885,0.142242082677,0.142242082677
reservoir_property_p51_r1-b7d3facbf450ab5752c6,15/9-F-1,15/9-F-1 C,3432.4,3,0.151099994779,0.14046153896,0.151099994779,0.14046153896,0.14046153896
reservoir_property_p51_r1-7c835c15e6de2d684c99,15/9-F-1,15/9-F-1 C,3434.4,3,0.131300002337,0.141537188286,0.131300002337,0.141537188286,0.141537188286
reservoir_property_p51_r1-2bd7e9b7fcce07983cf9,15/9-F-1,15/9-F-1 C,3436.4,3,0.158099994063,0.150748743999,0.158099994063,0.150748743999,0.150748743999
reservoir_property_p51_r1-bf9520af291b67fb38bf,15/9-F-1,15/9-F-1 C,3438.4,3,0.143500000238,0.147374673512,0.143500000238,0.147374673512,0.147374673512
reservoir_property_p51_r1-e6629dba03b734f3197f,15/9-F-1,15/9-F-1 C,3440.4,3,0.151700004935,0.144994493935,0.151700004935,0.144994493935,0.144994493935
reservoir_property_p51_r1-46ee0e1cd9d073535586,15/9-F-1,15/9-F-1 C,3442.4,3,0.141399994493,0.134958869555,0.141399994493,0.134958869555,0.134958869555
reservoir_property_p51_r1-6f6aa3ba19a594fbbb03,15/9-F-1,15/9-F-1 C,3444.4,3,0.122699998319,0.131931725887,0.122699998319,0.131931725887,0.131931725887
reservoir_property_p51_r1-f97cfc8afce06e70e296,15/9-F-1,15/9-F-1 C,3446.4,3,0.181799992919,0.152570038538,0.181799992919,0.152570038538,0.152570038538
reservoir_property_p51_r1-018299254372bf512f17,15/9-F-1,15/9-F-1 C,3448.4,3,0.176100000739,0.154356114721,0.176100000739,0.154356114721,0.154356114721
reservoir_property_p51_r1-9923c0b7280967a24c7d,15/9-F-1,15/9-F-1 C,3450.4,3,0.107400000095,0.0900865317407,0.107400000095,0.0900865317407,0.0900865317407
reservoir_property_p51_r1-12faccfa7a7f6ef68777,15/9-F-1,15/9-F-1 C,3452.4,3,0.019999999553,0.0336438032935,0.019999999553,0.0336438032935,0.0336438032935
reservoir_property_p51_r1-a4c21308a01f49dbb210,15/9-F-1,15/9-F-1 C,3454.4,3,0.0546000003815,0.0860281509923,0.0546000003815,0.0860281509923,0.0860281509923
reservoir_property_p51_r1-cec5c89fe707a03f454d,15/9-F-1,15/9-F-1 C,3456.4,3,0.187999993563,0.154713599773,0.187999993563,0.154713599773,0.154713599773
reservoir_property_p51_r1-7bd9b54afb7e855f8314,15/9-F-1,15/9-F-1 C,3458.4,3,0.201600000262,0.157341978608,0.201600000262,0.157341978608,0.157341978608
reservoir_property_p51_r1-f1cc8ccb33f7752c90d6,15/9-F-1,15/9-F-1 C,3460.4,3,0.130199998617,0.113175582603,0.130199998617,0.113175582603,0.113175582603
reservoir_property_p51_r1-f422844cb54c2cc16ac3,15/9-F-1,15/9-F-1 C,3462.4,3,0.019999999553,0.101083173527,0.019999999553,0.101083173527,0.101083173527
reservoir_property_p51_r1-5abe2eb568bf7ca22524,15/9-F-1,15/9-F-1 C,3464.4,3,0.204899996519,0.139265086339,0.204899996519,0.139265086339,0.139265086339
reservoir_property_p51_r1-57385567ecc10b535038,15/9-F-1,15/9-F-1 C,3466.4,3,0.147100001574,0.12817791996,0.147100001574,0.12817791996,0.12817791996
reservoir_property_p51_r1-420d072da6e2d5bb7d09,15/9-F-1,15/9-F-1 C,3468.4,3,0.111699998379,0.0860660629683,0.111699998379,0.0860660629683,0.0860660629683
reservoir_property_p51_r1-b473273a84ec22ab820d,15/9-F-1,15/9-F-1 C,3470.4,3,0.0366000011563,0.0725352843938,0.0366000011563,0.0725352843938,0.0725352843938
reservoir_property_p51_r1-90af29f89bf9aff66598,15/9-F-1,15/9-F-1 C,3472.4,3,0.145400002599,0.102842079052,0.145400002599,0.102842079052,0.102842079052
reservoir_property_p51_r1-4fb4039b269c95b1337d,15/9-F-1,15/9-F-1 C,3474.4,3,0.12349999696,0.105487003611,0.12349999696,0.105487003611,0.105487003611
reservoir_property_p51_r1-278ca57c72495271d131,15/9-F-1,15/9-F-1 C,3476.4,3,0.0759999975562,0.0742874036034,0.0759999975562,0.0742874036034,0.0742874036034
reservoir_property_p51_r1-07fb20999c750a3e438d,15/9-F-1,15/9-F-1 C,3478.4,3,0.0710000023246,0.0773221839478,0.0710000023246,0.0773221839478,0.0773221839478
reservoir_property_p51_r1-a80c52b727d63883e9da,15/9-F-1,15/9-F-1 C,3480.4,3,0.164599999785,0.133908921212,0.164599999785,0.133908921212,0.133908921212
reservoir_property_p51_r1-af5d67f7074fa503cdf2,15/9-F-1,15/9-F-1 C,3482.4,3,0.246900007129,0.20524454228,0.246900007129,0.20524454228,0.20524454228
reservoir_property_p51_r1-6e16b250f6988bf60dd4,15/9-F-1,15/9-F-1 C,3484.4,3,0.25490000844,0.2201159426,0.25490000844,0.2201159426,0.2201159426
reservoir_property_p51_r1-29ce95d2f01d944f9d16,15/9-F-1,15/9-F-1 C,3486.4,3,0.255600005388,0.219687691617,0.255600005388,0.219687691617,0.219687691617
reservoir_property_p51_r1-a7ebe1b252d51d97de74,15/9-F-1,15/9-F-1 C,3488.4,3,0.245199993253,0.21201575795,0.245199993253,0.21201575795,0.21201575795
reservoir_property_p51_r1-531b69dc787f5f2ad92a,15/9-F-1,15/9-F-1 C,3490.4,3,0.202800005674,0.201389674937,0.202800005674,0.201389674937,0.201389674937
reservoir_property_p51_r1-376389ed2845c6974776,15/9-F-1,15/9-F-1 C,3492.4,3,0.230900004506,0.204519324649,0.230900004506,0.204519324649,0.204519324649
reservoir_property_p51_r1-397288f88a2bcc3ff57a,15/9-F-1,15/9-F-1 C,3494.4,3,0.234200000763,0.20253704314,0.234200000763,0.20253704314,0.20253704314
reservoir_property_p51_r1-273b934d96084f1049e1,15/9-F-1,15/9-F-1 C,3496.4,3,0.222800001502,0.203005882278,0.222800001502,0.203005882278,0.203005882278
reservoir_property_p51_r1-541b5eda474ad6082248,15/9-F-1,15/9-F-1 C,3498.4,3,0.235599994659,0.208600849589,0.235599994659,0.208600849589,0.208600849589
reservoir_property_p51_r1-f0029116f50ae2c7db64,15/9-F-1,15/9-F-1 C,3500.4,3,0.245299994946,0.209422167104,0.245299994946,0.209422167104,0.209422167104
reservoir_property_p51_r1-e062cd592753855a09bf,15/9-F-1,15/9-F-1 C,3502.4,3,0.206900000572,0.185930031614,0.206900000572,0.185930031614,0.185930031614
reservoir_property_p51_r1-b1cea273a5ab54ad211e,15/9-F-1,15/9-F-1 C,3504.4,3,0.177000001073,0.17689868046,0.177000001073,0.17689868046,0.17689868046
reservoir_property_p51_r1-115ac0c6d4eccbbbd80f,15/9-F-1,15/9-F-1 C,3506.4,3,0.246000006795,0.194943364008,0.246000006795,0.194943364008,0.194943364008
reservoir_property_p51_r1-059bd7089a053c3b037c,15/9-F-1,15/9-F-1 C,3508.4,3,0.233899995685,0.199460510291,0.233899995685,0.199460510291,0.199460510291
reservoir_property_p51_r1-ca49ee327c06f211ae65,15/9-F-1,15/9-F-1 C,3510.4,3,0.187600001693,0.182341277208,0.187600001693,0.182341277208,0.182341277208
reservoir_property_p51_r1-4969fbb6217de7f9edc5,15/9-F-1,15/9-F-1 C,3512.4,3,0.21439999342,0.186195163663,0.21439999342,0.186195163663,0.186195163663
reservoir_property_p51_r1-c2708d8460a4f55572d6,15/9-F-1,15/9-F-1 C,3514.4,3,0.224099993706,0.199619179613,0.224099993706,0.199619179613,0.199619179613
reservoir_property_p51_r1-f322933f287d0cbf8739,15/9-F-1,15/9-F-1 C,3516.4,3,0.238399997354,0.208280991109,0.238399997354,0.208280991109,0.208280991109
reservoir_property_p51_r1-6107aaa8e5c5e6008960,15/9-F-1,15/9-F-1 C,3518.4,3,0.25229999423,0.217738704889,0.25229999423,0.217738704889,0.217738704889
reservoir_property_p51_r1-42889311602739c890d2,15/9-F-1,15/9-F-1 C,3520.4,3,0.256399989128,0.225215022594,0.256399989128,0.225215022594,0.225215022594
reservoir_property_p51_r1-d37a13c28387a45c757b,15/9-F-1,15/9-F-1 C,3522.4,3,0.258899986744,0.22536344118,0.258899986744,0.22536344118,0.22536344118
reservoir_property_p51_r1-2ab4be43e70c62f17a79,15/9-F-1,15/9-F-1 C,3524.4,3,0.254500001669,0.22020618599,0.254500001669,0.22020618599,0.22020618599
reservoir_property_p51_r1-e53fa83d28066b44fa28,15/9-F-1,15/9-F-1 C,3526.4,3,0.244900003076,0.218684343583,0.244900003076,0.218684343583,0.218684343583
reservoir_property_p51_r1-2de554a0096cda45e5d7,15/9-F-1,15/9-F-1 C,3528.4,3,0.252099990845,0.21450798019,0.252099990845,0.21450798019,0.21450798019
reservoir_property_p51_r1-5ea70aa21fe0b50c1fb7,15/9-F-1,15/9-F-1 C,3530.4,3,0.163800001144,0.150406103295,0.163800001144,0.150406103295,0.150406103295
reservoir_property_p51_r1-cc24e773f3328312900e,15/9-F-1,15/9-F-1 C,3532.4,3,0.0520000010729,0.0930927195689,0.0520000010729,0.0930927195689,0.0930927195689
reservoir_property_p51_r1-14eb5fda52afcd403bfa,15/9-F-1,15/9-F-1 C,3534.4,3,0.0891999974847,0.0822980163024,0.0891999974847,0.0822980163024,0.0822980163024
reservoir_property_p51_r1-5349d788f079aa0f292f,15/9-F-1,15/9-F-1 C,3536.4,3,0.0277999993414,0.0727592299875,0.0277999993414,0.0727592299875,0.0727592299875
reservoir_property_p51_r1-b407d7cf140705ef71d6,15/9-F-1,15/9-F-1 C,3538.4,3,0.0891999974847,0.0958774105166,0.0891999974847,0.0958774105166,0.0958774105166
reservoir_property_p51_r1-16fd310aadd1eb7ac135,15/9-F-1,15/9-F-1 C,3540.4,3,0.188099995255,0.132975864686,0.188099995255,0.132975864686,0.132975864686
reservoir_property_p51_r1-f480cac782acd6ae76db,15/9-F-1,15/9-F-1 C,3542.4,3,0.20569999516,0.165511078954,0.20569999516,0.165511078954,0.165511078954
reservoir_property_p51_r1-228c374d4a43deb8682c,15/9-F-1,15/9-F-1 C,3544.4,3,0.162300005555,0.167499500653,0.162300005555,0.167499500653,0.167499500653
reservoir_property_p51_r1-8d7cd3c1d080d1f47de2,15/9-F-1,15/9-F-1 C,3546.4,3,0.153699994087,0.164369259424,0.153699994087,0.164369259424,0.164369259424
reservoir_property_p51_r1-19aeee118c60d68728b4,15/9-F-1,15/9-F-1 C,3548.4,3,0.18979999423,0.187275533001,0.18979999423,0.187275533001,0.187275533001
reservoir_property_p51_r1-3e9f2275094b2a15ad3c,15/9-F-1,15/9-F-1 C,3550.4,3,0.251300007105,0.209568495808,0.251300007105,0.209568495808,0.209568495808
reservoir_property_p51_r1-60553ef5dc98256e04a1,15/9-F-1,15/9-F-1 C,3552.4,3,0.258599996567,0.226191454999,0.258599996567,0.226191454999,0.226191454999
reservoir_property_p51_r1-6bcbdac4ca3fde1b3973,15/9-F-1,15/9-F-1 C,3554.4,3,0.272100001574,0.20781658216,0.272100001574,0.20781658216,0.20781658216
reservoir_property_p51_r1-8a64b2dd0fafb17d7fd0,15/9-F-1,15/9-F-1 C,3556.4,3,0.0471000000834,0.106237615684,0.0471000000834,0.106237615684,0.106237615684
reservoir_property_p51_r1-0b36bc3c87efb4d9a062,15/9-F-1,15/9-F-1 C,3558.4,3,0.0469999983907,0.112033406476,0.0469999983907,0.112033406476,0.112033406476
reservoir_property_p51_r1-ecda6d90aefd46db5dfa,15/9-F-1,15/9-F-1 C,3560.4,3,0.255299985409,0.162491235004,0.255299985409,0.162491235004,0.162491235004
reservoir_property_p51_r1-f4b6904caeb581cd3bea,15/9-F-1,15/9-F-1 C,3562.4,3,0.0829000025988,0.0882712482783,0.0829000025988,0.0882712482783,0.0882712482783
reservoir_property_p51_r1-920184b86eec47ece7af,15/9-F-1,15/9-F-1 C,3564.4,3,0.0604999996722,0.0648035623896,0.0604999996722,0.0648035623896,0.0648035623896
reservoir_property_p51_r1-51e85605fd57b9f8512b,15/9-F-1,15/9-F-1 C,3566.4,3,0.127900004387,0.110664631434,0.127900004387,0.110664631434,0.110664631434
reservoir_property_p51_r1-12b1beb64cec49035009,15/9-F-1,15/9-F-1 C,3568.4,3,0.193200007081,0.144666866131,0.193200007081,0.144666866131,0.144666866131
reservoir_property_p51_r1-020ee7cb98405c38863b,15/9-F-1,15/9-F-1 C,3570.4,3,0.19619999826,0.148691314934,0.19619999826,0.148691314934,0.148691314934
reservoir_property_p51_r1-01f78c5a1321f41faf70,15/9-F-1,15/9-F-1 C,3572.4,3,0.214200004935,0.172238670117,0.214200004935,0.172238670117,0.172238670117
reservoir_property_p51_r1-04f96c20139a985fd84e,15/9-F-1,15/9-F-1 C,3574.4,3,0.235899999738,0.200600839296,0.235899999738,0.200600839296,0.200600839296
reservoir_property_p51_r1-ce2a35b2108ed6e2a4e2,15/9-F-1,15/9-F-1 C,3576.4,3,0.225600004196,0.174011605371,0.225600004196,0.174011605371,0.174011605371
reservoir_property_p51_r1-5780191eb16843701dc7,15/9-F-1,15/9-F-1 C,3578.4,3,0.204300001264,0.168281191824,0.204300001264,0.168281191824,0.168281191824
reservoir_property_p51_r1-c3d1c22850ea775acccd,15/9-F-1,15/9-F-1 C,3580.4,3,0.221399992704,0.18568194592,0.221399992704,0.18568194592,0.18568194592
reservoir_property_p51_r1-acc1f6c62a70e2beade6,15/9-F-1,15/9-F-1 C,3582.4,3,0.21969999373,0.201266924491,0.21969999373,0.201266924491,0.201266924491
reservoir_property_p51_r1-141b8d39565e10341099,15/9-F-1,15/9-F-1 C,3584.4,3,0.263900011778,0.214590968768,0.263900011778,0.214590968768,0.214590968768
reservoir_property_p51_r1-8e5bddfc51f5e6c9022b,15/9-F-1,15/9-F-1 C,3586.4,3,0.263300001621,0.214774912351,0.263300001621,0.214774912351,0.214774912351
reservoir_property_p51_r1-e5c9a087aadbcfdde0da,15/9-F-1,15/9-F-1 C,3588.4,3,0.224000006914,0.162089134502,0.224000006914,0.162089134502,0.162089134502
reservoir_property_p51_r1-bc24d74d84186a04eb02,15/9-F-1,15/9-F-1 C,3590.4,3,0.171100005507,0.13454503829,0.171100005507,0.13454503829,0.13454503829
reservoir_property_p51_r1-46fc8c67ad67e9d8a04b,15/9-F-1,15/9-F-1 C,3592.4,3,0.24770000577,0.179491796872,0.24770000577,0.179491796872,0.179491796872
reservoir_property_p51_r1-c995a6c73686bffb2eef,15/9-F-1,15/9-F-1 C,3594.4,3,0.200599998236,0.156972417239,0.200599998236,0.156972417239,0.156972417239
reservoir_property_p51_r1-ea9e4a1f99295baec6ed,15/9-F-1,15/9-F-1 C,3596.4,3,0.0485000014305,0.0903262001256,0.0485000014305,0.0903262001256,0.0903262001256
reservoir_property_p51_r1-7af0999630df8ffec28c,15/9-F-1,15/9-F-1 C,3598.4,3,0.0850000008941,0.0888213170367,0.0850000008941,0.0888213170367,0.0888213170367
reservoir_property_p51_r1-e89484f645dc390ed598,15/9-F-1,15/9-F-1 C,3600.4,3,0.170100003481,0.149547795955,0.170100003481,0.149547795955,0.149547795955
reservoir_property_p51_r1-082955a177ea861a3f6d,15/9-F-1,15/9-F-1 C,3602.4,3,0.259400010109,0.211376342962,0.259400010109,0.211376342962,0.211376342962
reservoir_property_p51_r1-e5f827f0b74c4bb230cc,15/9-F-1,15/9-F-1 C,3604.4,3,0.267699986696,0.224969400334,0.267699986696,0.224969400334,0.224969400334
reservoir_property_p51_r1-ff3e9c7a33ce0ecc7b2d,15/9-F-1,15/9-F-1 C,3606.4,3,0.248199999332,0.206322259507,0.248199999332,0.206322259507,0.206322259507
reservoir_property_p51_r1-c4e164834bb7bf5d0a12,15/9-F-1,15/9-F-1 C,3608.4,3,0.198500007391,0.152384368464,0.198500007391,0.152384368464,0.152384368464
reservoir_property_p51_r1-f436264f2c84463f062f,15/9-F-1,15/9-F-1 C,3610.4,3,0.0790999978781,0.113573628464,0.0790999978781,0.113573628464,0.113573628464
reservoir_property_p51_r1-e956d6449d92a5504421,15/9-F-1,15/9-F-1 C,3612.4,3,0.124399997294,0.140453106626,0.124399997294,0.140453106626,0.140453106626
reservoir_property_p51_r1-3e65d5315405fa2deb4e,15/9-F-1,15/9-F-1 C,3614.4,3,0.220799997449,0.20343934304,0.220799997449,0.20343934304,0.20343934304
reservoir_property_p51_r1-a8a4366930e9e156d433,15/9-F-1,15/9-F-1 C,3616.4,3,0.220899999142,0.232928848105,0.220899999142,0.232928848105,0.232928848105
reservoir_property_p51_r1-943cbea22a7b2e8cb4ec,15/9-F-1,15/9-F-1 C,3618.4,3,0.236100003123,0.242006975318,0.236100003123,0.242006975318,0.242006975318
reservoir_property_p51_r1-c50a9ba72d45442352e9,15/9-F-1,15/9-F-1 C,3620.4,3,0.241799995303,0.245695835094,0.241799995303,0.245695835094,0.245695835094
reservoir_property_p51_r1-755d1350f73139e1d4f5,15/9-F-1,15/9-F-1 C,3622.4,3,0.241200000048,0.24591912984,0.241200000048,0.24591912984,0.24591912984
reservoir_property_p51_r1-c98e3b901c340b1f666d,15/9-F-1,15/9-F-1 C,3624.4,3,0.231900006533,0.242575051634,0.231900006533,0.242575051634,0.242575051634
reservoir_property_p51_r1-bb56b5f28a0b8809e0d3,15/9-F-1,15/9-F-1 C,3626.4,3,0.21780000627,0.235828208587,0.21780000627,0.235828208587,0.235828208587
reservoir_property_p51_r1-65850f9e4cef9b13b7c0,15/9-F-1,15/9-F-1 C,3628.4,3,0.225299999118,0.220524457577,0.225299999118,0.220524457577,0.220524457577
reservoir_property_p51_r1-50ce5c055f12c947150e,15/9-F-1,15/9-F-1 C,3630.4,3,0.171399995685,0.218449325761,0.171399995685,0.218449325761,0.218449325761
reservoir_property_p51_r1-5f77b5280ebee07f3ae1,15/9-F-1,15/9-F-1 C,3632.4,3,0.235100001097,0.235561431054,0.235100001097,0.235561431054,0.235561431054
reservoir_property_p51_r1-462eea1f6d1b021fff77,15/9-F-1,15/9-F-1 C,3634.4,3,0.23109999299,0.235600599265,0.23109999299,0.235600599265,0.235600599265
reservoir_property_p51_r1-05327c09a59066db45b1,15/9-F-1,15/9-F-1 C,3636.4,3,0.220100000501,0.224874830605,0.220100000501,0.224874830605,0.224874830605
reservoir_property_p51_r1-8e1dd8eacee492aa5233,15/9-F-1,15/9-F-1 C,3638.4,3,0.1712000072,0.197297002663,0.1712000072,0.197297002663,0.197297002663
reservoir_property_p51_r1-09416647b9e12df9554a,15/9-F-1,15/9-F-1 C,3640.4,3,0.237399995327,0.203463875744,0.237399995327,0.203463875744,0.203463875744
reservoir_property_p51_r1-9eb4db61688f7222b6fd,15/9-F-1,15/9-F-1 C,3642.4,3,0.21969999373,0.216655896678,0.21969999373,0.216655896678,0.216655896678
reservoir_property_p51_r1-08679c2ecbe07909fca7,15/9-F-1,15/9-F-1 C,3644.4,3,0.219500005245,0.214096214716,0.219500005245,0.214096214716,0.214096214716
reservoir_property_p51_r1-b18d2157b670a6e5b4dc,15/9-F-1,15/9-F-1 C,3646.4,3,0.232700005174,0.22621349751,0.232700005174,0.22621349751,0.22621349751
reservoir_property_p51_r1-53cf7096323989062a21,15/9-F-1,15/9-F-1 C,3648.4,3,0.235699996352,0.229162535003,0.235699996352,0.229162535003,0.229162535003
reservoir_property_p51_r1-7777c21deb3feed40606,15/9-F-1,15/9-F-1 C,3650.4,3,0.208000004292,0.21023245069,0.208000004292,0.21023245069,0.21023245069
reservoir_property_p51_r1-7d680256b2485f46d76c,15/9-F-1,15/9-F-1 C,3652.4,3,0.229100003839,0.20374089158,0.229100003839,0.20374089158,0.20374089158
reservoir_property_p51_r1-66f34d91b2025fcb6d4c,15/9-F-1,15/9-F-1 C,3654.4,3,0.227200001478,0.210562802833,0.227200001478,0.210562802833,0.210562802833
reservoir_property_p51_r1-fe1a28ad8aff00800831,15/9-F-1,15/9-F-1 C,3656.4,3,0.249400004745,0.215765980031,0.249400004745,0.215765980031,0.215765980031
reservoir_property_p51_r1-c828206b0df30364f157,15/9-F-1,15/9-F-1 C,3658.4,3,0.249599993229,0.215467145441,0.249599993229,0.215467145441,0.215467145441
reservoir_property_p51_r1-cde2ac0b9ade74a04fff,15/9-F-1,15/9-F-1 C,3660.4,3,0.230100005865,0.209836469459,0.230100005865,0.209836469459,0.209836469459
reservoir_property_p51_r1-4db865c63ffe919895ac,15/9-F-1,15/9-F-1 C,3662.4,3,0.237599998713,0.202963415432,0.237599998713,0.202963415432,0.202963415432
reservoir_property_p51_r1-86afa6cae9bfcd2686f5,15/9-F-1,15/9-F-1 C,3664.4,3,0.202600002289,0.196295306437,0.202600002289,0.196295306437,0.196295306437
reservoir_property_p51_r1-750491a65bf0d0b28028,15/9-F-1,15/9-F-1 C,3666.4,3,0.227799996734,0.180907208917,0.227799996734,0.180907208917,0.180907208917
reservoir_property_p51_r1-3631a9a1369655d82557,15/9-F-1,15/9-F-1 C,3668.4,3,0.207800000906,0.176589341517,0.207800000906,0.176589341517,0.176589341517
reservoir_property_p51_r1-3e6867c523ff3a144175,15/9-F-1,15/9-F-1 C,3670.4,3,0.213499993086,0.169566070532,0.213499993086,0.169566070532,0.169566070532
reservoir_property_p51_r1-0b447027325c6e5f49d4,15/9-F-1,15/9-F-1 C,3672.4,3,0.124700002372,0.136029867093,0.124700002372,0.136029867093,0.136029867093
reservoir_property_p51_r1-21a0ea4df7de6e4dd932,15/9-F-1,15/9-F-1 C,3674.4,3,0.184599995613,0.13452716219,0.184599995613,0.13452716219,0.13452716219
reservoir_property_p51_r1-1efdb4696db59df31c18,15/9-F-1,15/9-F-1 C,3676.4,3,0.191200003028,0.149497383714,0.191200003028,0.149497383714,0.149497383714
reservoir_property_p51_r1-7947b9b012dae6a43f4c,15/9-F-1,15/9-F-1 C,3678.4,3,0.131099998951,0.155823189845,0.131099998951,0.155823189845,0.155823189845
reservoir_property_p51_r1-e2cf9faee7297db6c969,15/9-F-1,15/9-F-1 C,3680.4,3,0.22120000422,0.182790014741,0.22120000422,0.182790014741,0.182790014741
reservoir_property_p51_r1-553055e9b36e50046b00,15/9-F-1,15/9-F-1 C,3682.4,3,0.241500005126,0.20145734459,0.241500005126,0.20145734459,0.20145734459
reservoir_property_p51_r1-ff483c12531d6950262a,15/9-F-1,15/9-F-1 C,3684.4,3,0.245800003409,0.19943163721,0.245800003409,0.19943163721,0.19943163721
reservoir_property_p51_r1-1f14c31f5612f83ee856,15/9-F-1,15/9-F-1 C,3686.4,3,0.239999994636,0.194706194366,0.239999994636,0.194706194366,0.194706194366
reservoir_property_p51_r1-fcf6bf83664ef5eb81f5,15/9-F-1,15/9-F-1 C,3688.4,3,0.228699997067,0.185510656646,0.228699997067,0.185510656646,0.185510656646
reservoir_property_p51_r1-4fb444a44ffb4f81a844,15/9-F-1,15/9-F-1 C,3690.4,3,0.225700005889,0.178464625482,0.225700005889,0.178464625482,0.178464625482
reservoir_property_p51_r1-7d8d9c097b99b05820e4,15/9-F-1,15/9-F-1 C,3692.4,3,0.22990000248,0.179382235718,0.22990000248,0.179382235718,0.179382235718
reservoir_property_p51_r1-00ed150eb7a15dc9cb59,15/9-F-1,15/9-F-1 C,3694.4,3,0.216900005937,0.180167380484,0.216900005937,0.180167380484,0.180167380484
reservoir_property_p51_r1-f51858320ca43362c2ec,15/9-F-1,15/9-F-1 C,3696.4,3,0.230700001121,0.178842715155,0.230700001121,0.178842715155,0.178842715155
reservoir_property_p51_r1-a277a29e38073880c004,15/9-F-1,15/9-F-1 C,3698.4,3,0.238900005817,0.178342715883,0.238900005817,0.178342715883,0.178342715883
reservoir_property_p51_r1-9af0634fda669ec4fc3b,15/9-F-1,15/9-F-1 C,3700.4,3,0.230199992657,0.174121439531,0.230199992657,0.174121439531,0.174121439531
reservoir_property_p51_r1-29bfe1ded485b55a876e,15/9-F-1,15/9-F-1 C,3702.4,3,0.23180000484,0.166533931761,0.23180000484,0.166533931761,0.166533931761
reservoir_property_p51_r1-fdb0d3ceca7d61ac7bb9,15/9-F-1,15/9-F-1 C,3704.4,3,0.186399996281,0.183492370382,0.186399996281,0.183492370382,0.183492370382
reservoir_property_p51_r1-f96e00858f36f92b1c61,15/9-F-1,15/9-F-1 C,3706.4,3,0.238999992609,0.220403583144,0.238999992609,0.220403583144,0.220403583144
reservoir_property_p51_r1-7a034133acdf087e1891,15/9-F-1,15/9-F-1 C,3708.4,3,0.232299998403,0.233070767779,0.232299998403,0.233070767779,0.233070767779
reservoir_property_p51_r1-ae5a17fa94f325388b86,15/9-F-1,15/9-F-1 C,3710.4,3,0.219200000167,0.20074388598,0.219200000167,0.20074388598,0.20074388598
reservoir_property_p51_r1-04f0ee18c99474dc5f97,15/9-F-1,15/9-F-1 C,3712.4,3,0.138999998569,0.174582083352,0.138999998569,0.174582083352,0.174582083352
reservoir_property_p51_r1-42cd80a89b9e1087c6f0,15/9-F-1,15/9-F-1 C,3714.4,3,0.213699996471,0.198779185697,0.213699996471,0.198779185697,0.198779185697
reservoir_property_p51_r1-f4da7a0fadf98f3d558d,15/9-F-1,15/9-F-1 C,3716.4,3,0.220699995756,0.220348223831,0.220699995756,0.220348223831,0.220348223831
reservoir_property_p51_r1-544fb09c4ecc246282e3,15/9-F-1,15/9-F-1 C,3718.4,3,0.218600004911,0.217671866626,0.218600004911,0.217671866626,0.217671866626
reservoir_property_p51_r1-d2db73d6e256ae6ce8d0,15/9-F-1,15/9-F-1 C,3720.4,3,0.220500007272,0.216525278001,0.220500007272,0.216525278001,0.216525278001
reservoir_property_p51_r1-36d1e4e75406d072cd0c,15/9-F-1,15/9-F-1 C,3722.4,3,0.221000000834,0.216775155991,0.221000000834,0.216775155991,0.216775155991
reservoir_property_p51_r1-301d29b88e575c32061c,15/9-F-1,15/9-F-1 C,3724.4,3,0.21590000391,0.214231887037,0.21590000391,0.214231887037,0.214231887037
reservoir_property_p51_r1-2b731dbad4ce101b90ed,15/9-F-1,15/9-F-1 C,3726.4,3,0.236000001431,0.217008418799,0.236000001431,0.217008418799,0.217008418799
reservoir_property_p51_r1-69c796ded3f33619f96b,15/9-F-1,15/9-F-1 C,3728.4,3,0.217299997807,0.215039117401,0.217299997807,0.215039117401,0.215039117401
reservoir_property_p51_r1-2c90cecad42085f079ef,15/9-F-1,15/9-F-1 C,3730.4,3,0.195299997926,0.177758670856,0.195299997926,0.177758670856,0.177758670856
reservoir_property_p51_r1-4a03767ff0f43f036a53,15/9-F-1,15/9-F-1 C,3732.4,3,0.17990000546,0.181764638641,0.17990000546,0.181764638641,0.181764638641
reservoir_property_p51_r1-7f91fcd14cf138a3f53d,15/9-F-1,15/9-F-1 C,3734.4,3,0.229200005531,0.220276477045,0.229200005531,0.220276477045,0.220276477045
reservoir_property_p51_r1-8f04e325fef1065d0346,15/9-F-1,15/9-F-1 C,3736.4,3,0.233500003815,0.229064989356,0.233500003815,0.229064989356,0.229064989356
reservoir_property_p51_r1-ec21d52d906d0f369e76,15/9-F-1,15/9-F-1 C,3738.4,3,0.245100006461,0.228132449106,0.245100006461,0.228132449106,0.228132449106
reservoir_property_p51_r1-855139a01fcbd6557d7e,15/9-F-1,15/9-F-1 C,3740.4,3,0.227599993348,0.224327866123,0.227599993348,0.224327866123,0.224327866123
reservoir_property_p51_r1-3eb3ef12499abaeda580,15/9-F-1,15/9-F-1 C,3742.4,3,0.227899998426,0.223051015285,0.227899998426,0.223051015285,0.223051015285
reservoir_property_p51_r1-9bc204eaa04f0df93517,15/9-F-1,15/9-F-1 C,3744.4,3,0.218700006604,0.219730718907,0.218700006604,0.219730718907,0.219730718907
reservoir_property_p51_r1-b90f7bc267dce3c15a67,15/9-F-1,15/9-F-1 C,3746.4,3,0.208299994469,0.208968865487,0.208299994469,0.208968865487,0.208968865487
reservoir_property_p51_r1-124901640e377dadf018,15/9-F-1,15/9-F-1 C,3748.4,3,0.193100005388,0.19925768706,0.193100005388,0.19925768706,0.19925768706
reservoir_property_p51_r1-81f388b4a19d13d9d670,15/9-F-1,15/9-F-1 C,3750.4,3,0.209299996495,0.199572877134,0.209299996495,0.199572877134,0.199572877134
reservoir_property_p51_r1-21cde2aa1781f9502305,15/9-F-1,15/9-F-1 C,3752.4,3,0.215200006962,0.204893586946,0.215200006962,0.204893586946,0.204893586946
reservoir_property_p51_r1-f6c4f06b001d386c1d9f,15/9-F-1,15/9-F-1 C,3754.4,3,0.221900001168,0.214954974911,0.221900001168,0.214954974911,0.214954974911
reservoir_property_p51_r1-03868227a0f5c7bee779,15/9-F-1,15/9-F-1 C,3756.4,3,0.0498999990523,0.178303358106,0.0498999990523,0.178303358106,0.178303358106
reservoir_property_p51_r1-6195601ca872235d6c6d,15/9-F-1,15/9-F-1 C,3758.4,3,0.0842999964952,0.148237697884,0.0842999964952,0.148237697884,0.148237697884
reservoir_property_p51_r1-cac1e23aa51b219bd1b5,15/9-F-1,15/9-F-1 C,3760.4,3,0.202000007033,0.191587212736,0.202000007033,0.191587212736,0.191587212736
reservoir_property_p51_r1-08eef89c935957cec3d2,15/9-F-1,15/9-F-1 C,3762.4,3,0.214100003242,0.218084411866,0.214100003242,0.218084411866,0.218084411866
reservoir_property_p51_r1-045a290d36c59f5c285d,15/9-F-1,15/9-F-1 C,3764.4,3,0.221900001168,0.22383115955,0.221900001168,0.22383115955,0.22383115955
reservoir_property_p51_r1-8375a11f40380ac9f401,15/9-F-1,15/9-F-1 C,3766.4,3,0.236100003123,0.221317105233,0.236100003123,0.221317105233,0.221317105233
reservoir_property_p51_r1-4bd3cfa6eb02cd8d3ef3,15/9-F-1,15/9-F-1 C,3768.4,3,0.224500000477,0.214015606962,0.224500000477,0.214015606962,0.214015606962
reservoir_property_p51_r1-13216f41c5930253ffa5,15/9-F-1,15/9-F-1 C,3770.4,3,0.223299995065,0.223049173452,0.223299995065,0.223049173452,0.223049173452
reservoir_property_p51_r1-9c1a7bcad9ced6680164,15/9-F-1,15/9-F-1 C,3772.4,3,0.224199995399,0.223381192833,0.224199995399,0.223381192833,0.223381192833
reservoir_property_p51_r1-3366e4b81e8c570aa265,15/9-F-1,15/9-F-1 C,3774.4,3,0.230800002813,0.218654957691,0.230800002813,0.218654957691,0.218654957691
reservoir_property_p51_r1-ba72feec459c4c4e5d46,15/9-F-1,15/9-F-1 C,3776.4,3,0.225199997425,0.213257628685,0.225199997425,0.213257628685,0.213257628685
reservoir_property_p51_r1-09b099dd412cb91038ef,15/9-F-1,15/9-F-1 C,3778.4,3,0.213599994779,0.206644575802,0.213599994779,0.206644575802,0.206644575802
reservoir_property_p51_r1-20ff2e8c938d64ad2aeb,15/9-F-1,15/9-F-1 C,3780.4,3,0.218899995089,0.205932673311,0.218899995089,0.205932673311,0.205932673311
reservoir_property_p51_r1-e8e76c27ca57a449b59b,15/9-F-1,15/9-F-1 C,3782.4,3,0.218600004911,0.208343004996,0.218600004911,0.208343004996,0.208343004996
reservoir_property_p51_r1-605aa0a32db7a01726a4,15/9-F-1,15/9-F-1 C,3784.4,3,0.220799997449,0.198433558842,0.220799997449,0.198433558842,0.198433558842
reservoir_property_p51_r1-ba446f63e05cfd361bf1,15/9-F-1,15/9-F-1 C,3786.4,3,0.181799992919,0.187066244083,0.181799992919,0.187066244083,0.187066244083
reservoir_property_p51_r1-a593adcdad16e6906d33,15/9-F-1,15/9-F-1 C,3788.4,3,0.234200000763,0.199549511931,0.234200000763,0.199549511931,0.199549511931
reservoir_property_p51_r1-bb6f89b519ffdcb070fd,15/9-F-1,15/9-F-1 C,3790.4,3,0.226400002837,0.207960644258,0.226400002837,0.207960644258,0.207960644258
reservoir_property_p51_r1-fce3c720dae5c1be494d,15/9-F-1,15/9-F-1 C,3792.4,3,0.204699993134,0.202285998982,0.204699993134,0.202285998982,0.202285998982
reservoir_property_p51_r1-9191966153702c06a02b,15/9-F-1,15/9-F-1 C,3794.4,3,0.211700007319,0.20047063755,0.211700007319,0.20047063755,0.20047063755
reservoir_property_p51_r1-3a5dfa81d48a250bc948,15/9-F-1,15/9-F-1 C,3796.4,3,0.223900005221,0.206855591451,0.223900005221,0.206855591451,0.206855591451
reservoir_property_p51_r1-e8b05889358994ccf84c,15/9-F-1,15/9-F-1 C,3798.4,3,0.222599998116,0.206687398306,0.222599998116,0.206687398306,0.206687398306
reservoir_property_p51_r1-01c02dc1cfc4c3d53735,15/9-F-1,15/9-F-1 C,3800.4,3,0.224299997091,0.206072921472,0.224299997091,0.206072921472,0.206072921472
reservoir_property_p51_r1-f302379255a676b6ef9b,15/9-F-1,15/9-F-1 C,3802.4,3,0.192300006747,0.166374186187,0.192300006747,0.166374186187,0.166374186187
reservoir_property_p51_r1-42940977422a98a21685,15/9-F-1,15/9-F-1 C,3804.4,3,0.17499999702,0.146669785295,0.17499999702,0.146669785295,0.146669785295
reservoir_property_p51_r1-fb5b20e7c31e0b762f51,15/9-F-1,15/9-F-1 C,3806.4,3,0.193700000644,0.170892143416,0.193700000644,0.170892143416,0.170892143416
reservoir_property_p51_r1-f858465cb89a6c18a7ca,15/9-F-1,15/9-F-1 C,3808.4,3,0.183200001717,0.171580787518,0.183200001717,0.171580787518,0.171580787518
reservoir_property_p51_r1-e7e396e6701a55a97df0,15/9-F-1,15/9-F-1 C,3810.4,3,0.194100007415,0.178011443738,0.194100007415,0.178011443738,0.178011443738
reservoir_property_p51_r1-59f8876fd54ac30d28fc,15/9-F-1,15/9-F-1 C,3812.4,3,0.211999997497,0.185189317824,0.211999997497,0.185189317824,0.185189317824
reservoir_property_p51_r1-3fff96192b2fa45bf566,15/9-F-1,15/9-F-1 C,3814.4,3,0.216499999166,0.194481839888,0.216499999166,0.194481839888,0.194481839888
reservoir_property_p51_r1-95ebf4538f7c1e7ab36f,15/9-F-1,15/9-F-1 C,3816.4,3,0.221799999475,0.192172272597,0.221799999475,0.192172272597,0.192172272597
reservoir_property_p51_r1-4f930ba28ec368324cae,15/9-F-1,15/9-F-1 C,3818.4,3,0.163900002837,0.170889187389,0.163900002837,0.170889187389,0.170889187389
reservoir_property_p51_r1-d0881c309c1ba8bb05b8,15/9-F-1,15/9-F-1 C,3820.4,3,0.163299992681,0.173686510307,0.163299992681,0.173686510307,0.173686510307
reservoir_property_p51_r1-4218902d571f423829bc,15/9-F-1,15/9-F-1 C,3822.4,3,0.223000004888,0.197854476525,0.223000004888,0.197854476525,0.197854476525
reservoir_property_p51_r1-7a2c1336ebae3e99297a,15/9-F-1,15/9-F-1 C,3824.4,3,0.209800004959,0.198997113553,0.209800004959,0.198997113553,0.198997113553
reservoir_property_p51_r1-9e86ddeb2ecc9daf5fde,15/9-F-1,15/9-F-1 C,3826.4,3,0.221699997783,0.199174068637,0.221699997783,0.199174068637,0.199174068637
reservoir_property_p51_r1-98eeb49c6c134bddc3ee,15/9-F-1,15/9-F-1 C,3828.4,3,0.214499995112,0.189955825447,0.214499995112,0.189955825447,0.189955825447
reservoir_property_p51_r1-05435e92dee68b99d426,15/9-F-1,15/9-F-1 C,3830.4,3,0.109300002456,0.144032821792,0.109300002456,0.144032821792,0.144032821792
reservoir_property_p51_r1-a1ec867b20daf841392e,15/9-F-1,15/9-F-1 C,3832.4,3,0.220400005579,0.172104170389,0.220400005579,0.172104170389,0.172104170389
reservoir_property_p51_r1-267ea2cc67704d30e46b,15/9-F-1,15/9-F-1 C,3834.4,3,0.254099994898,0.226299014856,0.254099994898,0.226299014856,0.226299014856
reservoir_property_p51_r1-4112f45d3973237fc8d6,15/9-F-1,15/9-F-1 C,3836.4,3,0.246099993587,0.223529279456,0.246099993587,0.223529279456,0.223529279456
reservoir_property_p51_r1-382e7cf436ba8f4bb0d1,15/9-F-1,15/9-F-1 C,3838.4,3,0.196600005031,0.200812543361,0.196600005031,0.200812543361,0.200812543361
reservoir_property_p51_r1-94ff8fce5a7aa52ea896,15/9-F-1,15/9-F-1 C,3840.4,3,0.146999999881,0.160984249837,0.146999999881,0.160984249837,0.160984249837
reservoir_property_p51_r1-ea411ddbf749c0fd9553,15/9-F-1,15/9-F-1 C,3842.4,3,0.147599995136,0.128426124386,0.147599995136,0.128426124386,0.128426124386
reservoir_property_p51_r1-12b6709c467b953054f4,15/9-F-1,15/9-F-1 C,3844.4,3,0.0527999997139,0.102610199531,0.0527999997139,0.102610199531,0.102610199531
reservoir_property_p51_r1-55b65595f450dda8c392,15/9-F-1,15/9-F-1 C,3846.4,3,0.164900004864,0.150499346144,0.164900004864,0.150499346144,0.150499346144
reservoir_property_p51_r1-62caf19895a98641c21e,15/9-F-1,15/9-F-1 C,3848.4,3,0.248600006104,0.208697569385,0.248600006104,0.208697569385,0.208697569385
reservoir_property_p51_r1-dd53ef75f34194e1e8a6,15/9-F-1,15/9-F-1 C,3850.4,3,0.227500006557,0.201496116183,0.227500006557,0.201496116183,0.201496116183
reservoir_property_p51_r1-b2dec6e6134843c38516,15/9-F-1,15/9-F-1 C,3852.4,3,0.225600004196,0.193044856063,0.225600004196,0.193044856063,0.193044856063
reservoir_property_p51_r1-6fad57bcdfbbf2bcd1f7,15/9-F-1,15/9-F-1 C,3854.4,3,0.205400004983,0.199291773894,0.205400004983,0.199291773894,0.199291773894
reservoir_property_p51_r1-697e109b92ba3b007410,15/9-F-1,15/9-F-1 C,3856.4,3,0.195999994874,0.207307923597,0.195999994874,0.207307923597,0.207307923597
reservoir_property_p51_r1-af829e2355947060af07,15/9-F-1,15/9-F-1 C,3858.4,3,0.232700005174,0.199663777737,0.232700005174,0.199663777737,0.199663777737
reservoir_property_p51_r1-76ad0f5ec21ff5ff2823,15/9-F-1,15/9-F-1 C,3860.4,3,0.2268999964,0.189525340456,0.2268999964,0.189525340456,0.189525340456
reservoir_property_p51_r1-aad64f6a37d4f0bd5a1c,15/9-F-1,15/9-F-1 C,3862.4,3,0.185900002718,0.17932412483,0.185900002718,0.17932412483,0.17932412483
reservoir_property_p51_r1-d0beb02e3c9b024b5885,15/9-F-1,15/9-F-1 C,3864.4,3,0.22159999609,0.183214468444,0.22159999609,0.183214468444,0.183214468444
reservoir_property_p51_r1-e22cdafe9b69ef0e9e10,15/9-F-1,15/9-F-1 C,3866.4,3,0.201399996877,0.192193181097,0.201399996877,0.192193181097,0.192193181097
reservoir_property_p51_r1-093206e38714a894867a,15/9-F-1,15/9-F-1 C,3868.4,3,0.232800006866,0.197079276052,0.232800006866,0.197079276052,0.197079276052
reservoir_property_p51_r1-ac9d2946a91d60c8417a,15/9-F-1,15/9-F-1 C,3870.4,3,0.239199995995,0.202157881419,0.239199995995,0.202157881419,0.202157881419
reservoir_property_p51_r1-e92da989c2b82fba5863,15/9-F-1,15/9-F-1 C,3872.4,3,0.240500003099,0.192175533348,0.240500003099,0.192175533348,0.192175533348
reservoir_property_p51_r1-0b1302828dbd6094bf46,15/9-F-1,15/9-F-1 C,3874.4,3,0.206300005317,0.172294590017,0.206300005317,0.172294590017,0.172294590017
reservoir_property_p51_r1-0838af7d4ea1cc3fd9e2,15/9-F-1,15/9-F-1 C,3876.4,3,0.209199994802,0.15150048089,0.209199994802,0.15150048089,0.15150048089
reservoir_property_p51_r1-4ec0ab9ab9129e254850,15/9-F-1,15/9-F-1 C,3878.4,3,0.179399996996,0.156128326387,0.179399996996,0.156128326387,0.156128326387
reservoir_property_p51_r1-837470b4ddc4d107e0dc,15/9-F-1,15/9-F-1 C,3880.4,3,0.22349999845,0.181459089504,0.22349999845,0.181459089504,0.181459089504
reservoir_property_p51_r1-fd9030699cccb0ba748c,15/9-F-1,15/9-F-1 C,3882.4,3,0.22349999845,0.191744045686,0.22349999845,0.191744045686,0.191744045686
reservoir_property_p51_r1-6a0c954803c04a3be869,15/9-F-1,15/9-F-1 C,3884.4,3,0.220799997449,0.176441319498,0.220799997449,0.176441319498,0.176441319498
reservoir_property_p51_r1-12a14641533d44f030d9,15/9-F-1,15/9-F-1 C,3886.4,3,0.212200000882,0.159829308151,0.212200000882,0.159829308151,0.159829308151
reservoir_property_p51_r1-610f238a8ac88204cbc0,15/9-F-1,15/9-F-1 C,3888.4,3,0.136199995875,0.159898553026,0.136199995875,0.159898553026,0.159898553026
reservoir_property_p51_r1-01f8515a85590865c549,15/9-F-1,15/9-F-1 C,3890.4,3,0.203199997544,0.174582891736,0.203199997544,0.174582891736,0.174582891736
reservoir_property_p51_r1-ca843cb23cd3059f19be,15/9-F-1,15/9-F-1 C,3892.4,3,0.220500007272,0.183062463449,0.220500007272,0.183062463449,0.183062463449
reservoir_property_p51_r1-c042ae35e7963099e178,15/9-F-1,15/9-F-1 C,3894.4,3,0.240899994969,0.185017674732,0.240899994969,0.185017674732,0.185017674732
reservoir_property_p51_r1-b97130b2a7dff51daa7c,15/9-F-1,15/9-F-1 C,3896.4,3,0.227799996734,0.151157422694,0.227799996734,0.151157422694,0.151157422694
reservoir_property_p51_r1-0d3a45bc1be130cd4a6f,15/9-F-1,15/9-F-1 C,3898.4,3,0.019999999553,0.0987683825563,0.019999999553,0.0987683825563,0.0987683825563
reservoir_property_p51_r1-a85d3896a8725808a87d,15/9-F-1,15/9-F-1 C,3900.4,3,0.126100003719,0.105313752456,0.126100003719,0.105313752456,0.105313752456
reservoir_property_p51_r1-a5527e3c22b58e3ee090,15/9-F-1,15/9-F-1 C,3902.4,3,0.114500001073,0.135820931724,0.114500001073,0.135820931724,0.135820931724
reservoir_property_p51_r1-aef9c0e6bab208a3550e,15/9-F-1,15/9-F-1 C,3904.4,3,0.181099995971,0.139111253552,0.181099995971,0.139111253552,0.139111253552
reservoir_property_p51_r1-9f141743614b7f5f4ce0,15/9-F-1,15/9-F-1 C,3906.4,3,0.019999999553,0.0964307325155,0.019999999553,0.0964307325155,0.0964307325155
reservoir_property_p51_r1-f147ba49d7b6d8e1d4dd,15/9-F-1,15/9-F-1 C,3908.4,3,0.0659999996424,0.0842174716953,0.0659999996424,0.0842174716953,0.0842174716953
reservoir_property_p51_r1-7f668c50b0bb868f435c,15/9-F-1,15/9-F-1 C,3910.4,3,0.0687000006437,0.100245214775,0.0687000006437,0.100245214775,0.100245214775
reservoir_property_p51_r1-1f6ff54056eacf9c8434,15/9-F-1,15/9-F-1 C,3912.4,3,0.116400003433,0.101429751277,0.116400003433,0.101429751277,0.101429751277
reservoir_property_p51_r1-97f25856559f94413277,15/9-F-1,15/9-F-1 C,3914.4,3,0.0645999982953,0.0940803491819,0.0645999982953,0.0940803491819,0.0940803491819
reservoir_property_p51_r1-b201741b0b57f7407cd0,15/9-F-1,15/9-F-1 C,3916.4,3,0.0680999979377,0.0992908984706,0.0680999979377,0.0992908984706,0.0992908984706
reservoir_property_p51_r1-1191d5e96b38a30358c4,15/9-F-1,15/9-F-1 C,3918.4,3,0.1875,0.166549906427,0.1875,0.166549906427,0.166549906427
reservoir_property_p51_r1-a16dd17f8adfdd4b0c24,15/9-F-1,15/9-F-1 C,3920.4,3,0.229800000787,0.21718219558,0.229800000787,0.21718219558,0.21718219558
reservoir_property_p51_r1-2401032525ae2f7f292a,15/9-F-1,15/9-F-1 C,3922.4,3,0.240999996662,0.229553985713,0.240999996662,0.229553985713,0.229553985713
reservoir_property_p51_r1-b9e9d2ecb18d014173f8,15/9-F-1,15/9-F-1 C,3924.4,3,0.242699995637,0.235984070343,0.242699995637,0.235984070343,0.235984070343
reservoir_property_p51_r1-8d90b3e5efd67c20315f,15/9-F-1,15/9-F-1 C,3926.4,3,0.24660000205,0.236716848303,0.24660000205,0.236716848303,0.236716848303
reservoir_property_p51_r1-d7a92628a0614e39eb74,15/9-F-1,15/9-F-1 C,3928.4,3,0.247999995947,0.233571485246,0.247999995947,0.233571485246,0.233571485246
reservoir_property_p51_r1-e60ee616cc8253e4675f,15/9-F-1,15/9-F-1 C,3930.4,3,0.246199995279,0.230419051784,0.246199995279,0.230419051784,0.230419051784
reservoir_property_p51_r1-b9490155e0952fea3d0f,15/9-F-1,15/9-F-1 C,3932.4,3,0.237800002098,0.228816232464,0.237800002098,0.228816232464,0.228816232464
reservoir_property_p51_r1-99ab9aa50a96ec3186bf,15/9-F-1,15/9-F-1 C,3934.4,3,0.237900003791,0.232091681421,0.237900003791,0.232091681421,0.232091681421
reservoir_property_p51_r1-6497c85aef2ae45fb25f,15/9-F-1,15/9-F-1 C,3936.4,3,0.232999995351,0.234177120366,0.232999995351,0.234177120366,0.234177120366
reservoir_property_p51_r1-1af04380f028821cdcd6,15/9-F-1,15/9-F-1 C,3938.4,3,0.218500003219,0.226791072296,0.218500003219,0.226791072296,0.226791072296
reservoir_property_p51_r1-c32e80a2b292eb802815,15/9-F-1,15/9-F-1 C,3940.4,3,0.219799995422,0.227220087616,0.219799995422,0.227220087616,0.227220087616
reservoir_property_p51_r1-9ad74011dc35d3393520,15/9-F-1,15/9-F-1 C,3942.4,3,0.227699995041,0.232706856932,0.227699995041,0.232706856932,0.232706856932
reservoir_property_p51_r1-733815aaebcac6f0a609,15/9-F-1,15/9-F-1 C,3944.4,3,0.240999996662,0.235016543725,0.240999996662,0.235016543725,0.235016543725
reservoir_property_p51_r1-9c2cec96a2eaee6a09b9,15/9-F-1,15/9-F-1 C,3946.4,3,0.24699999392,0.23911379145,0.24699999392,0.23911379145,0.23911379145
reservoir_property_p51_r1-02d63151f6b61b7e2e09,15/9-F-1,15/9-F-1 C,3948.4,3,0.24240000546,0.234861844974,0.24240000546,0.234861844974,0.234861844974
reservoir_property_p51_r1-1a4632d4c62d2f86c095,15/9-F-1,15/9-F-1 C,3950.4,3,0.210299998522,0.214159282029,0.210299998522,0.214159282029,0.214159282029
reservoir_property_p51_r1-e99767dfb2f0389aa7ad,15/9-F-1,15/9-F-1 C,3952.4,3,0.182400003076,0.191185131707,0.182400003076,0.191185131707,0.191185131707
reservoir_property_p51_r1-236377e53e79fac8921a,15/9-F-1,15/9-F-1 C,3954.4,3,0.158299997449,0.180333210382,0.158299997449,0.180333210382,0.180333210382
reservoir_property_p51_r1-2208f4108e2957a3e18c,15/9-F-1,15/9-F-1 C,3956.4,3,0.193399995565,0.189033162449,0.193399995565,0.189033162449,0.189033162449
reservoir_property_p51_r1-2ac8a0c2fc01b6cb96ff,15/9-F-1,15/9-F-1 C,3958.4,3,0.187299996614,0.191598542951,0.187299996614,0.191598542951,0.191598542951
reservoir_property_p51_r1-ce7f91ba5df597af692b,15/9-F-1,15/9-F-1 C,3960.4,3,0.1738999933,0.186280701606,0.1738999933,0.186280701606,0.186280701606
reservoir_property_p51_r1-cfc77cb6283d421930ff,15/9-F-1,15/9-F-1 C,3962.4,3,0.177200004458,0.181532087247,0.177200004458,0.181532087247,0.181532087247
reservoir_property_p51_r1-04ef7c44993772c8266c,15/9-F-1,15/9-F-1 C,3964.4,3,0.150099992752,0.154308185077,0.150099992752,0.154308185077,0.154308185077
reservoir_property_p51_r1-a83936984e82e8ef119f,15/9-F-1,15/9-F-1 C,3966.4,3,0.0615000016987,0.132570717971,0.0615000016987,0.132570717971,0.132570717971
reservoir_property_p51_r1-43441261396ef6a525e9,15/9-F-1,15/9-F-1 C,3968.4,3,0.162799999118,0.13783584137,0.162799999118,0.13783584137,0.13783584137
reservoir_property_p51_r1-24e338dadb9e85a9c68a,15/9-F-1,15/9-F-1 C,3970.4,3,0.0702999979258,0.14847817721,0.0702999979258,0.14847817721,0.14847817721
reservoir_property_p51_r1-355de649af6bb1c2973d,15/9-F-1,15/9-F-1 C,3972.4,3,0.16099999845,0.169290403301,0.16099999845,0.169290403301,0.169290403301
reservoir_property_p51_r1-48cb9457681bc4a32ca5,15/9-F-1,15/9-F-1 C,3974.4,3,0.216999992728,0.206472303815,0.216999992728,0.206472303815,0.206472303815
reservoir_property_p51_r1-df932ed3ab5192b9532e,15/9-F-1,15/9-F-1 C,3976.4,3,0.219200000167,0.220472775882,0.219200000167,0.220472775882,0.220472775882
reservoir_property_p51_r1-0b621fff49d111cf2ec8,15/9-F-1,15/9-F-1 C,3978.4,3,0.201199993491,0.208920708581,0.201199993491,0.208920708581,0.208920708581
reservoir_property_p51_r1-96de228ef19e63d1bcfb,15/9-F-1,15/9-F-1 C,3980.4,3,0.194800004363,0.196717415615,0.194800004363,0.196717415615,0.196717415615
reservoir_property_p51_r1-e7c9b17ab76ceff57a06,15/9-F-1,15/9-F-1 C,3982.4,3,0.178100004792,0.186455081875,0.178100004792,0.186455081875,0.186455081875
reservoir_property_p51_r1-977de4764f4e368efd39,15/9-F-1,15/9-F-1 C,3984.4,3,0.175500005484,0.173293240948,0.175500005484,0.173293240948,0.173293240948
reservoir_property_p51_r1-a9e43f65f53eb9b9030d,15/9-F-1,15/9-F-1 C,3986.4,3,0.157399997115,0.1744680178,0.157399997115,0.1744680178,0.1744680178
reservoir_property_p51_r1-1bc11256d1416b5b8639,15/9-F-1,15/9-F-1 C,3988.4,3,0.215100005269,0.191823102314,0.215100005269,0.191823102314,0.191823102314
reservoir_property_p51_r1-e03cabcef6c447d68859,15/9-F-1,15/9-F-1 C,3990.4,3,0.181500002742,0.19127965877,0.181500002742,0.19127965877,0.19127965877
reservoir_property_p51_r1-de06ffcd51e152945a75,15/9-F-1,15/9-F-1 C,3992.4,3,0.179700002074,0.182928021051,0.179700002074,0.182928021051,0.182928021051
reservoir_property_p51_r1-338271eaef11313314d9,15/9-F-1,15/9-F-1 C,3994.4,3,0.177599996328,0.1761116921,0.177599996328,0.1761116921,0.1761116921
reservoir_property_p51_r1-21c12698721891c08505,15/9-F-1,15/9-F-1 C,3996.4,3,0.199799999595,0.187806964606,0.199799999595,0.187806964606,0.187806964606
reservoir_property_p51_r1-afec8554a32f72ccb550,15/9-F-1,15/9-F-1 C,3998.4,3,0.200299993157,0.19673234852,0.200299993157,0.19673234852,0.19673234852
reservoir_property_p51_r1-d09f6f6ccab094f7f934,15/9-F-1,15/9-F-1 C,4000.4,3,0.169200003147,0.172345120501,0.169200003147,0.172345120501,0.172345120501
reservoir_property_p51_r1-326e4200828b8cf7a4ee,15/9-F-1,15/9-F-1 C,4002.4,3,0.134200006723,0.139459916088,0.134200006723,0.139459916088,0.139459916088
reservoir_property_p51_r1-dc8e1ff8a550599f477d,15/9-F-1,15/9-F-1 C,4004.4,3,0.019999999553,0.105195717321,0.019999999553,0.105195717321,0.105195717321
reservoir_property_p51_r1-11cacd923d904d2b1684,15/9-F-1,15/9-F-1 C,4017.4,3,0.0328000001609,0.0882879575058,0.0328000001609,0.0882879575058,0.0882879575058
reservoir_property_p51_r1-cb368ec784eff6034189,15/9-F-1,15/9-F-1 C,4019.4,3,0.0992000028491,0.0973120475213,0.0992000028491,0.0973120475213,0.0973120475213
reservoir_property_p51_r1-49ac46132b2c4927b08a,15/9-F-1,15/9-F-1 C,4021.4,3,0.111100003123,0.108015111028,0.111100003123,0.108015111028,0.108015111028
reservoir_property_p51_r1-8c98c607a2cd5759a679,15/9-F-1,15/9-F-1,3387,3,0.157299995422,0.108568181487,0.157299995422,0.108568181487,0.108568181487
reservoir_property_p51_r1-86e2eeaf44582632edef,15/9-F-1,15/9-F-1,3398.9,3,0.082800000906,0.0652622763185,0.082800000906,0.0652622763185,0.0652622763185
reservoir_property_p51_r1-a17c63e4953d73d704ba,15/9-F-1,15/9-F-1,3400.9,3,0.0494999997318,0.065007012552,0.0494999997318,0.065007012552,0.065007012552
reservoir_property_p51_r1-027351b592eb9bbfc28a,15/9-F-1,15/9-F-1,3402.9,3,0.0850000008941,0.0649540335879,0.0850000008941,0.0649540335879,0.0649540335879
reservoir_property_p51_r1-e280bd382b2cc3ed9c16,15/9-F-1,15/9-F-1,3404.9,3,0.0706999972463,0.0664327650992,0.0706999972463,0.0664327650992,0.0664327650992
reservoir_property_p51_r1-7417961b8fdd15e9c0fd,15/9-F-1,15/9-F-1,3453.2,3,0.102200001478,0.160923644737,0.102200001478,0.160923644737,0.160923644737
reservoir_property_p51_r1-79976efc9ad503fecf16,15/9-F-1,15/9-F-1,3455.2,3,0.187299996614,0.14499595231,0.187299996614,0.14499595231,0.14499595231
reservoir_property_p51_r1-2276135502b0addc9a9c,15/9-F-11,15/9-F-11 A,3598.4,2,0.0939999967813,0.106554617501,0.0939999967813,0.106554617501,0.106554617501
reservoir_property_p51_r1-2c33f1e3be49414d8bba,15/9-F-11,15/9-F-11 A,3605,2,0.190999999642,0.1679291713,0.190999999642,0.1679291713,0.1679291713
reservoir_property_p51_r1-0bcda5fb40ef0c9fa97c,15/9-F-11,15/9-F-11 A,3607,2,0.193000003695,0.176252539636,0.193000003695,0.176252539636,0.176252539636
reservoir_property_p51_r1-a36f45dbe9e0275f46fe,15/9-F-11,15/9-F-11 A,3609,2,0.230000004172,0.178398430782,0.230000004172,0.178398430782,0.178398430782
reservoir_property_p51_r1-483a6ee25dac0b1b9a6e,15/9-F-11,15/9-F-11 A,3611,2,0.135000005364,0.149491810175,0.135000005364,0.149491810175,0.149491810175
reservoir_property_p51_r1-96c3cde807e05defa171,15/9-F-11,15/9-F-11 A,3613,2,0.109999999404,0.183331323658,0.109999999404,0.183331323658,0.183331323658
reservoir_property_p51_r1-4d03b60f402ca2c60ab0,15/9-F-11,15/9-F-11 A,3615,2,0.215000003576,0.21843951254,0.215000003576,0.21843951254,0.21843951254
reservoir_property_p51_r1-da65467c79283dfa31e9,15/9-F-11,15/9-F-11 A,3617,2,0.239999994636,0.231609074677,0.239999994636,0.231609074677,0.231609074677
reservoir_property_p51_r1-a86ec01268587ff65ca5,15/9-F-11,15/9-F-11 A,3619,2,0.155000001192,0.192429307008,0.155000001192,0.192429307008,0.192429307008
reservoir_property_p51_r1-5763d413da5d299d5ee1,15/9-F-11,15/9-F-11 A,3621,2,0.231999993324,0.196768398053,0.231999993324,0.196768398053,0.196768398053
reservoir_property_p51_r1-1417906868a00cc16b15,15/9-F-11,15/9-F-11 A,3623,2,0.225999996066,0.233251407028,0.225999996066,0.233251407028,0.233251407028
reservoir_property_p51_r1-94f6c5dafaf4a89baad9,15/9-F-11,15/9-F-11 A,3625,2,0.228000000119,0.233455870571,0.228000000119,0.233455870571,0.233455870571
reservoir_property_p51_r1-2ec8ce81b0f744bf68de,15/9-F-11,15/9-F-11 A,3627,2,0.167999997735,0.184497337075,0.167999997735,0.184497337075,0.184497337075
reservoir_property_p51_r1-51f56ed578336ce3a850,15/9-F-11,15/9-F-11 A,3629,2,0.187999993563,0.148262165395,0.187999993563,0.148262165395,0.148262165395
reservoir_property_p51_r1-0da2fd9fb307909936c1,15/9-F-11,15/9-F-11 A,3631,2,0.118000000715,0.191189702234,0.118000000715,0.191189702234,0.191189702234
reservoir_property_p51_r1-0811cb19bb55edd25c7b,15/9-F-11,15/9-F-11 A,3633,2,0.244000002742,0.23268486483,0.244000002742,0.23268486483,0.23268486483
reservoir_property_p51_r1-9276b3f95aab9ff0356a,15/9-F-11,15/9-F-11 A,3635,2,0.247999995947,0.238051499864,0.247999995947,0.238051499864,0.238051499864
reservoir_property_p51_r1-454b9b62a503ee0d6014,15/9-F-11,15/9-F-11 A,3637,2,0.234999999404,0.232183031122,0.234999999404,0.232183031122,0.232183031122
reservoir_property_p51_r1-5200bf8beb0216ffda71,15/9-F-11,15/9-F-11 A,3639,2,0.22499999404,0.224076933694,0.22499999404,0.224076933694,0.224076933694
reservoir_property_p51_r1-a3113f161d8b6552ca42,15/9-F-11,15/9-F-11 A,3641,2,0.216000005603,0.201174451176,0.216000005603,0.201174451176,0.201174451176
reservoir_property_p51_r1-48ffcc838a530575b8bb,15/9-F-11,15/9-F-11 A,3643,2,0.168999999762,0.189636208238,0.168999999762,0.189636208238,0.189636208238
reservoir_property_p51_r1-dbfc72017171fa315dfe,15/9-F-11,15/9-F-11 A,3645,2,0.217999994755,0.197158546278,0.217999994755,0.197158546278,0.197158546278
reservoir_property_p51_r1-9437fb7e4504db8b298a,15/9-F-11,15/9-F-11 A,3647,2,0.138999998569,0.158349796628,0.138999998569,0.158349796628,0.158349796628
reservoir_property_p51_r1-12984c9274a64598a201,15/9-F-11,15/9-F-11 A,3649,2,0.143000006676,0.171449889922,0.143000006676,0.171449889922,0.171449889922
reservoir_property_p51_r1-d211ce6c2ae283db3f82,15/9-F-11,15/9-F-11 A,3651,2,0.204999998212,0.174917562666,0.204999998212,0.174917562666,0.174917562666
reservoir_property_p51_r1-3e5419bcfbfe85daae76,15/9-F-11,15/9-F-11 A,3653,2,0.104999996722,0.121320346723,0.104999996722,0.121320346723,0.121320346723
reservoir_property_p51_r1-bb5b4e488c740d5376bc,15/9-F-11,15/9-F-11 A,3655,2,0.136999994516,0.133243616404,0.136999994516,0.133243616404,0.133243616404
reservoir_property_p51_r1-9c6d1fec47f513f940c7,15/9-F-11,15/9-F-11 A,3657,2,0.20000000298,0.19369947401,0.20000000298,0.19369947401,0.19369947401
reservoir_property_p51_r1-81911467babf28000bc1,15/9-F-11,15/9-F-11 A,3659,2,0.25,0.166170209951,0.25,0.166170209951,0.166170209951
reservoir_property_p51_r1-9371ab372d8527ca6562,15/9-F-11,15/9-F-11 A,3662.7,2,0.0130000002682,0.083815332644,0.0130000002682,0.083815332644,0.083815332644
reservoir_property_p51_r1-c8b6d8cf760a9a865abf,15/9-F-11,15/9-F-11 A,3664.7,2,0.21400000155,0.179218825986,0.21400000155,0.179218825986,0.179218825986
reservoir_property_p51_r1-0795efd0a96b7f6a20f2,15/9-F-11,15/9-F-11 A,3666.7,2,0.21400000155,0.209794326133,0.21400000155,0.209794326133,0.209794326133
reservoir_property_p51_r1-7ba9f672866db8c150d0,15/9-F-11,15/9-F-11 A,3668.7,2,0.261999994516,0.232621418541,0.261999994516,0.232621418541,0.232621418541
reservoir_property_p51_r1-41d382561985b8d43516,15/9-F-11,15/9-F-11 A,3670.7,2,0.247999995947,0.228609474697,0.247999995947,0.228609474697,0.228609474697
reservoir_property_p51_r1-81c422b3a9ad0bd4ead5,15/9-F-11,15/9-F-11 A,3672.7,2,0.231000006199,0.217975120966,0.231000006199,0.217975120966,0.217975120966
reservoir_property_p51_r1-75be831fea39e1abf0c2,15/9-F-11,15/9-F-11 A,3674.7,2,0.181999996305,0.192457958463,0.181999996305,0.192457958463,0.192457958463
reservoir_property_p51_r1-739f2c3d760239837e4b,15/9-F-11,15/9-F-11 A,3676.7,2,0.199000000954,0.184292420973,0.199000000954,0.184292420973,0.184292420973
reservoir_property_p51_r1-df9f602393d5aec6a331,15/9-F-11,15/9-F-11 A,3678.7,2,0.208000004292,0.198428779839,0.208000004292,0.198428779839,0.198428779839
reservoir_property_p51_r1-e478a2a6d95f4e616a38,15/9-F-11,15/9-F-11 A,3680.7,2,0.202999994159,0.198047127547,0.202999994159,0.198047127547,0.198047127547
reservoir_property_p51_r1-72205ae967d6dcde7894,15/9-F-11,15/9-F-11 A,3682.7,2,0.184000000358,0.188278355912,0.184000000358,0.188278355912,0.188278355912
reservoir_property_p51_r1-df5cc6fef39b0e892cef,15/9-F-11,15/9-F-11 A,3684.7,2,0.22499999404,0.204961870162,0.22499999404,0.204961870162,0.204961870162
reservoir_property_p51_r1-3417f16ff14123666416,15/9-F-11,15/9-F-11 A,3686.7,2,0.218999996781,0.221638678986,0.218999996781,0.221638678986,0.221638678986
reservoir_property_p51_r1-10ed48a7122d16610c16,15/9-F-11,15/9-F-11 A,3688.7,2,0.233999997377,0.222635100939,0.233999997377,0.222635100939,0.222635100939
reservoir_property_p51_r1-53dcc044e9c06b69103a,15/9-F-11,15/9-F-11 A,3690.7,2,0.20000000298,0.214068842038,0.20000000298,0.214068842038,0.214068842038
reservoir_property_p51_r1-143d5df53e02b68648b5,15/9-F-11,15/9-F-11 A,3692.7,2,0.236000001431,0.225131922454,0.236000001431,0.225131922454,0.225131922454
reservoir_property_p51_r1-14274388d2073f220099,15/9-F-11,15/9-F-11 A,3694.7,2,0.245000004768,0.237451696652,0.245000004768,0.237451696652,0.237451696652
reservoir_property_p51_r1-312d2ec3359d5ae951da,15/9-F-11,15/9-F-11 A,3696.7,2,0.245000004768,0.232054928192,0.245000004768,0.232054928192,0.232054928192
reservoir_property_p51_r1-97282a32c199c6cf131b,15/9-F-11,15/9-F-11 A,3698.7,2,0.240999996662,0.228918964191,0.240999996662,0.228918964191,0.228918964191
reservoir_property_p51_r1-2ef1688840c0a2b7233b,15/9-F-11,15/9-F-11 A,3700.7,2,0.254999995232,0.219411604019,0.254999995232,0.219411604019,0.219411604019
reservoir_property_p51_r1-29bad6490c6aff6583a0,15/9-F-11,15/9-F-11 A,3702.7,2,0.0710000023246,0.151053682514,0.0710000023246,0.151053682514,0.151053682514
reservoir_property_p51_r1-0e9de942bf17ec783902,15/9-F-11,15/9-F-11 B,3445.5,2,0.0850000008941,0.155577065311,0.0850000008941,0.155577065311,0.155577065311
reservoir_property_p51_r1-90d4e6df6ce860cd8519,15/9-F-11,15/9-F-11 B,3447.5,2,0.0879999995232,0.13254360786,0.0879999995232,0.13254360786,0.13254360786
reservoir_property_p51_r1-cfd1db741904f6373c32,15/9-F-11,15/9-F-11 B,3449.5,2,0.0719999969006,0.0919696975883,0.0719999969006,0.0919696975883,0.0919696975883
reservoir_property_p51_r1-3d9e28ce47d9191d9484,15/9-F-11,15/9-F-11 B,3451.5,2,0.019999999553,0.0671501350952,0.019999999553,0.0671501350952,0.0671501350952
reservoir_property_p51_r1-6306dacb3682ae1af4aa,15/9-F-11,15/9-F-11 B,3453.5,2,0.019999999553,0.0748960596259,0.019999999553,0.0748960596259,0.0748960596259
reservoir_property_p51_r1-5dd571d826737c228f8c,15/9-F-11,15/9-F-11 B,3455.5,2,0.019999999553,0.0668369429671,0.019999999553,0.0668369429671,0.0668369429671
reservoir_property_p51_r1-648080008eb5133d3e83,15/9-F-11,15/9-F-11 B,3458.9,2,0.019999999553,0.0799747456502,0.019999999553,0.0799747456502,0.0799747456502
reservoir_property_p51_r1-fe158b1677c7d212190a,15/9-F-11,15/9-F-11 B,3460.9,2,0.019999999553,0.0947325619296,0.019999999553,0.0947325619296,0.0947325619296
reservoir_property_p51_r1-f1e5e1bd115cc228a0b3,15/9-F-11,15/9-F-11 B,3462.9,2,0.0890000015497,0.115521895077,0.0890000015497,0.115521895077,0.115521895077
reservoir_property_p51_r1-2857eefcec5abbfe01c2,15/9-F-11,15/9-F-11 B,3464.9,2,0.0489999987185,0.117637598421,0.0489999987185,0.117637598421,0.117637598421
reservoir_property_p51_r1-9ee851cd6618b8043330,15/9-F-11,15/9-F-11 B,3466.9,2,0.0570000000298,0.132039653958,0.0570000000298,0.132039653958,0.132039653958
reservoir_property_p51_r1-1098695489073fe9c070,15/9-F-11,15/9-F-11 B,3468.9,2,0.0590000003576,0.130776261334,0.0590000003576,0.130776261334,0.130776261334
reservoir_property_p51_r1-adc005c06bc79837891f,15/9-F-11,15/9-F-11 B,3470.9,2,0.238999992609,0.19743988223,0.238999992609,0.19743988223,0.19743988223
reservoir_property_p51_r1-686929943752f1c1c3e0,15/9-F-11,15/9-F-11 B,3472.9,2,0.241999998689,0.240764637457,0.241999998689,0.240764637457,0.240764637457
reservoir_property_p51_r1-d94f3a20d685bacfc84b,15/9-F-11,15/9-F-11 B,3474.9,2,0.233999997377,0.237790525847,0.233999997377,0.237790525847,0.237790525847
reservoir_property_p51_r1-3ccec8b1fe8fbd32167a,15/9-F-11,15/9-F-11 B,3476.9,2,0.231000006199,0.236251939794,0.231000006199,0.236251939794,0.236251939794
reservoir_property_p51_r1-0fbabeb82ab291fdbd94,15/9-F-11,15/9-F-11 B,3478.9,2,0.238000005484,0.238731027254,0.238000005484,0.238731027254,0.238731027254
reservoir_property_p51_r1-a874a5064432e2ee9bbc,15/9-F-11,15/9-F-11 B,3480.9,2,0.239999994636,0.238238280506,0.239999994636,0.238238280506,0.238238280506
reservoir_property_p51_r1-ffc52e2ee1b1dcdf3629,15/9-F-11,15/9-F-11 B,3482.9,2,0.239999994636,0.238230721785,0.239999994636,0.238230721785,0.238230721785
reservoir_property_p51_r1-d3fac9e7bd231e843505,15/9-F-11,15/9-F-11 B,3484.9,2,0.228000000119,0.235678860862,0.228000000119,0.235678860862,0.235678860862
reservoir_property_p51_r1-38f583584d468fcdbf67,15/9-F-11,15/9-F-11 B,3486.9,2,0.238999992609,0.233461426019,0.238999992609,0.233461426019,0.233461426019
reservoir_property_p51_r1-241524d3f4007aaf88d1,15/9-F-11,15/9-F-11 B,3488.9,2,0.221000000834,0.225732740105,0.221000000834,0.225732740105,0.225732740105
reservoir_property_p51_r1-53ff9655699d140f2290,15/9-F-11,15/9-F-11 B,3490.9,2,0.21400000155,0.215015701916,0.21400000155,0.215015701916,0.215015701916
reservoir_property_p51_r1-651c0a6d8866e822bd1e,15/9-F-11,15/9-F-11 B,3492.9,2,0.197999998927,0.211843442727,0.197999998927,0.211843442727,0.211843442727
reservoir_property_p51_r1-e269d292d10eba113584,15/9-F-11,15/9-F-11 B,3494.9,2,0.236000001431,0.211068404905,0.236000001431,0.211068404905,0.211068404905
reservoir_property_p51_r1-4ccbc016c9fad8300898,15/9-F-11,15/9-F-11 B,3496.9,2,0.231000006199,0.2305971094,0.231000006199,0.2305971094,0.2305971094
reservoir_property_p51_r1-7ef0d4b11f3a86c9d64a,15/9-F-11,15/9-F-11 B,3498.9,2,0.277000010014,0.270077972879,0.277000010014,0.270077972879,0.270077972879
reservoir_property_p51_r1-11b30ca8a00201b82bc4,15/9-F-11,15/9-F-11 B,3500.9,2,0.270999997854,0.272961383108,0.270999997854,0.272961383108,0.272961383108
reservoir_property_p51_r1-2a4f84080968dae361e9,15/9-F-11,15/9-F-11 B,3502.9,2,0.291000008583,0.252698750047,0.291000008583,0.252698750047,0.252698750047
reservoir_property_p51_r1-ef0e2c9211b4b9ae4704,15/9-F-11,15/9-F-11 B,3504.9,2,0.230000004172,0.214263230144,0.230000004172,0.214263230144,0.214263230144
reservoir_property_p51_r1-ad78bdd621639d668826,15/9-F-11,15/9-F-11 B,3506.9,2,0.165000006557,0.163985704398,0.165000006557,0.163985704398,0.163985704398
reservoir_property_p51_r1-53697560f9c8420b458d,15/9-F-11,15/9-F-11 B,3508.9,2,0.172000005841,0.146360118819,0.172000005841,0.146360118819,0.146360118819
reservoir_property_p51_r1-b25600f9a09c16f436de,15/9-F-11,15/9-F-11 B,3510.9,2,0.178000003099,0.169094576492,0.178000003099,0.169094576492,0.169094576492
reservoir_property_p51_r1-b534b27eeb3a14e5c956,15/9-F-11,15/9-F-11 B,3512.9,2,0.240999996662,0.228773246072,0.240999996662,0.228773246072,0.228773246072
reservoir_property_p51_r1-c501cf80d77fc142f2e6,15/9-F-11,15/9-F-11 B,3514.9,2,0.254999995232,0.257071048913,0.254999995232,0.257071048913,0.257071048913
reservoir_property_p51_r1-8765a8a1ca5ae4849e4e,15/9-F-11,15/9-F-11 B,3516.9,2,0.256000012159,0.242323062718,0.256000012159,0.242323062718,0.242323062718
reservoir_property_p51_r1-29786f55fe6a48646b00,15/9-F-11,15/9-F-11 B,3518.9,2,0.207000002265,0.198965839343,0.207000002265,0.198965839343,0.198965839343
reservoir_property_p51_r1-e54f3ede853940791747,15/9-F-11,15/9-F-11 B,3520.9,2,0.182999998331,0.170426558255,0.182999998331,0.170426558255,0.170426558255
reservoir_property_p51_r1-f19cec998dcfc0731e3a,15/9-F-11,15/9-F-11 B,3522.9,2,0.215000003576,0.201815266747,0.215000003576,0.201815266747,0.201815266747
reservoir_property_p51_r1-4c87334756d3f526ffe1,15/9-F-11,15/9-F-11 B,3524.9,2,0.261000007391,0.253966391563,0.261000007391,0.253966391563,0.253966391563
reservoir_property_p51_r1-e76f0c9fc46d6b2b5f36,15/9-F-11,15/9-F-11 B,3526.9,2,0.266000002623,0.260374401426,0.266000002623,0.260374401426,0.260374401426
reservoir_property_p51_r1-1881bde4211c284b6023,15/9-F-11,15/9-F-11 B,3528.9,2,0.261999994516,0.256208810448,0.261999994516,0.256208810448,0.256208810448
reservoir_property_p51_r1-ddfb534e9ee9ed326bc5,15/9-F-11,15/9-F-11 B,3530.9,2,0.256999999285,0.256736751046,0.256999999285,0.256736751046,0.256736751046
reservoir_property_p51_r1-3df20c4bf1cd1af07671,15/9-F-11,15/9-F-11 B,3532.9,2,0.261000007391,0.258625193929,0.261000007391,0.258625193929,0.258625193929
reservoir_property_p51_r1-31c85b7351c25b79182f,15/9-F-11,15/9-F-11 B,3534.9,2,0.256000012159,0.258456983678,0.256000012159,0.258456983678,0.258456983678
reservoir_property_p51_r1-aa577010aa68bd9c4dd8,15/9-F-11,15/9-F-11 B,3536.9,2,0.254999995232,0.251378220263,0.254999995232,0.251378220263,0.251378220263
reservoir_property_p51_r1-e6e215a9e7c95b560f2d,15/9-F-11,15/9-F-11 B,3538.9,2,0.233999997377,0.221495328039,0.233999997377,0.221495328039,0.221495328039
reservoir_property_p51_r1-839a7818e125cfaa86fe,15/9-F-11,15/9-F-11 B,3540.9,2,0.172999992967,0.177984299229,0.172999992967,0.177984299229,0.177984299229
reservoir_property_p51_r1-2c35a060da4d14bbbfe2,15/9-F-11,15/9-F-11 B,3542.9,2,0.163000002503,0.153153858399,0.163000002503,0.153153858399,0.153153858399
reservoir_property_p51_r1-6a1bc6ce4d6d44e5d3e1,15/9-F-11,15/9-F-11 B,3544.9,2,0.108000002801,0.13539297763,0.108000002801,0.13539297763,0.13539297763
reservoir_property_p51_r1-7cee715fda8c6114e8a9,15/9-F-11,15/9-F-11 B,3546.9,2,0.103000000119,0.130769031406,0.103000000119,0.130769031406,0.130769031406
reservoir_property_p51_r1-b781275227d406658da4,15/9-F-11,15/9-F-11 B,3548.9,2,0.180000007153,0.157545939692,0.180000007153,0.157545939692,0.157545939692
reservoir_property_p51_r1-26472212f19e4d5cc82a,15/9-F-11,15/9-F-11 B,3550.9,2,0.190999999642,0.159029768103,0.190999999642,0.159029768103,0.159029768103
reservoir_property_p51_r1-4dea09e7bdb3367016a4,15/9-F-11,15/9-F-11 B,3552.9,2,0.190999999642,0.152805866317,0.190999999642,0.152805866317,0.152805866317
reservoir_property_p51_r1-8ea3ab54245ef39eb50b,15/9-F-11,15/9-F-11 B,3554.9,2,0.115999996662,0.1368422136,0.115999996662,0.1368422136,0.1368422136
reservoir_property_p51_r1-e47af1f36b8ba7ce7791,15/9-F-11,15/9-F-11 B,3556.9,2,0.136999994516,0.126343275334,0.136999994516,0.126343275334,0.126343275334
reservoir_property_p51_r1-b49bccfe1873ece3ef49,15/9-F-11,15/9-F-11 B,3558.9,2,0.0640000030398,0.120475527552,0.0640000030398,0.120475527552,0.120475527552
reservoir_property_p51_r1-ed50bac9a729b02de97b,15/9-F-11,15/9-F-11 B,3560.9,2,0.137999996543,0.126873297846,0.137999996543,0.126873297846,0.126873297846
reservoir_property_p51_r1-fee30fb92561a6f42f46,15/9-F-11,15/9-F-11 B,3562.9,2,0.122000001371,0.14319757748,0.122000001371,0.14319757748,0.14319757748
reservoir_property_p51_r1-30916dd3d5e3af359097,15/9-F-11,15/9-F-11 B,3564.9,2,0.186000004411,0.152529651216,0.186000004411,0.152529651216,0.152529651216
reservoir_property_p51_r1-a1878b989fb7834f528e,15/9-F-11,15/9-F-11 B,3566.9,2,0.163000002503,0.150458526028,0.163000002503,0.150458526028,0.150458526028
reservoir_property_p51_r1-eeaf0d8873a91f7ae2b4,15/9-F-11,15/9-F-11 B,3568.9,2,0.155000001192,0.15537896289,0.155000001192,0.15537896289,0.15537896289
reservoir_property_p51_r1-b4b7129745ca4888c7a0,15/9-F-11,15/9-F-11 B,3570.9,2,0.168999999762,0.152900064556,0.168999999762,0.152900064556,0.152900064556
reservoir_property_p51_r1-0d4b973184b258cd5b15,15/9-F-11,15/9-F-11 B,3572.9,2,0.112000003457,0.147358874627,0.112000003457,0.147358874627,0.147358874627
reservoir_property_p51_r1-a0d7ce4ca83ab0edac54,15/9-F-11,15/9-F-11 B,3574.9,2,0.172000005841,0.159261377978,0.172000005841,0.159261377978,0.159261377978
reservoir_property_p51_r1-27d57cfd8243ebd7bd39,15/9-F-11,15/9-F-11 B,3576.9,2,0.175999999046,0.169547174812,0.175999999046,0.169547174812,0.169547174812
reservoir_property_p51_r1-86741ddf612cf378e7df,15/9-F-11,15/9-F-11 B,3578.9,2,0.165000006557,0.164607916622,0.165000006557,0.164607916622,0.164607916622
reservoir_property_p51_r1-bb8c78caac1ddd1c9791,15/9-F-11,15/9-F-11 B,3580.9,2,0.180000007153,0.171005593596,0.180000007153,0.171005593596,0.171005593596
reservoir_property_p51_r1-a3a012c96ec48b736404,15/9-F-11,15/9-F-11 B,3582.9,2,0.170000001788,0.168722376944,0.170000001788,0.168722376944,0.168722376944
reservoir_property_p51_r1-5e1c58a9679f78ab85e5,15/9-F-11,15/9-F-11 B,3584.9,2,0.166999995708,0.15323667555,0.166999995708,0.15323667555,0.15323667555
reservoir_property_p51_r1-160684d9fc57f78442cb,15/9-F-11,15/9-F-11 B,3586.9,2,0.142000004649,0.153165233613,0.142000004649,0.153165233613,0.153165233613
reservoir_property_p51_r1-36ff5195f0177f7566d5,15/9-F-11,15/9-F-11 B,3588.9,2,0.107000000775,0.181554152803,0.107000000775,0.181554152803,0.181554152803
reservoir_property_p51_r1-591d4d2eeabf4efb04ac,15/9-F-11,15/9-F-11 B,3590.9,2,0.25,0.225975617799,0.25,0.225975617799,0.225975617799
reservoir_property_p51_r1-6d6aa1dbeebaffadf7a5,15/9-F-11,15/9-F-11 B,3592.9,2,0.25,0.241544227274,0.25,0.241544227274,0.241544227274
reservoir_property_p51_r1-787ce6e4c42f703dfae9,15/9-F-11,15/9-F-11 B,3594.9,2,0.250999987125,0.243228521718,0.250999987125,0.243228521718,0.243228521718
reservoir_property_p51_r1-bf81a78e8e71c07b5297,15/9-F-11,15/9-F-11 B,3596.9,2,0.240999996662,0.233841900596,0.240999996662,0.233841900596,0.233841900596
reservoir_property_p51_r1-cf23b5c39606142bc8af,15/9-F-11,15/9-F-11 B,3598.9,2,0.166999995708,0.192937807548,0.166999995708,0.192937807548,0.192937807548
reservoir_property_p51_r1-a43ffd9ee350025338d2,15/9-F-11,15/9-F-11 B,3600.9,2,0.184000000358,0.165130998375,0.184000000358,0.165130998375,0.165130998375
reservoir_property_p51_r1-0b083cacfc5bf6c9b5fa,15/9-F-11,15/9-F-11 B,3602.9,2,0.195999994874,0.16916104206,0.195999994874,0.16916104206,0.16916104206
reservoir_property_p51_r1-f88371fe144940d96e0b,15/9-F-11,15/9-F-11 B,3604.9,2,0.194999992847,0.179821931746,0.194999992847,0.179821931746,0.179821931746
reservoir_property_p51_r1-cf3880095729b1c977e3,15/9-F-11,15/9-F-11 B,3606.9,2,0.208000004292,0.179345267019,0.208000004292,0.179345267019,0.179345267019
reservoir_property_p51_r1-3dd584bcb770d3a9742c,15/9-F-11,15/9-F-11 B,3608.9,2,0.178000003099,0.158121095999,0.178000003099,0.158121095999,0.158121095999
reservoir_property_p51_r1-a42073d03c4d99e778dd,15/9-F-11,15/9-F-11 B,3610.9,2,0.105999998748,0.137007714427,0.105999998748,0.137007714427,0.137007714427
reservoir_property_p51_r1-bfddcc190f7336e2e1e0,15/9-F-11,15/9-F-11 B,3612.9,2,0.109999999404,0.132307156191,0.109999999404,0.132307156191,0.132307156191
reservoir_property_p51_r1-bc3f53adad1058bc80d4,15/9-F-11,15/9-F-11 B,3614.9,2,0.194999992847,0.173760544267,0.194999992847,0.173760544267,0.173760544267
reservoir_property_p51_r1-34ca3ae0449ea83460fd,15/9-F-11,15/9-F-11 B,3616.9,2,0.208000004292,0.190716521464,0.208000004292,0.190716521464,0.190716521464
reservoir_property_p51_r1-f1cde8195e606a707382,15/9-F-11,15/9-F-11 B,3618.9,2,0.192000001669,0.175420435188,0.192000001669,0.175420435188,0.175420435188
reservoir_property_p51_r1-94c2b452a583c044c688,15/9-F-11,15/9-F-11 B,3620.9,2,0.194000005722,0.184864402444,0.194000005722,0.184864402444,0.184864402444
reservoir_property_p51_r1-cdfc1c957124413f0e9c,15/9-F-11,15/9-F-11 B,3622.9,2,0.201000005007,0.186913681557,0.201000005007,0.186913681557,0.186913681557
reservoir_property_p51_r1-5a92cefbd6d24aefb92d,15/9-F-11,15/9-F-11 B,3624.9,2,0.180999994278,0.172806065141,0.180999994278,0.172806065141,0.172806065141
reservoir_property_p51_r1-8dd638d1ac17a35b4485,15/9-F-11,15/9-F-11 B,3626.9,2,0.0649999976158,0.124546225699,0.0649999976158,0.124546225699,0.124546225699
reservoir_property_p51_r1-9500abdf619fe6171fd9,15/9-F-11,15/9-F-11 B,3628.9,2,0.150999993086,0.123419955642,0.150999993086,0.123419955642,0.123419955642
reservoir_property_p51_r1-f9310a8902fb514e250f,15/9-F-11,15/9-F-11 B,3630.9,2,0.10000000149,0.13237301265,0.10000000149,0.13237301265,0.13237301265
reservoir_property_p51_r1-216e3018bf0bb152050b,15/9-F-11,15/9-F-11 B,3632.9,2,0.103000000119,0.143577028989,0.103000000119,0.143577028989,0.143577028989
reservoir_property_p51_r1-2e272de25bbcfe62b162,15/9-F-11,15/9-F-11 B,3634.9,2,0.175999999046,0.165699343091,0.175999999046,0.165699343091,0.165699343091
reservoir_property_p51_r1-9373ac0a3c39fa99fe65,15/9-F-11,15/9-F-11 B,3636.9,2,0.140000000596,0.169165662154,0.140000000596,0.169165662154,0.169165662154
reservoir_property_p51_r1-e20e4e861303d327b81e,15/9-F-11,15/9-F-11 B,3638.9,2,0.180999994278,0.167657200234,0.180999994278,0.167657200234,0.167657200234
reservoir_property_p51_r1-7e447b89085f310f5d6c,15/9-F-11,15/9-F-11 B,3640.9,2,0.177000001073,0.175002555502,0.177000001073,0.175002555502,0.175002555502
reservoir_property_p51_r1-9ad652d67a6697e49d01,15/9-F-11,15/9-F-11 B,3642.9,2,0.182999998331,0.184865430329,0.182999998331,0.184865430329,0.184865430329
reservoir_property_p51_r1-8c2d621e2e768551458b,15/9-F-11,15/9-F-11 B,3644.9,2,0.197999998927,0.177048875695,0.197999998927,0.177048875695,0.177048875695
reservoir_property_p51_r1-ac36fb653b2657da7fa5,15/9-F-11,15/9-F-11 B,3646.9,2,0.190999999642,0.178206774569,0.190999999642,0.178206774569,0.178206774569
reservoir_property_p51_r1-74458b4cf7de675a5b27,15/9-F-11,15/9-F-11 B,3648.9,2,0.193000003695,0.177811176636,0.193000003695,0.177811176636,0.177811176636
reservoir_property_p51_r1-e4c2959754626ed15722,15/9-F-11,15/9-F-11 B,3650.9,2,0.187000006437,0.173003054912,0.187000006437,0.173003054912,0.173003054912
reservoir_property_p51_r1-04013f55c26da80cec29,15/9-F-11,15/9-F-11 B,3652.9,2,0.206000000238,0.183066293261,0.206000000238,0.183066293261,0.183066293261
reservoir_property_p51_r1-4b54aee4131376b32d32,15/9-F-11,15/9-F-11 B,3654.9,2,0.221000000834,0.193758962749,0.221000000834,0.193758962749,0.193758962749
reservoir_property_p51_r1-789d0f09b28a02318e19,15/9-F-11,15/9-F-11 B,3656.9,2,0.199000000954,0.184191176339,0.199000000954,0.184191176339,0.184191176339
reservoir_property_p51_r1-ecc92d5a88083a11eeaa,15/9-F-11,15/9-F-11 B,3658.9,2,0.215000003576,0.201421444911,0.215000003576,0.201421444911,0.201421444911
reservoir_property_p51_r1-e966b58ad21bae928fa0,15/9-F-11,15/9-F-11 B,3660.9,2,0.194999992847,0.219159470966,0.194999992847,0.219159470966,0.219159470966
reservoir_property_p51_r1-97de7605d675e6ebc361,15/9-F-11,15/9-F-11 B,3662.9,2,0.212999999523,0.223940701744,0.212999999523,0.223940701744,0.223940701744
reservoir_property_p51_r1-1f5f6af6dcc465525caf,15/9-F-11,15/9-F-11 B,3664.9,2,0.217999994755,0.229359889199,0.217999994755,0.229359889199,0.229359889199
reservoir_property_p51_r1-6506c671b715a318a48b,15/9-F-11,15/9-F-11 B,3666.9,2,0.230000004172,0.224611407522,0.230000004172,0.224611407522,0.224611407522
reservoir_property_p51_r1-b5b9dd3fac58c9339e4c,15/9-F-11,15/9-F-11 B,3668.9,2,0.229000002146,0.232962128675,0.229000002146,0.232962128675,0.232962128675
reservoir_property_p51_r1-5ce2cf3af4d3f3787cfa,15/9-F-11,15/9-F-11 B,3670.9,2,0.239999994636,0.250865361485,0.239999994636,0.250865361485,0.250865361485
reservoir_property_p51_r1-a6872bba7fcb3134457d,15/9-F-11,15/9-F-11 B,3672.9,2,0.233999997377,0.246445856669,0.233999997377,0.246445856669,0.246445856669
reservoir_property_p51_r1-c2db6c21dd4028022a5e,15/9-F-11,15/9-F-11 B,3674.9,2,0.236000001431,0.248958895646,0.236000001431,0.248958895646,0.248958895646
reservoir_property_p51_r1-8b7d6b9f0fffdb434e8d,15/9-F-11,15/9-F-11 B,3676.9,2,0.240999996662,0.254629982031,0.240999996662,0.254629982031,0.254629982031
reservoir_property_p51_r1-c6c0c33dd8ea9c095f84,15/9-F-11,15/9-F-11 B,3678.9,2,0.244000002742,0.254153644225,0.244000002742,0.254153644225,0.254153644225
reservoir_property_p51_r1-945df4661d5309c0c4a4,15/9-F-11,15/9-F-11 B,3680.9,2,0.238999992609,0.250614263291,0.238999992609,0.250614263291,0.250614263291
reservoir_property_p51_r1-efef4e7bfca9dad1f3bd,15/9-F-11,15/9-F-11 B,3682.9,2,0.236000001431,0.250364066527,0.236000001431,0.250364066527,0.250364066527
reservoir_property_p51_r1-f110733904fa60120f28,15/9-F-11,15/9-F-11 B,3684.9,2,0.240999996662,0.255622851617,0.240999996662,0.255622851617,0.255622851617
reservoir_property_p51_r1-73865a1fe8d258150300,15/9-F-11,15/9-F-11 B,3686.9,2,0.236000001431,0.24985576019,0.236000001431,0.24985576019,0.24985576019
reservoir_property_p51_r1-e63d5b14679059d43067,15/9-F-11,15/9-F-11 B,3688.9,2,0.232999995351,0.247192914136,0.232999995351,0.247192914136,0.247192914136
reservoir_property_p51_r1-f92ab60fd18cb21cc8d3,15/9-F-11,15/9-F-11 B,3690.9,2,0.237000003457,0.252347141015,0.237000003457,0.252347141015,0.252347141015
reservoir_property_p51_r1-271e67c15b593ce8cbc2,15/9-F-11,15/9-F-11 B,3692.9,2,0.241999998689,0.243650713991,0.241999998689,0.243650713991,0.243650713991
reservoir_property_p51_r1-381b0f756e1727f5dee7,15/9-F-11,15/9-F-11 B,3694.9,2,0.237000003457,0.243877376124,0.237000003457,0.243877376124,0.243877376124
reservoir_property_p51_r1-8d38302e0aa39ea9502e,15/9-F-11,15/9-F-11 B,3696.9,2,0.243000000715,0.244441974766,0.243000000715,0.244441974766,0.244441974766
reservoir_property_p51_r1-7220f6c6b2d6255f807d,15/9-F-11,15/9-F-11 B,3698.9,2,0.239999994636,0.2447708833,0.239999994636,0.2447708833,0.2447708833
reservoir_property_p51_r1-d15bff6c6879eeedc94e,15/9-F-11,15/9-F-11 B,3700.9,2,0.234999999404,0.245332000836,0.234999999404,0.245332000836,0.245332000836
reservoir_property_p51_r1-bc599d2b5e52f02d582e,15/9-F-11,15/9-F-11 B,3702.9,2,0.240999996662,0.244219761356,0.240999996662,0.244219761356,0.244219761356
reservoir_property_p51_r1-0abbdf9adb7fbcb640a4,15/9-F-11,15/9-F-11 B,3704.9,2,0.234999999404,0.243578690214,0.234999999404,0.243578690214,0.243578690214
reservoir_property_p51_r1-8d2f46ed8dc0ef9c913e,15/9-F-11,15/9-F-11 B,3706.9,2,0.230000004172,0.241204423435,0.230000004172,0.241204423435,0.241204423435
reservoir_property_p51_r1-91fb1724fe6d44223c0f,15/9-F-11,15/9-F-11 B,3708.9,2,0.233999997377,0.242563386674,0.233999997377,0.242563386674,0.242563386674
reservoir_property_p51_r1-ec8fe64ab8359c21938f,15/9-F-11,15/9-F-11 B,3710.9,2,0.237000003457,0.24459489015,0.237000003457,0.24459489015,0.24459489015
reservoir_property_p51_r1-171a7d4e74c501520999,15/9-F-11,15/9-F-11 B,3712.9,2,0.231000006199,0.239914278524,0.231000006199,0.239914278524,0.239914278524
reservoir_property_p51_r1-bc2d22ebb44e6669d020,15/9-F-11,15/9-F-11 B,3714.9,2,0.222000002861,0.238468994081,0.222000002861,0.238468994081,0.238468994081
reservoir_property_p51_r1-5bab06a152b0a9d5b8de,15/9-F-11,15/9-F-11 B,3716.9,2,0.238000005484,0.244629387452,0.238000005484,0.244629387452,0.244629387452
reservoir_property_p51_r1-880e4d2f9de982458070,15/9-F-11,15/9-F-11 B,3718.9,2,0.236000001431,0.244461557564,0.236000001431,0.244461557564,0.244461557564
reservoir_property_p51_r1-e5d24bebcde6bb4a401e,15/9-F-11,15/9-F-11 B,3720.9,2,0.226999998093,0.240678863555,0.226999998093,0.240678863555,0.240678863555
reservoir_property_p51_r1-bae5adbd367892a474dd,15/9-F-11,15/9-F-11 B,3722.9,2,0.22499999404,0.236315591247,0.22499999404,0.236315591247,0.236315591247
reservoir_property_p51_r1-b64a11ce30e657638ae0,15/9-F-11,15/9-F-11 B,3724.9,2,0.226999998093,0.235649099688,0.226999998093,0.235649099688,0.235649099688
reservoir_property_p51_r1-195b0e50ee1f67cd1966,15/9-F-11,15/9-F-11 B,3726.9,2,0.238000005484,0.240397032323,0.238000005484,0.240397032323,0.240397032323
reservoir_property_p51_r1-b9d0bf549e8ac9278668,15/9-F-11,15/9-F-11 B,3728.9,2,0.233999997377,0.240826994265,0.233999997377,0.240826994265,0.240826994265
reservoir_property_p51_r1-5e4ca4c4b49c06f05522,15/9-F-11,15/9-F-11 B,3730.9,2,0.229000002146,0.239024876232,0.229000002146,0.239024876232,0.239024876232
reservoir_property_p51_r1-045a0df01fff4a2f0edf,15/9-F-11,15/9-F-11 B,3732.9,2,0.228000000119,0.235836259521,0.228000000119,0.235836259521,0.235836259521
reservoir_property_p51_r1-ca3f2fede876be127263,15/9-F-11,15/9-F-11 B,3734.9,2,0.230000004172,0.237178969451,0.230000004172,0.237178969451,0.237178969451
reservoir_property_p51_r1-02b5c582b0b4c57287da,15/9-F-11,15/9-F-11 B,3736.9,2,0.231000006199,0.23592709516,0.231000006199,0.23592709516,0.23592709516
reservoir_property_p51_r1-75c074ed5ac36bed1f91,15/9-F-11,15/9-F-11 B,3738.9,2,0.230000004172,0.233104197632,0.230000004172,0.233104197632,0.233104197632
reservoir_property_p51_r1-96a6b40c245f124eb6a0,15/9-F-11,15/9-F-11 B,3740.9,2,0.230000004172,0.230036707291,0.230000004172,0.230036707291,0.230036707291
reservoir_property_p51_r1-c601a8c637b0d00f0ad6,15/9-F-11,15/9-F-11 B,3742.9,2,0.229000002146,0.230485013677,0.229000002146,0.230485013677,0.230485013677
reservoir_property_p51_r1-537057ea14674f831085,15/9-F-11,15/9-F-11 B,3744.9,2,0.232999995351,0.230956862094,0.232999995351,0.230956862094,0.230956862094
reservoir_property_p51_r1-e56a573ae2bee60fa018,15/9-F-11,15/9-F-11 B,3746.9,2,0.234999999404,0.232454224747,0.234999999404,0.232454224747,0.232454224747
reservoir_property_p51_r1-ab8a3f317c9774c55324,15/9-F-11,15/9-F-11 B,3748.9,2,0.228000000119,0.230577353438,0.228000000119,0.230577353438,0.230577353438
reservoir_property_p51_r1-7bd923963c33925493b2,15/9-F-11,15/9-F-11 B,3750.9,2,0.231999993324,0.231398204356,0.231999993324,0.231398204356,0.231398204356
reservoir_property_p51_r1-f17660a0eb104eba7fcc,15/9-F-11,15/9-F-11 B,3752.9,2,0.229000002146,0.233637236436,0.229000002146,0.233637236436,0.233637236436
reservoir_property_p51_r1-50cf30df4fd979416436,15/9-F-11,15/9-F-11 B,3754.9,2,0.237000003457,0.233544103195,0.237000003457,0.233544103195,0.233544103195
reservoir_property_p51_r1-5bdf6b033bcc279276fa,15/9-F-11,15/9-F-11 B,3756.9,2,0.231000006199,0.229493729347,0.231000006199,0.229493729347,0.229493729347
reservoir_property_p51_r1-36bdce621e51bea1f4cb,15/9-F-11,15/9-F-11 B,3758.9,2,0.22499999404,0.226859784759,0.22499999404,0.226859784759,0.226859784759
reservoir_property_p51_r1-e67ec8e9cf34042f29bd,15/9-F-11,15/9-F-11 B,3760.9,2,0.231000006199,0.226835647847,0.231000006199,0.226835647847,0.226835647847
reservoir_property_p51_r1-6027e933216924007cca,15/9-F-11,15/9-F-11 B,3762.9,2,0.230000004172,0.227427290694,0.230000004172,0.227427290694,0.227427290694
reservoir_property_p51_r1-cadabb091b1399588e32,15/9-F-11,15/9-F-11 B,3764.9,2,0.231999993324,0.226996534602,0.231999993324,0.226996534602,0.226996534602
reservoir_property_p51_r1-f4fe23fcd2ea0aa35c2f,15/9-F-11,15/9-F-11 B,3766.9,2,0.229000002146,0.230169736191,0.229000002146,0.230169736191,0.230169736191
reservoir_property_p51_r1-9e2f7455d5c2d929f75d,15/9-F-11,15/9-F-11 B,3768.9,2,0.243000000715,0.23560315133,0.243000000715,0.23560315133,0.23560315133
reservoir_property_p51_r1-e3d3481a537d6783657e,15/9-F-11,15/9-F-11 B,3770.9,2,0.231000006199,0.232427733527,0.231000006199,0.232427733527,0.232427733527
reservoir_property_p51_r1-ab16de29693c4cb2ac96,15/9-F-11,15/9-F-11 B,3772.9,2,0.234999999404,0.23340169991,0.234999999404,0.23340169991,0.23340169991
reservoir_property_p51_r1-828809cec7435009c12d,15/9-F-11,15/9-F-11 B,3774.9,2,0.237000003457,0.234568274966,0.237000003457,0.234568274966,0.234568274966
reservoir_property_p51_r1-e811bbec3a14b0bfc77d,15/9-F-11,15/9-F-11 B,3776.9,2,0.236000001431,0.232728102735,0.236000001431,0.232728102735,0.232728102735
reservoir_property_p51_r1-c1c7d3a72c1b6e621c1b,15/9-F-11,15/9-F-11 B,3778.9,2,0.238999992609,0.234200983479,0.238999992609,0.234200983479,0.234200983479
reservoir_property_p51_r1-5a6a0b4ca4667826e5f9,15/9-F-11,15/9-F-11 B,3780.9,2,0.236000001431,0.231566490571,0.236000001431,0.231566490571,0.231566490571
reservoir_property_p51_r1-767562c90de7e38381bf,15/9-F-11,15/9-F-11 B,3782.9,2,0.231000006199,0.231795208251,0.231000006199,0.231795208251,0.231795208251
reservoir_property_p51_r1-61e3c5ea09f957872afb,15/9-F-11,15/9-F-11 B,3784.9,2,0.239999994636,0.234716927509,0.239999994636,0.234716927509,0.234716927509
reservoir_property_p51_r1-9a783e3fde840042fa6b,15/9-F-11,15/9-F-11 B,3786.9,2,0.237000003457,0.240473337723,0.237000003457,0.240473337723,0.240473337723
reservoir_property_p51_r1-e077b60d9cf398445aeb,15/9-F-11,15/9-F-11 B,3788.9,2,0.245000004768,0.239304708692,0.245000004768,0.239304708692,0.239304708692
reservoir_property_p51_r1-5e8c73de3d7ed283b9b5,15/9-F-11,15/9-F-11 B,3790.9,2,0.229000002146,0.227220165141,0.229000002146,0.227220165141,0.227220165141
reservoir_property_p51_r1-a46d64b04f67e82d59a3,15/9-F-11,15/9-F-11 B,3792.9,2,0.237000003457,0.226997476668,0.237000003457,0.226997476668,0.226997476668
reservoir_property_p51_r1-a98d9f11fafc53b802ad,15/9-F-11,15/9-F-11 B,3794.9,2,0.233999997377,0.229522869671,0.233999997377,0.229522869671,0.229522869671
reservoir_property_p51_r1-a7a3b586861836d8633f,15/9-F-11,15/9-F-11 B,3796.9,2,0.238000005484,0.229649015108,0.238000005484,0.229649015108,0.229649015108
reservoir_property_p51_r1-ad194c77535fa047cb14,15/9-F-11,15/9-F-11 B,3798.9,2,0.232999995351,0.226048878319,0.232999995351,0.226048878319,0.226048878319
reservoir_property_p51_r1-70588638c87fb9160b6a,15/9-F-11,15/9-F-11 B,3800.9,2,0.224000006914,0.223075266391,0.224000006914,0.223075266391,0.223075266391
reservoir_property_p51_r1-044510e302bdca638e78,15/9-F-11,15/9-F-11 B,3802.9,2,0.231000006199,0.224205797275,0.231000006199,0.224205797275,0.224205797275
reservoir_property_p51_r1-e1fbcccc9dccfb2daa5a,15/9-F-11,15/9-F-11 B,3804.9,2,0.231000006199,0.22575849655,0.231000006199,0.22575849655,0.22575849655
reservoir_property_p51_r1-f3e0a27622ba3dfdaf0f,15/9-F-11,15/9-F-11 B,3806.9,2,0.230000004172,0.223086432223,0.230000004172,0.223086432223,0.223086432223
reservoir_property_p51_r1-cc4b5ae09f2c4274ed60,15/9-F-11,15/9-F-11 B,3808.9,2,0.209999993443,0.124610359543,0.209999993443,0.124610359543,0.124610359543
reservoir_property_p51_r1-33e53e0fb0c69d1235b7,15/9-F-11,15/9-F-11 B,3810.9,2,0.019999999553,0.068828448968,0.019999999553,0.068828448968,0.068828448968
reservoir_property_p51_r1-2387a67ae5b13e2d1c08,15/9-F-11,15/9-F-11 B,3812.9,2,0.082000002265,0.111475555755,0.082000002265,0.111475555755,0.111475555755
reservoir_property_p51_r1-5bcab8b76570ce33db00,15/9-F-11,15/9-F-11 B,3814.9,2,0.019999999553,0.0922422791709,0.019999999553,0.0922422791709,0.0922422791709
reservoir_property_p51_r1-9bdebc543233b4a6b451,15/9-F-11,15/9-F-11 B,3816.9,2,0.019999999553,0.0612806457241,0.019999999553,0.0612806457241,0.0612806457241
reservoir_property_p51_r1-15e22134904d9966fc50,15/9-F-11,15/9-F-11 B,3818.9,2,0.019999999553,0.0574057992416,0.019999999553,0.0574057992416,0.0574057992416
reservoir_property_p51_r1-34bda776a6f7e3dc1815,15/9-F-11,15/9-F-11 B,3820.9,2,0.019999999553,0.0636555437608,0.019999999553,0.0636555437608,0.0636555437608
reservoir_property_p51_r1-7b122be8e5ebb334acb2,15/9-F-11,15/9-F-11 B,3822.9,2,0.019999999553,0.0811810010075,0.019999999553,0.0811810010075,0.0811810010075
reservoir_property_p51_r1-971d52c6ca8db016ef64,15/9-F-11,15/9-F-11 B,3824.9,2,0.019999999553,0.0941170241332,0.019999999553,0.0941170241332,0.0941170241332
reservoir_property_p51_r1-5ea97879af14be25c52b,15/9-F-11,15/9-F-11 B,3826.9,2,0.019999999553,0.0871167836491,0.019999999553,0.0871167836491,0.0871167836491
reservoir_property_p51_r1-df5ff55f94be4071a2e9,15/9-F-11,15/9-F-11 B,3828.9,2,0.019999999553,0.0745225989907,0.019999999553,0.0745225989907,0.0745225989907
reservoir_property_p51_r1-3fa67ba35c8bf3b7d15b,15/9-F-11,15/9-F-11 B,3830.9,2,0.019999999553,0.070460722735,0.019999999553,0.070460722735,0.070460722735
reservoir_property_p51_r1-3ff3dcdc79303dd741b9,15/9-F-11,15/9-F-11 B,3832.9,2,0.019999999553,0.0731431198397,0.019999999553,0.0731431198397,0.0731431198397
reservoir_property_p51_r1-25bc2d7f5c8340ec9cd6,15/9-F-11,15/9-F-11 B,3834.9,2,0.019999999553,0.0510580906955,0.019999999553,0.0510580906955,0.0510580906955
reservoir_property_p51_r1-ccbaf0ae124bdce9483e,15/9-F-11,15/9-F-11 B,3836.9,2,0.019999999553,0.0565301532837,0.019999999553,0.0565301532837,0.0565301532837
reservoir_property_p51_r1-ff972f92bf243f0a5b1b,15/9-F-11,15/9-F-11 B,3838.9,2,0.019999999553,0.0740077420956,0.019999999553,0.0740077420956,0.0740077420956
reservoir_property_p51_r1-4f60db54049ba1a0840e,15/9-F-11,15/9-F-11 B,3840.9,2,0.019999999553,0.0809071381198,0.019999999553,0.0809071381198,0.0809071381198
reservoir_property_p51_r1-1cac6d6d52eb3ea41bf6,15/9-F-11,15/9-F-11 B,3842.9,2,0.0270000007004,0.0987487161199,0.0270000007004,0.0987487161199,0.0987487161199
reservoir_property_p51_r1-93d2a5fd276de00e61e3,15/9-F-11,15/9-F-11 B,3844.9,2,0.019999999553,0.107778909075,0.019999999553,0.107778909075,0.107778909075
reservoir_property_p51_r1-800556a987b7f4d37a16,15/9-F-11,15/9-F-11 B,3846.9,2,0.019999999553,0.0886783706039,0.019999999553,0.0886783706039,0.0886783706039
reservoir_property_p51_r1-481678368314ef856da1,15/9-F-11,15/9-F-11 B,3848.9,2,0.019999999553,0.0508165871569,0.019999999553,0.0508165871569,0.0508165871569
reservoir_property_p51_r1-626a7647e0e9927924e4,15/9-F-11,15/9-F-11 B,3850.9,2,0.019999999553,0.0410505739321,0.019999999553,0.0410505739321,0.0410505739321
reservoir_property_p51_r1-cf8be0a77d4996bc68e8,15/9-F-11,15/9-F-11 B,3852.9,2,0.019999999553,0.0724541059757,0.019999999553,0.0724541059757,0.0724541059757
reservoir_property_p51_r1-47c657ef21e23d182011,15/9-F-11,15/9-F-11 B,3854.9,2,0.0270000007004,0.100059651348,0.0270000007004,0.100059651348,0.100059651348
reservoir_property_p51_r1-6c083518bf5a3023e1df,15/9-F-11,15/9-F-11 B,3856.9,2,0.0439999997616,0.100771689925,0.0439999997616,0.100771689925,0.100771689925
reservoir_property_p51_r1-8ac8303e44d866f75a2c,15/9-F-11,15/9-F-11 B,3858.9,2,0.0939999967813,0.107854268014,0.0939999967813,0.107854268014,0.107854268014
reservoir_property_p51_r1-bc67f8375daf9dcac880,15/9-F-11,15/9-F-11 B,3860.9,2,0.0790000036359,0.112838043258,0.0790000036359,0.112838043258,0.112838043258
reservoir_property_p51_r1-f97c8a7f72662dbf0d77,15/9-F-11,15/9-F-11 B,3862.9,2,0.127000004053,0.117725066116,0.127000004053,0.117725066116,0.117725066116
reservoir_property_p51_r1-088c1cc252632e8b2a15,15/9-F-11,15/9-F-11 B,3864.9,2,0.0799999982119,0.127714786902,0.0799999982119,0.127714786902,0.127714786902
reservoir_property_p51_r1-7d6d4ae8fa1ad752d49f,15/9-F-11,15/9-F-11 B,3866.9,2,0.130999997258,0.141078873656,0.130999997258,0.141078873656,0.141078873656
reservoir_property_p51_r1-07b8d76a0b15972fc0de,15/9-F-11,15/9-F-11 B,3868.9,2,0.134000003338,0.131708688913,0.134000003338,0.131708688913,0.131708688913
reservoir_property_p51_r1-2b3b7dbc18476da3146f,15/9-F-11,15/9-F-11 B,3870.9,2,0.0590000003576,0.114274687753,0.0590000003576,0.114274687753,0.114274687753
reservoir_property_p51_r1-0b3fe1457a1f257ec316,15/9-F-11,15/9-F-11 B,3872.9,2,0.0529999993742,0.118212123049,0.0529999993742,0.118212123049,0.118212123049
reservoir_property_p51_r1-7090c1f99a9e635e0353,15/9-F-11,15/9-F-11 B,3874.9,2,0.0680000036955,0.120205753208,0.0680000036955,0.120205753208,0.120205753208
reservoir_property_p51_r1-b29aec4051acefa5b07b,15/9-F-11,15/9-F-11 B,3876.9,2,0.0599999986589,0.112042427636,0.0599999986589,0.112042427636,0.112042427636
reservoir_property_p51_r1-7e87db5c93563b887cdd,15/9-F-11,15/9-F-11 B,3878.9,2,0.0289999991655,0.101726791048,0.0289999991655,0.101726791048,0.101726791048
reservoir_property_p51_r1-e46dd0296c8092ab586d,15/9-F-11,15/9-F-11 B,3880.9,2,0.0329999998212,0.0964613273213,0.0329999998212,0.0964613273213,0.0964613273213
reservoir_property_p51_r1-945a0a0fcf89e52ab467,15/9-F-11,15/9-F-11 B,3882.9,2,0.0610000006855,0.0955014931306,0.0610000006855,0.0955014931306,0.0955014931306
reservoir_property_p51_r1-b6d45b38b144dfff465d,15/9-F-11,15/9-F-11 B,3884.9,2,0.097999997437,0.120990348688,0.097999997437,0.120990348688,0.120990348688
reservoir_property_p51_r1-8a79bcccb694b3b94292,15/9-F-11,15/9-F-11 B,3886.9,2,0.108999997377,0.121633148964,0.108999997377,0.121633148964,0.121633148964
reservoir_property_p51_r1-8848fa4fc09c4eb72d59,15/9-F-11,15/9-F-11 B,3888.9,2,0.070000000298,0.110983537997,0.070000000298,0.110983537997,0.110983537997
reservoir_property_p51_r1-2cf9e23b247e66fa7d9f,15/9-F-11,15/9-F-11 B,3890.9,2,0.0450000017881,0.095840386126,0.0450000017881,0.095840386126,0.095840386126
reservoir_property_p51_r1-78b4eea81b4a2348eb56,15/9-F-11,15/9-F-11 B,3892.9,2,0.019999999553,0.0877359189892,0.019999999553,0.0877359189892,0.0877359189892
reservoir_property_p51_r1-2a06d2916fd5811458f4,15/9-F-11,15/9-F-11 B,3894.9,2,0.0949999988079,0.112891172424,0.0949999988079,0.112891172424,0.112891172424
reservoir_property_p51_r1-0b82380c371c50d3bf4d,15/9-F-11,15/9-F-11 B,3896.9,2,0.151999995112,0.149550414514,0.151999995112,0.149550414514,0.149550414514
reservoir_property_p51_r1-ec4b52442c8106744ade,15/9-F-11,15/9-F-11 B,3898.9,2,0.165999993682,0.164779949186,0.165999993682,0.164779949186,0.164779949186
reservoir_property_p51_r1-bc5ce6b2362aad4065dd,15/9-F-11,15/9-F-11 B,3900.9,2,0.206000000238,0.19919626876,0.206000000238,0.19919626876,0.19919626876
reservoir_property_p51_r1-287f9a7d59a5902d1d9e,15/9-F-11,15/9-F-11 B,3902.9,2,0.218999996781,0.213190931293,0.218999996781,0.213190931293,0.213190931293
reservoir_property_p51_r1-8041985dbfc49300bf05,15/9-F-11,15/9-F-11 B,3904.9,2,0.209000006318,0.210383576682,0.209000006318,0.210383576682,0.210383576682
reservoir_property_p51_r1-01ce64b172893d2426fa,15/9-F-11,15/9-F-11 B,3906.9,2,0.216999992728,0.219361693826,0.216999992728,0.219361693826,0.219361693826
reservoir_property_p51_r1-79659bf59964a4bb175d,15/9-F-11,15/9-F-11 B,3908.9,2,0.219999998808,0.226770415395,0.219999998808,0.226770415395,0.226770415395
reservoir_property_p51_r1-a66988e5fb119af9717d,15/9-F-11,15/9-F-11 B,3910.9,2,0.229000002146,0.233330503592,0.229000002146,0.233330503592,0.233330503592
reservoir_property_p51_r1-97702da8d77d16051ee7,15/9-F-11,15/9-F-11 B,3912.9,2,0.234999999404,0.236105165301,0.234999999404,0.236105165301,0.236105165301
reservoir_property_p51_r1-3ea37aaac9c9276ae19b,15/9-F-11,15/9-F-11 B,3914.9,2,0.231999993324,0.237345564519,0.231999993324,0.237345564519,0.237345564519
reservoir_property_p51_r1-1dfec23bdae30e3224d4,15/9-F-11,15/9-F-11 B,3916.9,2,0.238999992609,0.240110957459,0.238999992609,0.240110957459,0.240110957459
reservoir_property_p51_r1-12ecad06955960b19573,15/9-F-11,15/9-F-11 B,3918.9,2,0.229000002146,0.243907862952,0.229000002146,0.243907862952,0.243907862952
reservoir_property_p51_r1-cc05909ecd19c8a2a155,15/9-F-11,15/9-F-11 B,3920.9,2,0.228000000119,0.243311960854,0.228000000119,0.243311960854,0.243311960854
reservoir_property_p51_r1-644657be168def8936dc,15/9-F-11,15/9-F-11 B,3922.9,2,0.243000000715,0.24769629665,0.243000000715,0.24769629665,0.24769629665
reservoir_property_p51_r1-0963e2c264ff3b2205e0,15/9-F-11,15/9-F-11 B,3924.9,2,0.238000005484,0.247585477981,0.238000005484,0.247585477981,0.247585477981
reservoir_property_p51_r1-cddd68a97b6ee2c85eca,15/9-F-11,15/9-F-11 B,3926.9,2,0.225999996066,0.244345259873,0.225999996066,0.244345259873,0.244345259873
reservoir_property_p51_r1-5acf84f7f8f0ada14abc,15/9-F-11,15/9-F-11 B,3928.9,2,0.237000003457,0.246061490015,0.237000003457,0.246061490015,0.246061490015
reservoir_property_p51_r1-b5434759b2201fa74cd1,15/9-F-11,15/9-F-11 B,3930.9,2,0.236000001431,0.233853039876,0.236000001431,0.233853039876,0.233853039876
reservoir_property_p51_r1-14540ced15236f12ea97,15/9-F-11,15/9-F-11 B,3932.9,2,0.233999997377,0.200141333756,0.233999997377,0.200141333756,0.200141333756
reservoir_property_p51_r1-46fc36b11da28b6c2b60,15/9-F-11,15/9-F-11 B,3934.9,2,0.104999996722,0.151930207527,0.104999996722,0.151930207527,0.151930207527
reservoir_property_p51_r1-b240354e0b80d66d31c4,15/9-F-11,15/9-F-11 B,3936.9,2,0.104999996722,0.135028727868,0.104999996722,0.135028727868,0.135028727868
reservoir_property_p51_r1-6a4164e216af24a39724,15/9-F-11,15/9-F-11 B,3938.9,2,0.178000003099,0.160146539722,0.178000003099,0.160146539722,0.160146539722
reservoir_property_p51_r1-be1f0f0abcfa8fe42961,15/9-F-11,15/9-F-11 B,3940.9,2,0.150999993086,0.155694068807,0.150999993086,0.155694068807,0.155694068807
reservoir_property_p51_r1-5878e19810657cee1df6,15/9-F-11,15/9-F-11 B,3942.9,2,0.112999998033,0.134226823522,0.112999998033,0.134226823522,0.134226823522
reservoir_property_p51_r1-55d90e4019617115ec7d,15/9-F-11,15/9-F-11 B,3944.9,2,0.0719999969006,0.122038718273,0.0719999969006,0.122038718273,0.122038718273
reservoir_property_p51_r1-cd7a348ec888c23b0739,15/9-F-11,15/9-F-11 B,3946.9,2,0.0450000017881,0.108228937628,0.0450000017881,0.108228937628,0.108228937628
reservoir_property_p51_r1-063b0743f2b1b497fbf1,15/9-F-11,15/9-F-11 B,3948.9,2,0.0399999991059,0.108900364074,0.0399999991059,0.108900364074,0.108900364074
reservoir_property_p51_r1-420b4cf583bd3ae63b01,15/9-F-11,15/9-F-11 B,3950.9,2,0.0219999998808,0.136037750409,0.0219999998808,0.136037750409,0.136037750409
reservoir_property_p51_r1-7bd4e5a9a124034bc5ea,15/9-F-11,15/9-F-11 B,3952.9,2,0.230000004172,0.203818411782,0.230000004172,0.203818411782,0.203818411782
reservoir_property_p51_r1-21c68acdc97cb9be5321,15/9-F-11,15/9-F-11 B,3954.9,2,0.228000000119,0.229839644562,0.228000000119,0.229839644562,0.229839644562
reservoir_property_p51_r1-231db2873ef352c7cf4c,15/9-F-11,15/9-F-11 B,3956.9,2,0.224000006914,0.233035235697,0.224000006914,0.233035235697,0.233035235697
reservoir_property_p51_r1-9cfce70c825d212dc4b8,15/9-F-11,15/9-F-11 B,3958.9,2,0.219999998808,0.229809606913,0.219999998808,0.229809606913,0.229809606913
reservoir_property_p51_r1-2a2ec2a0d1cea4e31a9c,15/9-F-11,15/9-F-11 B,3960.9,2,0.22499999404,0.230502918577,0.22499999404,0.230502918577,0.230502918577
reservoir_property_p51_r1-129900607fb1b580aac0,15/9-F-11,15/9-F-11 B,3962.9,2,0.231000006199,0.235063393159,0.231000006199,0.235063393159,0.235063393159
reservoir_property_p51_r1-3901a273400c65a5be32,15/9-F-11,15/9-F-11 B,3964.9,2,0.225999996066,0.237053749043,0.225999996066,0.237053749043,0.237053749043
reservoir_property_p51_r1-722a536dfbec86f7cd5e,15/9-F-11,15/9-F-11 B,3966.9,2,0.232999995351,0.226887231379,0.232999995351,0.226887231379,0.226887231379
reservoir_property_p51_r1-f9d4fc8012b7a9df4fbe,15/9-F-11,15/9-F-11 B,3968.9,2,0.228000000119,0.229705510597,0.228000000119,0.229705510597,0.229705510597
reservoir_property_p51_r1-7ddf47d9fd1a04811f5b,15/9-F-11,15/9-F-11 B,3970.9,2,0.22499999404,0.225743455209,0.22499999404,0.225743455209,0.225743455209
reservoir_property_p51_r1-5686c30ac9680a073d11,15/9-F-11,15/9-F-11 B,3972.9,2,0.215000003576,0.219209182264,0.215000003576,0.219209182264,0.219209182264
reservoir_property_p51_r1-73189d122dd24c5b172e,15/9-F-11,15/9-F-11 B,3974.9,2,0.216000005603,0.219982309555,0.216000005603,0.219982309555,0.219982309555
reservoir_property_p51_r1-b98867b239b23a793ae4,15/9-F-11,15/9-F-11 B,3976.9,2,0.223000004888,0.211630794733,0.223000004888,0.211630794733,0.211630794733
reservoir_property_p51_r1-bf1867f66d04e9d0e122,15/9-F-11,15/9-F-11 B,3978.9,2,0.153999999166,0.167416497111,0.153999999166,0.167416497111,0.167416497111
reservoir_property_p51_r1-0b6cbb6c34c844212bad,15/9-F-11,15/9-F-11 B,3980.9,2,0.123000003397,0.143684294938,0.123000003397,0.143684294938,0.143684294938
reservoir_property_p51_r1-1c078d095488e7b41962,15/9-F-11,15/9-F-11 B,3982.9,2,0.157000005245,0.158237843789,0.157000005245,0.158237843789,0.158237843789
reservoir_property_p51_r1-3fd8402d0220a4fd6ff2,15/9-F-11,15/9-F-11 B,3984.9,2,0.159999996424,0.162189477872,0.159999996424,0.162189477872,0.162189477872
reservoir_property_p51_r1-e2a74599662717b919c2,15/9-F-11,15/9-F-11 B,3986.9,2,0.165999993682,0.172529281167,0.165999993682,0.172529281167,0.172529281167
reservoir_property_p51_r1-f15892b251b1b3621d49,15/9-F-11,15/9-F-11 B,3988.9,2,0.181999996305,0.179089883545,0.181999996305,0.179089883545,0.179089883545
reservoir_property_p51_r1-5bc77287a7d1f97e5230,15/9-F-11,15/9-F-11 B,3990.9,2,0.193000003695,0.198276099711,0.193000003695,0.198276099711,0.198276099711
reservoir_property_p51_r1-6c4f8042683c3112401a,15/9-F-11,15/9-F-11 B,3992.9,2,0.238000005484,0.224411200533,0.238000005484,0.224411200533,0.224411200533
reservoir_property_p51_r1-d6f61cea45693ee18f7e,15/9-F-11,15/9-F-11 B,3994.9,2,0.221000000834,0.228732574437,0.221000000834,0.228732574437,0.228732574437
reservoir_property_p51_r1-103377daf7abc224652b,15/9-F-11,15/9-F-11 B,3996.9,2,0.259999990463,0.249306709237,0.259999990463,0.249306709237,0.249306709237
reservoir_property_p51_r1-3f3bf94272081977acf3,15/9-F-11,15/9-F-11 B,3998.9,2,0.259999990463,0.248235085787,0.259999990463,0.248235085787,0.248235085787
reservoir_property_p51_r1-eaf5ec3101fce153b35d,15/9-F-11,15/9-F-11 B,4000.9,2,0.216000005603,0.228843054124,0.216000005603,0.228843054124,0.228843054124
reservoir_property_p51_r1-350133160447aaf5c128,15/9-F-11,15/9-F-11 B,4002.9,2,0.25799998641,0.236362228726,0.25799998641,0.236362228726,0.236362228726
reservoir_property_p51_r1-d619a92db34baefc6d6e,15/9-F-11,15/9-F-11 B,4004.9,2,0.226999998093,0.197816651075,0.226999998093,0.197816651075,0.197816651075
reservoir_property_p51_r1-1a9d818a909787dc038b,15/9-F-11,15/9-F-11 B,4006.9,2,0.0370000004768,0.130256412146,0.0370000004768,0.130256412146,0.130256412146
reservoir_property_p51_r1-bfd5312370a3afcebf79,15/9-F-11,15/9-F-11 B,4008.9,2,0.143000006676,0.11660618789,0.143000006676,0.11660618789,0.11660618789
reservoir_property_p51_r1-cf5668a87a24a9cacf22,15/9-F-11,15/9-F-11 B,4010.9,2,0.155000001192,0.136643052147,0.155000001192,0.136643052147,0.136643052147
reservoir_property_p51_r1-f08d59ce32161f8f9eff,15/9-F-11,15/9-F-11 B,4012.9,2,0.156000003219,0.149796072364,0.156000003219,0.149796072364,0.149796072364
reservoir_property_p51_r1-bc8bc460e2246b8c1f9c,15/9-F-11,15/9-F-11 B,4014.9,2,0.133000001311,0.146169043348,0.133000001311,0.146169043348,0.146169043348
reservoir_property_p51_r1-b5965a0b3745c6e60fab,15/9-F-11,15/9-F-11 B,4016.9,2,0.153999999166,0.150257883687,0.153999999166,0.150257883687,0.150257883687
reservoir_property_p51_r1-80412192bdb4f5bcc8a8,15/9-F-11,15/9-F-11 B,4018.9,2,0.188999995589,0.175460297455,0.188999995589,0.175460297455,0.175460297455
reservoir_property_p51_r1-a10ab47c2059ce19a72e,15/9-F-11,15/9-F-11 B,4020.9,2,0.193000003695,0.196751808239,0.193000003695,0.196751808239,0.196751808239
reservoir_property_p51_r1-4a2a17bfb3dd44a422f7,15/9-F-11,15/9-F-11 B,4022.9,2,0.239999994636,0.221619603428,0.239999994636,0.221619603428,0.221619603428
reservoir_property_p51_r1-c18d9770c9dc40f7db00,15/9-F-11,15/9-F-11 B,4024.9,2,0.252999991179,0.226123138443,0.252999991179,0.226123138443,0.226123138443
reservoir_property_p51_r1-4600042dcf1eb528a2d3,15/9-F-11,15/9-F-11 B,4026.9,2,0.216000005603,0.183396523125,0.216000005603,0.183396523125,0.183396523125
reservoir_property_p51_r1-ec40dd0f9287ec0773b5,15/9-F-11,15/9-F-11 B,4028.9,2,0.101000003517,0.163827078756,0.101000003517,0.163827078756,0.163827078756
reservoir_property_p51_r1-0c54cc2014c1975af1f3,15/9-F-11,15/9-F-11 B,4030.9,2,0.239999994636,0.203970579548,0.239999994636,0.203970579548,0.203970579548
reservoir_property_p51_r1-f2e6f0f8a7dbb95d52d8,15/9-F-11,15/9-F-11 B,4032.9,2,0.234999999404,0.234410455083,0.234999999404,0.234410455083,0.234410455083
reservoir_property_p51_r1-00a4972a49b8361f20a0,15/9-F-11,15/9-F-11 B,4034.9,2,0.264999985695,0.248482045647,0.264999985695,0.248482045647,0.248482045647
reservoir_property_p51_r1-39a745a7c3b677f873ed,15/9-F-11,15/9-F-11 B,4036.9,2,0.270999997854,0.25729742868,0.270999997854,0.25729742868,0.25729742868
reservoir_property_p51_r1-4268ac9cea09589b1e3f,15/9-F-11,15/9-F-11 B,4038.9,2,0.27500000596,0.260982943107,0.27500000596,0.260982943107,0.260982943107
reservoir_property_p51_r1-8e22ede83d5f17594a06,15/9-F-11,15/9-F-11 B,4040.9,2,0.268999993801,0.224938095798,0.268999993801,0.224938095798,0.224938095798
reservoir_property_p51_r1-ea66a1ef35f26060ee05,15/9-F-11,15/9-F-11 B,4042.9,2,0.118000000715,0.178303380472,0.118000000715,0.178303380472,0.178303380472
reservoir_property_p51_r1-ad0df1a33c8308a43a37,15/9-F-11,15/9-F-11 B,4044.9,2,0.223000004888,0.18220091258,0.223000004888,0.18220091258,0.18220091258
reservoir_property_p51_r1-fea83723eca310ac6919,15/9-F-11,15/9-F-11 B,4046.9,2,0.231000006199,0.216097521752,0.231000006199,0.216097521752,0.216097521752
reservoir_property_p51_r1-ad686851b9b9aaa8b8fd,15/9-F-11,15/9-F-11 B,4048.9,2,0.234999999404,0.20452962861,0.234999999404,0.20452962861,0.20452962861
reservoir_property_p51_r1-834c036f9e90ef632088,15/9-F-11,15/9-F-11 B,4050.9,2,0.207000002265,0.182441595636,0.207000002265,0.182441595636,0.182441595636
reservoir_property_p51_r1-a3f3cac77a4ed4f8a3c7,15/9-F-11,15/9-F-11 B,4052.9,2,0.232999995351,0.182432906128,0.232999995351,0.182432906128,0.182432906128
reservoir_property_p51_r1-2e6f42addf722d4e83f3,15/9-F-11,15/9-F-11 B,4054.9,2,0.240999996662,0.213552160311,0.240999996662,0.213552160311,0.213552160311
reservoir_property_p51_r1-7b45973f085b3e33897f,15/9-F-11,15/9-F-11 B,4056.9,2,0.230000004172,0.181075453,0.230000004172,0.181075453,0.181075453
reservoir_property_p51_r1-19fc471e15f288982624,15/9-F-11,15/9-F-11 B,4058.9,2,0.150999993086,0.153393706434,0.150999993086,0.153393706434,0.153393706434
reservoir_property_p51_r1-847ce1d787b6102704d1,15/9-F-11,15/9-F-11 B,4060.9,2,0.0689999982715,0.102114526223,0.0689999982715,0.102114526223,0.102114526223
reservoir_property_p51_r1-c5e422de3f8b9c767206,15/9-F-11,15/9-F-11 B,4062.9,2,0.0780000016093,0.115640850536,0.0780000016093,0.115640850536,0.115640850536
reservoir_property_p51_r1-a8175ffeb7ac905ef983,15/9-F-11,15/9-F-11 B,4064.9,2,0.194999992847,0.191199907021,0.194999992847,0.191199907021,0.191199907021
reservoir_property_p51_r1-c10fa44a197027818e83,15/9-F-11,15/9-F-11 B,4066.9,2,0.245000004768,0.224858114535,0.245000004768,0.224858114535,0.224858114535
reservoir_property_p51_r1-9d71f55097e1131b28d5,15/9-F-11,15/9-F-11 B,4068.9,2,0.256999999285,0.24420258971,0.256999999285,0.24420258971,0.24420258971
reservoir_property_p51_r1-a8c550f8318d16a3daf4,15/9-F-11,15/9-F-11 B,4070.9,2,0.256999999285,0.250345408061,0.256999999285,0.250345408061,0.250345408061
reservoir_property_p51_r1-3740507b6a71df17ce0d,15/9-F-11,15/9-F-11 B,4072.9,2,0.259999990463,0.250656613876,0.259999990463,0.250656613876,0.250656613876
reservoir_property_p51_r1-5c2fdaa5fcefea10392f,15/9-F-11,15/9-F-11 B,4074.9,2,0.256999999285,0.235787043293,0.256999999285,0.235787043293,0.235787043293
reservoir_property_p51_r1-01f15f9bb9b1a3ed192a,15/9-F-11,15/9-F-11 B,4076.9,2,0.137999996543,0.175975889429,0.137999996543,0.175975889429,0.175975889429
reservoir_property_p51_r1-023ebcf3aa9dbde82c84,15/9-F-11,15/9-F-11 B,4078.9,2,0.126000002027,0.136691081574,0.126000002027,0.136691081574,0.136691081574
reservoir_property_p51_r1-718e11b11684e1673538,15/9-F-11,15/9-F-11 B,4080.9,2,0.120999999344,0.127123870936,0.120999999344,0.127123870936,0.127123870936
reservoir_property_p51_r1-628e122c3c815a232296,15/9-F-11,15/9-F-11 B,4082.9,2,0.108999997377,0.110624376551,0.108999997377,0.110624376551,0.110624376551
reservoir_property_p51_r1-060c103c5c26cd2095aa,15/9-F-11,15/9-F-11 B,4084.9,2,0.111000001431,0.121738205172,0.111000001431,0.121738205172,0.121738205172
reservoir_property_p51_r1-8221528baa1ad56f3d71,15/9-F-11,15/9-F-11 B,4086.9,2,0.0920000001788,0.123908413038,0.0920000001788,0.123908413038,0.123908413038
reservoir_property_p51_r1-a98a240555aa5c5947dc,15/9-F-11,15/9-F-11 B,4088.9,2,0.190999999642,0.17302355266,0.190999999642,0.17302355266,0.17302355266
reservoir_property_p51_r1-dd0b88a63ef3160fb71f,15/9-F-11,15/9-F-11 B,4090.9,2,0.239999994636,0.227086791543,0.239999994636,0.227086791543,0.227086791543
reservoir_property_p51_r1-5ff8717e0fc5379c5d0f,15/9-F-11,15/9-F-11 B,4092.9,2,0.187000006437,0.183169215959,0.187000006437,0.183169215959,0.183169215959
reservoir_property_p51_r1-e158b83d8c77964d0fe7,15/9-F-11,15/9-F-11 B,4094.9,2,0.197999998927,0.159524029058,0.197999998927,0.159524029058,0.159524029058
reservoir_property_p51_r1-6b12bd46d6e6357564cf,15/9-F-11,15/9-F-11 B,4096.9,2,0.135000005364,0.148269450502,0.135000005364,0.148269450502,0.148269450502
reservoir_property_p51_r1-9d23dc62522ec5d28dae,15/9-F-11,15/9-F-11 B,4098.9,2,0.0909999981523,0.12910802497,0.0909999981523,0.12910802497,0.12910802497
reservoir_property_p51_r1-69b8fcf8d7183ee4a478,15/9-F-11,15/9-F-11 B,4100.9,2,0.119999997318,0.133187022639,0.119999997318,0.133187022639,0.133187022639
reservoir_property_p51_r1-f312bc8f73429a0a30f6,15/9-F-11,15/9-F-11 B,4102.9,2,0.143999993801,0.129197850465,0.143999993801,0.129197850465,0.129197850465
reservoir_property_p51_r1-c21f3b1866e23aa01510,15/9-F-11,15/9-F-11 B,4104.9,2,0.0399999991059,0.10448075446,0.0399999991059,0.10448075446,0.10448075446
reservoir_property_p51_r1-d9f76c346095fb05f5a4,15/9-F-11,15/9-F-11 B,4106.9,2,0.0370000004768,0.105438303453,0.0370000004768,0.105438303453,0.105438303453
reservoir_property_p51_r1-2f3fa235db04751545b2,15/9-F-11,15/9-F-11 B,4108.9,2,0.148000001907,0.150945901464,0.148000001907,0.150945901464,0.150945901464
reservoir_property_p51_r1-3a11daf810800f737cee,15/9-F-11,15/9-F-11 B,4110.9,2,0.233999997377,0.220311397757,0.233999997377,0.220311397757,0.220311397757
reservoir_property_p51_r1-b9aa2d943e81066721f3,15/9-F-11,15/9-F-11 B,4112.9,2,0.216000005603,0.219923090951,0.216000005603,0.219923090951,0.219923090951
reservoir_property_p51_r1-e3f9056f235f478ff385,15/9-F-11,15/9-F-11 B,4114.9,2,0.194999992847,0.207607531615,0.194999992847,0.207607531615,0.207607531615
reservoir_property_p51_r1-730e31cde2ae928d4245,15/9-F-11,15/9-F-11 B,4116.9,2,0.216000005603,0.208713575609,0.216000005603,0.208713575609,0.208713575609
reservoir_property_p51_r1-7f107a0a214c7d8b2a3a,15/9-F-11,15/9-F-11 B,4118.9,2,0.212999999523,0.2192927223,0.212999999523,0.2192927223,0.2192927223
reservoir_property_p51_r1-03d4a863e350517a6942,15/9-F-11,15/9-F-11 B,4120.9,2,0.223000004888,0.220675072406,0.223000004888,0.220675072406,0.220675072406
reservoir_property_p51_r1-4117ae0171cc8baf4a07,15/9-F-11,15/9-F-11 B,4122.9,2,0.171000003815,0.192697084843,0.171000003815,0.192697084843,0.192697084843
reservoir_property_p51_r1-2659a88c9907b6650219,15/9-F-11,15/9-F-11 B,4124.9,2,0.216000005603,0.201483431992,0.216000005603,0.201483431992,0.201483431992
reservoir_property_p51_r1-83db7934ba30b88ad7fd,15/9-F-11,15/9-F-11 B,4126.9,2,0.223000004888,0.224641311979,0.223000004888,0.224641311979,0.224641311979
reservoir_property_p51_r1-353636eb86bcbb2f0032,15/9-F-11,15/9-F-11 B,4128.9,2,0.194999992847,0.208860421097,0.194999992847,0.208860421097,0.208860421097
reservoir_property_p51_r1-938910b013253c2b112e,15/9-F-11,15/9-F-11 B,4130.9,2,0.209000006318,0.20802826172,0.209000006318,0.20802826172,0.20802826172
reservoir_property_p51_r1-3287805e22f7f374832d,15/9-F-11,15/9-F-11 B,4132.9,2,0.217999994755,0.22286502284,0.217999994755,0.22286502284,0.22286502284
reservoir_property_p51_r1-9380218b99dd1b3e835d,15/9-F-11,15/9-F-11 B,4134.9,2,0.219999998808,0.227598761784,0.219999998808,0.227598761784,0.227598761784
reservoir_property_p51_r1-a7ae3a177e4b6c03fe5c,15/9-F-11,15/9-F-11 B,4136.9,2,0.221000000834,0.228107366545,0.221000000834,0.228107366545,0.228107366545
reservoir_property_p51_r1-084f254e59c90cba664f,15/9-F-11,15/9-F-11 B,4138.9,2,0.221000000834,0.227464467051,0.221000000834,0.227464467051,0.227464467051
reservoir_property_p51_r1-3e4895a8352056ae374d,15/9-F-11,15/9-F-11 B,4140.9,2,0.223000004888,0.223923135533,0.223000004888,0.223923135533,0.223923135533
reservoir_property_p51_r1-35d1ccd8abe1cbff24e7,15/9-F-11,15/9-F-11 B,4142.9,2,0.209000006318,0.208355016665,0.209000006318,0.208355016665,0.208355016665
reservoir_property_p51_r1-b29f40428d09c8138e9e,15/9-F-11,15/9-F-11 B,4144.9,2,0.172000005841,0.190645728222,0.172000005841,0.190645728222,0.190645728222
reservoir_property_p51_r1-64c6851468f2f0c21171,15/9-F-11,15/9-F-11 B,4146.9,2,0.201000005007,0.197816286693,0.201000005007,0.197816286693,0.197816286693
reservoir_property_p51_r1-08a1d4d0160303eb186c,15/9-F-11,15/9-F-11 B,4148.9,2,0.212999999523,0.212911816866,0.212999999523,0.212911816866,0.212911816866
reservoir_property_p51_r1-48ddac98d42bee02f076,15/9-F-11,15/9-F-11 B,4150.9,2,0.225999996066,0.216982394993,0.225999996066,0.216982394993,0.216982394993
reservoir_property_p51_r1-31112aab03481e38c806,15/9-F-11,15/9-F-11 B,4152.9,2,0.208000004292,0.214522052952,0.208000004292,0.214522052952,0.214522052952
reservoir_property_p51_r1-fd5482f8316087406f94,15/9-F-11,15/9-F-11 B,4154.9,2,0.204999998212,0.208545153722,0.204999998212,0.208545153722,0.208545153722
reservoir_property_p51_r1-168f226e9ab761e42316,15/9-F-11,15/9-F-11 B,4156.9,2,0.209999993443,0.213093208234,0.209999993443,0.213093208234,0.213093208234
reservoir_property_p51_r1-635f3bb41fc17d09e5ba,15/9-F-11,15/9-F-11 B,4158.9,2,0.212999999523,0.218501865847,0.212999999523,0.218501865847,0.218501865847
reservoir_property_p51_r1-864150d730be790c68b2,15/9-F-11,15/9-F-11 B,4160.9,2,0.209999993443,0.21373749452,0.209999993443,0.21373749452,0.21373749452
reservoir_property_p51_r1-ef0ce68356424dddf37e,15/9-F-11,15/9-F-11 B,4162.9,2,0.208000004292,0.211625448341,0.208000004292,0.211625448341,0.211625448341
reservoir_property_p51_r1-45e1637f256221c2e5e9,15/9-F-11,15/9-F-11 B,4164.9,2,0.21400000155,0.216349414192,0.21400000155,0.216349414192,0.216349414192
reservoir_property_p51_r1-afa247f6526f17bda75d,15/9-F-11,15/9-F-11 B,4166.9,2,0.225999996066,0.2218353665,0.225999996066,0.2218353665,0.2218353665
reservoir_property_p51_r1-685dcfc387fccc5ca172,15/9-F-11,15/9-F-11 B,4168.9,2,0.212999999523,0.217479554865,0.212999999523,0.217479554865,0.217479554865
reservoir_property_p51_r1-47000bb96f81f8366c46,15/9-F-11,15/9-F-11 B,4170.9,2,0.201000005007,0.206339423846,0.201000005007,0.206339423846,0.206339423846
reservoir_property_p51_r1-e5f70f2b2c15727eed5a,15/9-F-11,15/9-F-11 B,4172.9,2,0.202999994159,0.20435593685,0.202999994159,0.20435593685,0.20435593685
reservoir_property_p51_r1-f1433220356a0f12d03d,15/9-F-11,15/9-F-11 B,4174.9,2,0.208000004292,0.20781885948,0.208000004292,0.20781885948,0.20781885948
reservoir_property_p51_r1-49dd96d7fa44b33d9981,15/9-F-11,15/9-F-11 B,4176.9,2,0.209000006318,0.207273653422,0.209000006318,0.207273653422,0.207273653422
reservoir_property_p51_r1-6ca9a0667450d1508c5b,15/9-F-11,15/9-F-11 B,4178.9,2,0.209999993443,0.209801726073,0.209999993443,0.209801726073,0.209801726073
reservoir_property_p51_r1-97a19b8d50cdd97be658,15/9-F-11,15/9-F-11 B,4180.9,2,0.223000004888,0.211020077414,0.223000004888,0.211020077414,0.211020077414
reservoir_property_p51_r1-a3fd32435ef7a15de465,15/9-F-11,15/9-F-11 B,4182.9,2,0.212999999523,0.210455160019,0.212999999523,0.210455160019,0.210455160019
reservoir_property_p51_r1-4ab2f94785aa585c035e,15/9-F-11,15/9-F-11 B,4184.9,2,0.22499999404,0.21338333108,0.22499999404,0.21338333108,0.21338333108
reservoir_property_p51_r1-176f7b5f0eccad45766b,15/9-F-11,15/9-F-11 B,4186.9,2,0.194000005722,0.216394275088,0.194000005722,0.216394275088,0.216394275088
reservoir_property_p51_r1-4c24557dbb749e47b6ec,15/9-F-11,15/9-F-11 B,4188.9,2,0.266000002623,0.243079188526,0.266000002623,0.243079188526,0.243079188526
reservoir_property_p51_r1-741028ccdab5d36b08f3,15/9-F-11,15/9-F-11 B,4190.9,2,0.259999990463,0.257794505319,0.259999990463,0.257794505319,0.257794505319
reservoir_property_p51_r1-6da9e9521746b5c2c2e8,15/9-F-11,15/9-F-11 B,4192.9,2,0.263000011444,0.258760981513,0.263000011444,0.258760981513,0.258760981513
reservoir_property_p51_r1-2768be308e105ad071ce,15/9-F-11,15/9-F-11 B,4194.9,2,0.256000012159,0.252105441005,0.256000012159,0.252105441005,0.252105441005
reservoir_property_p51_r1-56d387a244a2a613d009,15/9-F-11,15/9-F-11 B,4196.9,2,0.268000006676,0.253954335132,0.268000006676,0.253954335132,0.253954335132
reservoir_property_p51_r1-51594ca32a972912d2cc,15/9-F-11,15/9-F-11 B,4198.9,2,0.268999993801,0.255914461673,0.268999993801,0.255914461673,0.255914461673
reservoir_property_p51_r1-499de8e3611fc73a67eb,15/9-F-11,15/9-F-11 B,4200.9,2,0.264999985695,0.255550747723,0.264999985695,0.255550747723,0.255550747723
reservoir_property_p51_r1-4003a6d690f9b8edd990,15/9-F-11,15/9-F-11 B,4202.9,2,0.264999985695,0.251716679861,0.264999985695,0.251716679861,0.251716679861
reservoir_property_p51_r1-4c09a64b4956b4bac7f2,15/9-F-11,15/9-F-11 B,4204.9,2,0.256000012159,0.245928275761,0.256000012159,0.245928275761,0.245928275761
reservoir_property_p51_r1-db9e24fe25028261c619,15/9-F-11,15/9-F-11 B,4206.9,2,0.256000012159,0.242929421598,0.256000012159,0.242929421598,0.242929421598
reservoir_property_p51_r1-2adf5f4019726f29c6af,15/9-F-11,15/9-F-11 B,4208.9,2,0.247999995947,0.238752636987,0.247999995947,0.238752636987,0.238752636987
reservoir_property_p51_r1-7cc962a1c7b96c1a5633,15/9-F-11,15/9-F-11 B,4210.9,2,0.248999997973,0.2337037205,0.248999997973,0.2337037205,0.2337037205
reservoir_property_p51_r1-e33306c1e08cab504e1c,15/9-F-11,15/9-F-11 B,4212.9,2,0.25,0.235059490653,0.25,0.235059490653,0.235059490653
reservoir_property_p51_r1-20b2a95e88e80f2d075b,15/9-F-11,15/9-F-11 B,4214.9,2,0.252000004053,0.239134869125,0.252000004053,0.239134869125,0.239134869125
reservoir_property_p51_r1-c9dae570e33429f80bd0,15/9-F-11,15/9-F-11 B,4216.9,2,0.248999997973,0.24262853655,0.248999997973,0.24262853655,0.24262853655
reservoir_property_p51_r1-0db980d395c7275790fe,15/9-F-11,15/9-F-11 B,4218.9,2,0.244000002742,0.236049810636,0.244000002742,0.236049810636,0.236049810636
reservoir_property_p51_r1-f0e0827d68ce171a8320,15/9-F-11,15/9-F-11 B,4220.9,2,0.243000000715,0.214169170112,0.243000000715,0.214169170112,0.214169170112
reservoir_property_p51_r1-34321ad417630df303c3,15/9-F-11,15/9-F-11 B,4222.9,2,0.143999993801,0.149848443731,0.143999993801,0.149848443731,0.149848443731
reservoir_property_p51_r1-0c88ffee9dccbf292171,15/9-F-11,15/9-F-11 B,4224.9,2,0.133000001311,0.140234796201,0.133000001311,0.140234796201,0.140234796201
reservoir_property_p51_r1-63b006b36d3b97e00ef8,15/9-F-11,15/9-F-11 B,4226.9,2,0.166999995708,0.163514454566,0.166999995708,0.163514454566,0.163514454566
reservoir_property_p51_r1-1f68c1f10a2b1a92050e,15/9-F-11,15/9-F-11 B,4228.9,2,0.216999992728,0.2149129747,0.216999992728,0.2149129747,0.2149129747
reservoir_property_p51_r1-85ecacbc64d09f438326,15/9-F-11,15/9-F-11 B,4230.9,2,0.252999991179,0.240851344602,0.252999991179,0.240851344602,0.240851344602
reservoir_property_p51_r1-f709652e58e333872ab1,15/9-F-11,15/9-F-11 B,4232.9,2,0.247999995947,0.244072632954,0.247999995947,0.244072632954,0.244072632954
reservoir_property_p51_r1-c6a715929a6af97ab236,15/9-F-11,15/9-F-11 B,4234.9,2,0.250999987125,0.244168700772,0.250999987125,0.244168700772,0.244168700772
reservoir_property_p51_r1-59474270abf3088f73a5,15/9-F-11,15/9-F-11 B,4236.9,2,0.239999994636,0.211867373717,0.239999994636,0.211867373717,0.211867373717
reservoir_property_p51_r1-9862fbe2b5182588d72c,15/9-F-11,15/9-F-11 B,4238.9,2,0.0839999988675,0.156071321924,0.0839999988675,0.156071321924,0.156071321924
reservoir_property_p51_r1-93d3ba77f92bab877169,15/9-F-11,15/9-F-11 B,4240.9,2,0.0649999976158,0.0818684780602,0.0649999976158,0.0818684780602,0.0818684780602
reservoir_property_p51_r1-7203cd72405e3be7a85e,15/9-F-11,15/9-F-11 B,4242.9,2,0.0289999991655,0.105912020074,0.0289999991655,0.105912020074,0.105912020074
reservoir_property_p51_r1-0f61afcbbb31f41178e9,15/9-F-11,15/9-F-11 B,4244.9,2,0.224000006914,0.187900211628,0.224000006914,0.187900211628,0.187900211628
reservoir_property_p51_r1-9f5266858c45014a2397,15/9-F-11,15/9-F-11 B,4246.9,2,0.238999992609,0.221110278693,0.238999992609,0.221110278693,0.221110278693
reservoir_property_p51_r1-efb005b6c765d880140f,15/9-F-11,15/9-F-11 B,4248.9,2,0.223000004888,0.209314487733,0.223000004888,0.209314487733,0.209314487733
reservoir_property_p51_r1-86e45c16059467eafbe6,15/9-F-11,15/9-F-11 B,4250.9,2,0.190999999642,0.182093679679,0.190999999642,0.182093679679,0.182093679679
reservoir_property_p51_r1-13161782af850160b633,15/9-F-11,15/9-F-11 B,4252.9,2,0.189999997616,0.173186693978,0.189999997616,0.173186693978,0.173186693978
reservoir_property_p51_r1-f2f105a94d6c63e41109,15/9-F-11,15/9-F-11 B,4254.9,2,0.168999999762,0.144327964797,0.168999999762,0.144327964797,0.144327964797
reservoir_property_p51_r1-c69b61af7cf583705ce4,15/9-F-11,15/9-F-11 B,4256.9,2,0.0299999993294,0.110768943528,0.0299999993294,0.110768943528,0.110768943528
reservoir_property_p51_r1-dedd2f73714749b745af,15/9-F-11,15/9-F-11 B,4258.9,2,0.159999996424,0.132109220435,0.159999996424,0.132109220435,0.132109220435
reservoir_property_p51_r1-09a4d158f79659f45523,15/9-F-11,15/9-F-11 B,4260.9,2,0.140000000596,0.146254405063,0.140000000596,0.146254405063,0.146254405063
reservoir_property_p51_r1-9242053a11d9315188d1,15/9-F-11,15/9-F-11 B,4262.9,2,0.122000001371,0.155870776409,0.122000001371,0.155870776409,0.155870776409
reservoir_property_p51_r1-7fcce9239a4dcc3a39ed,15/9-F-11,15/9-F-11 B,4264.9,2,0.165000006557,0.181079970565,0.165000006557,0.181079970565,0.181079970565
reservoir_property_p51_r1-a18767f0ba4db7b10af1,15/9-F-11,15/9-F-11 B,4266.9,2,0.217999994755,0.202985005059,0.217999994755,0.202985005059,0.202985005059
reservoir_property_p51_r1-b7de8f1bd551b2bc1f1e,15/9-F-11,15/9-F-11 B,4268.9,2,0.211999997497,0.217125573313,0.211999997497,0.217125573313,0.217125573313
reservoir_property_p51_r1-34ef50298fba454f7774,15/9-F-11,15/9-F-11 B,4270.9,2,0.248999997973,0.248060130845,0.248999997973,0.248060130845,0.248060130845
reservoir_property_p51_r1-25fa5015ed7bbd6be752,15/9-F-11,15/9-F-11 B,4272.9,2,0.259999990463,0.260614346218,0.259999990463,0.260614346218,0.260614346218
reservoir_property_p51_r1-a6a9b9728321e4f20b35,15/9-F-11,15/9-F-11 B,4274.9,2,0.252999991179,0.253165879804,0.252999991179,0.253165879804,0.253165879804
reservoir_property_p51_r1-1b0ab35762167fc00629,15/9-F-11,15/9-F-11 B,4276.9,2,0.247999995947,0.241974067236,0.247999995947,0.241974067236,0.241974067236
reservoir_property_p51_r1-53ed4b600d23174eb501,15/9-F-11,15/9-F-11 B,4278.9,2,0.202999994159,0.196760149997,0.202999994159,0.196760149997,0.196760149997
reservoir_property_p51_r1-fc0f625b80a7b951d98e,15/9-F-11,15/9-F-11 B,4280.9,2,0.0309999994934,0.0843801253533,0.0309999994934,0.0843801253533,0.0843801253533
reservoir_property_p51_r1-a96743515c0f4edd71ea,15/9-F-11,15/9-F-11 B,4282.9,2,0.0230000000447,0.0726625447966,0.0230000000447,0.0726625447966,0.0726625447966
reservoir_property_p51_r1-d3abf41c8811daff7523,15/9-F-11,15/9-F-11 B,4284.9,2,0.0909999981523,0.117353084963,0.0909999981523,0.117353084963,0.117353084963
reservoir_property_p51_r1-3562c91b2b1ed7750e41,15/9-F-11,15/9-F-11 B,4286.9,2,0.20000000298,0.164258900305,0.20000000298,0.164258900305,0.164258900305
reservoir_property_p51_r1-a0fc5ce08a5d8e0f5dea,15/9-F-11,15/9-F-11 B,4288.9,2,0.233999997377,0.232019454173,0.233999997377,0.232019454173,0.232019454173
reservoir_property_p51_r1-2c2866b52b365bf49896,15/9-F-11,15/9-F-11 B,4290.9,2,0.216000005603,0.212291010252,0.216000005603,0.212291010252,0.212291010252
reservoir_property_p51_r1-0a52fe29b5290e270854,15/9-F-11,15/9-F-11 B,4292.9,2,0.171000003815,0.163597554565,0.171000003815,0.163597554565,0.163597554565
reservoir_property_p51_r1-5595951d26e6ac1c39ae,15/9-F-11,15/9-F-11 B,4294.9,2,0.0529999993742,0.121027006411,0.0529999993742,0.121027006411,0.121027006411
reservoir_property_p51_r1-50d011832c672e2dc79e,15/9-F-11,15/9-F-11 B,4300.3,2,0.120999999344,0.146459251825,0.120999999344,0.146459251825,0.146459251825
reservoir_property_p51_r1-3a7145b3ab6311e8f25d,15/9-F-11,15/9-F-11 B,4302.3,2,0.171000003815,0.16858887487,0.171000003815,0.16858887487,0.16858887487
reservoir_property_p51_r1-d419774011859483de22,15/9-F-11,15/9-F-11 B,4304.3,2,0.21099999547,0.204177083214,0.21099999547,0.204177083214,0.204177083214
reservoir_property_p51_r1-e12a65d16ae7f5d59679,15/9-F-11,15/9-F-11 B,4306.3,2,0.239999994636,0.23615506686,0.239999994636,0.23615506686,0.23615506686
reservoir_property_p51_r1-565ab635df568efe1b6f,15/9-F-11,15/9-F-11 B,4308.3,2,0.244000002742,0.235012862656,0.244000002742,0.235012862656,0.235012862656
reservoir_property_p51_r1-7b3b2ae25cc1fe5ebfe9,15/9-F-11,15/9-F-11 T2,4400.6,2,0.111000001431,0.142582402577,0.111000001431,0.142582402577,0.142582402577
reservoir_property_p51_r1-eef3f72c25a8405135e1,15/9-F-11,15/9-F-11 T2,4402.6,2,0.125,0.138296132361,0.125,0.138296132361,0.138296132361
reservoir_property_p51_r1-f943b900a64502180b81,15/9-F-11,15/9-F-11 T2,4404.6,2,0.119000002742,0.141900744009,0.119000002742,0.141900744009,0.141900744009
reservoir_property_p51_r1-aecb03b323286c41747d,15/9-F-11,15/9-F-11 T2,4406.6,2,0.133000001311,0.170559856747,0.133000001311,0.170559856747,0.170559856747
reservoir_property_p51_r1-06650b8a442cfd04d4a1,15/9-F-11,15/9-F-11 T2,4408.6,2,0.199000000954,0.18836918721,0.199000000954,0.18836918721,0.18836918721
reservoir_property_p51_r1-50948e33c7f313a75821,15/9-F-11,15/9-F-11 T2,4410.6,2,0.204999998212,0.171324397253,0.204999998212,0.171324397253,0.171324397253
reservoir_property_p51_r1-d766612d437e9ba4874f,15/9-F-11,15/9-F-11 T2,4412.6,2,0.155000001192,0.120369735473,0.155000001192,0.120369735473,0.120369735473
reservoir_property_p51_r1-b0429195018cd4c790e4,15/9-F-11,15/9-F-11 T2,4414.6,2,0.0219999998808,0.0984099337718,0.0219999998808,0.0984099337718,0.0984099337718
reservoir_property_p51_r1-dab073f1a320116f4365,15/9-F-11,15/9-F-11 T2,4416.6,2,0.134000003338,0.105553742054,0.134000003338,0.105553742054,0.105553742054
reservoir_property_p51_r1-5604e532d314abad691e,15/9-F-11,15/9-F-11 T2,4418.6,2,0.148000001907,0.12548870397,0.148000001907,0.12548870397,0.12548870397
reservoir_property_p51_r1-022dbb60f8a15d81b61a,15/9-F-11,15/9-F-11 T2,4420.6,2,0.158999994397,0.134381660262,0.158999994397,0.134381660262,0.134381660262
reservoir_property_p51_r1-5af141b5856ee30bc698,15/9-F-11,15/9-F-11 T2,4422.6,2,0.0659999996424,0.128189319804,0.0659999996424,0.128189319804,0.128189319804
reservoir_property_p51_r1-33b640b19ab12d920935,15/9-F-11,15/9-F-11 T2,4424.6,2,0.144999995828,0.141198338653,0.144999995828,0.141198338653,0.141198338653
reservoir_property_p51_r1-cb340997a238385357a7,15/9-F-11,15/9-F-11 T2,4426.6,2,0.150999993086,0.151326927002,0.150999993086,0.151326927002,0.151326927002
reservoir_property_p51_r1-664dbc2565265e8fe649,15/9-F-11,15/9-F-11 T2,4428.6,2,0.130999997258,0.135304730996,0.130999997258,0.135304730996,0.135304730996
reservoir_property_p51_r1-08cab6f36c81d873bd2a,15/9-F-11,15/9-F-11 T2,4430.6,2,0.0869999974966,0.117108708768,0.0869999974966,0.117108708768,0.117108708768
reservoir_property_p51_r1-869c97c4868dacfd8988,15/9-F-11,15/9-F-11 T2,4432.6,2,0.0489999987185,0.109833979346,0.0489999987185,0.109833979346,0.109833979346
reservoir_property_p51_r1-95b534ab119f581828f6,15/9-F-11,15/9-F-11 T2,4434.6,2,0.136999994516,0.143410643408,0.136999994516,0.143410643408,0.143410643408
reservoir_property_p51_r1-3ddbf46b2ad0e010e1ea,15/9-F-11,15/9-F-11 T2,4436.6,2,0.180999994278,0.175596529699,0.180999994278,0.175596529699,0.175596529699
reservoir_property_p51_r1-20df2492269150d61167,15/9-F-11,15/9-F-11 T2,4438.6,2,0.186000004411,0.178512694774,0.186000004411,0.178512694774,0.178512694774
reservoir_property_p51_r1-18b2b73f553186a48d09,15/9-F-11,15/9-F-11 T2,4440.6,2,0.172999992967,0.166479994727,0.172999992967,0.166479994727,0.166479994727
reservoir_property_p51_r1-3ca52cf198949916ef17,15/9-F-11,15/9-F-11 T2,4442.6,2,0.155000001192,0.146783577729,0.155000001192,0.146783577729,0.146783577729
reservoir_property_p51_r1-18cf671e4332bb8eac36,15/9-F-11,15/9-F-11 T2,4444.6,2,0.115999996662,0.112501728156,0.115999996662,0.112501728156,0.112501728156
reservoir_property_p51_r1-0a48cf6a95e9a919c852,15/9-F-11,15/9-F-11 T2,4446.6,2,0.019999999553,0.041899749523,0.019999999553,0.041899749523,0.041899749523
reservoir_property_p51_r1-63fb285af5619fffa304,15/9-F-11,15/9-F-11 T2,4448.6,2,0.019999999553,0.0648842359576,0.019999999553,0.0648842359576,0.0648842359576
reservoir_property_p51_r1-304bf3829b1be7b0246c,15/9-F-11,15/9-F-11 T2,4450.6,2,0.188999995589,0.168220747213,0.188999995589,0.168220747213,0.168220747213
reservoir_property_p51_r1-a75decbef6c4d9266c61,15/9-F-11,15/9-F-11 T2,4452.6,2,0.199000000954,0.157142535808,0.199000000954,0.157142535808,0.157142535808
reservoir_property_p51_r1-627c465d3823f663425e,15/9-F-11,15/9-F-11 T2,4454.6,2,0.0710000023246,0.0763028630186,0.0710000023246,0.0763028630186,0.0763028630186
reservoir_property_p51_r1-1e7610968cb5fabbe70d,15/9-F-11,15/9-F-11 T2,4456.6,2,0.019999999553,0.0351458315358,0.019999999553,0.0351458315358,0.0351458315358
reservoir_property_p51_r1-0ac9de685fea25da969e,15/9-F-11,15/9-F-11 T2,4458.6,2,0.019999999553,0.058640993908,0.019999999553,0.058640993908,0.058640993908
reservoir_property_p51_r1-df7abf69194a9ad86c7d,15/9-F-11,15/9-F-11 T2,4460.6,2,0.209999993443,0.1088007224,0.209999993443,0.1088007224,0.1088007224
reservoir_property_p51_r1-c61a87f37791364aac5d,15/9-F-11,15/9-F-11 T2,4462.6,2,0.019999999553,0.0776341857903,0.019999999553,0.0776341857903,0.0776341857903
reservoir_property_p51_r1-78bdc251edeeb5fa73a7,15/9-F-11,15/9-F-11 T2,4464.6,2,0.189999997616,0.13147099608,0.189999997616,0.13147099608,0.13147099608
reservoir_property_p51_r1-f6727249a8e4d91e5714,15/9-F-11,15/9-F-11 T2,4466.6,2,0.186000004411,0.188275364245,0.186000004411,0.188275364245,0.188275364245
reservoir_property_p51_r1-a0de1f1dd73c128e5c8d,15/9-F-11,15/9-F-11 T2,4468.6,2,0.197999998927,0.190239656718,0.197999998927,0.190239656718,0.190239656718
reservoir_property_p51_r1-d53314085d97a0d4b572,15/9-F-11,15/9-F-11 T2,4470.6,2,0.199000000954,0.190054421106,0.199000000954,0.190054421106,0.190054421106
reservoir_property_p51_r1-29ed6b113c540501e567,15/9-F-11,15/9-F-11 T2,4472.6,2,0.180000007153,0.19309331204,0.180000007153,0.19309331204,0.19309331204
reservoir_property_p51_r1-dd6a219cda221ddd26d4,15/9-F-11,15/9-F-11 T2,4474.6,2,0.208000004292,0.200051654695,0.208000004292,0.200051654695,0.200051654695
reservoir_property_p51_r1-b306ce7e6cefdf2178e7,15/9-F-11,15/9-F-11 T2,4476.6,2,0.194000005722,0.193679322259,0.194000005722,0.193679322259,0.193679322259
reservoir_property_p51_r1-bb1368e05347089a6bfe,15/9-F-11,15/9-F-11 T2,4478.6,2,0.193000003695,0.185016755054,0.193000003695,0.185016755054,0.185016755054
reservoir_property_p51_r1-cbe7b099ca21e97f54ed,15/9-F-11,15/9-F-11 T2,4480.6,2,0.199000000954,0.179075691426,0.199000000954,0.179075691426,0.179075691426
reservoir_property_p51_r1-cfc3c00464c01e956ae4,15/9-F-11,15/9-F-11 T2,4482.6,2,0.103000000119,0.165054762565,0.103000000119,0.165054762565,0.165054762565
reservoir_property_p51_r1-6d2726afb02c3085a208,15/9-F-11,15/9-F-11 T2,4484.6,2,0.186000004411,0.15485872742,0.186000004411,0.15485872742,0.15485872742
reservoir_property_p51_r1-6e3bcfa776508ed00b51,15/9-F-11,15/9-F-11 T2,4486.6,2,0.119999997318,0.160072814572,0.119999997318,0.160072814572,0.160072814572
reservoir_property_p51_r1-7718a780287384012ae8,15/9-F-11,15/9-F-11 T2,4488.6,2,0.206000000238,0.189571590524,0.206000000238,0.189571590524,0.189571590524
reservoir_property_p51_r1-3bb97bd9ee10771b5721,15/9-F-11,15/9-F-11 T2,4490.6,2,0.199000000954,0.203473643392,0.199000000954,0.203473643392,0.203473643392
reservoir_property_p51_r1-182e66ec00ec82a6916d,15/9-F-11,15/9-F-11 T2,4492.6,2,0.207000002265,0.195420025609,0.207000002265,0.195420025609,0.195420025609
reservoir_property_p51_r1-188c99f409134947b62b,15/9-F-11,15/9-F-11 T2,4494.6,2,0.173999994993,0.180986721311,0.173999994993,0.180986721311,0.180986721311
reservoir_property_p51_r1-5c24b61c90079ee94744,15/9-F-11,15/9-F-11 T2,4496.6,2,0.182999998331,0.175945140519,0.182999998331,0.175945140519,0.175945140519
reservoir_property_p51_r1-ef56fa1811b30c34ea7a,15/9-F-11,15/9-F-11 T2,4498.6,2,0.0320000015199,0.150556703968,0.0320000015199,0.150556703968,0.150556703968
reservoir_property_p51_r1-8a05122b29aa4a032fc8,15/9-F-11,15/9-F-11 T2,4500.6,2,0.0419999994338,0.0878822575022,0.0419999994338,0.0878822575022,0.0878822575022
reservoir_property_p51_r1-e1e0412ddfeeaf96d26e,15/9-F-11,15/9-F-11 T2,4502.6,2,0.0740000009537,0.082209850075,0.0740000009537,0.082209850075,0.082209850075
reservoir_property_p51_r1-84d4ccb12bf3f48851f4,15/9-F-11,15/9-F-11 T2,4504.6,2,0.054999999702,0.0756811154486,0.054999999702,0.0756811154486,0.0756811154486
reservoir_property_p51_r1-639e53c6dc5629f64950,15/9-F-11,15/9-F-11 T2,4506.6,2,0.0010000000475,0.095785433735,0.0010000000475,0.095785433735,0.095785433735
reservoir_property_p51_r1-9b66cde7ebce6bb587d2,15/9-F-11,15/9-F-11 T2,4508.6,2,0.019999999553,0.0835965016434,0.019999999553,0.0835965016434,0.0835965016434
reservoir_property_p51_r1-58df677b156117e45ce6,15/9-F-11,15/9-F-11 T2,4510.6,2,0.0270000007004,0.069288172171,0.0270000007004,0.069288172171,0.069288172171
reservoir_property_p51_r1-1c4d1fb51e11f6a695f6,15/9-F-11,15/9-F-11 T2,4512.6,2,0.0570000000298,0.0755040773548,0.0570000000298,0.0755040773548,0.0755040773548
reservoir_property_p51_r1-3f38a6c034b96db4b973,15/9-F-12,15/9-F-12,3117.9516,0,0.00549999019131,-0.0117729507277,0.00549999019131,-0.0117729507277,0
reservoir_property_p51_r1-6702cde9baa3f335b90e,15/9-F-12,15/9-F-12,3120.0852,0,0.00240000011399,0.0126622611075,0.00240000011399,0.0126622611075,0.0126622611075
reservoir_property_p51_r1-b0e20fbd8d273e57a3e3,15/9-F-12,15/9-F-12,3122.2188,0,0.00899999029934,0.0538836686449,0.00899999029934,0.0538836686449,0.0538836686449
reservoir_property_p51_r1-8b6fd913805ebe4d533e,15/9-F-12,15/9-F-12,3124.3524,0,0.0493000000715,0.0849422696041,0.0493000000715,0.0849422696041,0.0849422696041
reservoir_property_p51_r1-0ab016a2d4b4acacb9bb,15/9-F-12,15/9-F-12,3126.486,0,0.240899994969,0.15908007703,0.240899994969,0.15908007703,0.15908007703
reservoir_property_p51_r1-529b790809eb55baff07,15/9-F-12,15/9-F-12,3128.6196,0,0.246299996972,0.234497071763,0.246299996972,0.234497071763,0.234497071763
reservoir_property_p51_r1-74569bc3997d5ab7aeb9,15/9-F-12,15/9-F-12,3130.7532,0,0.256199985743,0.231256402346,0.256199985743,0.231256402346,0.231256402346
reservoir_property_p51_r1-0bb63087fb396f51163e,15/9-F-12,15/9-F-12,3132.8868,0,0.259099990129,0.211401530395,0.259099990129,0.211401530395,0.211401530395
reservoir_property_p51_r1-fc5548e4901c4f3568b0,15/9-F-12,15/9-F-12,3135.0204,0,0.187399983406,0.204198764362,0.187399983406,0.204198764362,0.204198764362
reservoir_property_p51_r1-b5640b0e4e6e0e91b0cd,15/9-F-12,15/9-F-12,3137.154,0,0.278600007296,0.229033588896,0.278600007296,0.229033588896,0.229033588896
reservoir_property_p51_r1-f3333510eb6abf2cda63,15/9-F-12,15/9-F-12,3139.2876,0,0.168500006199,0.166012117679,0.168500006199,0.166012117679,0.166012117679
reservoir_property_p51_r1-d65121186fd853fa16cb,15/9-F-12,15/9-F-12,3141.4212,0,0.194399982691,0.145261071476,0.194399982691,0.145261071476,0.145261071476
reservoir_property_p51_r1-37b4f55493cd6f9b9af0,15/9-F-12,15/9-F-12,3143.5548,0,0.276399999857,0.20368936617,0.276399999857,0.20368936617,0.20368936617
reservoir_property_p51_r1-592a04ee28bcee2d52d2,15/9-F-12,15/9-F-12,3145.6884,0,0.209000006318,0.166556773207,0.209000006318,0.166556773207,0.166556773207
reservoir_property_p51_r1-d6737e6a5336bd154c59,15/9-F-12,15/9-F-12,3147.822,0,0.118699990213,0.101706583812,0.118699990213,0.101706583812,0.101706583812
reservoir_property_p51_r1-2539d0334f0fac390359,15/9-F-12,15/9-F-12,3149.9556,0,0.225199997425,0.153018518263,0.225199997425,0.153018518263,0.153018518263
reservoir_property_p51_r1-c5132bbbdd362f888613,15/9-F-12,15/9-F-12,3152.0892,0,0.236200004816,0.222858733494,0.236200004816,0.222858733494,0.222858733494
reservoir_property_p51_r1-0e684dd1f15068b53faf,15/9-F-12,15/9-F-12,3154.2228,0,0.232999995351,0.219489100718,0.232999995351,0.219489100718,0.219489100718
reservoir_property_p51_r1-2ca20e3df29d18fe515e,15/9-F-12,15/9-F-12,3156.3564,0,0.233400002122,0.219075658008,0.233400002122,0.219075658008,0.219075658008
reservoir_property_p51_r1-a51fa3887ef25026c3a1,15/9-F-12,15/9-F-12,3158.49,0,0.227799996734,0.202777275823,0.227799996734,0.202777275823,0.202777275823
reservoir_property_p51_r1-7ed1f6ea47c96c23d0d7,15/9-F-12,15/9-F-12,3160.6236,0,0.198799982667,0.16923878712,0.198799982667,0.16923878712,0.16923878712
reservoir_property_p51_r1-625454f1895f1b2d6ecf,15/9-F-12,15/9-F-12,3162.7572,0,0.174300000072,0.148808049626,0.174300000072,0.148808049626,0.148808049626
reservoir_property_p51_r1-8c2a082a676d77f162cb,15/9-F-12,15/9-F-12,3164.8908,0,0.144099995494,0.156991498476,0.144099995494,0.156991498476,0.156991498476
reservoir_property_p51_r1-1bac30db3abe519b92de,15/9-F-12,15/9-F-12,3167.0244,0,0.212799996138,0.191431791594,0.212799996138,0.191431791594,0.191431791594
reservoir_property_p51_r1-6e88bf417c68aa55fd1d,15/9-F-12,15/9-F-12,3169.158,0,0.261999994516,0.2142080549,0.261999994516,0.2142080549,0.2142080549
reservoir_property_p51_r1-99365b57af8be71b2956,15/9-F-12,15/9-F-12,3171.2916,0,0.241500005126,0.214270071887,0.241500005126,0.214270071887,0.214270071887
reservoir_property_p51_r1-4b21e233f79a2e1263ce,15/9-F-12,15/9-F-12,3173.4252,0,0.263399988413,0.208389269518,0.263399988413,0.208389269518,0.208389269518
reservoir_property_p51_r1-f4ec491f6d302e188e9a,15/9-F-12,15/9-F-12,3175.5588,0,0.257099986076,0.207801113621,0.257099986076,0.207801113621,0.207801113621
reservoir_property_p51_r1-e98ef5c0e3e7704ae4a6,15/9-F-12,15/9-F-12,3177.6924,0,0.262199997902,0.201217656173,0.262199997902,0.201217656173,0.201217656173
reservoir_property_p51_r1-61f97be7b5afc0f5507f,15/9-F-12,15/9-F-12,3179.826,0,0.186700001359,0.166013296063,0.186700001359,0.166013296063,0.166013296063
reservoir_property_p51_r1-1e26b22d7402bdcf7a70,15/9-F-12,15/9-F-12,3181.9596,0,0.226699993014,0.177567012896,0.226699993014,0.177567012896,0.177567012896
reservoir_property_p51_r1-95879c6487610302bd53,15/9-F-12,15/9-F-12,3184.0932,0,0.243300005794,0.217668215751,0.243300005794,0.217668215751,0.217668215751
reservoir_property_p51_r1-58d88d81d85ed22b4793,15/9-F-12,15/9-F-12,3186.2268,0,0.259499996901,0.233026686719,0.259499996901,0.233026686719,0.233026686719
reservoir_property_p51_r1-4e29e75f3887a0d30065,15/9-F-12,15/9-F-12,3188.3604,0,0.250900000334,0.243728633328,0.250900000334,0.243728633328,0.243728633328
reservoir_property_p51_r1-40491812d41b4b76c4eb,15/9-F-12,15/9-F-12,3190.494,0,0.239800006151,0.252350293736,0.239800006151,0.252350293736,0.252350293736
reservoir_property_p51_r1-a630d9b5e79f5bb9b3d3,15/9-F-12,15/9-F-12,3192.6276,0,0.254000008106,0.247454929902,0.254000008106,0.247454929902,0.247454929902
reservoir_property_p51_r1-8335b643c3e08fc0b98c,15/9-F-12,15/9-F-12,3194.7612,0,0.204999983311,0.220649605527,0.204999983311,0.220649605527,0.220649605527
reservoir_property_p51_r1-2652690bc997d0508def,15/9-F-12,15/9-F-12,3196.8948,0,0.246000006795,0.222771071509,0.246000006795,0.222771071509,0.222771071509
reservoir_property_p51_r1-bcf21b7e633bdf6be496,15/9-F-12,15/9-F-12,3199.0284,0,0.236800000072,0.234029181849,0.236800000072,0.234029181849,0.234029181849
reservoir_property_p51_r1-68e11e2f625b1d8092a9,15/9-F-12,15/9-F-12,3201.162,0,0.226400002837,0.233975739269,0.226400002837,0.233975739269,0.233975739269
reservoir_property_p51_r1-21b08e3e961646d87d7a,15/9-F-12,15/9-F-12,3203.2956,0,0.242500007153,0.241803412103,0.242500007153,0.241803412103,0.241803412103
reservoir_property_p51_r1-6767df83333feb62bf4d,15/9-F-12,15/9-F-12,3205.4292,0,0.197200000286,0.22336065946,0.197200000286,0.22336065946,0.22336065946
reservoir_property_p51_r1-4d760c029e448352b292,15/9-F-12,15/9-F-12,3207.5628,0,0.240099996328,0.217083228013,0.240099996328,0.217083228013,0.217083228013
reservoir_property_p51_r1-636663cf6a84b4ef2112,15/9-F-12,15/9-F-12,3209.6964,0,0.266200006008,0.219294440303,0.266200006008,0.219294440303,0.219294440303
reservoir_property_p51_r1-2ef063667eded60f5077,15/9-F-12,15/9-F-12,3211.83,0,0.252799987793,0.209281357703,0.252799987793,0.209281357703,0.209281357703
reservoir_property_p51_r1-b334c842bda1ef328f38,15/9-F-12,15/9-F-12,3213.9636,0,0.224399983883,0.196747993972,0.224399983883,0.196747993972,0.196747993972
reservoir_property_p51_r1-8c95ac841810a2d93b76,15/9-F-12,15/9-F-12,3216.0972,0,0.216100007296,0.184005984546,0.216100007296,0.184005984546,0.184005984546
reservoir_property_p51_r1-425b1e4863342e3b24c9,15/9-F-12,15/9-F-12,3218.2308,0,0.232999995351,0.190866534904,0.232999995351,0.190866534904,0.190866534904
reservoir_property_p51_r1-68b14c42407d8d231682,15/9-F-12,15/9-F-12,3220.3644,0,0.247400000691,0.210519026633,0.247400000691,0.210519026633,0.210519026633
reservoir_property_p51_r1-4b6087e77fc13272607a,15/9-F-12,15/9-F-12,3222.498,0,0.237399995327,0.216636997788,0.237399995327,0.216636997788,0.216636997788
reservoir_property_p51_r1-7345b5c9198a2bbb62f5,15/9-F-12,15/9-F-12,3224.6316,0,0.237200006843,0.207826127541,0.237200006843,0.207826127541,0.207826127541
reservoir_property_p51_r1-76e3d221da9d5e6c6d05,15/9-F-12,15/9-F-12,3226.7652,0,0.229699984193,0.205401935413,0.229699984193,0.205401935413,0.205401935413
reservoir_property_p51_r1-2acf63a10c98b888c2fc,15/9-F-12,15/9-F-12,3228.8988,0,0.235699996352,0.202804247554,0.235699996352,0.202804247554,0.202804247554
reservoir_property_p51_r1-dfeef5cbc2de34efba95,15/9-F-12,15/9-F-12,3231.0324,0,0.200200006366,0.186171310691,0.200200006366,0.186171310691,0.186171310691
reservoir_property_p51_r1-97f72964ae6ff42ad85d,15/9-F-12,15/9-F-12,3233.166,0,0.203199982643,0.177894385033,0.203199982643,0.177894385033,0.177894385033
reservoir_property_p51_r1-ae909583c02e00b7d815,15/9-F-12,15/9-F-12,3235.2996,0,0.26210001111,0.19305231523,0.26210001111,0.19305231523,0.19305231523
reservoir_property_p51_r1-93ad04da55e66902a172,15/9-F-12,15/9-F-12,3237.4332,0,0.261799991131,0.207618230146,0.261799991131,0.207618230146,0.207618230146
reservoir_property_p51_r1-ca712d32515a21890840,15/9-F-12,15/9-F-12,3239.5668,0,0.268299996853,0.221712104344,0.268299996853,0.221712104344,0.221712104344
reservoir_property_p51_r1-66c6e53a35be384ed606,15/9-F-12,15/9-F-12,3241.7004,0,0.277599990368,0.211357080808,0.277599990368,0.211357080808,0.211357080808
reservoir_property_p51_r1-8a405574e92664aef706,15/9-F-12,15/9-F-12,3243.834,0,0.174700006843,0.166694520419,0.174700006843,0.166694520419,0.166694520419
reservoir_property_p51_r1-fd659ec929231c7da9f2,15/9-F-12,15/9-F-12,3245.9676,0,0.209600001574,0.172753864734,0.209600001574,0.172753864734,0.172753864734
reservoir_property_p51_r1-033858a9d61fe79879d2,15/9-F-12,15/9-F-12,3248.1012,0,0.248400002718,0.196776806441,0.248400002718,0.196776806441,0.196776806441
reservoir_property_p51_r1-beec79ac877ddf064871,15/9-F-12,15/9-F-12,3250.2348,0,0.243300005794,0.195785148469,0.243300005794,0.195785148469,0.195785148469
reservoir_property_p51_r1-8cef5dc89f2b0678a45b,15/9-F-12,15/9-F-12,3252.3684,0,0.241400003433,0.192533203205,0.241400003433,0.192533203205,0.192533203205
reservoir_property_p51_r1-64096ecfb67b34b655a0,15/9-F-12,15/9-F-12,3254.502,0,0.237599983811,0.197705995383,0.237599983811,0.197705995383,0.197705995383
reservoir_property_p51_r1-0c3094d23bfe42aace33,15/9-F-12,15/9-F-12,3256.6356,0,0.263999998569,0.209107098949,0.263999998569,0.209107098949,0.209107098949
reservoir_property_p51_r1-00b9538f1aa551abeac6,15/9-F-12,15/9-F-12,3258.7692,0,0.236000001431,0.17594758349,0.236000001431,0.17594758349,0.17594758349
reservoir_property_p51_r1-081480d994ce0e302f9e,15/9-F-12,15/9-F-12,3260.9028,0,0.172199994326,0.149555314688,0.172199994326,0.149555314688,0.149555314688
reservoir_property_p51_r1-4853f4318271c6ff1ec6,15/9-F-12,15/9-F-12,3263.0364,0,0.217500001192,0.176485527589,0.217500001192,0.176485527589,0.176485527589
reservoir_property_p51_r1-ff6ab928b550ff19f45f,15/9-F-12,15/9-F-12,3265.17,0,0.20640000701,0.166169259063,0.20640000701,0.166169259063,0.166169259063
reservoir_property_p51_r1-43d03b28a1252bd76a8a,15/9-F-12,15/9-F-12,3267.3036,0,0.148300006986,0.148644435257,0.148300006986,0.148644435257,0.148644435257
reservoir_property_p51_r1-b08e47142d609ebea6a6,15/9-F-12,15/9-F-12,3269.4372,0,0.213899984956,0.173999488694,0.213899984956,0.173999488694,0.173999488694
reservoir_property_p51_r1-ab626e8e55c47a09bb57,15/9-F-12,15/9-F-12,3271.5708,0,0.256300002337,0.173559894821,0.256300002337,0.173559894821,0.173559894821
reservoir_property_p51_r1-e58af9ede87719b98a66,15/9-F-12,15/9-F-12,3273.7044,0,0.194299995899,0.1611153583,0.194299995899,0.1611153583,0.1611153583
reservoir_property_p51_r1-d909f087ed7d09a13949,15/9-F-12,15/9-F-12,3275.838,0,0.210500001907,0.173117800784,0.210500001907,0.173117800784,0.173117800784
reservoir_property_p51_r1-0bf3115bf45dea98b967,15/9-F-12,15/9-F-12,3277.9716,0,0.180999994278,0.172372015234,0.180999994278,0.172372015234,0.172372015234
reservoir_property_p51_r1-9a782908f3cf39dc1e3b,15/9-F-12,15/9-F-12,3280.1052,0,0.172000005841,0.134297537776,0.172000005841,0.134297537776,0.134297537776
reservoir_property_p51_r1-484e2de3e11569818132,15/9-F-12,15/9-F-12,3282.2388,0,0.0769999921322,0.0801077085805,0.0769999921322,0.0801077085805,0.0801077085805
reservoir_property_p51_r1-b4efbbf6fd337022a4d6,15/9-F-12,15/9-F-12,3284.3724,0,0.0714000016451,0.0693149247345,0.0714000016451,0.0693149247345,0.0693149247345
reservoir_property_p51_r1-eba7b2e68048890519c4,15/9-F-12,15/9-F-12,3286.506,0,0.0348000004888,0.06867343108,0.0348000004888,0.06867343108,0.06867343108
reservoir_property_p51_r1-9c419a917f8951844810,15/9-F-12,15/9-F-12,3288.6396,0,0.10949999094,0.0593802264563,0.10949999094,0.0593802264563,0.0593802264563
