sample_id,family_id,well_id,depth_m,fold_id,truth_model_domain,prediction_model_domain,truth_physical,prediction_physical_unclipped,prediction_physical_bounded
reservoir_property_p51_r1-c82c5b891df29e7e1807,15/9-19,15/9-19 A,3839.5656,1,0.144600003958,0.17588167165,0.144600003958,0.17588167165,0.17588167165
reservoir_property_p51_r1-1963a20e391bb3309902,15/9-19,15/9-19 A,3841.6992,0,0.204208001494,0.194025861192,0.204208001494,0.194025861192,0.194025861192
reservoir_property_p51_r1-fe974d79cb240d283870,15/9-19,15/9-19 A,3843.8328,1,0.194913998246,0.216972802291,0.194913998246,0.216972802291,0.216972802291
reservoir_property_p51_r1-554169715805611d6505,15/9-19,15/9-19 A,3845.9664,0,0.23662699759,0.214224003134,0.23662699759,0.214224003134,0.214224003134
reservoir_property_p51_r1-e9faa83dbd75146b922d,15/9-19,15/9-19 A,3848.1,0,0.0314470008016,0.168424306989,0.0314470008016,0.168424306989,0.168424306989
reservoir_property_p51_r1-b21ead1ab61170abe768,15/9-19,15/9-19 A,3850.2336,1,0.034145001322,0.186399514893,0.034145001322,0.186399514893,0.186399514893
reservoir_property_p51_r1-8cbfd7b4b6577ea396b6,15/9-19,15/9-19 A,3852.3672,0,0.196180000901,0.182188308096,0.196180000901,0.182188308096,0.182188308096
reservoir_property_p51_r1-157edc8d66166411b41c,15/9-19,15/9-19 A,3854.5008,2,0.00158699997701,0.114084169112,0.00158699997701,0.114084169112,0.114084169112
reservoir_property_p51_r1-eefb76085578cf371e11,15/9-19,15/9-19 A,3856.6344,2,0.175017997622,0.143218632211,0.175017997622,0.143218632211,0.143218632211
reservoir_property_p51_r1-ba88d3aa1dead4c37a0a,15/9-19,15/9-19 A,3858.768,3,0.18601000309,0.207873800524,0.18601000309,0.207873800524,0.207873800524
reservoir_property_p51_r1-4b01174c986da8207347,15/9-19,15/9-19 A,3860.9016,1,0.213034003973,0.234856855161,0.213034003973,0.234856855161,0.234856855161
reservoir_property_p51_r1-adc4e2d20a333d442972,15/9-19,15/9-19 A,3863.0352,3,0.240342006087,0.250029416966,0.240342006087,0.250029416966,0.250029416966
reservoir_property_p51_r1-86ed2576ff87ddf2e6f9,15/9-19,15/9-19 A,3865.1688,3,0.236406996846,0.249187244154,0.236406996846,0.249187244154,0.249187244154
reservoir_property_p51_r1-71e20c83ac5524dbd4aa,15/9-19,15/9-19 A,3867.3024,1,0.216886997223,0.248195757472,0.216886997223,0.248195757472,0.248195757472
reservoir_property_p51_r1-8b23836a45e0e18009f5,15/9-19,15/9-19 A,3869.436,1,0.228070005774,0.252420342748,0.228070005774,0.252420342748,0.252420342748
reservoir_property_p51_r1-ee4a3c96e1393e892666,15/9-19,15/9-19 A,3871.5696,0,0.236803993583,0.250152479954,0.236803993583,0.250152479954,0.250152479954
reservoir_property_p51_r1-8cffe42d063d40cd6fd3,15/9-19,15/9-19 A,3873.7032,1,0.217656001449,0.229429484852,0.217656001449,0.229429484852,0.229429484852
reservoir_property_p51_r1-74be318bc57b2dd39843,15/9-19,15/9-19 A,3875.8368,0,0.128850996494,0.154661231832,0.128850996494,0.154661231832,0.154661231832
reservoir_property_p51_r1-ef6176b25058728b8a75,15/9-19,15/9-19 A,3877.9704,2,0.245000004768,0.128853796693,0.245000004768,0.128853796693,0.128853796693
reservoir_property_p51_r1-2b8e6ccf04b6acc524ba,15/9-19,15/9-19 A,3880.104,0,0.115680001676,0.168955807806,0.115680001676,0.168955807806,0.168955807806
reservoir_property_p51_r1-05f0299cb2d43e708a38,15/9-19,15/9-19 A,3882.2376,1,0.214941993356,0.207949838998,0.214941993356,0.207949838998,0.207949838998
reservoir_property_p51_r1-0bbb78431a16c310d16d,15/9-19,15/9-19 A,3884.3712,1,0.167184993625,0.194430358721,0.167184993625,0.194430358721,0.194430358721
reservoir_property_p51_r1-53b0c2d8b1aa1f1043ea,15/9-19,15/9-19 A,3886.5048,2,0.20429700613,0.198575232538,0.20429700613,0.198575232538,0.198575232538
reservoir_property_p51_r1-21d9afbf8716251e6dcf,15/9-19,15/9-19 A,3888.6384,1,0.214050993323,0.218088365707,0.214050993323,0.218088365707,0.218088365707
reservoir_property_p51_r1-b410868ca057738d21a3,15/9-19,15/9-19 A,3890.772,3,0.214028999209,0.21204602252,0.214028999209,0.21204602252,0.21204602252
reservoir_property_p51_r1-029c92d38f813b260b8c,15/9-19,15/9-19 A,3892.9056,1,0.208868995309,0.189917252744,0.208868995309,0.189917252744,0.189917252744
reservoir_property_p51_r1-fd8572584c089825c58d,15/9-19,15/9-19 A,3895.0392,1,0.18281699717,0.200591979649,0.18281699717,0.200591979649,0.200591979649
reservoir_property_p51_r1-4a98aad73b54e05450d6,15/9-19,15/9-19 A,3897.1728,3,0.1956499964,0.213734875324,0.1956499964,0.213734875324,0.213734875324
reservoir_property_p51_r1-5222af628774f4d29812,15/9-19,15/9-19 A,3899.3064,0,0.206758007407,0.210642577244,0.206758007407,0.210642577244,0.210642577244
reservoir_property_p51_r1-b24f628f40d9912a4a57,15/9-19,15/9-19 A,3901.44,1,0.195144996047,0.217451369362,0.195144996047,0.217451369362,0.217451369362
reservoir_property_p51_r1-98b0c25c053b60754842,15/9-19,15/9-19 A,3903.5736,2,0.178683996201,0.204816068415,0.178683996201,0.204816068415,0.204816068415
reservoir_property_p51_r1-15b0cc17d6f671ddad2f,15/9-19,15/9-19 A,3905.7072,0,0.19043700397,0.20471530277,0.19043700397,0.20471530277,0.20471530277
reservoir_property_p51_r1-37cd85bd1039f0fb621f,15/9-19,15/9-19 A,3907.8408,0,0.198365002871,0.202479238325,0.198365002871,0.202479238325,0.202479238325
reservoir_property_p51_r1-d7cfe2a01f79bc3bfdeb,15/9-19,15/9-19 A,3909.9744,3,0.22051499784,0.214721805712,0.22051499784,0.214721805712,0.214721805712
reservoir_property_p51_r1-1eb04d9daf364c9b0e78,15/9-19,15/9-19 A,3912.108,2,0.225328996778,0.225394968607,0.225328996778,0.225394968607,0.225394968607
reservoir_property_p51_r1-a1d5a592554ea15ffea6,15/9-19,15/9-19 A,3914.2416,2,0.197275996208,0.207662788868,0.197275996208,0.207662788868,0.207662788868
reservoir_property_p51_r1-95e15844b5ac76025022,15/9-19,15/9-19 A,3916.3752,2,0.219455003738,0.208610312297,0.219455003738,0.208610312297,0.208610312297
reservoir_property_p51_r1-5310a7e7b4271355abaa,15/9-19,15/9-19 A,3918.5088,1,0.179985001683,0.187713950689,0.179985001683,0.187713950689,0.187713950689
reservoir_property_p51_r1-a87bb0be089ebb81db40,15/9-19,15/9-19 A,3920.6424,1,0.0459179989994,0.139092476247,0.0459179989994,0.139092476247,0.139092476247
reservoir_property_p51_r1-2c827d5bf1b7b2c72471,15/9-19,15/9-19 A,3922.776,2,0.053015999496,0.104330877629,0.053015999496,0.104330877629,0.104330877629
reservoir_property_p51_r1-d7c43bb402ed0dfa7845,15/9-19,15/9-19 A,3924.9096,2,0.116140000522,0.112444521578,0.116140000522,0.112444521578,0.112444521578
reservoir_property_p51_r1-2fd3c77299aba260cbc2,15/9-19,15/9-19 A,3927.0432,3,0.0853589996696,0.120517593716,0.0853589996696,0.120517593716,0.120517593716
reservoir_property_p51_r1-482ca5e8f089f800b149,15/9-19,15/9-19 A,3929.1768,1,0.131126001477,0.141243665241,0.131126001477,0.141243665241,0.141243665241
reservoir_property_p51_r1-6368e91c7b49eb48f555,15/9-19,15/9-19 A,3931.3104,0,0.0341220013797,0.118184341991,0.0341220013797,0.118184341991,0.118184341991
reservoir_property_p51_r1-e245e2b7be260e10d89d,15/9-19,15/9-19 A,3933.444,3,0,0.0956338644586,0,0.0956338644586,0.0956338644586
reservoir_property_p51_r1-c4646559245407a189bd,15/9-19,15/9-19 A,3935.5776,0,0.0954950004816,0.116853280673,0.0954950004816,0.116853280673,0.116853280673
reservoir_property_p51_r1-7288da4e92a9b94012df,15/9-19,15/9-19 A,3937.7112,3,0.1426499933,0.150804583161,0.1426499933,0.150804583161,0.150804583161
reservoir_property_p51_r1-7730fe1274b31c527544,15/9-19,15/9-19 A,3939.8448,0,0.0936499983072,0.137175776077,0.0936499983072,0.137175776077,0.137175776077
reservoir_property_p51_r1-4269d6afb067480d3d74,15/9-19,15/9-19 A,3941.9784,0,0.0751880034804,0.104057041909,0.0751880034804,0.104057041909,0.104057041909
reservoir_property_p51_r1-36d004f1b0ef6b98c067,15/9-19,15/9-19 A,3944.112,3,0.122137002647,0.0956077783967,0.122137002647,0.0956077783967,0.0956077783967
reservoir_property_p51_r1-fc0b15025295be2d1721,15/9-19,15/9-19 A,3946.2456,0,0.0784379988909,0.101397506326,0.0784379988909,0.101397506326,0.101397506326
reservoir_property_p51_r1-6ce722e91999e30b030f,15/9-19,15/9-19 A,3948.3792,0,0.164849996567,0.135345020764,0.164849996567,0.135345020764,0.135345020764
reservoir_property_p51_r1-ef1ad8b8028fd49ddc4f,15/9-19,15/9-19 A,3950.5128,1,0.0665799975395,0.144451726728,0.0665799975395,0.144451726728,0.144451726728
reservoir_property_p51_r1-f3d652b75bda5eb9cbf2,15/9-19,15/9-19 A,3952.6464,3,0.185142993927,0.14893267796,0.185142993927,0.14893267796,0.14893267796
reservoir_property_p51_r1-abd5ddc6451bcbcdd444,15/9-19,15/9-19 A,3954.78,2,0.196407005191,0.16743031795,0.196407005191,0.16743031795,0.16743031795
reservoir_property_p51_r1-48f2e104933dfb6b8333,15/9-19,15/9-19 A,3956.9136,0,0.162184000015,0.163979163044,0.162184000015,0.163979163044,0.163979163044
reservoir_property_p51_r1-80d0cf104d57aaf84b64,15/9-19,15/9-19 A,3959.0472,2,0.174091994762,0.128056913199,0.174091994762,0.128056913199,0.128056913199
reservoir_property_p51_r1-e8971e133fc2020c291f,15/9-19,15/9-19 A,3961.1808,2,0.167555004358,0.134476368263,0.167555004358,0.134476368263,0.134476368263
reservoir_property_p51_r1-2a2dc31ff88488cd7591,15/9-19,15/9-19 A,3963.3144,2,0.145936995745,0.143325880789,0.145936995745,0.143325880789,0.143325880789
reservoir_property_p51_r1-5f9023d0346bb7db4d0c,15/9-19,15/9-19 BT2,4039.9716,3,0.201223000884,0.200273016551,0.201223000884,0.200273016551,0.200273016551
reservoir_property_p51_r1-17eb1e25bbbc88a94216,15/9-19,15/9-19 BT2,4042.1052,3,0.205118998885,0.200036658217,0.205118998885,0.200036658217,0.200036658217
reservoir_property_p51_r1-6c7658fe80039c29d01c,15/9-19,15/9-19 BT2,4044.2388,1,0.203121006489,0.196082676323,0.203121006489,0.196082676323,0.196082676323
reservoir_property_p51_r1-c4d972db396a804b6e68,15/9-19,15/9-19 BT2,4046.3724,0,0.192579001188,0.187328185184,0.192579001188,0.187328185184,0.187328185184
reservoir_property_p51_r1-0d5cf65e32752909676d,15/9-19,15/9-19 BT2,4048.506,3,0.209033995867,0.184291196562,0.209033995867,0.184291196562,0.184291196562
reservoir_property_p51_r1-83dd5d6464a142941499,15/9-19,15/9-19 BT2,4050.6396,1,0.221132993698,0.187325491573,0.221132993698,0.187325491573,0.187325491573
reservoir_property_p51_r1-f7a2682f45a52a1db059,15/9-19,15/9-19 BT2,4052.7732,3,0.179012998939,0.18643676015,0.179012998939,0.18643676015,0.18643676015
reservoir_property_p51_r1-f9ae65e0657a3121113a,15/9-19,15/9-19 BT2,4054.9068,3,0.237974002957,0.211814543304,0.237974002957,0.211814543304,0.211814543304
reservoir_property_p51_r1-db439f8c7b0d4bd04d6f,15/9-19,15/9-19 BT2,4057.0404,3,0.230647996068,0.21314042897,0.230647996068,0.21314042897,0.21314042897
reservoir_property_p51_r1-a7a18be6e023dabcb84e,15/9-19,15/9-19 BT2,4059.174,1,0.235387995839,0.211793537614,0.235387995839,0.211793537614,0.211793537614
reservoir_property_p51_r1-f18e185fd42e53603cbe,15/9-19,15/9-19 BT2,4061.3076,3,0.236452996731,0.200052978155,0.236452996731,0.200052978155,0.200052978155
reservoir_property_p51_r1-eca180adcf269306e40e,15/9-19,15/9-19 BT2,4063.4412,2,0.17386700213,0.189775002154,0.17386700213,0.189775002154,0.189775002154
reservoir_property_p51_r1-d55e2b07ae322ddacf1b,15/9-19,15/9-19 BT2,4065.5748,3,0.213553994894,0.195128477353,0.213553994894,0.195128477353,0.195128477353
reservoir_property_p51_r1-e5dffe3e0b960a8909f1,15/9-19,15/9-19 BT2,4067.7084,0,0.228830993176,0.2051595951,0.228830993176,0.2051595951,0.2051595951
reservoir_property_p51_r1-2942949578935c453b7d,15/9-19,15/9-19 BT2,4069.842,2,0.155164003372,0.166365612152,0.155164003372,0.166365612152,0.166365612152
reservoir_property_p51_r1-3fb7e0a49f7f424b71bd,15/9-19,15/9-19 BT2,4071.9756,0,0.100590996444,0.14576557699,0.100590996444,0.14576557699,0.14576557699
reservoir_property_p51_r1-0ef440a79a6c325b9485,15/9-19,15/9-19 BT2,4074.1092,3,0.226217001677,0.158196624279,0.226217001677,0.158196624279,0.158196624279
reservoir_property_p51_r1-8b0dfe4fd19568417549,15/9-19,15/9-19 BT2,4076.2428,1,0.00440199999139,0.110201882271,0.00440199999139,0.110201882271,0.110201882271
reservoir_property_p51_r1-61d8c6da5f43e3c3a8c9,15/9-19,15/9-19 BT2,4078.3764,3,0.211777001619,0.150261793432,0.211777001619,0.150261793432,0.150261793432
reservoir_property_p51_r1-2c435b2f5ec28e30c92a,15/9-19,15/9-19 BT2,4080.51,1,0.224849998951,0.200316550964,0.224849998951,0.200316550964,0.200316550964
reservoir_property_p51_r1-1492cd74a90b4db31f7c,15/9-19,15/9-19 BT2,4082.6436,0,0.206370994449,0.223612613663,0.206370994449,0.223612613663,0.223612613663
reservoir_property_p51_r1-e4c619aa61e7c9c4c69e,15/9-19,15/9-19 BT2,4084.7772,1,0.244029000401,0.219970732059,0.244029000401,0.219970732059,0.219970732059
reservoir_property_p51_r1-0407ee04f6ddb66a1a56,15/9-19,15/9-19 BT2,4086.9108,0,0.197995007038,0.205507504823,0.197995007038,0.205507504823,0.205507504823
reservoir_property_p51_r1-74439ba92582a84ba471,15/9-19,15/9-19 BT2,4089.0444,0,0.178880006075,0.202707395103,0.178880006075,0.202707395103,0.202707395103
reservoir_property_p51_r1-9bf9284f92d26be1d274,15/9-19,15/9-19 BT2,4091.178,2,0.184028998017,0.192628235478,0.184028998017,0.192628235478,0.192628235478
reservoir_property_p51_r1-645867ec61a985871c4c,15/9-19,15/9-19 BT2,4093.3116,0,0.187674000859,0.191793909672,0.187674000859,0.191793909672,0.191793909672
reservoir_property_p51_r1-cfdf9b0049feed6a747f,15/9-19,15/9-19 BT2,4095.4452,0,0.217658996582,0.201552602365,0.217658996582,0.201552602365,0.201552602365
reservoir_property_p51_r1-52b3257a3ea06c05215f,15/9-19,15/9-19 BT2,4097.5788,3,0.219420000911,0.207516076278,0.219420000911,0.207516076278,0.207516076278
reservoir_property_p51_r1-c192d53d443568006318,15/9-19,15/9-19 BT2,4099.7124,3,0.11505600065,0.159264769241,0.11505600065,0.159264769241,0.159264769241
reservoir_property_p51_r1-7e7e6dcc83e62f16b2a7,15/9-19,15/9-19 BT2,4101.846,3,0.138408005238,0.156250820938,0.138408005238,0.156250820938,0.156250820938
reservoir_property_p51_r1-8053c6131cedcb32f61b,15/9-19,15/9-19 BT2,4103.9796,1,0.0960500016809,0.164562310849,0.0960500016809,0.164562310849,0.164562310849
reservoir_property_p51_r1-fb3cceeb3a4ce1d6fd01,15/9-19,15/9-19 BT2,4106.1132,2,0.195068001747,0.183312255714,0.195068001747,0.183312255714,0.183312255714
reservoir_property_p51_r1-4e718ca88f4887b2bd0c,15/9-19,15/9-19 BT2,4108.2468,1,0.192855000496,0.199954801688,0.192855000496,0.199954801688,0.199954801688
reservoir_property_p51_r1-b418c56149f6ec7619f3,15/9-19,15/9-19 BT2,4110.3804,1,0.192865997553,0.202764253059,0.192865997553,0.202764253059,0.202764253059
reservoir_property_p51_r1-50ec9c8e748675c1780b,15/9-19,15/9-19 BT2,4112.514,1,0.200207993388,0.203666153323,0.200207993388,0.203666153323,0.203666153323
reservoir_property_p51_r1-61e6173eb6face567e7b,15/9-19,15/9-19 BT2,4114.6476,2,0.228245005012,0.212233606145,0.228245005012,0.212233606145,0.212233606145
reservoir_property_p51_r1-2b215e73c517e3d41ddc,15/9-19,15/9-19 BT2,4116.7812,3,0.218036994338,0.216365320455,0.218036994338,0.216365320455,0.216365320455
reservoir_property_p51_r1-b8eed999fd8eda807685,15/9-19,15/9-19 BT2,4118.9148,2,0.217847004533,0.228682438096,0.217847004533,0.228682438096,0.228682438096
reservoir_property_p51_r1-da56dacb5179280cfe8f,15/9-19,15/9-19 BT2,4121.0484,1,0.208003997803,0.229350582253,0.208003997803,0.229350582253,0.229350582253
reservoir_property_p51_r1-2670d98ab1ae8e8fa0c3,15/9-19,15/9-19 BT2,4123.182,3,0.213945001364,0.234989236817,0.213945001364,0.234989236817,0.234989236817
reservoir_property_p51_r1-bc5d03ad223768b5016a,15/9-19,15/9-19 BT2,4125.3156,2,0.221999004483,0.232526964597,0.221999004483,0.232526964597,0.232526964597
reservoir_property_p51_r1-be076e89fde786b423f8,15/9-19,15/9-19 BT2,4127.4492,2,0.222087994218,0.237542286573,0.222087994218,0.237542286573,0.237542286573
reservoir_property_p51_r1-56b8b3420a07934e1600,15/9-19,15/9-19 BT2,4129.5828,2,0.223922997713,0.231300327942,0.223922997713,0.231300327942,0.231300327942
reservoir_property_p51_r1-16ddefd7012a9ec1d84e,15/9-19,15/9-19 BT2,4131.7164,3,0.155542999506,0.232768276427,0.155542999506,0.232768276427,0.232768276427
reservoir_property_p51_r1-be453fb7f5b5fb6d6dc7,15/9-19,15/9-19 BT2,4133.85,1,0.219569995999,0.235473144899,0.219569995999,0.235473144899,0.235473144899
reservoir_property_p51_r1-0e5276b6055c5f46c990,15/9-19,15/9-19 BT2,4135.9836,0,0.19964300096,0.213517116386,0.19964300096,0.213517116386,0.213517116386
reservoir_property_p51_r1-75f3af5dea0fc3b8bc18,15/9-19,15/9-19 BT2,4138.1172,0,0.164483994246,0.187691249558,0.164483994246,0.187691249558,0.187691249558
reservoir_property_p51_r1-d8f352d5bffdfa9933a0,15/9-19,15/9-19 BT2,4140.2508,3,0.138761997223,0.198260250664,0.138761997223,0.198260250664,0.198260250664
reservoir_property_p51_r1-f57780042299ff0bb4c0,15/9-19,15/9-19 BT2,4142.3844,1,0.229856997728,0.225704751482,0.229856997728,0.225704751482,0.225704751482
reservoir_property_p51_r1-f7df0942c045e791ea97,15/9-19,15/9-19 BT2,4144.518,1,0.250030010939,0.24250641519,0.250030010939,0.24250641519,0.24250641519
reservoir_property_p51_r1-f77f21a917f8e2bb4453,15/9-19,15/9-19 BT2,4146.6516,3,0.217939004302,0.230522421505,0.217939004302,0.230522421505,0.230522421505
reservoir_property_p51_r1-90ae4a78ff185f815bbe,15/9-19,15/9-19 BT2,4148.7852,1,0.197704002261,0.252805916053,0.197704002261,0.252805916053,0.252805916053
reservoir_property_p51_r1-caf20a32eb1cce9b728d,15/9-19,15/9-19 BT2,4150.9188,2,0.221619993448,0.257680129874,0.221619993448,0.257680129874,0.257680129874
reservoir_property_p51_r1-b5581e403eb22a9df522,15/9-19,15/9-19 BT2,4153.0524,1,0.196095004678,0.224948668443,0.196095004678,0.224948668443,0.224948668443
reservoir_property_p51_r1-3fe00fa7843c63cb5069,15/9-19,15/9-19 BT2,4155.186,1,0.181486994028,0.208284657242,0.181486994028,0.208284657242,0.208284657242
reservoir_property_p51_r1-ee8199ff3b3d3a92dd3b,15/9-19,15/9-19 BT2,4157.3196,3,0.184889003634,0.208022399154,0.184889003634,0.208022399154,0.208022399154
reservoir_property_p51_r1-14303b1a409ae943241b,15/9-19,15/9-19 BT2,4159.4532,0,0.190715000033,0.217582644256,0.190715000033,0.217582644256,0.217582644256
reservoir_property_p51_r1-2424110cfa656c3e20ed,15/9-19,15/9-19 BT2,4161.5868,1,0.195078998804,0.211332624727,0.195078998804,0.211332624727,0.211332624727
reservoir_property_p51_r1-e4dcb87f43964bc42283,15/9-19,15/9-19 BT2,4163.7204,1,0.178709998727,0.186519020636,0.178709998727,0.186519020636,0.186519020636
reservoir_property_p51_r1-fa279f41172f2b46d8a7,15/9-19,15/9-19 BT2,4165.854,1,0.221122995019,0.200293387548,0.221122995019,0.200293387548,0.200293387548
reservoir_property_p51_r1-9a82322911d1538fb107,15/9-19,15/9-19 BT2,4167.9876,2,0.254124999046,0.212221050293,0.254124999046,0.212221050293,0.212221050293
reservoir_property_p51_r1-a5404e09df17407de685,15/9-19,15/9-19 BT2,4170.1212,1,0.22062599659,0.211389257971,0.22062599659,0.211389257971,0.211389257971
reservoir_property_p51_r1-b61032c8988d22de110d,15/9-19,15/9-19 BT2,4172.2548,3,0.259110987186,0.205466597285,0.259110987186,0.205466597285,0.205466597285
reservoir_property_p51_r1-5fd52a891c14eb2ec674,15/9-19,15/9-19 BT2,4174.3884,0,0.214303001761,0.189575349334,0.214303001761,0.189575349334,0.189575349334
reservoir_property_p51_r1-632b8d072ab14d84370f,15/9-19,15/9-19 BT2,4176.522,1,0.238958001137,0.18129531303,0.238958001137,0.18129531303,0.18129531303
reservoir_property_p51_r1-627fafe2433e9e258195,15/9-19,15/9-19 BT2,4178.6556,0,0,0.203546968801,0,0.203546968801,0.203546968801
reservoir_property_p51_r1-acc3e9ed568068a231eb,15/9-19,15/9-19 BT2,4180.7892,1,0.204510003328,0.163468502457,0.204510003328,0.163468502457,0.163468502457
reservoir_property_p51_r1-51047cca1addf691de5a,15/9-19,15/9-19 BT2,4182.9228,0,0.0679849982262,0.139092395565,0.0679849982262,0.139092395565,0.139092395565
reservoir_property_p51_r1-1778b37e8d76204de6b5,15/9-19,15/9-19 BT2,4185.0564,2,0,0.218734791551,0,0.218734791551,0.218734791551
reservoir_property_p51_r1-3732931f1dab15fb1ae8,15/9-19,15/9-19 BT2,4187.19,2,0.174287006259,0.191018926983,0.174287006259,0.191018926983,0.191018926983
reservoir_property_p51_r1-803d8dda07685417ac15,15/9-19,15/9-19 BT2,4189.3236,1,0.105690002441,0.0964386391049,0.105690002441,0.0964386391049,0.0964386391049
reservoir_property_p51_r1-5d3a90b792abbdfd0416,15/9-19,15/9-19 BT2,4191.4572,1,0.0605509988964,0.0516203228177,0.0605509988964,0.0516203228177,0.0516203228177
reservoir_property_p51_r1-bc9998907f1ed9056af2,15/9-19,15/9-19 BT2,4193.5908,3,0.0309670008719,0.0418840614347,0.0309670008719,0.0418840614347,0.0418840614347
reservoir_property_p51_r1-3732ebca88252773d1c6,15/9-19,15/9-19 BT2,4195.7244,2,0.0765699967742,0.0381674239678,0.0765699967742,0.0381674239678,0.0381674239678
reservoir_property_p51_r1-a9cfe829449d62897cbd,15/9-19,15/9-19 SR,4269.9432,1,0,0.0719932127386,0,0.0719932127386,0.0719932127386
reservoir_property_p51_r1-ce358540f331435b66ce,15/9-19,15/9-19 SR,4273.9056,1,0,0.0811907298791,0,0.0811907298791,0.0811907298791
reservoir_property_p51_r1-973bba9c487f6d73cebf,15/9-19,15/9-19 SR,4276.0392,1,0,0.0830711346296,0,0.0830711346296,0.0830711346296
reservoir_property_p51_r1-d68e98e909894fe502d6,15/9-19,15/9-19 SR,4278.1728,1,0,0.0787979351377,0,0.0787979351377,0.0787979351377
reservoir_property_p51_r1-28b363ee45458e731cb9,15/9-19,15/9-19 SR,4280.3064,3,0,0.0616770444331,0,0.0616770444331,0.0616770444331
reservoir_property_p51_r1-f993a075275f6edf91a1,15/9-19,15/9-19 SR,4282.44,2,0,0.0640821781676,0,0.0640821781676,0.0640821781676
reservoir_property_p51_r1-3e030bdce98d6f8dd264,15/9-19,15/9-19 SR,4284.5736,3,0,0.0625035898097,0,0.0625035898097,0.0625035898097
reservoir_property_p51_r1-7891ab9dbb0ef5c467e6,15/9-19,15/9-19 SR,4286.7072,3,0,0.0575163050751,0,0.0575163050751,0.0575163050751
reservoir_property_p51_r1-434c7020b5853ed800b6,15/9-19,15/9-19 SR,4288.8408,2,0,0.0644279583945,0,0.0644279583945,0.0644279583945
reservoir_property_p51_r1-9e714c3b24a10192ce2e,15/9-19,15/9-19 SR,4290.9744,1,0,0.0665320378199,0,0.0665320378199,0.0665320378199
reservoir_property_p51_r1-86ac012091ab82f4544d,15/9-19,15/9-19 SR,4293.108,1,0,0.0470546253038,0,0.0470546253038,0.0470546253038
reservoir_property_p51_r1-30bf9051d53730f79a53,15/9-19,15/9-19 SR,4295.2416,2,0,0.0525282045573,0,0.0525282045573,0.0525282045573
reservoir_property_p51_r1-ab62a2045b781330f8c6,15/9-19,15/9-19 SR,4297.375,2,0,0.03704957654,0,0.03704957654,0.03704957654
reservoir_property_p51_r1-e0a592a358fb01109913,15/9-19,15/9-19 SR,4299.5088,0,0,0.0238908882457,0,0.0238908882457,0.0238908882457
reservoir_property_p51_r1-aad3053a7097065a6859,15/9-F-1,15/9-F-1 A,3430.6,2,0.019999999553,0.0683239817916,0.019999999553,0.0683239817916,0.0683239817916
reservoir_property_p51_r1-75ae061e8f9000495219,15/9-F-1,15/9-F-1 A,3432.6,1,0.019999999553,0.0219105958904,0.019999999553,0.0219105958904,0.0219105958904
reservoir_property_p51_r1-0a608aa6cdb2229c0489,15/9-F-1,15/9-F-1 A,3434.6,1,0.102200001478,0.104693306709,0.102200001478,0.104693306709,0.104693306709
reservoir_property_p51_r1-6910121701041a982dc0,15/9-F-1,15/9-F-1 A,3436.6,0,0.190400004387,0.188123230281,0.190400004387,0.188123230281,0.188123230281
reservoir_property_p51_r1-f9474c1ca000994ce73a,15/9-F-1,15/9-F-1 A,3438.6,1,0.143399998546,0.14304735906,0.143399998546,0.14304735906,0.14304735906
reservoir_property_p51_r1-9bb7f858c0054bd2f092,15/9-F-1,15/9-F-1 A,3440.6,1,0.042500000447,0.125647841381,0.042500000447,0.125647841381,0.125647841381
reservoir_property_p51_r1-134adcc7a7ef74b8b1fd,15/9-F-1,15/9-F-1 A,3442.6,1,0.171100005507,0.156082818081,0.171100005507,0.156082818081,0.156082818081
reservoir_property_p51_r1-a5ef3e955e2caf730929,15/9-F-1,15/9-F-1 A,3444.6,2,0.201900005341,0.182999424276,0.201900005341,0.182999424276,0.182999424276
reservoir_property_p51_r1-c21a8e20da38350152a2,15/9-F-1,15/9-F-1 A,3446.6,0,0.141499996185,0.177163163217,0.141499996185,0.177163163217,0.177163163217
reservoir_property_p51_r1-6789f2fc7722bf724393,15/9-F-1,15/9-F-1 A,3448.6,2,0.225799992681,0.165154144676,0.225799992681,0.165154144676,0.165154144676
reservoir_property_p51_r1-9b3bf10d1cd101b1abdb,15/9-F-1,15/9-F-1 A,3450.6,0,0.0863000005484,0.154800998013,0.0863000005484,0.154800998013,0.154800998013
reservoir_property_p51_r1-cc78df5177291bcc05fe,15/9-F-1,15/9-F-1 A,3452.6,1,0.163100004196,0.116269857049,0.163100004196,0.116269857049,0.116269857049
reservoir_property_p51_r1-6404c6ada7cc14ccd560,15/9-F-1,15/9-F-1 A,3454.6,0,0.13369999826,0.165897930833,0.13369999826,0.165897930833,0.165897930833
reservoir_property_p51_r1-d569b961f92e47de34ec,15/9-F-1,15/9-F-1 A,3456.6,3,0.222599998116,0.196154249684,0.222599998116,0.196154249684,0.196154249684
reservoir_property_p51_r1-3d30c8bbdf16298b333d,15/9-F-1,15/9-F-1 A,3458.6,0,0.167600005865,0.166988756291,0.167600005865,0.166988756291,0.166988756291
reservoir_property_p51_r1-c771e76ce1b55bf86b75,15/9-F-1,15/9-F-1 A,3460.6,2,0.187600001693,0.164034909243,0.187600001693,0.164034909243,0.164034909243
reservoir_property_p51_r1-aac1d578d62b49e27099,15/9-F-1,15/9-F-1 A,3462.6,2,0.201499998569,0.173446325214,0.201499998569,0.173446325214,0.173446325214
reservoir_property_p51_r1-51c0bb52d7a801e51ed1,15/9-F-1,15/9-F-1 A,3464.6,0,0.139100000262,0.130297529594,0.139100000262,0.130297529594,0.130297529594
reservoir_property_p51_r1-4fcd5e516330d8543cfa,15/9-F-1,15/9-F-1 A,3466.6,2,0.104299999774,0.123746679577,0.104299999774,0.123746679577,0.123746679577
reservoir_property_p51_r1-4a7af87c28d0acdb3166,15/9-F-1,15/9-F-1 A,3468.6,1,0.149399995804,0.11659693787,0.149399995804,0.11659693787,0.11659693787
reservoir_property_p51_r1-a7c937b526bbdf6495eb,15/9-F-1,15/9-F-1 A,3470.6,1,0.019999999553,0.0999781236128,0.019999999553,0.0999781236128,0.0999781236128
reservoir_property_p51_r1-fd91be1e31f5fd815739,15/9-F-1,15/9-F-1 A,3472.6,2,0.105700001121,0.09859916754,0.105700001121,0.09859916754,0.09859916754
reservoir_property_p51_r1-51f76c40fbfdb1cd5f02,15/9-F-1,15/9-F-1 A,3474.6,3,0.123800002038,0.123389195909,0.123800002038,0.123389195909,0.123389195909
reservoir_property_p51_r1-b2027021bb2ec38fadec,15/9-F-1,15/9-F-1 A,3476.6,2,0.156200006604,0.146051012362,0.156200006604,0.146051012362,0.146051012362
reservoir_property_p51_r1-50e39d5ae1f287b78378,15/9-F-1,15/9-F-1 A,3478.6,3,0.16060000658,0.164487305778,0.16060000658,0.164487305778,0.164487305778
reservoir_property_p51_r1-c821bc567d9ce6c62529,15/9-F-1,15/9-F-1 A,3480.6,0,0.196999996901,0.172380756795,0.196999996901,0.172380756795,0.172380756795
reservoir_property_p51_r1-1d1b55d28bbc1282df82,15/9-F-1,15/9-F-1 B,3251.3,0,0.145999997854,0.165255241382,0.145999997854,0.165255241382,0.165255241382
reservoir_property_p51_r1-a7f5b50b7828b740f7f5,15/9-F-1,15/9-F-1 B,3253.3,2,0.175799995661,0.195886676324,0.175799995661,0.195886676324,0.195886676324
reservoir_property_p51_r1-8a0cde04ad7968b79dc1,15/9-F-1,15/9-F-1 B,3255.3,2,0.267500013113,0.226010017303,0.267500013113,0.226010017303,0.226010017303
reservoir_property_p51_r1-c49556fbbe6bd89ff14c,15/9-F-1,15/9-F-1 B,3257.3,2,0.229100003839,0.164782554776,0.229100003839,0.164782554776,0.164782554776
reservoir_property_p51_r1-447b0ea12ecbb91646b2,15/9-F-1,15/9-F-1 B,3259.3,0,0.0772000029683,0.151028569656,0.0772000029683,0.151028569656,0.151028569656
reservoir_property_p51_r1-43fa187b112e89a1f121,15/9-F-1,15/9-F-1 B,3261.3,3,0.22159999609,0.185163392706,0.22159999609,0.185163392706,0.185163392706
reservoir_property_p51_r1-fca26ac5283f6c989911,15/9-F-1,15/9-F-1 B,3263.3,1,0.115699999034,0.179481217848,0.115699999034,0.179481217848,0.179481217848
reservoir_property_p51_r1-11d65665aa4d40745035,15/9-F-1,15/9-F-1 B,3265.3,0,0.237700000405,0.218828501627,0.237700000405,0.218828501627,0.218828501627
reservoir_property_p51_r1-212804f3c1ebd8e1a38b,15/9-F-1,15/9-F-1 B,3267.3,2,0.239299997687,0.225382310084,0.239299997687,0.225382310084,0.225382310084
reservoir_property_p51_r1-91f8c3e3fe8e4532fa25,15/9-F-1,15/9-F-1 B,3269.3,1,0.129099994898,0.177933722812,0.129099994898,0.177933722812,0.177933722812
reservoir_property_p51_r1-6804b84f98a8eeeae1bc,15/9-F-1,15/9-F-1 B,3271.3,3,0.208399996161,0.179317993362,0.208399996161,0.179317993362,0.179317993362
reservoir_property_p51_r1-1dc81ceae51063db4b29,15/9-F-1,15/9-F-1 B,3273.3,1,0.222499996424,0.209461794063,0.222499996424,0.209461794063,0.209461794063
reservoir_property_p51_r1-3e8d1cf4320503754e2e,15/9-F-1,15/9-F-1 B,3275.3,0,0.20909999311,0.183300716589,0.20909999311,0.183300716589,0.183300716589
reservoir_property_p51_r1-af2b8e676792777de942,15/9-F-1,15/9-F-1 B,3277.3,2,0.0935000032187,0.141524280864,0.0935000032187,0.141524280864,0.141524280864
reservoir_property_p51_r1-ef4ca2efde74bb98ec32,15/9-F-1,15/9-F-1 B,3279.3,3,0.199900001287,0.180100631127,0.199900001287,0.180100631127,0.180100631127
reservoir_property_p51_r1-0102c564ecdfe0fa7b57,15/9-F-1,15/9-F-1 B,3281.3,2,0.224700003862,0.183628414919,0.224700003862,0.183628414919,0.183628414919
reservoir_property_p51_r1-9003136593df695f3de3,15/9-F-1,15/9-F-1 B,3283.3,0,0.198599994183,0.162375149116,0.198599994183,0.162375149116,0.162375149116
reservoir_property_p51_r1-fa77940f9659d8b0ae6e,15/9-F-1,15/9-F-1 B,3285.3,0,0.202600002289,0.183409942833,0.202600002289,0.183409942833,0.183409942833
reservoir_property_p51_r1-f721ec200134c2e177d3,15/9-F-1,15/9-F-1 B,3287.3,1,0.216700002551,0.190925080174,0.216700002551,0.190925080174,0.190925080174
reservoir_property_p51_r1-7cefea5c31860686b82f,15/9-F-1,15/9-F-1 B,3289.3,1,0.184699997306,0.226412828274,0.184699997306,0.226412828274,0.226412828274
reservoir_property_p51_r1-8f392a18ef7ebb897d89,15/9-F-1,15/9-F-1 B,3291.3,3,0.218899995089,0.245144757757,0.218899995089,0.245144757757,0.245144757757
reservoir_property_p51_r1-a1794b20e4c302e8b749,15/9-F-1,15/9-F-1 B,3293.3,2,0.23109999299,0.23410457169,0.23109999299,0.23410457169,0.23410457169
reservoir_property_p51_r1-da9ceeb7c0a1a928e2b1,15/9-F-1,15/9-F-1 B,3295.3,0,0.188999995589,0.211669551353,0.188999995589,0.211669551353,0.211669551353
reservoir_property_p51_r1-979302475eaa572d2e54,15/9-F-1,15/9-F-1 B,3297.3,1,0.212999999523,0.196860378315,0.212999999523,0.196860378315,0.196860378315
reservoir_property_p51_r1-9f7deba1998be3a1c08f,15/9-F-1,15/9-F-1 B,3299.3,3,0.158299997449,0.188304061014,0.158299997449,0.188304061014,0.188304061014
reservoir_property_p51_r1-f15d7a36e61d5b540c60,15/9-F-1,15/9-F-1 B,3301.3,3,0.20640000701,0.192206334476,0.20640000701,0.192206334476,0.192206334476
reservoir_property_p51_r1-c1d406b7e0c2f1f8a313,15/9-F-1,15/9-F-1 B,3303.3,1,0.199100002646,0.148218690809,0.199100002646,0.148218690809,0.148218690809
reservoir_property_p51_r1-aeb895029f772745ce88,15/9-F-1,15/9-F-1 B,3305.3,0,0.019999999553,0.0439097670389,0.019999999553,0.0439097670389,0.0439097670389
reservoir_property_p51_r1-4fd8f693147220acbbbf,15/9-F-1,15/9-F-1 B,3313.5,3,0.0733999982476,0.0625285151745,0.0733999982476,0.0625285151745,0.0625285151745
reservoir_property_p51_r1-f48a8c765f4b5d8fe8e2,15/9-F-1,15/9-F-1 B,3315.5,3,0.0746999979019,0.0647230995186,0.0746999979019,0.0647230995186,0.0647230995186
reservoir_property_p51_r1-7c0918cccea0a1ed5fc7,15/9-F-1,15/9-F-1 B,3317.5,3,0.019999999553,0.056294578678,0.019999999553,0.056294578678,0.056294578678
reservoir_property_p51_r1-90916c854c0c8d605aec,15/9-F-1,15/9-F-1 B,3319.5,3,0.0742999985814,0.0683856313603,0.0742999985814,0.0683856313603,0.0683856313603
reservoir_property_p51_r1-14dc5ee09f52fc7a06c8,15/9-F-1,15/9-F-1 B,3321.5,1,0.0262000001967,0.0788363331475,0.0262000001967,0.0788363331475,0.0788363331475
reservoir_property_p51_r1-df38cce6f2a353ca4c82,15/9-F-1,15/9-F-1 B,3323.5,0,0.0500999987125,0.0682064347101,0.0500999987125,0.0682064347101,0.0682064347101
reservoir_property_p51_r1-ac8d27be352cd4be88de,15/9-F-1,15/9-F-1 B,3325.5,1,0.0538999997079,0.0805310889281,0.0538999997079,0.0805310889281,0.0805310889281
reservoir_property_p51_r1-b40a81d12f8998ebacbd,15/9-F-1,15/9-F-1 B,3327.5,0,0.183500006795,0.137183593641,0.183500006795,0.137183593641,0.137183593641
reservoir_property_p51_r1-770468663c804e3f3b51,15/9-F-1,15/9-F-1 B,3329.5,3,0.190300002694,0.175879241105,0.190300002694,0.175879241105,0.175879241105
reservoir_property_p51_r1-47a98aa288dd56c7002f,15/9-F-1,15/9-F-1 B,3331.5,3,0.178000003099,0.154006915495,0.178000003099,0.154006915495,0.154006915495
reservoir_property_p51_r1-ebdb5f9226406b8e60e7,15/9-F-1,15/9-F-1 B,3333.5,2,0.137600004673,0.148388686096,0.137600004673,0.148388686096,0.148388686096
reservoir_property_p51_r1-3dd64cebddac91036c1b,15/9-F-1,15/9-F-1 B,3335.5,3,0.180399999022,0.131127227711,0.180399999022,0.131127227711,0.131127227711
reservoir_property_p51_r1-9bf7f09f56c31772e573,15/9-F-1,15/9-F-1 C,3256.4,0,0.254999995232,0.222021087466,0.254999995232,0.222021087466,0.222021087466
reservoir_property_p51_r1-499c8257961ecf0b32c7,15/9-F-1,15/9-F-1 C,3258.4,0,0.233199998736,0.226330323348,0.233199998736,0.226330323348,0.226330323348
reservoir_property_p51_r1-9564e978f2d7f9ecffc1,15/9-F-1,15/9-F-1 C,3260.4,0,0.200699999928,0.217020613164,0.200699999928,0.217020613164,0.217020613164
reservoir_property_p51_r1-4ba15d2703aff84a4f66,15/9-F-1,15/9-F-1 C,3262.4,0,0.216100007296,0.219118412665,0.216100007296,0.219118412665,0.219118412665
reservoir_property_p51_r1-ddec7e403327aafa7547,15/9-F-1,15/9-F-1 C,3264.4,2,0.234699994326,0.227808228395,0.234699994326,0.227808228395,0.227808228395
reservoir_property_p51_r1-c0d1aa05916d64574a7d,15/9-F-1,15/9-F-1 C,3266.4,2,0.231399998069,0.202743329528,0.231399998069,0.202743329528,0.202743329528
reservoir_property_p51_r1-f95c1db32c44829f10fe,15/9-F-1,15/9-F-1 C,3268.4,0,0.104000002146,0.17109077217,0.104000002146,0.17109077217,0.17109077217
reservoir_property_p51_r1-58e03042adf77d71a7a9,15/9-F-1,15/9-F-1 C,3270.4,2,0.222499996424,0.202896594355,0.222499996424,0.202896594355,0.202896594355
reservoir_property_p51_r1-193e0d84a9e04194e714,15/9-F-1,15/9-F-1 C,3272.4,0,0.236900001764,0.232538099563,0.236900001764,0.232538099563,0.232538099563
reservoir_property_p51_r1-56a0121deac186e4c92e,15/9-F-1,15/9-F-1 C,3274.4,0,0.217999994755,0.226735221188,0.217999994755,0.226735221188,0.226735221188
reservoir_property_p51_r1-57540c878139f3e7b885,15/9-F-1,15/9-F-1 C,3276.4,2,0.230000004172,0.212028063047,0.230000004172,0.212028063047,0.212028063047
reservoir_property_p51_r1-7745b82b813f3281544d,15/9-F-1,15/9-F-1 C,3278.4,2,0.179000005126,0.147390902673,0.179000005126,0.147390902673,0.147390902673
reservoir_property_p51_r1-d9eea74e10622bfdb40f,15/9-F-1,15/9-F-1 C,3280.4,3,0.108900003135,0.112545669433,0.108900003135,0.112545669433,0.112545669433
reservoir_property_p51_r1-9708bf89831e2e1ddbb9,15/9-F-1,15/9-F-1 C,3282.4,0,0.14390000701,0.142874449548,0.14390000701,0.142874449548,0.142874449548
reservoir_property_p51_r1-3d6999b07016da8e4dd2,15/9-F-1,15/9-F-1 C,3284.4,1,0.173700004816,0.156190133941,0.173700004816,0.156190133941,0.156190133941
reservoir_property_p51_r1-1e6ec50ba3f83871060c,15/9-F-1,15/9-F-1 C,3286.4,2,0.0989999994636,0.121350189914,0.0989999994636,0.121350189914,0.121350189914
reservoir_property_p51_r1-61049786f69724dfd3c6,15/9-F-1,15/9-F-1 C,3288.4,3,0.12309999764,0.10590222222,0.12309999764,0.10590222222,0.10590222222
reservoir_property_p51_r1-7498d21f09127b2ec9db,15/9-F-1,15/9-F-1 C,3290.4,2,0.0984999984503,0.104294870182,0.0984999984503,0.104294870182,0.104294870182
reservoir_property_p51_r1-10e37b270250c49abbab,15/9-F-1,15/9-F-1 C,3292.4,0,0.154100000858,0.123305577732,0.154100000858,0.123305577732,0.123305577732
reservoir_property_p51_r1-b21a1cc4f346f7012cfe,15/9-F-1,15/9-F-1 C,3294.4,1,0.169100001454,0.12101761327,0.169100001454,0.12101761327,0.12101761327
reservoir_property_p51_r1-478bcbdead0a22362a21,15/9-F-1,15/9-F-1 C,3296.4,1,0.0631000027061,0.0815058290968,0.0631000027061,0.0815058290968,0.0815058290968
reservoir_property_p51_r1-d9070657b0af55f701e2,15/9-F-1,15/9-F-1 C,3298.4,2,0.0326999984682,0.0622264071518,0.0326999984682,0.0622264071518,0.0622264071518
reservoir_property_p51_r1-d11e3e84d76939e1557d,15/9-F-1,15/9-F-1 C,3300.4,0,0.0498999990523,0.0519483345778,0.0498999990523,0.0519483345778,0.0519483345778
reservoir_property_p51_r1-df95c4ba92b23607f873,15/9-F-1,15/9-F-1 C,3302.4,2,0.0361000001431,0.0782733789511,0.0361000001431,0.0782733789511,0.0782733789511
reservoir_property_p51_r1-1a8617e23f148c7b271c,15/9-F-1,15/9-F-1 C,3304.4,1,0.0948000028729,0.100711416921,0.0948000028729,0.100711416921,0.100711416921
reservoir_property_p51_r1-a0a102296c2a569cf3c2,15/9-F-1,15/9-F-1 C,3306.4,1,0.0366000011563,0.0832459831725,0.0366000011563,0.0832459831725,0.0832459831725
reservoir_property_p51_r1-3b5ee07c5419afd8baf8,15/9-F-1,15/9-F-1 C,3308.4,2,0.127800002694,0.107532839074,0.127800002694,0.107532839074,0.107532839074
reservoir_property_p51_r1-9142446fb331784e64d5,15/9-F-1,15/9-F-1 C,3310.4,1,0.151800006628,0.136684798438,0.151800006628,0.136684798438,0.136684798438
reservoir_property_p51_r1-12495fa20fdce1b98b08,15/9-F-1,15/9-F-1 C,3312.4,3,0.147900000215,0.134019240414,0.147900000215,0.134019240414,0.134019240414
reservoir_property_p51_r1-30b182a551d77c5f0219,15/9-F-1,15/9-F-1 C,3314.4,1,0.1412999928,0.125063648279,0.1412999928,0.125063648279,0.125063648279
reservoir_property_p51_r1-60ce6548930e488162d8,15/9-F-1,15/9-F-1 C,3316.4,1,0.0513999983668,0.0859355565956,0.0513999983668,0.0859355565956,0.0859355565956
reservoir_property_p51_r1-1bf6e850daad7da40b38,15/9-F-1,15/9-F-1 C,3318.4,2,0.0456999987364,0.0597881293297,0.0456999987364,0.0597881293297,0.0597881293297
reservoir_property_p51_r1-83dcbf16c7e8335ab152,15/9-F-1,15/9-F-1 C,3320.4,0,0.0251000002027,0.0467300820605,0.0251000002027,0.0467300820605,0.0467300820605
reservoir_property_p51_r1-b554df2ec8e93aa807c0,15/9-F-1,15/9-F-1 C,3322.4,1,0.019999999553,0.0406338703404,0.019999999553,0.0406338703404,0.0406338703404
reservoir_property_p51_r1-7b9a0e09bf3b95d71bf8,15/9-F-1,15/9-F-1 C,3324.4,0,0.0392999984324,0.0765168512214,0.0392999984324,0.0765168512214,0.0765168512214
reservoir_property_p51_r1-02e8e4cb18f3b3035495,15/9-F-1,15/9-F-1 C,3326.4,2,0.109600000083,0.114814838612,0.109600000083,0.114814838612,0.114814838612
reservoir_property_p51_r1-e5770a80806c46b505c3,15/9-F-1,15/9-F-1 C,3328.4,2,0.122900001705,0.124030332923,0.122900001705,0.124030332923,0.124030332923
reservoir_property_p51_r1-d76c4522f03a16e172db,15/9-F-1,15/9-F-1 C,3330.4,1,0.089699998498,0.122383691325,0.089699998498,0.122383691325,0.122383691325
reservoir_property_p51_r1-5956aa274dd7175206b7,15/9-F-1,15/9-F-1 C,3332.4,3,0.103100001812,0.119005153825,0.103100001812,0.119005153825,0.119005153825
reservoir_property_p51_r1-96bcb573591fdb17de4a,15/9-F-1,15/9-F-1 C,3334.4,3,0.0826999992132,0.114182527793,0.0826999992132,0.114182527793,0.114182527793
reservoir_property_p51_r1-3114e073eda52e0924ce,15/9-F-1,15/9-F-1 C,3336.4,1,0.106899999082,0.11515030762,0.106899999082,0.11515030762,0.11515030762
reservoir_property_p51_r1-624fba37885a1612e998,15/9-F-1,15/9-F-1 C,3338.4,2,0.097199998796,0.10132601166,0.097199998796,0.10132601166,0.10132601166
reservoir_property_p51_r1-6d87c0e47d60c7e461c3,15/9-F-1,15/9-F-1 C,3340.4,0,0.0428999997675,0.0965097736494,0.0428999997675,0.0965097736494,0.0965097736494
reservoir_property_p51_r1-95e61c82088ed71d3273,15/9-F-1,15/9-F-1 C,3342.4,3,0.202600002289,0.16905810264,0.202600002289,0.16905810264,0.16905810264
reservoir_property_p51_r1-33dc5df2eb7012f994c0,15/9-F-1,15/9-F-1 C,3344.4,0,0.238499999046,0.20394520636,0.238499999046,0.20394520636,0.20394520636
reservoir_property_p51_r1-509d4aa6b57df80c13ba,15/9-F-1,15/9-F-1 C,3346.4,2,0.233500003815,0.206847035342,0.233500003815,0.206847035342,0.206847035342
reservoir_property_p51_r1-ef3cf5c9a46c439f78e7,15/9-F-1,15/9-F-1 C,3348.4,3,0.225299999118,0.202650006516,0.225299999118,0.202650006516,0.202650006516
reservoir_property_p51_r1-0cb716fa81edb00e4c5f,15/9-F-1,15/9-F-1 C,3350.4,0,0.236800000072,0.200519443095,0.236800000072,0.200519443095,0.200519443095
reservoir_property_p51_r1-a5908c4ca521784f5656,15/9-F-1,15/9-F-1 C,3352.4,1,0.203999996185,0.172782398326,0.203999996185,0.172782398326,0.172782398326
reservoir_property_p51_r1-bdbe752575d8d6c5a091,15/9-F-1,15/9-F-1 C,3354.4,0,0.0496000014246,0.120899396233,0.0496000014246,0.120899396233,0.120899396233
reservoir_property_p51_r1-7e34034854d7aa9720f7,15/9-F-1,15/9-F-1 C,3356.4,2,0.214499995112,0.162153106369,0.214499995112,0.162153106369,0.162153106369
reservoir_property_p51_r1-b3c629b058da5928c7f7,15/9-F-1,15/9-F-1 C,3358.4,3,0.220300003886,0.190908143634,0.220300003886,0.190908143634,0.190908143634
reservoir_property_p51_r1-0eb06cea201ee5fed6ee,15/9-F-1,15/9-F-1 C,3360.4,3,0.180700004101,0.165646747972,0.180700004101,0.165646747972,0.165646747972
reservoir_property_p51_r1-7ca86d62982fd6d08d3b,15/9-F-1,15/9-F-1 C,3362.4,3,0.159500002861,0.144067457452,0.159500002861,0.144067457452,0.144067457452
reservoir_property_p51_r1-042e1ca7c88533c0826d,15/9-F-1,15/9-F-1 C,3364.4,0,0.151600003242,0.136394149666,0.151600003242,0.136394149666,0.136394149666
reservoir_property_p51_r1-4a3756bcdc4ebc7c7260,15/9-F-1,15/9-F-1 C,3366.4,0,0.127700001001,0.130313614085,0.127700001001,0.130313614085,0.130313614085
reservoir_property_p51_r1-a69a0b89ba0cba756b80,15/9-F-1,15/9-F-1 C,3368.4,0,0.133499994874,0.11267706385,0.133499994874,0.11267706385,0.11267706385
reservoir_property_p51_r1-a8e97937674cde660c3c,15/9-F-1,15/9-F-1 C,3370.4,3,0.0516999997199,0.0825222434862,0.0516999997199,0.0825222434862,0.0825222434862
reservoir_property_p51_r1-a9e3ea21dc6a5404082c,15/9-F-1,15/9-F-1 C,3372.4,3,0.0340999998152,0.0725943377525,0.0340999998152,0.0725943377525,0.0725943377525
reservoir_property_p51_r1-befcd435662d9692828f,15/9-F-1,15/9-F-1 C,3374.4,2,0.0522999987006,0.0668738774751,0.0522999987006,0.0668738774751,0.0668738774751
reservoir_property_p51_r1-00dc6341a8a3a054bd46,15/9-F-1,15/9-F-1 C,3376.4,3,0.027499999851,0.0763529665202,0.027499999851,0.0763529665202,0.0763529665202
reservoir_property_p51_r1-2466e2b1be0244cefaa7,15/9-F-1,15/9-F-1 C,3378.4,3,0.104099996388,0.085561531311,0.104099996388,0.085561531311,0.085561531311
reservoir_property_p51_r1-a1c997337cac1f85b308,15/9-F-1,15/9-F-1 C,3380.4,2,0.055799998343,0.0933949586847,0.055799998343,0.0933949586847,0.0933949586847
reservoir_property_p51_r1-36741033958274258596,15/9-F-1,15/9-F-1 C,3382.4,1,0.0628999993205,0.102338164001,0.0628999993205,0.102338164001,0.102338164001
reservoir_property_p51_r1-48d528494f86f7e4cef3,15/9-F-1,15/9-F-1 C,3384.4,1,0.0982000008225,0.108665123498,0.0982000008225,0.108665123498,0.108665123498
reservoir_property_p51_r1-cd78ec5fe28cd0802b99,15/9-F-1,15/9-F-1 C,3386.4,1,0.0872000008821,0.156438211012,0.0872000008821,0.156438211012,0.156438211012
reservoir_property_p51_r1-1da1f447911489c8c336,15/9-F-1,15/9-F-1 C,3388.4,1,0.262499988079,0.224601776377,0.262499988079,0.224601776377,0.224601776377
reservoir_property_p51_r1-129fa5e4ee0fb8d647a1,15/9-F-1,15/9-F-1 C,3390.4,1,0.248500004411,0.235969826342,0.248500004411,0.235969826342,0.235969826342
reservoir_property_p51_r1-08923321315a5a9dec40,15/9-F-1,15/9-F-1 C,3392.4,2,0.268799990416,0.2391341207,0.268799990416,0.2391341207,0.2391341207
reservoir_property_p51_r1-146f429acf27e2366c6a,15/9-F-1,15/9-F-1 C,3394.4,1,0.258700013161,0.240858607533,0.258700013161,0.240858607533,0.240858607533
reservoir_property_p51_r1-e06f3962b5b7c6016511,15/9-F-1,15/9-F-1 C,3396.4,3,0.264800012112,0.24014544124,0.264800012112,0.24014544124,0.24014544124
reservoir_property_p51_r1-c946bb78d9d6171c6577,15/9-F-1,15/9-F-1 C,3398.4,1,0.260199993849,0.239358622285,0.260199993849,0.239358622285,0.239358622285
reservoir_property_p51_r1-0cbdb74b4232a9418edc,15/9-F-1,15/9-F-1 C,3400.4,2,0.253199994564,0.236361118719,0.253199994564,0.236361118719,0.236361118719
reservoir_property_p51_r1-70d0a995ec8fea1db94e,15/9-F-1,15/9-F-1 C,3402.4,3,0.254400014877,0.239262297666,0.254400014877,0.239262297666,0.239262297666
reservoir_property_p51_r1-a79575295799e7c4fb74,15/9-F-1,15/9-F-1 C,3404.4,0,0.253500014544,0.241523030642,0.253500014544,0.241523030642,0.241523030642
reservoir_property_p51_r1-655f050da4672440946f,15/9-F-1,15/9-F-1 C,3406.4,2,0.254700005054,0.234169900302,0.254700005054,0.234169900302,0.234169900302
reservoir_property_p51_r1-7042a59b12e123430ec3,15/9-F-1,15/9-F-1 C,3408.4,3,0.25799998641,0.234282508648,0.25799998641,0.234282508648,0.234282508648
reservoir_property_p51_r1-e424a28794876a3269fb,15/9-F-1,15/9-F-1 C,3410.4,1,0.253800004721,0.235597244606,0.253800004721,0.235597244606,0.235597244606
reservoir_property_p51_r1-295d9f6532ae86f3e955,15/9-F-1,15/9-F-1 C,3412.4,0,0.248199999332,0.234007264072,0.248199999332,0.234007264072,0.234007264072
reservoir_property_p51_r1-035713e249d526b47f61,15/9-F-1,15/9-F-1 C,3414.4,0,0.245800003409,0.23424498266,0.245800003409,0.23424498266,0.23424498266
reservoir_property_p51_r1-47dbad30b85efd0d33ba,15/9-F-1,15/9-F-1 C,3416.4,0,0.245900005102,0.226625132449,0.245900005102,0.226625132449,0.226625132449
reservoir_property_p51_r1-bd689894576fc8da0e9f,15/9-F-1,15/9-F-1 C,3418.4,0,0.180500000715,0.172322223004,0.180500000715,0.172322223004,0.172322223004
reservoir_property_p51_r1-16dfb7f5cedcf2890a6d,15/9-F-1,15/9-F-1 C,3420.4,3,0.142100006342,0.116002498202,0.142100006342,0.116002498202,0.116002498202
reservoir_property_p51_r1-10a9e848853f426e04bb,15/9-F-1,15/9-F-1 C,3422.4,3,0.152899995446,0.132910855134,0.152899995446,0.132910855134,0.132910855134
reservoir_property_p51_r1-cc9289b606e1860ad4eb,15/9-F-1,15/9-F-1 C,3424.4,0,0.134900003672,0.145612738962,0.134900003672,0.145612738962,0.145612738962
reservoir_property_p51_r1-54886ca16b1925f87382,15/9-F-1,15/9-F-1 C,3426.4,2,0.120600000024,0.12900028119,0.120600000024,0.12900028119,0.12900028119
reservoir_property_p51_r1-aa5844453c1caa83c139,15/9-F-1,15/9-F-1 C,3428.4,0,0.117499999702,0.136813114329,0.117499999702,0.136813114329,0.136813114329
reservoir_property_p51_r1-77819e732b1bb114c966,15/9-F-1,15/9-F-1 C,3430.4,3,0.155100002885,0.151929352075,0.155100002885,0.151929352075,0.151929352075
reservoir_property_p51_r1-b7d3facbf450ab5752c6,15/9-F-1,15/9-F-1 C,3432.4,0,0.151099994779,0.152146700998,0.151099994779,0.152146700998,0.152146700998
reservoir_property_p51_r1-7c835c15e6de2d684c99,15/9-F-1,15/9-F-1 C,3434.4,3,0.131300002337,0.15172678737,0.131300002337,0.15172678737,0.15172678737
reservoir_property_p51_r1-2bd7e9b7fcce07983cf9,15/9-F-1,15/9-F-1 C,3436.4,1,0.158099994063,0.166563818508,0.158099994063,0.166563818508,0.166563818508
reservoir_property_p51_r1-bf9520af291b67fb38bf,15/9-F-1,15/9-F-1 C,3438.4,0,0.143500000238,0.16274132109,0.143500000238,0.16274132109,0.16274132109
reservoir_property_p51_r1-e6629dba03b734f3197f,15/9-F-1,15/9-F-1 C,3440.4,0,0.151700004935,0.162633929489,0.151700004935,0.162633929489,0.162633929489
reservoir_property_p51_r1-46ee0e1cd9d073535586,15/9-F-1,15/9-F-1 C,3442.4,0,0.141399994493,0.150000928944,0.141399994493,0.150000928944,0.150000928944
reservoir_property_p51_r1-6f6aa3ba19a594fbbb03,15/9-F-1,15/9-F-1 C,3444.4,2,0.122699998319,0.142124294459,0.122699998319,0.142124294459,0.142124294459
reservoir_property_p51_r1-f97cfc8afce06e70e296,15/9-F-1,15/9-F-1 C,3446.4,0,0.181799992919,0.169796078361,0.181799992919,0.169796078361,0.169796078361
reservoir_property_p51_r1-018299254372bf512f17,15/9-F-1,15/9-F-1 C,3448.4,0,0.176100000739,0.170607162873,0.176100000739,0.170607162873,0.170607162873
reservoir_property_p51_r1-9923c0b7280967a24c7d,15/9-F-1,15/9-F-1 C,3450.4,1,0.107400000095,0.0994889498401,0.107400000095,0.0994889498401,0.0994889498401
reservoir_property_p51_r1-12faccfa7a7f6ef68777,15/9-F-1,15/9-F-1 C,3452.4,0,0.019999999553,0.0372798911515,0.019999999553,0.0372798911515,0.0372798911515
reservoir_property_p51_r1-a4c21308a01f49dbb210,15/9-F-1,15/9-F-1 C,3454.4,0,0.0546000003815,0.096519610782,0.0546000003815,0.096519610782,0.096519610782
reservoir_property_p51_r1-cec5c89fe707a03f454d,15/9-F-1,15/9-F-1 C,3456.4,2,0.187999993563,0.170224103068,0.187999993563,0.170224103068,0.170224103068
reservoir_property_p51_r1-7bd9b54afb7e855f8314,15/9-F-1,15/9-F-1 C,3458.4,2,0.201600000262,0.173001209084,0.201600000262,0.173001209084,0.173001209084
reservoir_property_p51_r1-f1cc8ccb33f7752c90d6,15/9-F-1,15/9-F-1 C,3460.4,3,0.130199998617,0.119870586703,0.130199998617,0.119870586703,0.119870586703
reservoir_property_p51_r1-f422844cb54c2cc16ac3,15/9-F-1,15/9-F-1 C,3462.4,0,0.019999999553,0.11048399883,0.019999999553,0.11048399883,0.11048399883
reservoir_property_p51_r1-5abe2eb568bf7ca22524,15/9-F-1,15/9-F-1 C,3464.4,3,0.204899996519,0.151799450709,0.204899996519,0.151799450709,0.151799450709
reservoir_property_p51_r1-57385567ecc10b535038,15/9-F-1,15/9-F-1 C,3466.4,1,0.147100001574,0.14052961554,0.147100001574,0.14052961554,0.14052961554
reservoir_property_p51_r1-420d072da6e2d5bb7d09,15/9-F-1,15/9-F-1 C,3468.4,0,0.111699998379,0.0922034277163,0.111699998379,0.0922034277163,0.0922034277163
reservoir_property_p51_r1-b473273a84ec22ab820d,15/9-F-1,15/9-F-1 C,3470.4,2,0.0366000011563,0.0744217218502,0.0366000011563,0.0744217218502,0.0744217218502
reservoir_property_p51_r1-90af29f89bf9aff66598,15/9-F-1,15/9-F-1 C,3472.4,3,0.145400002599,0.104562510224,0.145400002599,0.104562510224,0.104562510224
reservoir_property_p51_r1-4fb4039b269c95b1337d,15/9-F-1,15/9-F-1 C,3474.4,1,0.12349999696,0.111741634741,0.12349999696,0.111741634741,0.111741634741
reservoir_property_p51_r1-278ca57c72495271d131,15/9-F-1,15/9-F-1 C,3476.4,2,0.0759999975562,0.0739994821526,0.0759999975562,0.0739994821526,0.0739994821526
reservoir_property_p51_r1-07fb20999c750a3e438d,15/9-F-1,15/9-F-1 C,3478.4,1,0.0710000023246,0.0795842662682,0.0710000023246,0.0795842662682,0.0795842662682
reservoir_property_p51_r1-a80c52b727d63883e9da,15/9-F-1,15/9-F-1 C,3480.4,2,0.164599999785,0.141797472424,0.164599999785,0.141797472424,0.141797472424
reservoir_property_p51_r1-af5d67f7074fa503cdf2,15/9-F-1,15/9-F-1 C,3482.4,2,0.246900007129,0.222289416704,0.246900007129,0.222289416704,0.222289416704
reservoir_property_p51_r1-6e16b250f6988bf60dd4,15/9-F-1,15/9-F-1 C,3484.4,3,0.25490000844,0.234663514822,0.25490000844,0.234663514822,0.234663514822
reservoir_property_p51_r1-29ce95d2f01d944f9d16,15/9-F-1,15/9-F-1 C,3486.4,2,0.255600005388,0.237345856183,0.255600005388,0.237345856183,0.237345856183
reservoir_property_p51_r1-a7ebe1b252d51d97de74,15/9-F-1,15/9-F-1 C,3488.4,3,0.245199993253,0.226523091082,0.245199993253,0.226523091082,0.226523091082
reservoir_property_p51_r1-531b69dc787f5f2ad92a,15/9-F-1,15/9-F-1 C,3490.4,3,0.202800005674,0.212911632211,0.202800005674,0.212911632211,0.212911632211
reservoir_property_p51_r1-376389ed2845c6974776,15/9-F-1,15/9-F-1 C,3492.4,3,0.230900004506,0.216947714752,0.230900004506,0.216947714752,0.216947714752
reservoir_property_p51_r1-397288f88a2bcc3ff57a,15/9-F-1,15/9-F-1 C,3494.4,1,0.234200000763,0.218056203485,0.234200000763,0.218056203485,0.218056203485
reservoir_property_p51_r1-273b934d96084f1049e1,15/9-F-1,15/9-F-1 C,3496.4,3,0.222800001502,0.2163908263,0.222800001502,0.2163908263,0.2163908263
reservoir_property_p51_r1-541b5eda474ad6082248,15/9-F-1,15/9-F-1 C,3498.4,3,0.235599994659,0.223045612185,0.235599994659,0.223045612185,0.223045612185
reservoir_property_p51_r1-f0029116f50ae2c7db64,15/9-F-1,15/9-F-1 C,3500.4,2,0.245299994946,0.228156980587,0.245299994946,0.228156980587,0.228156980587
reservoir_property_p51_r1-e062cd592753855a09bf,15/9-F-1,15/9-F-1 C,3502.4,0,0.206900000572,0.202605379905,0.206900000572,0.202605379905,0.202605379905
reservoir_property_p51_r1-b1cea273a5ab54ad211e,15/9-F-1,15/9-F-1 C,3504.4,2,0.177000001073,0.190090982727,0.177000001073,0.190090982727,0.190090982727
reservoir_property_p51_r1-115ac0c6d4eccbbbd80f,15/9-F-1,15/9-F-1 C,3506.4,0,0.246000006795,0.211358919887,0.246000006795,0.211358919887,0.211358919887
reservoir_property_p51_r1-059bd7089a053c3b037c,15/9-F-1,15/9-F-1 C,3508.4,3,0.233899995685,0.212513543999,0.233899995685,0.212513543999,0.212513543999
reservoir_property_p51_r1-ca49ee327c06f211ae65,15/9-F-1,15/9-F-1 C,3510.4,2,0.187600001693,0.197634104269,0.187600001693,0.197634104269,0.197634104269
reservoir_property_p51_r1-4969fbb6217de7f9edc5,15/9-F-1,15/9-F-1 C,3512.4,1,0.21439999342,0.199549362843,0.21439999342,0.199549362843,0.199549362843
reservoir_property_p51_r1-c2708d8460a4f55572d6,15/9-F-1,15/9-F-1 C,3514.4,1,0.224099993706,0.214562060102,0.224099993706,0.214562060102,0.214562060102
reservoir_property_p51_r1-f322933f287d0cbf8739,15/9-F-1,15/9-F-1 C,3516.4,3,0.238399997354,0.224776592477,0.238399997354,0.224776592477,0.224776592477
reservoir_property_p51_r1-6107aaa8e5c5e6008960,15/9-F-1,15/9-F-1 C,3518.4,2,0.25229999423,0.236709491173,0.25229999423,0.236709491173,0.236709491173
reservoir_property_p51_r1-42889311602739c890d2,15/9-F-1,15/9-F-1 C,3520.4,1,0.256399989128,0.241906562739,0.256399989128,0.241906562739,0.241906562739
reservoir_property_p51_r1-d37a13c28387a45c757b,15/9-F-1,15/9-F-1 C,3522.4,2,0.258899986744,0.244801480316,0.258899986744,0.244801480316,0.244801480316
reservoir_property_p51_r1-2ab4be43e70c62f17a79,15/9-F-1,15/9-F-1 C,3524.4,0,0.254500001669,0.240562977928,0.254500001669,0.240562977928,0.240562977928
reservoir_property_p51_r1-e53fa83d28066b44fa28,15/9-F-1,15/9-F-1 C,3526.4,2,0.244900003076,0.236533267056,0.244900003076,0.236533267056,0.236533267056
reservoir_property_p51_r1-2de554a0096cda45e5d7,15/9-F-1,15/9-F-1 C,3528.4,2,0.252099990845,0.233584834452,0.252099990845,0.233584834452,0.233584834452
reservoir_property_p51_r1-5ea70aa21fe0b50c1fb7,15/9-F-1,15/9-F-1 C,3530.4,3,0.163800001144,0.162542636733,0.163800001144,0.162542636733,0.162542636733
reservoir_property_p51_r1-cc24e773f3328312900e,15/9-F-1,15/9-F-1 C,3532.4,3,0.0520000010729,0.0983515767793,0.0520000010729,0.0983515767793,0.0983515767793
reservoir_property_p51_r1-14eb5fda52afcd403bfa,15/9-F-1,15/9-F-1 C,3534.4,0,0.0891999974847,0.0897754242051,0.0891999974847,0.0897754242051,0.0897754242051
reservoir_property_p51_r1-5349d788f079aa0f292f,15/9-F-1,15/9-F-1 C,3536.4,0,0.0277999993414,0.0783044539611,0.0277999993414,0.0783044539611,0.0783044539611
reservoir_property_p51_r1-b407d7cf140705ef71d6,15/9-F-1,15/9-F-1 C,3538.4,3,0.0891999974847,0.0998767561367,0.0891999974847,0.0998767561367,0.0998767561367
reservoir_property_p51_r1-16fd310aadd1eb7ac135,15/9-F-1,15/9-F-1 C,3540.4,3,0.188099995255,0.142488347694,0.188099995255,0.142488347694,0.142488347694
reservoir_property_p51_r1-f480cac782acd6ae76db,15/9-F-1,15/9-F-1 C,3542.4,3,0.20569999516,0.178210293422,0.20569999516,0.178210293422,0.178210293422
reservoir_property_p51_r1-228c374d4a43deb8682c,15/9-F-1,15/9-F-1 C,3544.4,0,0.162300005555,0.180713728436,0.162300005555,0.180713728436,0.180713728436
reservoir_property_p51_r1-8d7cd3c1d080d1f47de2,15/9-F-1,15/9-F-1 C,3546.4,1,0.153699994087,0.173333505479,0.153699994087,0.173333505479,0.173333505479
reservoir_property_p51_r1-19aeee118c60d68728b4,15/9-F-1,15/9-F-1 C,3548.4,2,0.18979999423,0.199612355949,0.18979999423,0.199612355949,0.199612355949
reservoir_property_p51_r1-3e9f2275094b2a15ad3c,15/9-F-1,15/9-F-1 C,3550.4,3,0.251300007105,0.224628640662,0.251300007105,0.224628640662,0.224628640662
reservoir_property_p51_r1-60553ef5dc98256e04a1,15/9-F-1,15/9-F-1 C,3552.4,1,0.258599996567,0.241304039585,0.258599996567,0.241304039585,0.241304039585
reservoir_property_p51_r1-6bcbdac4ca3fde1b3973,15/9-F-1,15/9-F-1 C,3554.4,0,0.272100001574,0.227231050834,0.272100001574,0.227231050834,0.227231050834
reservoir_property_p51_r1-8a64b2dd0fafb17d7fd0,15/9-F-1,15/9-F-1 C,3556.4,0,0.0471000000834,0.114802639447,0.0471000000834,0.114802639447,0.114802639447
reservoir_property_p51_r1-0b36bc3c87efb4d9a062,15/9-F-1,15/9-F-1 C,3558.4,2,0.0469999983907,0.117181874927,0.0469999983907,0.117181874927,0.117181874927
reservoir_property_p51_r1-ecda6d90aefd46db5dfa,15/9-F-1,15/9-F-1 C,3560.4,1,0.255299985409,0.173111137538,0.255299985409,0.173111137538,0.173111137538
reservoir_property_p51_r1-f4b6904caeb581cd3bea,15/9-F-1,15/9-F-1 C,3562.4,0,0.0829000025988,0.0945761733558,0.0829000025988,0.0945761733558,0.0945761733558
reservoir_property_p51_r1-920184b86eec47ece7af,15/9-F-1,15/9-F-1 C,3564.4,3,0.0604999996722,0.0629613369446,0.0604999996722,0.0629613369446,0.0629613369446
reservoir_property_p51_r1-51e85605fd57b9f8512b,15/9-F-1,15/9-F-1 C,3566.4,0,0.127900004387,0.120696376384,0.127900004387,0.120696376384,0.120696376384
reservoir_property_p51_r1-12b1beb64cec49035009,15/9-F-1,15/9-F-1 C,3568.4,3,0.193200007081,0.153900731391,0.193200007081,0.153900731391,0.153900731391
reservoir_property_p51_r1-020ee7cb98405c38863b,15/9-F-1,15/9-F-1 C,3570.4,1,0.19619999826,0.157493474112,0.19619999826,0.157493474112,0.157493474112
reservoir_property_p51_r1-01f78c5a1321f41faf70,15/9-F-1,15/9-F-1 C,3572.4,2,0.214200004935,0.188027856601,0.214200004935,0.188027856601,0.188027856601
reservoir_property_p51_r1-04f96c20139a985fd84e,15/9-F-1,15/9-F-1 C,3574.4,3,0.235899999738,0.216056241668,0.235899999738,0.216056241668,0.216056241668
reservoir_property_p51_r1-ce2a35b2108ed6e2a4e2,15/9-F-1,15/9-F-1 C,3576.4,1,0.225600004196,0.183744312177,0.225600004196,0.183744312177,0.183744312177
reservoir_property_p51_r1-5780191eb16843701dc7,15/9-F-1,15/9-F-1 C,3578.4,0,0.204300001264,0.183919332073,0.204300001264,0.183919332073,0.183919332073
reservoir_property_p51_r1-c3d1c22850ea775acccd,15/9-F-1,15/9-F-1 C,3580.4,1,0.221399992704,0.196728629467,0.221399992704,0.196728629467,0.196728629467
reservoir_property_p51_r1-acc1f6c62a70e2beade6,15/9-F-1,15/9-F-1 C,3582.4,2,0.21969999373,0.218080476605,0.21969999373,0.218080476605,0.218080476605
reservoir_property_p51_r1-141b8d39565e10341099,15/9-F-1,15/9-F-1 C,3584.4,0,0.263900011778,0.235021680797,0.263900011778,0.235021680797,0.235021680797
reservoir_property_p51_r1-8e5bddfc51f5e6c9022b,15/9-F-1,15/9-F-1 C,3586.4,0,0.263300001621,0.235536388514,0.263300001621,0.235536388514,0.235536388514
reservoir_property_p51_r1-e5c9a087aadbcfdde0da,15/9-F-1,15/9-F-1 C,3588.4,3,0.224000006914,0.173806578918,0.224000006914,0.173806578918,0.173806578918
reservoir_property_p51_r1-bc24d74d84186a04eb02,15/9-F-1,15/9-F-1 C,3590.4,1,0.171100005507,0.140483318798,0.171100005507,0.140483318798,0.140483318798
reservoir_property_p51_r1-46fc8c67ad67e9d8a04b,15/9-F-1,15/9-F-1 C,3592.4,1,0.24770000577,0.189648591621,0.24770000577,0.189648591621,0.189648591621
reservoir_property_p51_r1-c995a6c73686bffb2eef,15/9-F-1,15/9-F-1 C,3594.4,3,0.200599998236,0.167892453543,0.200599998236,0.167892453543,0.167892453543
reservoir_property_p51_r1-ea9e4a1f99295baec6ed,15/9-F-1,15/9-F-1 C,3596.4,2,0.0485000014305,0.0964424179815,0.0485000014305,0.0964424179815,0.0964424179815
reservoir_property_p51_r1-7af0999630df8ffec28c,15/9-F-1,15/9-F-1 C,3598.4,3,0.0850000008941,0.0953402591556,0.0850000008941,0.0953402591556,0.0953402591556
reservoir_property_p51_r1-e89484f645dc390ed598,15/9-F-1,15/9-F-1 C,3600.4,1,0.170100003481,0.158774544886,0.170100003481,0.158774544886,0.158774544886
reservoir_property_p51_r1-082955a177ea861a3f6d,15/9-F-1,15/9-F-1 C,3602.4,1,0.259400010109,0.224519630512,0.259400010109,0.224519630512,0.224519630512
reservoir_property_p51_r1-e5f827f0b74c4bb230cc,15/9-F-1,15/9-F-1 C,3604.4,2,0.267699986696,0.242291083104,0.267699986696,0.242291083104,0.242291083104
reservoir_property_p51_r1-ff3e9c7a33ce0ecc7b2d,15/9-F-1,15/9-F-1 C,3606.4,1,0.248199999332,0.218299095722,0.248199999332,0.218299095722,0.218299095722
reservoir_property_p51_r1-c4e164834bb7bf5d0a12,15/9-F-1,15/9-F-1 C,3608.4,1,0.198500007391,0.160424360054,0.198500007391,0.160424360054,0.160424360054
reservoir_property_p51_r1-f436264f2c84463f062f,15/9-F-1,15/9-F-1 C,3610.4,1,0.0790999978781,0.119262365853,0.0790999978781,0.119262365853,0.119262365853
reservoir_property_p51_r1-e956d6449d92a5504421,15/9-F-1,15/9-F-1 C,3612.4,3,0.124399997294,0.150582087467,0.124399997294,0.150582087467,0.150582087467
reservoir_property_p51_r1-3e65d5315405fa2deb4e,15/9-F-1,15/9-F-1 C,3614.4,2,0.220799997449,0.212021170537,0.220799997449,0.212021170537,0.212021170537
reservoir_property_p51_r1-a8a4366930e9e156d433,15/9-F-1,15/9-F-1 C,3616.4,1,0.220899999142,0.243116615594,0.220899999142,0.243116615594,0.243116615594
reservoir_property_p51_r1-943cbea22a7b2e8cb4ec,15/9-F-1,15/9-F-1 C,3618.4,0,0.236100003123,0.251243165689,0.236100003123,0.251243165689,0.251243165689
reservoir_property_p51_r1-c50a9ba72d45442352e9,15/9-F-1,15/9-F-1 C,3620.4,0,0.241799995303,0.255446849727,0.241799995303,0.255446849727,0.255446849727
reservoir_property_p51_r1-755d1350f73139e1d4f5,15/9-F-1,15/9-F-1 C,3622.4,3,0.241200000048,0.255382318713,0.241200000048,0.255382318713,0.255382318713
reservoir_property_p51_r1-c98e3b901c340b1f666d,15/9-F-1,15/9-F-1 C,3624.4,2,0.231900006533,0.252406376284,0.231900006533,0.252406376284,0.252406376284
reservoir_property_p51_r1-bb56b5f28a0b8809e0d3,15/9-F-1,15/9-F-1 C,3626.4,2,0.21780000627,0.245063588115,0.21780000627,0.245063588115,0.245063588115
reservoir_property_p51_r1-65850f9e4cef9b13b7c0,15/9-F-1,15/9-F-1 C,3628.4,0,0.225299999118,0.232373584082,0.225299999118,0.232373584082,0.232373584082
reservoir_property_p51_r1-50ce5c055f12c947150e,15/9-F-1,15/9-F-1 C,3630.4,1,0.171399995685,0.227753452101,0.171399995685,0.227753452101,0.227753452101
reservoir_property_p51_r1-5f77b5280ebee07f3ae1,15/9-F-1,15/9-F-1 C,3632.4,2,0.235100001097,0.242182044865,0.235100001097,0.242182044865,0.242182044865
reservoir_property_p51_r1-462eea1f6d1b021fff77,15/9-F-1,15/9-F-1 C,3634.4,2,0.23109999299,0.242052392124,0.23109999299,0.242052392124,0.242052392124
reservoir_property_p51_r1-05327c09a59066db45b1,15/9-F-1,15/9-F-1 C,3636.4,0,0.220100000501,0.231110263376,0.220100000501,0.231110263376,0.231110263376
reservoir_property_p51_r1-8e1dd8eacee492aa5233,15/9-F-1,15/9-F-1 C,3638.4,1,0.1712000072,0.200820023381,0.1712000072,0.200820023381,0.200820023381
reservoir_property_p51_r1-09416647b9e12df9554a,15/9-F-1,15/9-F-1 C,3640.4,1,0.237399995327,0.209205398628,0.237399995327,0.209205398628,0.209205398628
reservoir_property_p51_r1-9eb4db61688f7222b6fd,15/9-F-1,15/9-F-1 C,3642.4,1,0.21969999373,0.224503727288,0.21969999373,0.224503727288,0.224503727288
reservoir_property_p51_r1-08679c2ecbe07909fca7,15/9-F-1,15/9-F-1 C,3644.4,3,0.219500005245,0.223436738311,0.219500005245,0.223436738311,0.223436738311
reservoir_property_p51_r1-b18d2157b670a6e5b4dc,15/9-F-1,15/9-F-1 C,3646.4,0,0.232700005174,0.235142211003,0.232700005174,0.235142211003,0.235142211003
reservoir_property_p51_r1-53cf7096323989062a21,15/9-F-1,15/9-F-1 C,3648.4,3,0.235699996352,0.237136927641,0.235699996352,0.237136927641,0.237136927641
reservoir_property_p51_r1-7777c21deb3feed40606,15/9-F-1,15/9-F-1 C,3650.4,0,0.208000004292,0.220424192386,0.208000004292,0.220424192386,0.220424192386
reservoir_property_p51_r1-7d680256b2485f46d76c,15/9-F-1,15/9-F-1 C,3652.4,0,0.229100003839,0.214626828078,0.229100003839,0.214626828078,0.214626828078
reservoir_property_p51_r1-66f34d91b2025fcb6d4c,15/9-F-1,15/9-F-1 C,3654.4,2,0.227200001478,0.218703348964,0.227200001478,0.218703348964,0.218703348964
reservoir_property_p51_r1-fe1a28ad8aff00800831,15/9-F-1,15/9-F-1 C,3656.4,1,0.249400004745,0.223420727937,0.249400004745,0.223420727937,0.223420727937
reservoir_property_p51_r1-c828206b0df30364f157,15/9-F-1,15/9-F-1 C,3658.4,0,0.249599993229,0.226251064083,0.249599993229,0.226251064083,0.226251064083
reservoir_property_p51_r1-cde2ac0b9ade74a04fff,15/9-F-1,15/9-F-1 C,3660.4,3,0.230100005865,0.217538374245,0.230100005865,0.217538374245,0.217538374245
reservoir_property_p51_r1-4db865c63ffe919895ac,15/9-F-1,15/9-F-1 C,3662.4,2,0.237599998713,0.209903337706,0.237599998713,0.209903337706,0.209903337706
reservoir_property_p51_r1-86afa6cae9bfcd2686f5,15/9-F-1,15/9-F-1 C,3664.4,1,0.202600002289,0.202744160424,0.202600002289,0.202744160424,0.202744160424
reservoir_property_p51_r1-750491a65bf0d0b28028,15/9-F-1,15/9-F-1 C,3666.4,0,0.227799996734,0.191990233862,0.227799996734,0.191990233862,0.191990233862
reservoir_property_p51_r1-3631a9a1369655d82557,15/9-F-1,15/9-F-1 C,3668.4,2,0.207800000906,0.186503079675,0.207800000906,0.186503079675,0.186503079675
reservoir_property_p51_r1-3e6867c523ff3a144175,15/9-F-1,15/9-F-1 C,3670.4,0,0.213499993086,0.181151160666,0.213499993086,0.181151160666,0.181151160666
reservoir_property_p51_r1-0b447027325c6e5f49d4,15/9-F-1,15/9-F-1 C,3672.4,1,0.124700002372,0.140579354948,0.124700002372,0.140579354948,0.140579354948
reservoir_property_p51_r1-21a0ea4df7de6e4dd932,15/9-F-1,15/9-F-1 C,3674.4,1,0.184599995613,0.139776962606,0.184599995613,0.139776962606,0.139776962606
reservoir_property_p51_r1-1efdb4696db59df31c18,15/9-F-1,15/9-F-1 C,3676.4,1,0.191200003028,0.155827352761,0.191200003028,0.155827352761,0.155827352761
reservoir_property_p51_r1-7947b9b012dae6a43f4c,15/9-F-1,15/9-F-1 C,3678.4,3,0.131099998951,0.161074538517,0.131099998951,0.161074538517,0.161074538517
reservoir_property_p51_r1-e2cf9faee7297db6c969,15/9-F-1,15/9-F-1 C,3680.4,1,0.22120000422,0.19329256784,0.22120000422,0.19329256784,0.19329256784
reservoir_property_p51_r1-553055e9b36e50046b00,15/9-F-1,15/9-F-1 C,3682.4,3,0.241500005126,0.213270089625,0.241500005126,0.213270089625,0.213270089625
reservoir_property_p51_r1-ff483c12531d6950262a,15/9-F-1,15/9-F-1 C,3684.4,1,0.245800003409,0.213129721936,0.245800003409,0.213129721936,0.213129721936
reservoir_property_p51_r1-1f14c31f5612f83ee856,15/9-F-1,15/9-F-1 C,3686.4,3,0.239999994636,0.206834237036,0.239999994636,0.206834237036,0.206834237036
reservoir_property_p51_r1-fcf6bf83664ef5eb81f5,15/9-F-1,15/9-F-1 C,3688.4,0,0.228699997067,0.20111674718,0.228699997067,0.20111674718,0.20111674718
reservoir_property_p51_r1-4fb444a44ffb4f81a844,15/9-F-1,15/9-F-1 C,3690.4,2,0.225700005889,0.192120879979,0.225700005889,0.192120879979,0.192120879979
reservoir_property_p51_r1-7d8d9c097b99b05820e4,15/9-F-1,15/9-F-1 C,3692.4,2,0.22990000248,0.19337525442,0.22990000248,0.19337525442,0.19337525442
reservoir_property_p51_r1-00ed150eb7a15dc9cb59,15/9-F-1,15/9-F-1 C,3694.4,3,0.216900005937,0.191159791334,0.216900005937,0.191159791334,0.191159791334
reservoir_property_p51_r1-f51858320ca43362c2ec,15/9-F-1,15/9-F-1 C,3696.4,3,0.230700001121,0.192021860609,0.230700001121,0.192021860609,0.192021860609
reservoir_property_p51_r1-a277a29e38073880c004,15/9-F-1,15/9-F-1 C,3698.4,3,0.238900005817,0.191894732153,0.238900005817,0.191894732153,0.191894732153
reservoir_property_p51_r1-9af0634fda669ec4fc3b,15/9-F-1,15/9-F-1 C,3700.4,1,0.230199992657,0.188610670946,0.230199992657,0.188610670946,0.188610670946
reservoir_property_p51_r1-29bfe1ded485b55a876e,15/9-F-1,15/9-F-1 C,3702.4,1,0.23180000484,0.179933520982,0.23180000484,0.179933520982,0.179933520982
reservoir_property_p51_r1-fdb0d3ceca7d61ac7bb9,15/9-F-1,15/9-F-1 C,3704.4,3,0.186399996281,0.188257886809,0.186399996281,0.188257886809,0.188257886809
reservoir_property_p51_r1-f96e00858f36f92b1c61,15/9-F-1,15/9-F-1 C,3706.4,0,0.238999992609,0.231206586314,0.238999992609,0.231206586314,0.231206586314
reservoir_property_p51_r1-7a034133acdf087e1891,15/9-F-1,15/9-F-1 C,3708.4,3,0.232299998403,0.241821513509,0.232299998403,0.241821513509,0.241821513509
reservoir_property_p51_r1-ae5a17fa94f325388b86,15/9-F-1,15/9-F-1 C,3710.4,3,0.219200000167,0.20768715884,0.219200000167,0.20768715884,0.20768715884
reservoir_property_p51_r1-04f0ee18c99474dc5f97,15/9-F-1,15/9-F-1 C,3712.4,2,0.138999998569,0.1824531506,0.138999998569,0.1824531506,0.1824531506
reservoir_property_p51_r1-42cd80a89b9e1087c6f0,15/9-F-1,15/9-F-1 C,3714.4,3,0.213699996471,0.204650697825,0.213699996471,0.204650697825,0.204650697825
reservoir_property_p51_r1-f4da7a0fadf98f3d558d,15/9-F-1,15/9-F-1 C,3716.4,0,0.220699995756,0.232777546585,0.220699995756,0.232777546585,0.232777546585
reservoir_property_p51_r1-544fb09c4ecc246282e3,15/9-F-1,15/9-F-1 C,3718.4,2,0.218600004911,0.227329510847,0.218600004911,0.227329510847,0.227329510847
reservoir_property_p51_r1-d2db73d6e256ae6ce8d0,15/9-F-1,15/9-F-1 C,3720.4,2,0.220500007272,0.226286016189,0.220500007272,0.226286016189,0.226286016189
reservoir_property_p51_r1-36d1e4e75406d072cd0c,15/9-F-1,15/9-F-1 C,3722.4,1,0.221000000834,0.225435843691,0.221000000834,0.225435843691,0.225435843691
reservoir_property_p51_r1-301d29b88e575c32061c,15/9-F-1,15/9-F-1 C,3724.4,3,0.21590000391,0.218959934642,0.21590000391,0.218959934642,0.218959934642
reservoir_property_p51_r1-2b731dbad4ce101b90ed,15/9-F-1,15/9-F-1 C,3726.4,3,0.236000001431,0.223855080438,0.236000001431,0.223855080438,0.223855080438
reservoir_property_p51_r1-69c796ded3f33619f96b,15/9-F-1,15/9-F-1 C,3728.4,2,0.217299997807,0.225699749984,0.217299997807,0.225699749984,0.225699749984
reservoir_property_p51_r1-2c90cecad42085f079ef,15/9-F-1,15/9-F-1 C,3730.4,2,0.195299997926,0.186125911878,0.195299997926,0.186125911878,0.186125911878
reservoir_property_p51_r1-4a03767ff0f43f036a53,15/9-F-1,15/9-F-1 C,3732.4,0,0.17990000546,0.188061586469,0.17990000546,0.188061586469,0.188061586469
reservoir_property_p51_r1-7f91fcd14cf138a3f53d,15/9-F-1,15/9-F-1 C,3734.4,0,0.229200005531,0.232539203072,0.229200005531,0.232539203072,0.232539203072
reservoir_property_p51_r1-8f04e325fef1065d0346,15/9-F-1,15/9-F-1 C,3736.4,3,0.233500003815,0.233662952009,0.233500003815,0.233662952009,0.233662952009
reservoir_property_p51_r1-ec21d52d906d0f369e76,15/9-F-1,15/9-F-1 C,3738.4,1,0.245100006461,0.235149372572,0.245100006461,0.235149372572,0.235149372572
reservoir_property_p51_r1-855139a01fcbd6557d7e,15/9-F-1,15/9-F-1 C,3740.4,2,0.227599993348,0.231405285067,0.227599993348,0.231405285067,0.231405285067
reservoir_property_p51_r1-3eb3ef12499abaeda580,15/9-F-1,15/9-F-1 C,3742.4,3,0.227899998426,0.228167332465,0.227899998426,0.228167332465,0.228167332465
reservoir_property_p51_r1-9bc204eaa04f0df93517,15/9-F-1,15/9-F-1 C,3744.4,2,0.218700006604,0.228119915358,0.218700006604,0.228119915358,0.228119915358
reservoir_property_p51_r1-b90f7bc267dce3c15a67,15/9-F-1,15/9-F-1 C,3746.4,3,0.208299994469,0.215033572017,0.208299994469,0.215033572017,0.215033572017
reservoir_property_p51_r1-124901640e377dadf018,15/9-F-1,15/9-F-1 C,3748.4,1,0.193100005388,0.206570227369,0.193100005388,0.206570227369,0.206570227369
reservoir_property_p51_r1-81f388b4a19d13d9d670,15/9-F-1,15/9-F-1 C,3750.4,2,0.209299996495,0.207692625879,0.209299996495,0.207692625879,0.207692625879
reservoir_property_p51_r1-21cde2aa1781f9502305,15/9-F-1,15/9-F-1 C,3752.4,3,0.215200006962,0.209900478574,0.215200006962,0.209900478574,0.209900478574
reservoir_property_p51_r1-f6c4f06b001d386c1d9f,15/9-F-1,15/9-F-1 C,3754.4,2,0.221900001168,0.2197522883,0.221900001168,0.2197522883,0.2197522883
reservoir_property_p51_r1-03868227a0f5c7bee779,15/9-F-1,15/9-F-1 C,3756.4,3,0.0498999990523,0.177128872143,0.0498999990523,0.177128872143,0.177128872143
reservoir_property_p51_r1-6195601ca872235d6c6d,15/9-F-1,15/9-F-1 C,3758.4,1,0.0842999964952,0.149427474872,0.0842999964952,0.149427474872,0.149427474872
reservoir_property_p51_r1-cac1e23aa51b219bd1b5,15/9-F-1,15/9-F-1 C,3760.4,1,0.202000007033,0.196917016351,0.202000007033,0.196917016351,0.196917016351
reservoir_property_p51_r1-08eef89c935957cec3d2,15/9-F-1,15/9-F-1 C,3762.4,2,0.214100003242,0.222680320327,0.214100003242,0.222680320327,0.222680320327
reservoir_property_p51_r1-045a290d36c59f5c285d,15/9-F-1,15/9-F-1 C,3764.4,0,0.221900001168,0.229832733349,0.221900001168,0.229832733349,0.229832733349
reservoir_property_p51_r1-8375a11f40380ac9f401,15/9-F-1,15/9-F-1 C,3766.4,3,0.236100003123,0.225802078894,0.236100003123,0.225802078894,0.225802078894
reservoir_property_p51_r1-4bd3cfa6eb02cd8d3ef3,15/9-F-1,15/9-F-1 C,3768.4,0,0.224500000477,0.219720088338,0.224500000477,0.219720088338,0.219720088338
reservoir_property_p51_r1-13216f41c5930253ffa5,15/9-F-1,15/9-F-1 C,3770.4,0,0.223299995065,0.225554108372,0.223299995065,0.225554108372,0.225554108372
reservoir_property_p51_r1-9c1a7bcad9ced6680164,15/9-F-1,15/9-F-1 C,3772.4,1,0.224199995399,0.227547734514,0.224199995399,0.227547734514,0.227547734514
reservoir_property_p51_r1-3366e4b81e8c570aa265,15/9-F-1,15/9-F-1 C,3774.4,2,0.230800002813,0.222284956276,0.230800002813,0.222284956276,0.222284956276
reservoir_property_p51_r1-ba72feec459c4c4e5d46,15/9-F-1,15/9-F-1 C,3776.4,2,0.225199997425,0.217221341712,0.225199997425,0.217221341712,0.217221341712
reservoir_property_p51_r1-09b099dd412cb91038ef,15/9-F-1,15/9-F-1 C,3778.4,2,0.213599994779,0.209636595657,0.213599994779,0.209636595657,0.209636595657
reservoir_property_p51_r1-20ff2e8c938d64ad2aeb,15/9-F-1,15/9-F-1 C,3780.4,1,0.218899995089,0.20995353978,0.218899995089,0.20995353978,0.20995353978
reservoir_property_p51_r1-e8e76c27ca57a449b59b,15/9-F-1,15/9-F-1 C,3782.4,3,0.218600004911,0.21156969176,0.218600004911,0.21156969176,0.21156969176
reservoir_property_p51_r1-605aa0a32db7a01726a4,15/9-F-1,15/9-F-1 C,3784.4,1,0.220799997449,0.202049416591,0.220799997449,0.202049416591,0.202049416591
reservoir_property_p51_r1-ba446f63e05cfd361bf1,15/9-F-1,15/9-F-1 C,3786.4,2,0.181799992919,0.188666876135,0.181799992919,0.188666876135,0.188666876135
reservoir_property_p51_r1-a593adcdad16e6906d33,15/9-F-1,15/9-F-1 C,3788.4,0,0.234200000763,0.203500699728,0.234200000763,0.203500699728,0.203500699728
reservoir_property_p51_r1-bb6f89b519ffdcb070fd,15/9-F-1,15/9-F-1 C,3790.4,3,0.226400002837,0.211228524672,0.226400002837,0.211228524672,0.211228524672
reservoir_property_p51_r1-fce3c720dae5c1be494d,15/9-F-1,15/9-F-1 C,3792.4,2,0.204699993134,0.205514089372,0.204699993134,0.205514089372,0.205514089372
reservoir_property_p51_r1-9191966153702c06a02b,15/9-F-1,15/9-F-1 C,3794.4,1,0.211700007319,0.205173693169,0.211700007319,0.205173693169,0.205173693169
reservoir_property_p51_r1-3a5dfa81d48a250bc948,15/9-F-1,15/9-F-1 C,3796.4,1,0.223900005221,0.212280767787,0.223900005221,0.212280767787,0.212280767787
reservoir_property_p51_r1-e8b05889358994ccf84c,15/9-F-1,15/9-F-1 C,3798.4,3,0.222599998116,0.208997881286,0.222599998116,0.208997881286,0.208997881286
reservoir_property_p51_r1-01c02dc1cfc4c3d53735,15/9-F-1,15/9-F-1 C,3800.4,3,0.224299997091,0.208268965671,0.224299997091,0.208268965671,0.208268965671
reservoir_property_p51_r1-f302379255a676b6ef9b,15/9-F-1,15/9-F-1 C,3802.4,3,0.192300006747,0.164692749615,0.192300006747,0.164692749615,0.164692749615
reservoir_property_p51_r1-42940977422a98a21685,15/9-F-1,15/9-F-1 C,3804.4,2,0.17499999702,0.143987110068,0.17499999702,0.143987110068,0.143987110068
reservoir_property_p51_r1-fb5b20e7c31e0b762f51,15/9-F-1,15/9-F-1 C,3806.4,2,0.193700000644,0.173075722205,0.193700000644,0.173075722205,0.173075722205
reservoir_property_p51_r1-f858465cb89a6c18a7ca,15/9-F-1,15/9-F-1 C,3808.4,0,0.183200001717,0.172940283769,0.183200001717,0.172940283769,0.172940283769
reservoir_property_p51_r1-e7e396e6701a55a97df0,15/9-F-1,15/9-F-1 C,3810.4,0,0.194100007415,0.180533446408,0.194100007415,0.180533446408,0.180533446408
reservoir_property_p51_r1-59f8876fd54ac30d28fc,15/9-F-1,15/9-F-1 C,3812.4,3,0.211999997497,0.189244050563,0.211999997497,0.189244050563,0.189244050563
reservoir_property_p51_r1-3fff96192b2fa45bf566,15/9-F-1,15/9-F-1 C,3814.4,1,0.216499999166,0.203337387882,0.216499999166,0.203337387882,0.203337387882
reservoir_property_p51_r1-95ebf4538f7c1e7ab36f,15/9-F-1,15/9-F-1 C,3816.4,0,0.221799999475,0.195749475205,0.221799999475,0.195749475205,0.195749475205
reservoir_property_p51_r1-4f930ba28ec368324cae,15/9-F-1,15/9-F-1 C,3818.4,0,0.163900002837,0.171220279984,0.163900002837,0.171220279984,0.171220279984
reservoir_property_p51_r1-d0881c309c1ba8bb05b8,15/9-F-1,15/9-F-1 C,3820.4,2,0.163299992681,0.174910494017,0.163299992681,0.174910494017,0.174910494017
reservoir_property_p51_r1-4218902d571f423829bc,15/9-F-1,15/9-F-1 C,3822.4,2,0.223000004888,0.204318009585,0.223000004888,0.204318009585,0.204318009585
reservoir_property_p51_r1-7a2c1336ebae3e99297a,15/9-F-1,15/9-F-1 C,3824.4,2,0.209800004959,0.205260237204,0.209800004959,0.205260237204,0.205260237204
reservoir_property_p51_r1-9e86ddeb2ecc9daf5fde,15/9-F-1,15/9-F-1 C,3826.4,0,0.221699997783,0.205585853953,0.221699997783,0.205585853953,0.205585853953
reservoir_property_p51_r1-98eeb49c6c134bddc3ee,15/9-F-1,15/9-F-1 C,3828.4,3,0.214499995112,0.19493035427,0.214499995112,0.19493035427,0.19493035427
reservoir_property_p51_r1-05435e92dee68b99d426,15/9-F-1,15/9-F-1 C,3830.4,1,0.109300002456,0.148060071207,0.109300002456,0.148060071207,0.148060071207
reservoir_property_p51_r1-a1ec867b20daf841392e,15/9-F-1,15/9-F-1 C,3832.4,0,0.220400005579,0.175204099296,0.220400005579,0.175204099296,0.175204099296
reservoir_property_p51_r1-267ea2cc67704d30e46b,15/9-F-1,15/9-F-1 C,3834.4,3,0.254099994898,0.23488468753,0.254099994898,0.23488468753,0.23488468753
reservoir_property_p51_r1-4112f45d3973237fc8d6,15/9-F-1,15/9-F-1 C,3836.4,2,0.246099993587,0.232014671447,0.246099993587,0.232014671447,0.232014671447
reservoir_property_p51_r1-382e7cf436ba8f4bb0d1,15/9-F-1,15/9-F-1 C,3838.4,3,0.196600005031,0.202123729463,0.196600005031,0.202123729463,0.202123729463
reservoir_property_p51_r1-94ff8fce5a7aa52ea896,15/9-F-1,15/9-F-1 C,3840.4,0,0.146999999881,0.154591644678,0.146999999881,0.154591644678,0.154591644678
reservoir_property_p51_r1-ea411ddbf749c0fd9553,15/9-F-1,15/9-F-1 C,3842.4,2,0.147599995136,0.127725402567,0.147599995136,0.127725402567,0.127725402567
reservoir_property_p51_r1-12b6709c467b953054f4,15/9-F-1,15/9-F-1 C,3844.4,1,0.0527999997139,0.101837499583,0.0527999997139,0.101837499583,0.101837499583
reservoir_property_p51_r1-55b65595f450dda8c392,15/9-F-1,15/9-F-1 C,3846.4,0,0.164900004864,0.155292660619,0.164900004864,0.155292660619,0.155292660619
reservoir_property_p51_r1-62caf19895a98641c21e,15/9-F-1,15/9-F-1 C,3848.4,0,0.248600006104,0.218460064452,0.248600006104,0.218460064452,0.218460064452
reservoir_property_p51_r1-dd53ef75f34194e1e8a6,15/9-F-1,15/9-F-1 C,3850.4,0,0.227500006557,0.210599284152,0.227500006557,0.210599284152,0.210599284152
reservoir_property_p51_r1-b2dec6e6134843c38516,15/9-F-1,15/9-F-1 C,3852.4,0,0.225600004196,0.198744933008,0.225600004196,0.198744933008,0.198744933008
reservoir_property_p51_r1-6fad57bcdfbbf2bcd1f7,15/9-F-1,15/9-F-1 C,3854.4,2,0.205400004983,0.204737487905,0.205400004983,0.204737487905,0.204737487905
reservoir_property_p51_r1-697e109b92ba3b007410,15/9-F-1,15/9-F-1 C,3856.4,3,0.195999994874,0.213148285176,0.195999994874,0.213148285176,0.213148285176
reservoir_property_p51_r1-af829e2355947060af07,15/9-F-1,15/9-F-1 C,3858.4,3,0.232700005174,0.211017266906,0.232700005174,0.211017266906,0.211017266906
reservoir_property_p51_r1-76ad0f5ec21ff5ff2823,15/9-F-1,15/9-F-1 C,3860.4,1,0.2268999964,0.20053303755,0.2268999964,0.20053303755,0.20053303755
reservoir_property_p51_r1-aad64f6a37d4f0bd5a1c,15/9-F-1,15/9-F-1 C,3862.4,2,0.185900002718,0.18827770003,0.185900002718,0.18827770003,0.18827770003
reservoir_property_p51_r1-d0beb02e3c9b024b5885,15/9-F-1,15/9-F-1 C,3864.4,2,0.22159999609,0.192593919646,0.22159999609,0.192593919646,0.192593919646
reservoir_property_p51_r1-e22cdafe9b69ef0e9e10,15/9-F-1,15/9-F-1 C,3866.4,0,0.201399996877,0.203964267989,0.201399996877,0.203964267989,0.203964267989
reservoir_property_p51_r1-093206e38714a894867a,15/9-F-1,15/9-F-1 C,3868.4,2,0.232800006866,0.208660870309,0.232800006866,0.208660870309,0.208660870309
reservoir_property_p51_r1-ac9d2946a91d60c8417a,15/9-F-1,15/9-F-1 C,3870.4,2,0.239199995995,0.213982452377,0.239199995995,0.213982452377,0.213982452377
reservoir_property_p51_r1-e92da989c2b82fba5863,15/9-F-1,15/9-F-1 C,3872.4,0,0.240500003099,0.208518553355,0.240500003099,0.208518553355,0.208518553355
reservoir_property_p51_r1-0b1302828dbd6094bf46,15/9-F-1,15/9-F-1 C,3874.4,1,0.206300005317,0.183121378177,0.206300005317,0.183121378177,0.183121378177
reservoir_property_p51_r1-0838af7d4ea1cc3fd9e2,15/9-F-1,15/9-F-1 C,3876.4,3,0.209199994802,0.162282176456,0.209199994802,0.162282176456,0.162282176456
reservoir_property_p51_r1-4ec0ab9ab9129e254850,15/9-F-1,15/9-F-1 C,3878.4,1,0.179399996996,0.164813061012,0.179399996996,0.164813061012,0.164813061012
reservoir_property_p51_r1-837470b4ddc4d107e0dc,15/9-F-1,15/9-F-1 C,3880.4,3,0.22349999845,0.193668054935,0.22349999845,0.193668054935,0.193668054935
reservoir_property_p51_r1-fd9030699cccb0ba748c,15/9-F-1,15/9-F-1 C,3882.4,0,0.22349999845,0.205566257272,0.22349999845,0.205566257272,0.205566257272
reservoir_property_p51_r1-6a0c954803c04a3be869,15/9-F-1,15/9-F-1 C,3884.4,3,0.220799997449,0.186763191317,0.220799997449,0.186763191317,0.186763191317
reservoir_property_p51_r1-12a14641533d44f030d9,15/9-F-1,15/9-F-1 C,3886.4,0,0.212200000882,0.171754618149,0.212200000882,0.171754618149,0.171754618149
reservoir_property_p51_r1-610f238a8ac88204cbc0,15/9-F-1,15/9-F-1 C,3888.4,1,0.136199995875,0.168933613721,0.136199995875,0.168933613721,0.168933613721
reservoir_property_p51_r1-01f8515a85590865c549,15/9-F-1,15/9-F-1 C,3890.4,0,0.203199997544,0.184953067754,0.203199997544,0.184953067754,0.184953067754
reservoir_property_p51_r1-ca843cb23cd3059f19be,15/9-F-1,15/9-F-1 C,3892.4,3,0.220500007272,0.195186787735,0.220500007272,0.195186787735,0.195186787735
reservoir_property_p51_r1-c042ae35e7963099e178,15/9-F-1,15/9-F-1 C,3894.4,3,0.240899994969,0.198062953859,0.240899994969,0.198062953859,0.198062953859
reservoir_property_p51_r1-b97130b2a7dff51daa7c,15/9-F-1,15/9-F-1 C,3896.4,2,0.227799996734,0.164500585178,0.227799996734,0.164500585178,0.164500585178
reservoir_property_p51_r1-0d3a45bc1be130cd4a6f,15/9-F-1,15/9-F-1 C,3898.4,1,0.019999999553,0.101240682825,0.019999999553,0.101240682825,0.101240682825
reservoir_property_p51_r1-a85d3896a8725808a87d,15/9-F-1,15/9-F-1 C,3900.4,1,0.126100003719,0.101719146827,0.126100003719,0.101719146827,0.101719146827
reservoir_property_p51_r1-a5527e3c22b58e3ee090,15/9-F-1,15/9-F-1 C,3902.4,1,0.114500001073,0.134449445737,0.114500001073,0.134449445737,0.134449445737
reservoir_property_p51_r1-aef9c0e6bab208a3550e,15/9-F-1,15/9-F-1 C,3904.4,3,0.181099995971,0.144096667303,0.181099995971,0.144096667303,0.144096667303
reservoir_property_p51_r1-9f141743614b7f5f4ce0,15/9-F-1,15/9-F-1 C,3906.4,2,0.019999999553,0.0966762628873,0.019999999553,0.0966762628873,0.0966762628873
reservoir_property_p51_r1-f147ba49d7b6d8e1d4dd,15/9-F-1,15/9-F-1 C,3908.4,0,0.0659999996424,0.0848764284997,0.0659999996424,0.0848764284997,0.0848764284997
reservoir_property_p51_r1-7f668c50b0bb868f435c,15/9-F-1,15/9-F-1 C,3910.4,2,0.0687000006437,0.102217926778,0.0687000006437,0.102217926778,0.102217926778
reservoir_property_p51_r1-1f6ff54056eacf9c8434,15/9-F-1,15/9-F-1 C,3912.4,3,0.116400003433,0.102423821619,0.116400003433,0.102423821619,0.102423821619
reservoir_property_p51_r1-97f25856559f94413277,15/9-F-1,15/9-F-1 C,3914.4,0,0.0645999982953,0.0941125528739,0.0645999982953,0.0941125528739,0.0941125528739
reservoir_property_p51_r1-b201741b0b57f7407cd0,15/9-F-1,15/9-F-1 C,3916.4,3,0.0680999979377,0.0968080459469,0.0680999979377,0.0968080459469,0.0968080459469
reservoir_property_p51_r1-1191d5e96b38a30358c4,15/9-F-1,15/9-F-1 C,3918.4,0,0.1875,0.168431495335,0.1875,0.168431495335,0.168431495335
reservoir_property_p51_r1-a16dd17f8adfdd4b0c24,15/9-F-1,15/9-F-1 C,3920.4,3,0.229800000787,0.224331249205,0.229800000787,0.224331249205,0.224331249205
reservoir_property_p51_r1-2401032525ae2f7f292a,15/9-F-1,15/9-F-1 C,3922.4,1,0.240999996662,0.237053138315,0.240999996662,0.237053138315,0.237053138315
reservoir_property_p51_r1-b9e9d2ecb18d014173f8,15/9-F-1,15/9-F-1 C,3924.4,3,0.242699995637,0.245112900773,0.242699995637,0.245112900773,0.245112900773
reservoir_property_p51_r1-8d90b3e5efd67c20315f,15/9-F-1,15/9-F-1 C,3926.4,3,0.24660000205,0.246704213773,0.24660000205,0.246704213773,0.246704213773
reservoir_property_p51_r1-d7a92628a0614e39eb74,15/9-F-1,15/9-F-1 C,3928.4,3,0.247999995947,0.243609883419,0.247999995947,0.243609883419,0.243609883419
reservoir_property_p51_r1-e60ee616cc8253e4675f,15/9-F-1,15/9-F-1 C,3930.4,0,0.246199995279,0.241182838044,0.246199995279,0.241182838044,0.241182838044
reservoir_property_p51_r1-b9490155e0952fea3d0f,15/9-F-1,15/9-F-1 C,3932.4,2,0.237800002098,0.237561606407,0.237800002098,0.237561606407,0.237561606407
reservoir_property_p51_r1-99ab9aa50a96ec3186bf,15/9-F-1,15/9-F-1 C,3934.4,3,0.237900003791,0.239325980335,0.237900003791,0.239325980335,0.239325980335
reservoir_property_p51_r1-6497c85aef2ae45fb25f,15/9-F-1,15/9-F-1 C,3936.4,3,0.232999995351,0.240806243381,0.232999995351,0.240806243381,0.240806243381
reservoir_property_p51_r1-1af04380f028821cdcd6,15/9-F-1,15/9-F-1 C,3938.4,1,0.218500003219,0.231385619424,0.218500003219,0.231385619424,0.231385619424
reservoir_property_p51_r1-c32e80a2b292eb802815,15/9-F-1,15/9-F-1 C,3940.4,3,0.219799995422,0.232547389551,0.219799995422,0.232547389551,0.232547389551
reservoir_property_p51_r1-9ad74011dc35d3393520,15/9-F-1,15/9-F-1 C,3942.4,3,0.227699995041,0.239146567403,0.227699995041,0.239146567403,0.239146567403
reservoir_property_p51_r1-733815aaebcac6f0a609,15/9-F-1,15/9-F-1 C,3944.4,3,0.240999996662,0.242093282968,0.240999996662,0.242093282968,0.242093282968
reservoir_property_p51_r1-9c2cec96a2eaee6a09b9,15/9-F-1,15/9-F-1 C,3946.4,2,0.24699999392,0.24492554096,0.24699999392,0.24492554096,0.24492554096
reservoir_property_p51_r1-02d63151f6b61b7e2e09,15/9-F-1,15/9-F-1 C,3948.4,2,0.24240000546,0.238827330491,0.24240000546,0.238827330491,0.238827330491
reservoir_property_p51_r1-1a4632d4c62d2f86c095,15/9-F-1,15/9-F-1 C,3950.4,2,0.210299998522,0.216037273823,0.210299998522,0.216037273823,0.216037273823
reservoir_property_p51_r1-e99767dfb2f0389aa7ad,15/9-F-1,15/9-F-1 C,3952.4,2,0.182400003076,0.190546081703,0.182400003076,0.190546081703,0.190546081703
reservoir_property_p51_r1-236377e53e79fac8921a,15/9-F-1,15/9-F-1 C,3954.4,3,0.158299997449,0.180401208896,0.158299997449,0.180401208896,0.180401208896
reservoir_property_p51_r1-2208f4108e2957a3e18c,15/9-F-1,15/9-F-1 C,3956.4,1,0.193399995565,0.188620379853,0.193399995565,0.188620379853,0.188620379853
reservoir_property_p51_r1-2ac8a0c2fc01b6cb96ff,15/9-F-1,15/9-F-1 C,3958.4,3,0.187299996614,0.193171371913,0.187299996614,0.193171371913,0.193171371913
reservoir_property_p51_r1-ce7f91ba5df597af692b,15/9-F-1,15/9-F-1 C,3960.4,2,0.1738999933,0.185270106042,0.1738999933,0.185270106042,0.185270106042
reservoir_property_p51_r1-cfc77cb6283d421930ff,15/9-F-1,15/9-F-1 C,3962.4,2,0.177200004458,0.17943614149,0.177200004458,0.17943614149,0.17943614149
reservoir_property_p51_r1-04ef7c44993772c8266c,15/9-F-1,15/9-F-1 C,3964.4,1,0.150099992752,0.150975915313,0.150099992752,0.150975915313,0.150975915313
reservoir_property_p51_r1-a83936984e82e8ef119f,15/9-F-1,15/9-F-1 C,3966.4,2,0.0615000016987,0.126927062118,0.0615000016987,0.126927062118,0.126927062118
reservoir_property_p51_r1-43441261396ef6a525e9,15/9-F-1,15/9-F-1 C,3968.4,1,0.162799999118,0.135304986174,0.162799999118,0.135304986174,0.135304986174
reservoir_property_p51_r1-24e338dadb9e85a9c68a,15/9-F-1,15/9-F-1 C,3970.4,2,0.0702999979258,0.145572631096,0.0702999979258,0.145572631096,0.145572631096
reservoir_property_p51_r1-355de649af6bb1c2973d,15/9-F-1,15/9-F-1 C,3972.4,2,0.16099999845,0.168116152682,0.16099999845,0.168116152682,0.168116152682
reservoir_property_p51_r1-48cb9457681bc4a32ca5,15/9-F-1,15/9-F-1 C,3974.4,3,0.216999992728,0.207932334689,0.216999992728,0.207932334689,0.207932334689
reservoir_property_p51_r1-df932ed3ab5192b9532e,15/9-F-1,15/9-F-1 C,3976.4,3,0.219200000167,0.222142212205,0.219200000167,0.222142212205,0.222142212205
reservoir_property_p51_r1-0b621fff49d111cf2ec8,15/9-F-1,15/9-F-1 C,3978.4,3,0.201199993491,0.209071485847,0.201199993491,0.209071485847,0.209071485847
reservoir_property_p51_r1-96de228ef19e63d1bcfb,15/9-F-1,15/9-F-1 C,3980.4,1,0.194800004363,0.198822187834,0.194800004363,0.198822187834,0.198822187834
reservoir_property_p51_r1-e7c9b17ab76ceff57a06,15/9-F-1,15/9-F-1 C,3982.4,3,0.178100004792,0.185379811538,0.178100004792,0.185379811538,0.185379811538
reservoir_property_p51_r1-977de4764f4e368efd39,15/9-F-1,15/9-F-1 C,3984.4,1,0.175500005484,0.174356534618,0.175500005484,0.174356534618,0.174356534618
reservoir_property_p51_r1-a9e43f65f53eb9b9030d,15/9-F-1,15/9-F-1 C,3986.4,2,0.157399997115,0.174437599146,0.157399997115,0.174437599146,0.174437599146
reservoir_property_p51_r1-1bc11256d1416b5b8639,15/9-F-1,15/9-F-1 C,3988.4,1,0.215100005269,0.194140578445,0.215100005269,0.194140578445,0.194140578445
reservoir_property_p51_r1-e03cabcef6c447d68859,15/9-F-1,15/9-F-1 C,3990.4,2,0.181500002742,0.192178548064,0.181500002742,0.192178548064,0.192178548064
reservoir_property_p51_r1-de06ffcd51e152945a75,15/9-F-1,15/9-F-1 C,3992.4,1,0.179700002074,0.184208120455,0.179700002074,0.184208120455,0.184208120455
reservoir_property_p51_r1-338271eaef11313314d9,15/9-F-1,15/9-F-1 C,3994.4,1,0.177599996328,0.179659283958,0.177599996328,0.179659283958,0.179659283958
reservoir_property_p51_r1-21c12698721891c08505,15/9-F-1,15/9-F-1 C,3996.4,2,0.199799999595,0.189662531273,0.199799999595,0.189662531273,0.189662531273
reservoir_property_p51_r1-afec8554a32f72ccb550,15/9-F-1,15/9-F-1 C,3998.4,2,0.200299993157,0.199579901944,0.200299993157,0.199579901944,0.199579901944
reservoir_property_p51_r1-d09f6f6ccab094f7f934,15/9-F-1,15/9-F-1 C,4000.4,3,0.169200003147,0.170897767024,0.169200003147,0.170897767024,0.170897767024
reservoir_property_p51_r1-326e4200828b8cf7a4ee,15/9-F-1,15/9-F-1 C,4002.4,0,0.134200006723,0.138394983801,0.134200006723,0.138394983801,0.138394983801
reservoir_property_p51_r1-dc8e1ff8a550599f477d,15/9-F-1,15/9-F-1 C,4004.4,0,0.019999999553,0.109062446111,0.019999999553,0.109062446111,0.109062446111
reservoir_property_p51_r1-11cacd923d904d2b1684,15/9-F-1,15/9-F-1 C,4017.4,3,0.0328000001609,0.0933757550168,0.0328000001609,0.0933757550168,0.0933757550168
reservoir_property_p51_r1-cb368ec784eff6034189,15/9-F-1,15/9-F-1 C,4019.4,3,0.0992000028491,0.103515182168,0.0992000028491,0.103515182168,0.103515182168
reservoir_property_p51_r1-49ac46132b2c4927b08a,15/9-F-1,15/9-F-1 C,4021.4,1,0.111100003123,0.111474997918,0.111100003123,0.111474997918,0.111474997918
reservoir_property_p51_r1-8c98c607a2cd5759a679,15/9-F-1,15/9-F-1,3387,1,0.157299995422,0.120465432225,0.157299995422,0.120465432225,0.120465432225
reservoir_property_p51_r1-86e2eeaf44582632edef,15/9-F-1,15/9-F-1,3398.9,1,0.082800000906,0.0681185171752,0.082800000906,0.0681185171752,0.0681185171752
reservoir_property_p51_r1-a17c63e4953d73d704ba,15/9-F-1,15/9-F-1,3400.9,3,0.0494999997318,0.0705609558275,0.0494999997318,0.0705609558275,0.0705609558275
reservoir_property_p51_r1-027351b592eb9bbfc28a,15/9-F-1,15/9-F-1,3402.9,0,0.0850000008941,0.0758427639179,0.0850000008941,0.0758427639179,0.0758427639179
reservoir_property_p51_r1-e280bd382b2cc3ed9c16,15/9-F-1,15/9-F-1,3404.9,0,0.0706999972463,0.0773426669741,0.0706999972463,0.0773426669741,0.0773426669741
reservoir_property_p51_r1-7417961b8fdd15e9c0fd,15/9-F-1,15/9-F-1,3453.2,0,0.102200001478,0.159804791941,0.102200001478,0.159804791941,0.159804791941
reservoir_property_p51_r1-79976efc9ad503fecf16,15/9-F-1,15/9-F-1,3455.2,1,0.187299996614,0.139052675112,0.187299996614,0.139052675112,0.139052675112
reservoir_property_p51_r1-2276135502b0addc9a9c,15/9-F-11,15/9-F-11 A,3598.4,3,0.0939999967813,0.112658786806,0.0939999967813,0.112658786806,0.112658786806
reservoir_property_p51_r1-2c33f1e3be49414d8bba,15/9-F-11,15/9-F-11 A,3605,1,0.190999999642,0.159419266229,0.190999999642,0.159419266229,0.159419266229
reservoir_property_p51_r1-0bcda5fb40ef0c9fa97c,15/9-F-11,15/9-F-11 A,3607,2,0.193000003695,0.165883547029,0.193000003695,0.165883547029,0.165883547029
reservoir_property_p51_r1-a36f45dbe9e0275f46fe,15/9-F-11,15/9-F-11 A,3609,2,0.230000004172,0.164763423872,0.230000004172,0.164763423872,0.164763423872
reservoir_property_p51_r1-483a6ee25dac0b1b9a6e,15/9-F-11,15/9-F-11 A,3611,1,0.135000005364,0.126560250269,0.135000005364,0.126560250269,0.126560250269
reservoir_property_p51_r1-96c3cde807e05defa171,15/9-F-11,15/9-F-11 A,3613,2,0.109999999404,0.169252229421,0.109999999404,0.169252229421,0.169252229421
reservoir_property_p51_r1-4d03b60f402ca2c60ab0,15/9-F-11,15/9-F-11 A,3615,1,0.215000003576,0.208658921889,0.215000003576,0.208658921889,0.208658921889
reservoir_property_p51_r1-da65467c79283dfa31e9,15/9-F-11,15/9-F-11 A,3617,2,0.239999994636,0.227335512219,0.239999994636,0.227335512219,0.227335512219
reservoir_property_p51_r1-a86ec01268587ff65ca5,15/9-F-11,15/9-F-11 A,3619,2,0.155000001192,0.188720346514,0.155000001192,0.188720346514,0.188720346514
reservoir_property_p51_r1-5763d413da5d299d5ee1,15/9-F-11,15/9-F-11 A,3621,2,0.231999993324,0.189069979782,0.231999993324,0.189069979782,0.189069979782
reservoir_property_p51_r1-1417906868a00cc16b15,15/9-F-11,15/9-F-11 A,3623,1,0.225999996066,0.225312870444,0.225999996066,0.225312870444,0.225312870444
reservoir_property_p51_r1-94f6c5dafaf4a89baad9,15/9-F-11,15/9-F-11 A,3625,3,0.228000000119,0.230243727316,0.228000000119,0.230243727316,0.230243727316
reservoir_property_p51_r1-2ec8ce81b0f744bf68de,15/9-F-11,15/9-F-11 A,3627,3,0.167999997735,0.182043535696,0.167999997735,0.182043535696,0.182043535696
reservoir_property_p51_r1-51f56ed578336ce3a850,15/9-F-11,15/9-F-11 A,3629,0,0.187999993563,0.147724493309,0.187999993563,0.147724493309,0.147724493309
reservoir_property_p51_r1-0da2fd9fb307909936c1,15/9-F-11,15/9-F-11 A,3631,3,0.118000000715,0.187361378064,0.118000000715,0.187361378064,0.187361378064
reservoir_property_p51_r1-0811cb19bb55edd25c7b,15/9-F-11,15/9-F-11 A,3633,1,0.244000002742,0.22693855098,0.244000002742,0.22693855098,0.22693855098
reservoir_property_p51_r1-9276b3f95aab9ff0356a,15/9-F-11,15/9-F-11 A,3635,2,0.247999995947,0.233406905046,0.247999995947,0.233406905046,0.233406905046
reservoir_property_p51_r1-454b9b62a503ee0d6014,15/9-F-11,15/9-F-11 A,3637,1,0.234999999404,0.227528113504,0.234999999404,0.227528113504,0.227528113504
reservoir_property_p51_r1-5200bf8beb0216ffda71,15/9-F-11,15/9-F-11 A,3639,1,0.22499999404,0.218800752321,0.22499999404,0.218800752321,0.218800752321
reservoir_property_p51_r1-a3113f161d8b6552ca42,15/9-F-11,15/9-F-11 A,3641,3,0.216000005603,0.196983078354,0.216000005603,0.196983078354,0.196983078354
reservoir_property_p51_r1-48ffcc838a530575b8bb,15/9-F-11,15/9-F-11 A,3643,0,0.168999999762,0.185723665171,0.168999999762,0.185723665171,0.185723665171
reservoir_property_p51_r1-dbfc72017171fa315dfe,15/9-F-11,15/9-F-11 A,3645,2,0.217999994755,0.192766709479,0.217999994755,0.192766709479,0.192766709479
reservoir_property_p51_r1-9437fb7e4504db8b298a,15/9-F-11,15/9-F-11 A,3647,3,0.138999998569,0.166467164197,0.138999998569,0.166467164197,0.166467164197
reservoir_property_p51_r1-12984c9274a64598a201,15/9-F-11,15/9-F-11 A,3649,0,0.143000006676,0.172652327182,0.143000006676,0.172652327182,0.172652327182
reservoir_property_p51_r1-d211ce6c2ae283db3f82,15/9-F-11,15/9-F-11 A,3651,1,0.204999998212,0.180470579671,0.204999998212,0.180470579671,0.180470579671
reservoir_property_p51_r1-3e5419bcfbfe85daae76,15/9-F-11,15/9-F-11 A,3653,3,0.104999996722,0.129693892486,0.104999996722,0.129693892486,0.129693892486
reservoir_property_p51_r1-bb5b4e488c740d5376bc,15/9-F-11,15/9-F-11 A,3655,0,0.136999994516,0.137575983957,0.136999994516,0.137575983957,0.137575983957
reservoir_property_p51_r1-9c6d1fec47f513f940c7,15/9-F-11,15/9-F-11 A,3657,1,0.20000000298,0.189572714814,0.20000000298,0.189572714814,0.189572714814
reservoir_property_p51_r1-81911467babf28000bc1,15/9-F-11,15/9-F-11 A,3659,2,0.25,0.164474456065,0.25,0.164474456065,0.164474456065
reservoir_property_p51_r1-9371ab372d8527ca6562,15/9-F-11,15/9-F-11 A,3662.7,3,0.0130000002682,0.0907066071349,0.0130000002682,0.0907066071349,0.0907066071349
reservoir_property_p51_r1-c8b6d8cf760a9a865abf,15/9-F-11,15/9-F-11 A,3664.7,3,0.21400000155,0.178232942652,0.21400000155,0.178232942652,0.178232942652
reservoir_property_p51_r1-0795efd0a96b7f6a20f2,15/9-F-11,15/9-F-11 A,3666.7,0,0.21400000155,0.211910258151,0.21400000155,0.211910258151,0.211910258151
reservoir_property_p51_r1-7ba9f672866db8c150d0,15/9-F-11,15/9-F-11 A,3668.7,3,0.261999994516,0.225954923768,0.261999994516,0.225954923768,0.225954923768
reservoir_property_p51_r1-41d382561985b8d43516,15/9-F-11,15/9-F-11 A,3670.7,3,0.247999995947,0.224895000051,0.247999995947,0.224895000051,0.224895000051
reservoir_property_p51_r1-81c422b3a9ad0bd4ead5,15/9-F-11,15/9-F-11 A,3672.7,3,0.231000006199,0.216915379316,0.231000006199,0.216915379316,0.216915379316
reservoir_property_p51_r1-75be831fea39e1abf0c2,15/9-F-11,15/9-F-11 A,3674.7,1,0.181999996305,0.200516097885,0.181999996305,0.200516097885,0.200516097885
reservoir_property_p51_r1-739f2c3d760239837e4b,15/9-F-11,15/9-F-11 A,3676.7,1,0.199000000954,0.196052046322,0.199000000954,0.196052046322,0.196052046322
reservoir_property_p51_r1-df9f602393d5aec6a331,15/9-F-11,15/9-F-11 A,3678.7,2,0.208000004292,0.207658074289,0.208000004292,0.207658074289,0.207658074289
reservoir_property_p51_r1-e478a2a6d95f4e616a38,15/9-F-11,15/9-F-11 A,3680.7,0,0.202999994159,0.20564158805,0.202999994159,0.20564158805,0.20564158805
reservoir_property_p51_r1-72205ae967d6dcde7894,15/9-F-11,15/9-F-11 A,3682.7,0,0.184000000358,0.198353899876,0.184000000358,0.198353899876,0.198353899876
reservoir_property_p51_r1-df5cc6fef39b0e892cef,15/9-F-11,15/9-F-11 A,3684.7,0,0.22499999404,0.209926405671,0.22499999404,0.209926405671,0.209926405671
reservoir_property_p51_r1-3417f16ff14123666416,15/9-F-11,15/9-F-11 A,3686.7,0,0.218999996781,0.221869281892,0.218999996781,0.221869281892,0.221869281892
reservoir_property_p51_r1-10ed48a7122d16610c16,15/9-F-11,15/9-F-11 A,3688.7,0,0.233999997377,0.222584734672,0.233999997377,0.222584734672,0.222584734672
reservoir_property_p51_r1-53dcc044e9c06b69103a,15/9-F-11,15/9-F-11 A,3690.7,2,0.20000000298,0.215579662947,0.20000000298,0.215579662947,0.215579662947
reservoir_property_p51_r1-143d5df53e02b68648b5,15/9-F-11,15/9-F-11 A,3692.7,1,0.236000001431,0.224959551884,0.236000001431,0.224959551884,0.224959551884
reservoir_property_p51_r1-14274388d2073f220099,15/9-F-11,15/9-F-11 A,3694.7,3,0.245000004768,0.234307868915,0.245000004768,0.234307868915,0.234307868915
reservoir_property_p51_r1-312d2ec3359d5ae951da,15/9-F-11,15/9-F-11 A,3696.7,2,0.245000004768,0.227318195684,0.245000004768,0.227318195684,0.227318195684
reservoir_property_p51_r1-97282a32c199c6cf131b,15/9-F-11,15/9-F-11 A,3698.7,3,0.240999996662,0.223645241656,0.240999996662,0.223645241656,0.223645241656
reservoir_property_p51_r1-2ef1688840c0a2b7233b,15/9-F-11,15/9-F-11 A,3700.7,1,0.254999995232,0.206977211858,0.254999995232,0.206977211858,0.206977211858
reservoir_property_p51_r1-29bad6490c6aff6583a0,15/9-F-11,15/9-F-11 A,3702.7,1,0.0710000023246,0.15085950652,0.0710000023246,0.15085950652,0.15085950652
reservoir_property_p51_r1-0e9de942bf17ec783902,15/9-F-11,15/9-F-11 B,3445.5,3,0.0850000008941,0.133862596824,0.0850000008941,0.133862596824,0.133862596824
reservoir_property_p51_r1-90d4e6df6ce860cd8519,15/9-F-11,15/9-F-11 B,3447.5,3,0.0879999995232,0.117959396458,0.0879999995232,0.117959396458,0.117959396458
reservoir_property_p51_r1-cfd1db741904f6373c32,15/9-F-11,15/9-F-11 B,3449.5,0,0.0719999969006,0.0826197995038,0.0719999969006,0.0826197995038,0.0826197995038
reservoir_property_p51_r1-3d9e28ce47d9191d9484,15/9-F-11,15/9-F-11 B,3451.5,0,0.019999999553,0.0553561802696,0.019999999553,0.0553561802696,0.0553561802696
reservoir_property_p51_r1-6306dacb3682ae1af4aa,15/9-F-11,15/9-F-11 B,3453.5,3,0.019999999553,0.0400230269317,0.019999999553,0.0400230269317,0.0400230269317
reservoir_property_p51_r1-5dd571d826737c228f8c,15/9-F-11,15/9-F-11 B,3455.5,0,0.019999999553,0.0244119474327,0.019999999553,0.0244119474327,0.0244119474327
reservoir_property_p51_r1-648080008eb5133d3e83,15/9-F-11,15/9-F-11 B,3458.9,3,0.019999999553,0.0405733029198,0.019999999553,0.0405733029198,0.0405733029198
reservoir_property_p51_r1-fe158b1677c7d212190a,15/9-F-11,15/9-F-11 B,3460.9,3,0.019999999553,0.065320703031,0.019999999553,0.065320703031,0.065320703031
reservoir_property_p51_r1-f1e5e1bd115cc228a0b3,15/9-F-11,15/9-F-11 B,3462.9,0,0.0890000015497,0.0927194249794,0.0890000015497,0.0927194249794,0.0927194249794
reservoir_property_p51_r1-2857eefcec5abbfe01c2,15/9-F-11,15/9-F-11 B,3464.9,0,0.0489999987185,0.0955521438832,0.0489999987185,0.0955521438832,0.0955521438832
reservoir_property_p51_r1-9ee851cd6618b8043330,15/9-F-11,15/9-F-11 B,3466.9,1,0.0570000000298,0.106765357076,0.0570000000298,0.106765357076,0.106765357076
reservoir_property_p51_r1-1098695489073fe9c070,15/9-F-11,15/9-F-11 B,3468.9,0,0.0590000003576,0.126345239968,0.0590000003576,0.126345239968,0.126345239968
reservoir_property_p51_r1-adc005c06bc79837891f,15/9-F-11,15/9-F-11 B,3470.9,0,0.238999992609,0.193380881217,0.238999992609,0.193380881217,0.193380881217
reservoir_property_p51_r1-686929943752f1c1c3e0,15/9-F-11,15/9-F-11 B,3472.9,3,0.241999998689,0.234740713103,0.241999998689,0.234740713103,0.234740713103
reservoir_property_p51_r1-d94f3a20d685bacfc84b,15/9-F-11,15/9-F-11 B,3474.9,1,0.233999997377,0.232152874115,0.233999997377,0.232152874115,0.232152874115
reservoir_property_p51_r1-3ccec8b1fe8fbd32167a,15/9-F-11,15/9-F-11 B,3476.9,0,0.231000006199,0.23235431941,0.231000006199,0.23235431941,0.23235431941
reservoir_property_p51_r1-0fbabeb82ab291fdbd94,15/9-F-11,15/9-F-11 B,3478.9,3,0.238000005484,0.235021746852,0.238000005484,0.235021746852,0.235021746852
reservoir_property_p51_r1-a874a5064432e2ee9bbc,15/9-F-11,15/9-F-11 B,3480.9,0,0.239999994636,0.240068956277,0.239999994636,0.240068956277,0.240068956277
reservoir_property_p51_r1-ffc52e2ee1b1dcdf3629,15/9-F-11,15/9-F-11 B,3482.9,1,0.239999994636,0.244027977616,0.239999994636,0.244027977616,0.244027977616
reservoir_property_p51_r1-d3fac9e7bd231e843505,15/9-F-11,15/9-F-11 B,3484.9,2,0.228000000119,0.23601449039,0.228000000119,0.23601449039,0.23601449039
reservoir_property_p51_r1-38f583584d468fcdbf67,15/9-F-11,15/9-F-11 B,3486.9,2,0.238999992609,0.233165675637,0.238999992609,0.233165675637,0.233165675637
reservoir_property_p51_r1-241524d3f4007aaf88d1,15/9-F-11,15/9-F-11 B,3488.9,0,0.221000000834,0.226324393699,0.221000000834,0.226324393699,0.226324393699
reservoir_property_p51_r1-53ff9655699d140f2290,15/9-F-11,15/9-F-11 B,3490.9,0,0.21400000155,0.215891491415,0.21400000155,0.215891491415,0.215891491415
reservoir_property_p51_r1-651c0a6d8866e822bd1e,15/9-F-11,15/9-F-11 B,3492.9,2,0.197999998927,0.212278749999,0.197999998927,0.212278749999,0.212278749999
reservoir_property_p51_r1-e269d292d10eba113584,15/9-F-11,15/9-F-11 B,3494.9,0,0.236000001431,0.21160345436,0.236000001431,0.21160345436,0.21160345436
reservoir_property_p51_r1-4ccbc016c9fad8300898,15/9-F-11,15/9-F-11 B,3496.9,2,0.231000006199,0.227086181819,0.231000006199,0.227086181819,0.227086181819
reservoir_property_p51_r1-7ef0d4b11f3a86c9d64a,15/9-F-11,15/9-F-11 B,3498.9,0,0.277000010014,0.264708214679,0.277000010014,0.264708214679,0.264708214679
reservoir_property_p51_r1-11b30ca8a00201b82bc4,15/9-F-11,15/9-F-11 B,3500.9,3,0.270999997854,0.265756129515,0.270999997854,0.265756129515,0.265756129515
reservoir_property_p51_r1-2a4f84080968dae361e9,15/9-F-11,15/9-F-11 B,3502.9,1,0.291000008583,0.248662584712,0.291000008583,0.248662584712,0.248662584712
reservoir_property_p51_r1-ef0e2c9211b4b9ae4704,15/9-F-11,15/9-F-11 B,3504.9,1,0.230000004172,0.197413529732,0.230000004172,0.197413529732,0.197413529732
reservoir_property_p51_r1-ad78bdd621639d668826,15/9-F-11,15/9-F-11 B,3506.9,3,0.165000006557,0.149631635688,0.165000006557,0.149631635688,0.149631635688
reservoir_property_p51_r1-53697560f9c8420b458d,15/9-F-11,15/9-F-11 B,3508.9,0,0.172000005841,0.141885929089,0.172000005841,0.141885929089,0.141885929089
reservoir_property_p51_r1-b25600f9a09c16f436de,15/9-F-11,15/9-F-11 B,3510.9,0,0.178000003099,0.165820911825,0.178000003099,0.165820911825,0.165820911825
reservoir_property_p51_r1-b534b27eeb3a14e5c956,15/9-F-11,15/9-F-11 B,3512.9,1,0.240999996662,0.213421923745,0.240999996662,0.213421923745,0.213421923745
reservoir_property_p51_r1-c501cf80d77fc142f2e6,15/9-F-11,15/9-F-11 B,3514.9,2,0.254999995232,0.240945602666,0.254999995232,0.240945602666,0.240945602666
reservoir_property_p51_r1-8765a8a1ca5ae4849e4e,15/9-F-11,15/9-F-11 B,3516.9,1,0.256000012159,0.239547469409,0.256000012159,0.239547469409,0.239547469409
reservoir_property_p51_r1-29786f55fe6a48646b00,15/9-F-11,15/9-F-11 B,3518.9,2,0.207000002265,0.19431867905,0.207000002265,0.19431867905,0.19431867905
reservoir_property_p51_r1-e54f3ede853940791747,15/9-F-11,15/9-F-11 B,3520.9,2,0.182999998331,0.168004926601,0.182999998331,0.168004926601,0.168004926601
reservoir_property_p51_r1-f19cec998dcfc0731e3a,15/9-F-11,15/9-F-11 B,3522.9,3,0.215000003576,0.198522296772,0.215000003576,0.198522296772,0.198522296772
reservoir_property_p51_r1-4c87334756d3f526ffe1,15/9-F-11,15/9-F-11 B,3524.9,1,0.261000007391,0.244440466317,0.261000007391,0.244440466317,0.244440466317
reservoir_property_p51_r1-e76f0c9fc46d6b2b5f36,15/9-F-11,15/9-F-11 B,3526.9,0,0.266000002623,0.254013548405,0.266000002623,0.254013548405,0.254013548405
reservoir_property_p51_r1-1881bde4211c284b6023,15/9-F-11,15/9-F-11 B,3528.9,0,0.261999994516,0.247594397832,0.261999994516,0.247594397832,0.247594397832
reservoir_property_p51_r1-ddfb534e9ee9ed326bc5,15/9-F-11,15/9-F-11 B,3530.9,1,0.256999999285,0.243279579499,0.256999999285,0.243279579499,0.243279579499
reservoir_property_p51_r1-3df20c4bf1cd1af07671,15/9-F-11,15/9-F-11 B,3532.9,1,0.261000007391,0.24504809831,0.261000007391,0.24504809831,0.24504809831
reservoir_property_p51_r1-31c85b7351c25b79182f,15/9-F-11,15/9-F-11 B,3534.9,2,0.256000012159,0.245654117004,0.256000012159,0.245654117004,0.245654117004
reservoir_property_p51_r1-aa577010aa68bd9c4dd8,15/9-F-11,15/9-F-11 B,3536.9,3,0.254999995232,0.239891305406,0.254999995232,0.239891305406,0.239891305406
reservoir_property_p51_r1-e6e215a9e7c95b560f2d,15/9-F-11,15/9-F-11 B,3538.9,3,0.233999997377,0.211429238882,0.233999997377,0.211429238882,0.211429238882
reservoir_property_p51_r1-839a7818e125cfaa86fe,15/9-F-11,15/9-F-11 B,3540.9,2,0.172999992967,0.167332021628,0.172999992967,0.167332021628,0.167332021628
reservoir_property_p51_r1-2c35a060da4d14bbbfe2,15/9-F-11,15/9-F-11 B,3542.9,0,0.163000002503,0.144760501899,0.163000002503,0.144760501899,0.144760501899
reservoir_property_p51_r1-6a1bc6ce4d6d44e5d3e1,15/9-F-11,15/9-F-11 B,3544.9,2,0.108000002801,0.122634447827,0.108000002801,0.122634447827,0.122634447827
reservoir_property_p51_r1-7cee715fda8c6114e8a9,15/9-F-11,15/9-F-11 B,3546.9,2,0.103000000119,0.116506923703,0.103000000119,0.116506923703,0.116506923703
reservoir_property_p51_r1-b781275227d406658da4,15/9-F-11,15/9-F-11 B,3548.9,1,0.180000007153,0.143101290209,0.180000007153,0.143101290209,0.143101290209
reservoir_property_p51_r1-26472212f19e4d5cc82a,15/9-F-11,15/9-F-11 B,3550.9,2,0.190999999642,0.151662005985,0.190999999642,0.151662005985,0.151662005985
reservoir_property_p51_r1-4dea09e7bdb3367016a4,15/9-F-11,15/9-F-11 B,3552.9,3,0.190999999642,0.145805143237,0.190999999642,0.145805143237,0.145805143237
reservoir_property_p51_r1-8ea3ab54245ef39eb50b,15/9-F-11,15/9-F-11 B,3554.9,1,0.115999996662,0.130000227725,0.115999996662,0.130000227725,0.130000227725
reservoir_property_p51_r1-e47af1f36b8ba7ce7791,15/9-F-11,15/9-F-11 B,3556.9,1,0.136999994516,0.116472467226,0.136999994516,0.116472467226,0.116472467226
reservoir_property_p51_r1-b49bccfe1873ece3ef49,15/9-F-11,15/9-F-11 B,3558.9,2,0.0640000030398,0.107370516804,0.0640000030398,0.107370516804,0.107370516804
reservoir_property_p51_r1-ed50bac9a729b02de97b,15/9-F-11,15/9-F-11 B,3560.9,2,0.137999996543,0.112787482251,0.137999996543,0.112787482251,0.112787482251
reservoir_property_p51_r1-fee30fb92561a6f42f46,15/9-F-11,15/9-F-11 B,3562.9,3,0.122000001371,0.133854237485,0.122000001371,0.133854237485,0.133854237485
reservoir_property_p51_r1-30916dd3d5e3af359097,15/9-F-11,15/9-F-11 B,3564.9,0,0.186000004411,0.141722848257,0.186000004411,0.141722848257,0.141722848257
reservoir_property_p51_r1-a1878b989fb7834f528e,15/9-F-11,15/9-F-11 B,3566.9,0,0.163000002503,0.142683789828,0.163000002503,0.142683789828,0.142683789828
reservoir_property_p51_r1-eeaf0d8873a91f7ae2b4,15/9-F-11,15/9-F-11 B,3568.9,2,0.155000001192,0.149472866271,0.155000001192,0.149472866271,0.149472866271
reservoir_property_p51_r1-b4b7129745ca4888c7a0,15/9-F-11,15/9-F-11 B,3570.9,2,0.168999999762,0.147892081584,0.168999999762,0.147892081584,0.147892081584
reservoir_property_p51_r1-0d4b973184b258cd5b15,15/9-F-11,15/9-F-11 B,3572.9,3,0.112000003457,0.142287887853,0.112000003457,0.142287887853,0.142287887853
reservoir_property_p51_r1-a0d7ce4ca83ab0edac54,15/9-F-11,15/9-F-11 B,3574.9,1,0.172000005841,0.154591614994,0.172000005841,0.154591614994,0.154591614994
reservoir_property_p51_r1-27d57cfd8243ebd7bd39,15/9-F-11,15/9-F-11 B,3576.9,1,0.175999999046,0.165911628589,0.175999999046,0.165911628589,0.165911628589
reservoir_property_p51_r1-86741ddf612cf378e7df,15/9-F-11,15/9-F-11 B,3578.9,2,0.165000006557,0.160881336556,0.165000006557,0.160881336556,0.160881336556
reservoir_property_p51_r1-bb8c78caac1ddd1c9791,15/9-F-11,15/9-F-11 B,3580.9,1,0.180000007153,0.167172897298,0.180000007153,0.167172897298,0.167172897298
reservoir_property_p51_r1-a3a012c96ec48b736404,15/9-F-11,15/9-F-11 B,3582.9,3,0.170000001788,0.164776968788,0.170000001788,0.164776968788,0.164776968788
reservoir_property_p51_r1-5e1c58a9679f78ab85e5,15/9-F-11,15/9-F-11 B,3584.9,2,0.166999995708,0.146117223805,0.166999995708,0.146117223805,0.146117223805
reservoir_property_p51_r1-160684d9fc57f78442cb,15/9-F-11,15/9-F-11 B,3586.9,0,0.142000004649,0.143889737568,0.142000004649,0.143889737568,0.143889737568
reservoir_property_p51_r1-36ff5195f0177f7566d5,15/9-F-11,15/9-F-11 B,3588.9,1,0.107000000775,0.168569596114,0.107000000775,0.168569596114,0.168569596114
reservoir_property_p51_r1-591d4d2eeabf4efb04ac,15/9-F-11,15/9-F-11 B,3590.9,3,0.25,0.213134375867,0.25,0.213134375867,0.213134375867
reservoir_property_p51_r1-6d6aa1dbeebaffadf7a5,15/9-F-11,15/9-F-11 B,3592.9,1,0.25,0.228934313047,0.25,0.228934313047,0.228934313047
reservoir_property_p51_r1-787ce6e4c42f703dfae9,15/9-F-11,15/9-F-11 B,3594.9,0,0.250999987125,0.232131936491,0.250999987125,0.232131936491,0.232131936491
reservoir_property_p51_r1-bf81a78e8e71c07b5297,15/9-F-11,15/9-F-11 B,3596.9,2,0.240999996662,0.219245058305,0.240999996662,0.219245058305,0.219245058305
reservoir_property_p51_r1-cf23b5c39606142bc8af,15/9-F-11,15/9-F-11 B,3598.9,0,0.166999995708,0.183212163086,0.166999995708,0.183212163086,0.183212163086
reservoir_property_p51_r1-a43ffd9ee350025338d2,15/9-F-11,15/9-F-11 B,3600.9,0,0.184000000358,0.15605853989,0.184000000358,0.15605853989,0.15605853989
reservoir_property_p51_r1-0b083cacfc5bf6c9b5fa,15/9-F-11,15/9-F-11 B,3602.9,2,0.195999994874,0.160052239398,0.195999994874,0.160052239398,0.160052239398
reservoir_property_p51_r1-f88371fe144940d96e0b,15/9-F-11,15/9-F-11 B,3604.9,2,0.194999992847,0.170580669364,0.194999992847,0.170580669364,0.170580669364
reservoir_property_p51_r1-cf3880095729b1c977e3,15/9-F-11,15/9-F-11 B,3606.9,1,0.208000004292,0.170029308524,0.208000004292,0.170029308524,0.170029308524
reservoir_property_p51_r1-3dd584bcb770d3a9742c,15/9-F-11,15/9-F-11 B,3608.9,3,0.178000003099,0.150413697201,0.178000003099,0.150413697201,0.150413697201
reservoir_property_p51_r1-a42073d03c4d99e778dd,15/9-F-11,15/9-F-11 B,3610.9,1,0.105999998748,0.125693479804,0.105999998748,0.125693479804,0.125693479804
reservoir_property_p51_r1-bfddcc190f7336e2e1e0,15/9-F-11,15/9-F-11 B,3612.9,0,0.109999999404,0.122167789186,0.109999999404,0.122167789186,0.122167789186
reservoir_property_p51_r1-bc3f53adad1058bc80d4,15/9-F-11,15/9-F-11 B,3614.9,3,0.194999992847,0.165396607659,0.194999992847,0.165396607659,0.165396607659
reservoir_property_p51_r1-34ca3ae0449ea83460fd,15/9-F-11,15/9-F-11 B,3616.9,3,0.208000004292,0.186139376465,0.208000004292,0.186139376465,0.186139376465
reservoir_property_p51_r1-f1cde8195e606a707382,15/9-F-11,15/9-F-11 B,3618.9,1,0.192000001669,0.167915973201,0.192000001669,0.167915973201,0.167915973201
reservoir_property_p51_r1-94c2b452a583c044c688,15/9-F-11,15/9-F-11 B,3620.9,3,0.194000005722,0.173545302118,0.194000005722,0.173545302118,0.173545302118
reservoir_property_p51_r1-cdfc1c957124413f0e9c,15/9-F-11,15/9-F-11 B,3622.9,0,0.201000005007,0.17452141201,0.201000005007,0.17452141201,0.17452141201
reservoir_property_p51_r1-5a92cefbd6d24aefb92d,15/9-F-11,15/9-F-11 B,3624.9,3,0.180999994278,0.155140141444,0.180999994278,0.155140141444,0.155140141444
reservoir_property_p51_r1-8dd638d1ac17a35b4485,15/9-F-11,15/9-F-11 B,3626.9,0,0.0649999976158,0.117137280383,0.0649999976158,0.117137280383,0.117137280383
reservoir_property_p51_r1-9500abdf619fe6171fd9,15/9-F-11,15/9-F-11 B,3628.9,1,0.150999993086,0.115714765304,0.150999993086,0.115714765304,0.115714765304
reservoir_property_p51_r1-f9310a8902fb514e250f,15/9-F-11,15/9-F-11 B,3630.9,0,0.10000000149,0.124309579399,0.10000000149,0.124309579399,0.124309579399
reservoir_property_p51_r1-216e3018bf0bb152050b,15/9-F-11,15/9-F-11 B,3632.9,0,0.103000000119,0.13292336273,0.103000000119,0.13292336273,0.13292336273
reservoir_property_p51_r1-2e272de25bbcfe62b162,15/9-F-11,15/9-F-11 B,3634.9,3,0.175999999046,0.156513879967,0.175999999046,0.156513879967,0.156513879967
reservoir_property_p51_r1-9373ac0a3c39fa99fe65,15/9-F-11,15/9-F-11 B,3636.9,0,0.140000000596,0.161278504773,0.140000000596,0.161278504773,0.161278504773
reservoir_property_p51_r1-e20e4e861303d327b81e,15/9-F-11,15/9-F-11 B,3638.9,1,0.180999994278,0.156024245938,0.180999994278,0.156024245938,0.156024245938
reservoir_property_p51_r1-7e447b89085f310f5d6c,15/9-F-11,15/9-F-11 B,3640.9,0,0.177000001073,0.168838755433,0.177000001073,0.168838755433,0.168838755433
reservoir_property_p51_r1-9ad652d67a6697e49d01,15/9-F-11,15/9-F-11 B,3642.9,0,0.182999998331,0.179961846873,0.182999998331,0.179961846873,0.179961846873
reservoir_property_p51_r1-8c2d621e2e768551458b,15/9-F-11,15/9-F-11 B,3644.9,3,0.197999998927,0.172364408688,0.197999998927,0.172364408688,0.172364408688
reservoir_property_p51_r1-ac36fb653b2657da7fa5,15/9-F-11,15/9-F-11 B,3646.9,3,0.190999999642,0.172535943499,0.190999999642,0.172535943499,0.172535943499
reservoir_property_p51_r1-74458b4cf7de675a5b27,15/9-F-11,15/9-F-11 B,3648.9,1,0.193000003695,0.169630206387,0.193000003695,0.169630206387,0.169630206387
reservoir_property_p51_r1-e4c2959754626ed15722,15/9-F-11,15/9-F-11 B,3650.9,1,0.187000006437,0.162816781845,0.187000006437,0.162816781845,0.162816781845
reservoir_property_p51_r1-04013f55c26da80cec29,15/9-F-11,15/9-F-11 B,3652.9,2,0.206000000238,0.171031599124,0.206000000238,0.171031599124,0.171031599124
reservoir_property_p51_r1-4b54aee4131376b32d32,15/9-F-11,15/9-F-11 B,3654.9,2,0.221000000834,0.181701176291,0.221000000834,0.181701176291,0.181701176291
reservoir_property_p51_r1-789d0f09b28a02318e19,15/9-F-11,15/9-F-11 B,3656.9,1,0.199000000954,0.170321399492,0.199000000954,0.170321399492,0.170321399492
reservoir_property_p51_r1-ecc92d5a88083a11eeaa,15/9-F-11,15/9-F-11 B,3658.9,2,0.215000003576,0.188241473032,0.215000003576,0.188241473032,0.188241473032
reservoir_property_p51_r1-e966b58ad21bae928fa0,15/9-F-11,15/9-F-11 B,3660.9,3,0.194999992847,0.210788759206,0.194999992847,0.210788759206,0.210788759206
reservoir_property_p51_r1-97de7605d675e6ebc361,15/9-F-11,15/9-F-11 B,3662.9,3,0.212999999523,0.218973008862,0.212999999523,0.218973008862,0.218973008862
reservoir_property_p51_r1-1f5f6af6dcc465525caf,15/9-F-11,15/9-F-11 B,3664.9,2,0.217999994755,0.224627734996,0.217999994755,0.224627734996,0.224627734996
reservoir_property_p51_r1-6506c671b715a318a48b,15/9-F-11,15/9-F-11 B,3666.9,2,0.230000004172,0.233826588293,0.230000004172,0.233826588293,0.233826588293
reservoir_property_p51_r1-b5b9dd3fac58c9339e4c,15/9-F-11,15/9-F-11 B,3668.9,1,0.229000002146,0.228261846703,0.229000002146,0.228261846703,0.228261846703
reservoir_property_p51_r1-5ce2cf3af4d3f3787cfa,15/9-F-11,15/9-F-11 B,3670.9,2,0.239999994636,0.239620551143,0.239999994636,0.239620551143,0.239620551143
reservoir_property_p51_r1-a6872bba7fcb3134457d,15/9-F-11,15/9-F-11 B,3672.9,1,0.233999997377,0.243252783278,0.233999997377,0.243252783278,0.243252783278
reservoir_property_p51_r1-c2db6c21dd4028022a5e,15/9-F-11,15/9-F-11 B,3674.9,1,0.236000001431,0.246161752925,0.236000001431,0.246161752925,0.246161752925
reservoir_property_p51_r1-8b7d6b9f0fffdb434e8d,15/9-F-11,15/9-F-11 B,3676.9,1,0.240999996662,0.252354614484,0.240999996662,0.252354614484,0.252354614484
reservoir_property_p51_r1-c6c0c33dd8ea9c095f84,15/9-F-11,15/9-F-11 B,3678.9,2,0.244000002742,0.25288780678,0.244000002742,0.25288780678,0.25288780678
reservoir_property_p51_r1-945df4661d5309c0c4a4,15/9-F-11,15/9-F-11 B,3680.9,0,0.238999992609,0.251127078267,0.238999992609,0.251127078267,0.251127078267
reservoir_property_p51_r1-efef4e7bfca9dad1f3bd,15/9-F-11,15/9-F-11 B,3682.9,3,0.236000001431,0.249619327312,0.236000001431,0.249619327312,0.249619327312
reservoir_property_p51_r1-f110733904fa60120f28,15/9-F-11,15/9-F-11 B,3684.9,1,0.240999996662,0.252430223015,0.240999996662,0.252430223015,0.252430223015
reservoir_property_p51_r1-73865a1fe8d258150300,15/9-F-11,15/9-F-11 B,3686.9,0,0.236000001431,0.249157815721,0.236000001431,0.249157815721,0.249157815721
reservoir_property_p51_r1-e63d5b14679059d43067,15/9-F-11,15/9-F-11 B,3688.9,3,0.232999995351,0.244927042266,0.232999995351,0.244927042266,0.244927042266
reservoir_property_p51_r1-f92ab60fd18cb21cc8d3,15/9-F-11,15/9-F-11 B,3690.9,1,0.237000003457,0.249540452747,0.237000003457,0.249540452747,0.249540452747
reservoir_property_p51_r1-271e67c15b593ce8cbc2,15/9-F-11,15/9-F-11 B,3692.9,3,0.241999998689,0.242579194547,0.241999998689,0.242579194547,0.242579194547
reservoir_property_p51_r1-381b0f756e1727f5dee7,15/9-F-11,15/9-F-11 B,3694.9,3,0.237000003457,0.242638204253,0.237000003457,0.242638204253,0.242638204253
reservoir_property_p51_r1-8d38302e0aa39ea9502e,15/9-F-11,15/9-F-11 B,3696.9,1,0.243000000715,0.242075655218,0.243000000715,0.242075655218,0.242075655218
reservoir_property_p51_r1-7220f6c6b2d6255f807d,15/9-F-11,15/9-F-11 B,3698.9,1,0.239999994636,0.242300621384,0.239999994636,0.242300621384,0.242300621384
reservoir_property_p51_r1-d15bff6c6879eeedc94e,15/9-F-11,15/9-F-11 B,3700.9,0,0.234999999404,0.244792686109,0.234999999404,0.244792686109,0.244792686109
reservoir_property_p51_r1-bc599d2b5e52f02d582e,15/9-F-11,15/9-F-11 B,3702.9,3,0.240999996662,0.241726177359,0.240999996662,0.241726177359,0.241726177359
reservoir_property_p51_r1-0abbdf9adb7fbcb640a4,15/9-F-11,15/9-F-11 B,3704.9,2,0.234999999404,0.24066430914,0.234999999404,0.24066430914,0.24066430914
reservoir_property_p51_r1-8d2f46ed8dc0ef9c913e,15/9-F-11,15/9-F-11 B,3706.9,1,0.230000004172,0.237165292411,0.230000004172,0.237165292411,0.237165292411
reservoir_property_p51_r1-91fb1724fe6d44223c0f,15/9-F-11,15/9-F-11 B,3708.9,3,0.233999997377,0.240432736657,0.233999997377,0.240432736657,0.240432736657
reservoir_property_p51_r1-ec8fe64ab8359c21938f,15/9-F-11,15/9-F-11 B,3710.9,2,0.237000003457,0.241749499054,0.237000003457,0.241749499054,0.241749499054
reservoir_property_p51_r1-171a7d4e74c501520999,15/9-F-11,15/9-F-11 B,3712.9,0,0.231000006199,0.238519925029,0.231000006199,0.238519925029,0.238519925029
reservoir_property_p51_r1-bc2d22ebb44e6669d020,15/9-F-11,15/9-F-11 B,3714.9,1,0.222000002861,0.234608912008,0.222000002861,0.234608912008,0.234608912008
reservoir_property_p51_r1-5bab06a152b0a9d5b8de,15/9-F-11,15/9-F-11 B,3716.9,1,0.238000005484,0.240584055403,0.238000005484,0.240584055403,0.240584055403
reservoir_property_p51_r1-880e4d2f9de982458070,15/9-F-11,15/9-F-11 B,3718.9,0,0.236000001431,0.24361798666,0.236000001431,0.24361798666,0.24361798666
reservoir_property_p51_r1-e5d24bebcde6bb4a401e,15/9-F-11,15/9-F-11 B,3720.9,2,0.226999998093,0.238799748773,0.226999998093,0.238799748773,0.238799748773
reservoir_property_p51_r1-bae5adbd367892a474dd,15/9-F-11,15/9-F-11 B,3722.9,3,0.22499999404,0.234765880144,0.22499999404,0.234765880144,0.234765880144
reservoir_property_p51_r1-b64a11ce30e657638ae0,15/9-F-11,15/9-F-11 B,3724.9,3,0.226999998093,0.23370985563,0.226999998093,0.23370985563,0.23370985563
reservoir_property_p51_r1-195b0e50ee1f67cd1966,15/9-F-11,15/9-F-11 B,3726.9,2,0.238000005484,0.237806565398,0.238000005484,0.237806565398,0.237806565398
reservoir_property_p51_r1-b9d0bf549e8ac9278668,15/9-F-11,15/9-F-11 B,3728.9,3,0.233999997377,0.238892520603,0.233999997377,0.238892520603,0.238892520603
reservoir_property_p51_r1-5e4ca4c4b49c06f05522,15/9-F-11,15/9-F-11 B,3730.9,3,0.229000002146,0.237522876026,0.229000002146,0.237522876026,0.237522876026
reservoir_property_p51_r1-045a0df01fff4a2f0edf,15/9-F-11,15/9-F-11 B,3732.9,0,0.228000000119,0.23586689786,0.228000000119,0.23586689786,0.23586689786
reservoir_property_p51_r1-ca3f2fede876be127263,15/9-F-11,15/9-F-11 B,3734.9,3,0.230000004172,0.235387878876,0.230000004172,0.235387878876,0.235387878876
reservoir_property_p51_r1-02b5c582b0b4c57287da,15/9-F-11,15/9-F-11 B,3736.9,0,0.231000006199,0.235180332022,0.231000006199,0.235180332022,0.235180332022
reservoir_property_p51_r1-75c074ed5ac36bed1f91,15/9-F-11,15/9-F-11 B,3738.9,3,0.230000004172,0.232263165018,0.230000004172,0.232263165018,0.232263165018
reservoir_property_p51_r1-96a6b40c245f124eb6a0,15/9-F-11,15/9-F-11 B,3740.9,2,0.230000004172,0.233630170247,0.230000004172,0.233630170247,0.233630170247
reservoir_property_p51_r1-c601a8c637b0d00f0ad6,15/9-F-11,15/9-F-11 B,3742.9,1,0.229000002146,0.236848562192,0.229000002146,0.236848562192,0.236848562192
reservoir_property_p51_r1-537057ea14674f831085,15/9-F-11,15/9-F-11 B,3744.9,3,0.232999995351,0.23503497836,0.232999995351,0.23503497836,0.23503497836
reservoir_property_p51_r1-e56a573ae2bee60fa018,15/9-F-11,15/9-F-11 B,3746.9,1,0.234999999404,0.236214923057,0.234999999404,0.236214923057,0.236214923057
reservoir_property_p51_r1-ab8a3f317c9774c55324,15/9-F-11,15/9-F-11 B,3748.9,1,0.228000000119,0.234761942098,0.228000000119,0.234761942098,0.234761942098
reservoir_property_p51_r1-7bd923963c33925493b2,15/9-F-11,15/9-F-11 B,3750.9,0,0.231999993324,0.233998922877,0.231999993324,0.233998922877,0.233998922877
reservoir_property_p51_r1-f17660a0eb104eba7fcc,15/9-F-11,15/9-F-11 B,3752.9,3,0.229000002146,0.237344961612,0.229000002146,0.237344961612,0.237344961612
reservoir_property_p51_r1-50cf30df4fd979416436,15/9-F-11,15/9-F-11 B,3754.9,3,0.237000003457,0.237293631273,0.237000003457,0.237293631273,0.237293631273
reservoir_property_p51_r1-5bdf6b033bcc279276fa,15/9-F-11,15/9-F-11 B,3756.9,0,0.231000006199,0.23221895062,0.231000006199,0.23221895062,0.23221895062
reservoir_property_p51_r1-36bdce621e51bea1f4cb,15/9-F-11,15/9-F-11 B,3758.9,1,0.22499999404,0.231884308798,0.22499999404,0.231884308798,0.231884308798
reservoir_property_p51_r1-e67ec8e9cf34042f29bd,15/9-F-11,15/9-F-11 B,3760.9,3,0.231000006199,0.23046883715,0.231000006199,0.23046883715,0.23046883715
reservoir_property_p51_r1-6027e933216924007cca,15/9-F-11,15/9-F-11 B,3762.9,1,0.230000004172,0.230987571732,0.230000004172,0.230987571732,0.230987571732
reservoir_property_p51_r1-cadabb091b1399588e32,15/9-F-11,15/9-F-11 B,3764.9,2,0.231999993324,0.228784359724,0.231999993324,0.228784359724,0.228784359724
reservoir_property_p51_r1-f4fe23fcd2ea0aa35c2f,15/9-F-11,15/9-F-11 B,3766.9,0,0.229000002146,0.232311016479,0.229000002146,0.232311016479,0.232311016479
reservoir_property_p51_r1-9e2f7455d5c2d929f75d,15/9-F-11,15/9-F-11 B,3768.9,2,0.243000000715,0.237895770248,0.243000000715,0.237895770248,0.237895770248
reservoir_property_p51_r1-e3d3481a537d6783657e,15/9-F-11,15/9-F-11 B,3770.9,2,0.231000006199,0.234895701581,0.231000006199,0.234895701581,0.234895701581
reservoir_property_p51_r1-ab16de29693c4cb2ac96,15/9-F-11,15/9-F-11 B,3772.9,3,0.234999999404,0.236010197319,0.234999999404,0.236010197319,0.236010197319
reservoir_property_p51_r1-828809cec7435009c12d,15/9-F-11,15/9-F-11 B,3774.9,2,0.237000003457,0.23760300066,0.237000003457,0.23760300066,0.23760300066
reservoir_property_p51_r1-e811bbec3a14b0bfc77d,15/9-F-11,15/9-F-11 B,3776.9,1,0.236000001431,0.235083732148,0.236000001431,0.235083732148,0.235083732148
reservoir_property_p51_r1-c1c7d3a72c1b6e621c1b,15/9-F-11,15/9-F-11 B,3778.9,1,0.238999992609,0.236323688808,0.238999992609,0.236323688808,0.236323688808
reservoir_property_p51_r1-5a6a0b4ca4667826e5f9,15/9-F-11,15/9-F-11 B,3780.9,3,0.236000001431,0.23268424126,0.236000001431,0.23268424126,0.23268424126
reservoir_property_p51_r1-767562c90de7e38381bf,15/9-F-11,15/9-F-11 B,3782.9,1,0.231000006199,0.233695181136,0.231000006199,0.233695181136,0.233695181136
reservoir_property_p51_r1-61e3c5ea09f957872afb,15/9-F-11,15/9-F-11 B,3784.9,3,0.239999994636,0.235328540379,0.239999994636,0.235328540379,0.235328540379
reservoir_property_p51_r1-9a783e3fde840042fa6b,15/9-F-11,15/9-F-11 B,3786.9,3,0.237000003457,0.246946600535,0.237000003457,0.246946600535,0.246946600535
reservoir_property_p51_r1-e077b60d9cf398445aeb,15/9-F-11,15/9-F-11 B,3788.9,1,0.245000004768,0.246852093717,0.245000004768,0.246852093717,0.246852093717
reservoir_property_p51_r1-5e8c73de3d7ed283b9b5,15/9-F-11,15/9-F-11 B,3790.9,1,0.229000002146,0.228564731268,0.229000002146,0.228564731268,0.228564731268
reservoir_property_p51_r1-a46d64b04f67e82d59a3,15/9-F-11,15/9-F-11 B,3792.9,2,0.237000003457,0.227693139463,0.237000003457,0.227693139463,0.227693139463
reservoir_property_p51_r1-a98d9f11fafc53b802ad,15/9-F-11,15/9-F-11 B,3794.9,2,0.233999997377,0.230373018929,0.233999997377,0.230373018929,0.230373018929
reservoir_property_p51_r1-a7a3b586861836d8633f,15/9-F-11,15/9-F-11 B,3796.9,2,0.238000005484,0.230837442977,0.238000005484,0.230837442977,0.230837442977
reservoir_property_p51_r1-ad194c77535fa047cb14,15/9-F-11,15/9-F-11 B,3798.9,0,0.232999995351,0.227596809435,0.232999995351,0.227596809435,0.227596809435
reservoir_property_p51_r1-70588638c87fb9160b6a,15/9-F-11,15/9-F-11 B,3800.9,0,0.224000006914,0.224403688459,0.224000006914,0.224403688459,0.224403688459
reservoir_property_p51_r1-044510e302bdca638e78,15/9-F-11,15/9-F-11 B,3802.9,1,0.231000006199,0.220971884557,0.231000006199,0.220971884557,0.220971884557
reservoir_property_p51_r1-e1fbcccc9dccfb2daa5a,15/9-F-11,15/9-F-11 B,3804.9,2,0.231000006199,0.223954904942,0.231000006199,0.223954904942,0.223954904942
reservoir_property_p51_r1-f3e0a27622ba3dfdaf0f,15/9-F-11,15/9-F-11 B,3806.9,1,0.230000004172,0.220244851914,0.230000004172,0.220244851914,0.220244851914
reservoir_property_p51_r1-cc4b5ae09f2c4274ed60,15/9-F-11,15/9-F-11 B,3808.9,1,0.209999993443,0.109013551885,0.209999993443,0.109013551885,0.109013551885
reservoir_property_p51_r1-33e53e0fb0c69d1235b7,15/9-F-11,15/9-F-11 B,3810.9,1,0.019999999553,0.03832056655,0.019999999553,0.03832056655,0.03832056655
reservoir_property_p51_r1-2387a67ae5b13e2d1c08,15/9-F-11,15/9-F-11 B,3812.9,1,0.082000002265,0.0643131859366,0.082000002265,0.0643131859366,0.0643131859366
reservoir_property_p51_r1-5bcab8b76570ce33db00,15/9-F-11,15/9-F-11 B,3814.9,1,0.019999999553,0.046244682418,0.019999999553,0.046244682418,0.046244682418
reservoir_property_p51_r1-9bdebc543233b4a6b451,15/9-F-11,15/9-F-11 B,3816.9,3,0.019999999553,0.0191350271003,0.019999999553,0.0191350271003,0.0191350271003
reservoir_property_p51_r1-15e22134904d9966fc50,15/9-F-11,15/9-F-11 B,3818.9,2,0.019999999553,0.0149241153693,0.019999999553,0.0149241153693,0.0149241153693
reservoir_property_p51_r1-34bda776a6f7e3dc1815,15/9-F-11,15/9-F-11 B,3820.9,2,0.019999999553,0.0201614628241,0.019999999553,0.0201614628241,0.0201614628241
reservoir_property_p51_r1-7b122be8e5ebb334acb2,15/9-F-11,15/9-F-11 B,3822.9,1,0.019999999553,0.0287975644981,0.019999999553,0.0287975644981,0.0287975644981
reservoir_property_p51_r1-971d52c6ca8db016ef64,15/9-F-11,15/9-F-11 B,3824.9,0,0.019999999553,0.0539721297685,0.019999999553,0.0539721297685,0.0539721297685
reservoir_property_p51_r1-5ea97879af14be25c52b,15/9-F-11,15/9-F-11 B,3826.9,2,0.019999999553,0.0467117508455,0.019999999553,0.0467117508455,0.0467117508455
reservoir_property_p51_r1-df5ff55f94be4071a2e9,15/9-F-11,15/9-F-11 B,3828.9,0,0.019999999553,0.0414905432743,0.019999999553,0.0414905432743,0.0414905432743
reservoir_property_p51_r1-3fa67ba35c8bf3b7d15b,15/9-F-11,15/9-F-11 B,3830.9,0,0.019999999553,0.0396171279772,0.019999999553,0.0396171279772,0.0396171279772
reservoir_property_p51_r1-3ff3dcdc79303dd741b9,15/9-F-11,15/9-F-11 B,3832.9,3,0.019999999553,0.0356269964561,0.019999999553,0.0356269964561,0.0356269964561
reservoir_property_p51_r1-25bc2d7f5c8340ec9cd6,15/9-F-11,15/9-F-11 B,3834.9,2,0.019999999553,0.0158991776131,0.019999999553,0.0158991776131,0.0158991776131
reservoir_property_p51_r1-ccbaf0ae124bdce9483e,15/9-F-11,15/9-F-11 B,3836.9,2,0.019999999553,0.021911996855,0.019999999553,0.021911996855,0.021911996855
reservoir_property_p51_r1-ff972f92bf243f0a5b1b,15/9-F-11,15/9-F-11 B,3838.9,0,0.019999999553,0.0404855714665,0.019999999553,0.0404855714665,0.0404855714665
reservoir_property_p51_r1-4f60db54049ba1a0840e,15/9-F-11,15/9-F-11 B,3840.9,0,0.019999999553,0.0482564501304,0.019999999553,0.0482564501304,0.0482564501304
reservoir_property_p51_r1-1cac6d6d52eb3ea41bf6,15/9-F-11,15/9-F-11 B,3842.9,3,0.0270000007004,0.0622638693509,0.0270000007004,0.0622638693509,0.0622638693509
reservoir_property_p51_r1-93d2a5fd276de00e61e3,15/9-F-11,15/9-F-11 B,3844.9,3,0.019999999553,0.0708209701061,0.019999999553,0.0708209701061,0.0708209701061
reservoir_property_p51_r1-800556a987b7f4d37a16,15/9-F-11,15/9-F-11 B,3846.9,3,0.019999999553,0.0554170948529,0.019999999553,0.0554170948529,0.0554170948529
reservoir_property_p51_r1-481678368314ef856da1,15/9-F-11,15/9-F-11 B,3848.9,3,0.019999999553,0.0228889402784,0.019999999553,0.0228889402784,0.0228889402784
reservoir_property_p51_r1-626a7647e0e9927924e4,15/9-F-11,15/9-F-11 B,3850.9,2,0.019999999553,0.0136071332842,0.019999999553,0.0136071332842,0.0136071332842
reservoir_property_p51_r1-cf8be0a77d4996bc68e8,15/9-F-11,15/9-F-11 B,3852.9,1,0.019999999553,0.0410000689606,0.019999999553,0.0410000689606,0.0410000689606
reservoir_property_p51_r1-47c657ef21e23d182011,15/9-F-11,15/9-F-11 B,3854.9,1,0.0270000007004,0.0690792542151,0.0270000007004,0.0690792542151,0.0690792542151
reservoir_property_p51_r1-6c083518bf5a3023e1df,15/9-F-11,15/9-F-11 B,3856.9,0,0.0439999997616,0.0808513613289,0.0439999997616,0.0808513613289,0.0808513613289
reservoir_property_p51_r1-8ac8303e44d866f75a2c,15/9-F-11,15/9-F-11 B,3858.9,0,0.0939999967813,0.0901397725959,0.0939999967813,0.0901397725959,0.0901397725959
reservoir_property_p51_r1-bc67f8375daf9dcac880,15/9-F-11,15/9-F-11 B,3860.9,3,0.0790000036359,0.0938785579196,0.0790000036359,0.0938785579196,0.0938785579196
reservoir_property_p51_r1-f97c8a7f72662dbf0d77,15/9-F-11,15/9-F-11 B,3862.9,1,0.127000004053,0.0918137934464,0.127000004053,0.0918137934464,0.0918137934464
reservoir_property_p51_r1-088c1cc252632e8b2a15,15/9-F-11,15/9-F-11 B,3864.9,3,0.0799999982119,0.109172985339,0.0799999982119,0.109172985339,0.109172985339
reservoir_property_p51_r1-7d6d4ae8fa1ad752d49f,15/9-F-11,15/9-F-11 B,3866.9,1,0.130999997258,0.118730049416,0.130999997258,0.118730049416,0.118730049416
reservoir_property_p51_r1-07b8d76a0b15972fc0de,15/9-F-11,15/9-F-11 B,3868.9,1,0.134000003338,0.106546230707,0.134000003338,0.106546230707,0.106546230707
reservoir_property_p51_r1-2b3b7dbc18476da3146f,15/9-F-11,15/9-F-11 B,3870.9,2,0.0590000003576,0.0905349420129,0.0590000003576,0.0905349420129,0.0905349420129
reservoir_property_p51_r1-0b3fe1457a1f257ec316,15/9-F-11,15/9-F-11 B,3872.9,3,0.0529999993742,0.0936702052869,0.0529999993742,0.0936702052869,0.0936702052869
reservoir_property_p51_r1-7090c1f99a9e635e0353,15/9-F-11,15/9-F-11 B,3874.9,3,0.0680000036955,0.095165251662,0.0680000036955,0.095165251662,0.095165251662
reservoir_property_p51_r1-b29aec4051acefa5b07b,15/9-F-11,15/9-F-11 B,3876.9,0,0.0599999986589,0.0915237959161,0.0599999986589,0.0915237959161,0.0915237959161
reservoir_property_p51_r1-7e87db5c93563b887cdd,15/9-F-11,15/9-F-11 B,3878.9,3,0.0289999991655,0.077888998027,0.0289999991655,0.077888998027,0.077888998027
reservoir_property_p51_r1-e46dd0296c8092ab586d,15/9-F-11,15/9-F-11 B,3880.9,3,0.0329999998212,0.0729322023274,0.0329999998212,0.0729322023274,0.0729322023274
reservoir_property_p51_r1-945a0a0fcf89e52ab467,15/9-F-11,15/9-F-11 B,3882.9,1,0.0610000006855,0.0759111298123,0.0610000006855,0.0759111298123,0.0759111298123
reservoir_property_p51_r1-b6d45b38b144dfff465d,15/9-F-11,15/9-F-11 B,3884.9,0,0.097999997437,0.106512107166,0.097999997437,0.106512107166,0.106512107166
reservoir_property_p51_r1-8a79bcccb694b3b94292,15/9-F-11,15/9-F-11 B,3886.9,2,0.108999997377,0.105512121218,0.108999997377,0.105512121218,0.105512121218
reservoir_property_p51_r1-8848fa4fc09c4eb72d59,15/9-F-11,15/9-F-11 B,3888.9,0,0.070000000298,0.0941643379888,0.070000000298,0.0941643379888,0.0941643379888
reservoir_property_p51_r1-2cf9e23b247e66fa7d9f,15/9-F-11,15/9-F-11 B,3890.9,0,0.0450000017881,0.0750531457758,0.0450000017881,0.0750531457758,0.0750531457758
reservoir_property_p51_r1-78b4eea81b4a2348eb56,15/9-F-11,15/9-F-11 B,3892.9,0,0.019999999553,0.069841781097,0.019999999553,0.069841781097,0.069841781097
reservoir_property_p51_r1-2a06d2916fd5811458f4,15/9-F-11,15/9-F-11 B,3894.9,0,0.0949999988079,0.103362367886,0.0949999988079,0.103362367886,0.103362367886
reservoir_property_p51_r1-0b82380c371c50d3bf4d,15/9-F-11,15/9-F-11 B,3896.9,0,0.151999995112,0.146037100289,0.151999995112,0.146037100289,0.146037100289
reservoir_property_p51_r1-ec4b52442c8106744ade,15/9-F-11,15/9-F-11 B,3898.9,0,0.165999993682,0.163964441989,0.165999993682,0.163964441989,0.163964441989
reservoir_property_p51_r1-bc5ce6b2362aad4065dd,15/9-F-11,15/9-F-11 B,3900.9,3,0.206000000238,0.190841227258,0.206000000238,0.190841227258,0.190841227258
reservoir_property_p51_r1-287f9a7d59a5902d1d9e,15/9-F-11,15/9-F-11 B,3902.9,1,0.218999996781,0.208252574026,0.218999996781,0.208252574026,0.208252574026
reservoir_property_p51_r1-8041985dbfc49300bf05,15/9-F-11,15/9-F-11 B,3904.9,3,0.209000006318,0.205216373685,0.209000006318,0.205216373685,0.205216373685
reservoir_property_p51_r1-01ce64b172893d2426fa,15/9-F-11,15/9-F-11 B,3906.9,2,0.216999992728,0.213484783575,0.216999992728,0.213484783575,0.213484783575
reservoir_property_p51_r1-79659bf59964a4bb175d,15/9-F-11,15/9-F-11 B,3908.9,0,0.219999998808,0.223237571558,0.219999998808,0.223237571558,0.223237571558
reservoir_property_p51_r1-a66988e5fb119af9717d,15/9-F-11,15/9-F-11 B,3910.9,1,0.229000002146,0.224661136401,0.229000002146,0.224661136401,0.224661136401
reservoir_property_p51_r1-97702da8d77d16051ee7,15/9-F-11,15/9-F-11 B,3912.9,0,0.234999999404,0.233130551051,0.234999999404,0.233130551051,0.233130551051
reservoir_property_p51_r1-3ea37aaac9c9276ae19b,15/9-F-11,15/9-F-11 B,3914.9,2,0.231999993324,0.23119667775,0.231999993324,0.23119667775,0.23119667775
reservoir_property_p51_r1-1dfec23bdae30e3224d4,15/9-F-11,15/9-F-11 B,3916.9,1,0.238999992609,0.231855043765,0.238999992609,0.231855043765,0.231855043765
reservoir_property_p51_r1-12ecad06955960b19573,15/9-F-11,15/9-F-11 B,3918.9,2,0.229000002146,0.236648347473,0.229000002146,0.236648347473,0.236648347473
reservoir_property_p51_r1-cc05909ecd19c8a2a155,15/9-F-11,15/9-F-11 B,3920.9,3,0.228000000119,0.234390770886,0.228000000119,0.234390770886,0.234390770886
reservoir_property_p51_r1-644657be168def8936dc,15/9-F-11,15/9-F-11 B,3922.9,0,0.243000000715,0.241873920617,0.243000000715,0.241873920617,0.241873920617
reservoir_property_p51_r1-0963e2c264ff3b2205e0,15/9-F-11,15/9-F-11 B,3924.9,3,0.238000005484,0.238779899011,0.238000005484,0.238779899011,0.238779899011
reservoir_property_p51_r1-cddd68a97b6ee2c85eca,15/9-F-11,15/9-F-11 B,3926.9,0,0.225999996066,0.240020718376,0.225999996066,0.240020718376,0.240020718376
reservoir_property_p51_r1-5acf84f7f8f0ada14abc,15/9-F-11,15/9-F-11 B,3928.9,3,0.237000003457,0.236769439335,0.237000003457,0.236769439335,0.236769439335
reservoir_property_p51_r1-b5434759b2201fa74cd1,15/9-F-11,15/9-F-11 B,3930.9,3,0.236000001431,0.229018898135,0.236000001431,0.229018898135,0.229018898135
reservoir_property_p51_r1-14540ced15236f12ea97,15/9-F-11,15/9-F-11 B,3932.9,3,0.233999997377,0.200283702694,0.233999997377,0.200283702694,0.200283702694
reservoir_property_p51_r1-46fc36b11da28b6c2b60,15/9-F-11,15/9-F-11 B,3934.9,1,0.104999996722,0.132002457859,0.104999996722,0.132002457859,0.132002457859
reservoir_property_p51_r1-b240354e0b80d66d31c4,15/9-F-11,15/9-F-11 B,3936.9,2,0.104999996722,0.114731066291,0.104999996722,0.114731066291,0.114731066291
reservoir_property_p51_r1-6a4164e216af24a39724,15/9-F-11,15/9-F-11 B,3938.9,0,0.178000003099,0.144344555135,0.178000003099,0.144344555135,0.144344555135
reservoir_property_p51_r1-be1f0f0abcfa8fe42961,15/9-F-11,15/9-F-11 B,3940.9,2,0.150999993086,0.134966623257,0.150999993086,0.134966623257,0.134966623257
reservoir_property_p51_r1-5878e19810657cee1df6,15/9-F-11,15/9-F-11 B,3942.9,1,0.112999998033,0.102737055852,0.112999998033,0.102737055852,0.102737055852
reservoir_property_p51_r1-55d90e4019617115ec7d,15/9-F-11,15/9-F-11 B,3944.9,2,0.0719999969006,0.0865739448923,0.0719999969006,0.0865739448923,0.0865739448923
reservoir_property_p51_r1-cd7a348ec888c23b0739,15/9-F-11,15/9-F-11 B,3946.9,2,0.0450000017881,0.0718750954926,0.0450000017881,0.0718750954926,0.0718750954926
reservoir_property_p51_r1-063b0743f2b1b497fbf1,15/9-F-11,15/9-F-11 B,3948.9,1,0.0399999991059,0.0748894838431,0.0399999991059,0.0748894838431,0.0748894838431
reservoir_property_p51_r1-420b4cf583bd3ae63b01,15/9-F-11,15/9-F-11 B,3950.9,1,0.0219999998808,0.119648147442,0.0219999998808,0.119648147442,0.119648147442
reservoir_property_p51_r1-7bd4e5a9a124034bc5ea,15/9-F-11,15/9-F-11 B,3952.9,0,0.230000004172,0.197708528432,0.230000004172,0.197708528432,0.197708528432
reservoir_property_p51_r1-21c68acdc97cb9be5321,15/9-F-11,15/9-F-11 B,3954.9,1,0.228000000119,0.226684449972,0.228000000119,0.226684449972,0.226684449972
reservoir_property_p51_r1-231db2873ef352c7cf4c,15/9-F-11,15/9-F-11 B,3956.9,0,0.224000006914,0.232434397704,0.224000006914,0.232434397704,0.232434397704
reservoir_property_p51_r1-9cfce70c825d212dc4b8,15/9-F-11,15/9-F-11 B,3958.9,0,0.219999998808,0.229872928278,0.219999998808,0.229872928278,0.229872928278
reservoir_property_p51_r1-2a2ec2a0d1cea4e31a9c,15/9-F-11,15/9-F-11 B,3960.9,0,0.22499999404,0.229945161926,0.22499999404,0.229945161926,0.229945161926
reservoir_property_p51_r1-129900607fb1b580aac0,15/9-F-11,15/9-F-11 B,3962.9,1,0.231000006199,0.232041240917,0.231000006199,0.232041240917,0.232041240917
reservoir_property_p51_r1-3901a273400c65a5be32,15/9-F-11,15/9-F-11 B,3964.9,3,0.225999996066,0.232789757279,0.225999996066,0.232789757279,0.232789757279
reservoir_property_p51_r1-722a536dfbec86f7cd5e,15/9-F-11,15/9-F-11 B,3966.9,1,0.232999995351,0.231262492817,0.232999995351,0.231262492817,0.231262492817
reservoir_property_p51_r1-f9d4fc8012b7a9df4fbe,15/9-F-11,15/9-F-11 B,3968.9,0,0.228000000119,0.232435938585,0.228000000119,0.232435938585,0.232435938585
reservoir_property_p51_r1-7ddf47d9fd1a04811f5b,15/9-F-11,15/9-F-11 B,3970.9,3,0.22499999404,0.226137018795,0.22499999404,0.226137018795,0.226137018795
reservoir_property_p51_r1-5686c30ac9680a073d11,15/9-F-11,15/9-F-11 B,3972.9,3,0.215000003576,0.219868342952,0.215000003576,0.219868342952,0.219868342952
reservoir_property_p51_r1-73189d122dd24c5b172e,15/9-F-11,15/9-F-11 B,3974.9,1,0.216000005603,0.225067731063,0.216000005603,0.225067731063,0.225067731063
reservoir_property_p51_r1-b98867b239b23a793ae4,15/9-F-11,15/9-F-11 B,3976.9,3,0.223000004888,0.21215763388,0.223000004888,0.21215763388,0.21215763388
reservoir_property_p51_r1-bf1867f66d04e9d0e122,15/9-F-11,15/9-F-11 B,3978.9,3,0.153999999166,0.170802131705,0.153999999166,0.170802131705,0.170802131705
reservoir_property_p51_r1-0b6cbb6c34c844212bad,15/9-F-11,15/9-F-11 B,3980.9,0,0.123000003397,0.152073714247,0.123000003397,0.152073714247,0.152073714247
reservoir_property_p51_r1-1c078d095488e7b41962,15/9-F-11,15/9-F-11 B,3982.9,2,0.157000005245,0.163458577298,0.157000005245,0.163458577298,0.163458577298
reservoir_property_p51_r1-3fd8402d0220a4fd6ff2,15/9-F-11,15/9-F-11 B,3984.9,0,0.159999996424,0.168674376509,0.159999996424,0.168674376509,0.168674376509
reservoir_property_p51_r1-e2a74599662717b919c2,15/9-F-11,15/9-F-11 B,3986.9,0,0.165999993682,0.178145641926,0.165999993682,0.178145641926,0.178145641926
reservoir_property_p51_r1-f15892b251b1b3621d49,15/9-F-11,15/9-F-11 B,3988.9,3,0.181999996305,0.181273049134,0.181999996305,0.181273049134,0.181273049134
reservoir_property_p51_r1-5bc77287a7d1f97e5230,15/9-F-11,15/9-F-11 B,3990.9,0,0.193000003695,0.203106614285,0.193000003695,0.203106614285,0.203106614285
reservoir_property_p51_r1-6c4f8042683c3112401a,15/9-F-11,15/9-F-11 B,3992.9,2,0.238000005484,0.220362427786,0.238000005484,0.220362427786,0.220362427786
reservoir_property_p51_r1-d6f61cea45693ee18f7e,15/9-F-11,15/9-F-11 B,3994.9,2,0.221000000834,0.225337341522,0.221000000834,0.225337341522,0.225337341522
reservoir_property_p51_r1-103377daf7abc224652b,15/9-F-11,15/9-F-11 B,3996.9,3,0.259999990463,0.244862848629,0.259999990463,0.244862848629,0.244862848629
reservoir_property_p51_r1-3f3bf94272081977acf3,15/9-F-11,15/9-F-11 B,3998.9,3,0.259999990463,0.243706246121,0.259999990463,0.243706246121,0.243706246121
reservoir_property_p51_r1-eaf5ec3101fce153b35d,15/9-F-11,15/9-F-11 B,4000.9,2,0.216000005603,0.229973104627,0.216000005603,0.229973104627,0.229973104627
reservoir_property_p51_r1-350133160447aaf5c128,15/9-F-11,15/9-F-11 B,4002.9,3,0.25799998641,0.224169200083,0.25799998641,0.224169200083,0.224169200083
reservoir_property_p51_r1-d619a92db34baefc6d6e,15/9-F-11,15/9-F-11 B,4004.9,0,0.226999998093,0.194806676278,0.226999998093,0.194806676278,0.194806676278
reservoir_property_p51_r1-1a9d818a909787dc038b,15/9-F-11,15/9-F-11 B,4006.9,2,0.0370000004768,0.134868821519,0.0370000004768,0.134868821519,0.134868821519
reservoir_property_p51_r1-bfd5312370a3afcebf79,15/9-F-11,15/9-F-11 B,4008.9,2,0.143000006676,0.123381846481,0.143000006676,0.123381846481,0.123381846481
reservoir_property_p51_r1-cf5668a87a24a9cacf22,15/9-F-11,15/9-F-11 B,4010.9,2,0.155000001192,0.143067505975,0.155000001192,0.143067505975,0.143067505975
reservoir_property_p51_r1-f08d59ce32161f8f9eff,15/9-F-11,15/9-F-11 B,4012.9,0,0.156000003219,0.156266280948,0.156000003219,0.156266280948,0.156266280948
reservoir_property_p51_r1-bc8bc460e2246b8c1f9c,15/9-F-11,15/9-F-11 B,4014.9,1,0.133000001311,0.152838188879,0.133000001311,0.152838188879,0.152838188879
reservoir_property_p51_r1-b5965a0b3745c6e60fab,15/9-F-11,15/9-F-11 B,4016.9,0,0.153999999166,0.156783801033,0.153999999166,0.156783801033,0.156783801033
reservoir_property_p51_r1-80412192bdb4f5bcc8a8,15/9-F-11,15/9-F-11 B,4018.9,2,0.188999995589,0.177993837682,0.188999995589,0.177993837682,0.177993837682
reservoir_property_p51_r1-a10ab47c2059ce19a72e,15/9-F-11,15/9-F-11 B,4020.9,1,0.193000003695,0.200515927572,0.193000003695,0.200515927572,0.200515927572
reservoir_property_p51_r1-4a2a17bfb3dd44a422f7,15/9-F-11,15/9-F-11 B,4022.9,0,0.239999994636,0.223558854422,0.239999994636,0.223558854422,0.223558854422
reservoir_property_p51_r1-c18d9770c9dc40f7db00,15/9-F-11,15/9-F-11 B,4024.9,0,0.252999991179,0.225900800056,0.252999991179,0.225900800056,0.225900800056
reservoir_property_p51_r1-4600042dcf1eb528a2d3,15/9-F-11,15/9-F-11 B,4026.9,2,0.216000005603,0.179364753137,0.216000005603,0.179364753137,0.179364753137
reservoir_property_p51_r1-ec40dd0f9287ec0773b5,15/9-F-11,15/9-F-11 B,4028.9,0,0.101000003517,0.158163534671,0.101000003517,0.158163534671,0.158163534671
reservoir_property_p51_r1-0c54cc2014c1975af1f3,15/9-F-11,15/9-F-11 B,4030.9,0,0.239999994636,0.197476497106,0.239999994636,0.197476497106,0.197476497106
reservoir_property_p51_r1-f2e6f0f8a7dbb95d52d8,15/9-F-11,15/9-F-11 B,4032.9,1,0.234999999404,0.230580008165,0.234999999404,0.230580008165,0.230580008165
reservoir_property_p51_r1-00a4972a49b8361f20a0,15/9-F-11,15/9-F-11 B,4034.9,2,0.264999985695,0.244896359022,0.264999985695,0.244896359022,0.244896359022
reservoir_property_p51_r1-39a745a7c3b677f873ed,15/9-F-11,15/9-F-11 B,4036.9,3,0.270999997854,0.252022107236,0.270999997854,0.252022107236,0.252022107236
reservoir_property_p51_r1-4268ac9cea09589b1e3f,15/9-F-11,15/9-F-11 B,4038.9,1,0.27500000596,0.257179299728,0.27500000596,0.257179299728,0.257179299728
reservoir_property_p51_r1-8e22ede83d5f17594a06,15/9-F-11,15/9-F-11 B,4040.9,0,0.268999993801,0.225774212643,0.268999993801,0.225774212643,0.225774212643
reservoir_property_p51_r1-ea66a1ef35f26060ee05,15/9-F-11,15/9-F-11 B,4042.9,2,0.118000000715,0.16731415154,0.118000000715,0.16731415154,0.16731415154
reservoir_property_p51_r1-ad0df1a33c8308a43a37,15/9-F-11,15/9-F-11 B,4044.9,1,0.223000004888,0.171992165187,0.223000004888,0.171992165187,0.171992165187
reservoir_property_p51_r1-fea83723eca310ac6919,15/9-F-11,15/9-F-11 B,4046.9,3,0.231000006199,0.209356896566,0.231000006199,0.209356896566,0.209356896566
reservoir_property_p51_r1-ad686851b9b9aaa8b8fd,15/9-F-11,15/9-F-11 B,4048.9,3,0.234999999404,0.202159478176,0.234999999404,0.202159478176,0.202159478176
reservoir_property_p51_r1-834c036f9e90ef632088,15/9-F-11,15/9-F-11 B,4050.9,3,0.207000002265,0.18153832992,0.207000002265,0.18153832992,0.18153832992
reservoir_property_p51_r1-a3f3cac77a4ed4f8a3c7,15/9-F-11,15/9-F-11 B,4052.9,0,0.232999995351,0.183663728458,0.232999995351,0.183663728458,0.183663728458
reservoir_property_p51_r1-2e6f42addf722d4e83f3,15/9-F-11,15/9-F-11 B,4054.9,1,0.240999996662,0.206319013853,0.240999996662,0.206319013853,0.206319013853
reservoir_property_p51_r1-7b45973f085b3e33897f,15/9-F-11,15/9-F-11 B,4056.9,0,0.230000004172,0.180285671138,0.230000004172,0.180285671138,0.180285671138
reservoir_property_p51_r1-19fc471e15f288982624,15/9-F-11,15/9-F-11 B,4058.9,3,0.150999993086,0.143487145146,0.150999993086,0.143487145146,0.143487145146
reservoir_property_p51_r1-847ce1d787b6102704d1,15/9-F-11,15/9-F-11 B,4060.9,2,0.0689999982715,0.0985024556281,0.0689999982715,0.0985024556281,0.0985024556281
reservoir_property_p51_r1-c5e422de3f8b9c767206,15/9-F-11,15/9-F-11 B,4062.9,2,0.0780000016093,0.122773404554,0.0780000016093,0.122773404554,0.122773404554
reservoir_property_p51_r1-a8175ffeb7ac905ef983,15/9-F-11,15/9-F-11 B,4064.9,3,0.194999992847,0.185371386536,0.194999992847,0.185371386536,0.185371386536
reservoir_property_p51_r1-c10fa44a197027818e83,15/9-F-11,15/9-F-11 B,4066.9,2,0.245000004768,0.222216194479,0.245000004768,0.222216194479,0.222216194479
reservoir_property_p51_r1-9d71f55097e1131b28d5,15/9-F-11,15/9-F-11 B,4068.9,1,0.256999999285,0.240232260541,0.256999999285,0.240232260541,0.240232260541
reservoir_property_p51_r1-a8c550f8318d16a3daf4,15/9-F-11,15/9-F-11 B,4070.9,3,0.256999999285,0.246580227879,0.256999999285,0.246580227879,0.246580227879
reservoir_property_p51_r1-3740507b6a71df17ce0d,15/9-F-11,15/9-F-11 B,4072.9,3,0.259999990463,0.245458470521,0.259999990463,0.245458470521,0.245458470521
reservoir_property_p51_r1-5c2fdaa5fcefea10392f,15/9-F-11,15/9-F-11 B,4074.9,2,0.256999999285,0.231973022748,0.256999999285,0.231973022748,0.231973022748
reservoir_property_p51_r1-01f15f9bb9b1a3ed192a,15/9-F-11,15/9-F-11 B,4076.9,0,0.137999996543,0.170542883357,0.137999996543,0.170542883357,0.170542883357
reservoir_property_p51_r1-023ebcf3aa9dbde82c84,15/9-F-11,15/9-F-11 B,4078.9,0,0.126000002027,0.124217756759,0.126000002027,0.124217756759,0.124217756759
reservoir_property_p51_r1-718e11b11684e1673538,15/9-F-11,15/9-F-11 B,4080.9,0,0.120999999344,0.119825976503,0.120999999344,0.119825976503,0.119825976503
reservoir_property_p51_r1-628e122c3c815a232296,15/9-F-11,15/9-F-11 B,4082.9,2,0.108999997377,0.118129830936,0.108999997377,0.118129830936,0.118129830936
reservoir_property_p51_r1-060c103c5c26cd2095aa,15/9-F-11,15/9-F-11 B,4084.9,3,0.111000001431,0.112339892442,0.111000001431,0.112339892442,0.112339892442
reservoir_property_p51_r1-8221528baa1ad56f3d71,15/9-F-11,15/9-F-11 B,4086.9,2,0.0920000001788,0.121996194323,0.0920000001788,0.121996194323,0.121996194323
reservoir_property_p51_r1-a98a240555aa5c5947dc,15/9-F-11,15/9-F-11 B,4088.9,1,0.190999999642,0.163570251056,0.190999999642,0.163570251056,0.163570251056
reservoir_property_p51_r1-dd0b88a63ef3160fb71f,15/9-F-11,15/9-F-11 B,4090.9,2,0.239999994636,0.213355197889,0.239999994636,0.213355197889,0.213355197889
reservoir_property_p51_r1-5ff8717e0fc5379c5d0f,15/9-F-11,15/9-F-11 B,4092.9,2,0.187000006437,0.181415429214,0.187000006437,0.181415429214,0.181415429214
reservoir_property_p51_r1-e158b83d8c77964d0fe7,15/9-F-11,15/9-F-11 B,4094.9,1,0.197999998927,0.151425362902,0.197999998927,0.151425362902,0.151425362902
reservoir_property_p51_r1-6b12bd46d6e6357564cf,15/9-F-11,15/9-F-11 B,4096.9,1,0.135000005364,0.138083467405,0.135000005364,0.138083467405,0.138083467405
reservoir_property_p51_r1-9d23dc62522ec5d28dae,15/9-F-11,15/9-F-11 B,4098.9,1,0.0909999981523,0.115685710322,0.0909999981523,0.115685710322,0.115685710322
reservoir_property_p51_r1-69b8fcf8d7183ee4a478,15/9-F-11,15/9-F-11 B,4100.9,2,0.119999997318,0.11950738749,0.119999997318,0.11950738749,0.11950738749
reservoir_property_p51_r1-f312bc8f73429a0a30f6,15/9-F-11,15/9-F-11 B,4102.9,2,0.143999993801,0.115562480488,0.143999993801,0.115562480488,0.115562480488
reservoir_property_p51_r1-c21f3b1866e23aa01510,15/9-F-11,15/9-F-11 B,4104.9,2,0.0399999991059,0.0865567662077,0.0399999991059,0.0865567662077,0.0865567662077
reservoir_property_p51_r1-d9f76c346095fb05f5a4,15/9-F-11,15/9-F-11 B,4106.9,3,0.0370000004768,0.0914068983111,0.0370000004768,0.0914068983111,0.0914068983111
reservoir_property_p51_r1-2f3fa235db04751545b2,15/9-F-11,15/9-F-11 B,4108.9,2,0.148000001907,0.149514531477,0.148000001907,0.149514531477,0.149514531477
reservoir_property_p51_r1-3a11daf810800f737cee,15/9-F-11,15/9-F-11 B,4110.9,3,0.233999997377,0.210230220501,0.233999997377,0.210230220501,0.210230220501
reservoir_property_p51_r1-b9aa2d943e81066721f3,15/9-F-11,15/9-F-11 B,4112.9,0,0.216000005603,0.218857043843,0.216000005603,0.218857043843,0.218857043843
reservoir_property_p51_r1-e3f9056f235f478ff385,15/9-F-11,15/9-F-11 B,4114.9,0,0.194999992847,0.207523678198,0.194999992847,0.207523678198,0.207523678198
reservoir_property_p51_r1-730e31cde2ae928d4245,15/9-F-11,15/9-F-11 B,4116.9,3,0.216000005603,0.209136510228,0.216000005603,0.209136510228,0.209136510228
reservoir_property_p51_r1-7f107a0a214c7d8b2a3a,15/9-F-11,15/9-F-11 B,4118.9,3,0.212999999523,0.219103142385,0.212999999523,0.219103142385,0.219103142385
reservoir_property_p51_r1-03d4a863e350517a6942,15/9-F-11,15/9-F-11 B,4120.9,0,0.223000004888,0.218282763415,0.223000004888,0.218282763415,0.218282763415
reservoir_property_p51_r1-4117ae0171cc8baf4a07,15/9-F-11,15/9-F-11 B,4122.9,2,0.171000003815,0.196588630541,0.171000003815,0.196588630541,0.196588630541
reservoir_property_p51_r1-2659a88c9907b6650219,15/9-F-11,15/9-F-11 B,4124.9,1,0.216000005603,0.205271594752,0.216000005603,0.205271594752,0.205271594752
reservoir_property_p51_r1-83db7934ba30b88ad7fd,15/9-F-11,15/9-F-11 B,4126.9,2,0.223000004888,0.223146870967,0.223000004888,0.223146870967,0.223146870967
reservoir_property_p51_r1-353636eb86bcbb2f0032,15/9-F-11,15/9-F-11 B,4128.9,2,0.194999992847,0.205206388204,0.194999992847,0.205206388204,0.205206388204
reservoir_property_p51_r1-938910b013253c2b112e,15/9-F-11,15/9-F-11 B,4130.9,2,0.209000006318,0.204128343796,0.209000006318,0.204128343796,0.204128343796
reservoir_property_p51_r1-3287805e22f7f374832d,15/9-F-11,15/9-F-11 B,4132.9,2,0.217999994755,0.22129769477,0.217999994755,0.22129769477,0.22129769477
reservoir_property_p51_r1-9380218b99dd1b3e835d,15/9-F-11,15/9-F-11 B,4134.9,3,0.219999998808,0.228233602274,0.219999998808,0.228233602274,0.228233602274
reservoir_property_p51_r1-a7ae3a177e4b6c03fe5c,15/9-F-11,15/9-F-11 B,4136.9,2,0.221000000834,0.224147462748,0.221000000834,0.224147462748,0.224147462748
reservoir_property_p51_r1-084f254e59c90cba664f,15/9-F-11,15/9-F-11 B,4138.9,2,0.221000000834,0.223004227973,0.221000000834,0.223004227973,0.223004227973
reservoir_property_p51_r1-3e4895a8352056ae374d,15/9-F-11,15/9-F-11 B,4140.9,3,0.223000004888,0.220806780917,0.223000004888,0.220806780917,0.220806780917
reservoir_property_p51_r1-35d1ccd8abe1cbff24e7,15/9-F-11,15/9-F-11 B,4142.9,1,0.209000006318,0.202446727953,0.209000006318,0.202446727953,0.202446727953
reservoir_property_p51_r1-b29f40428d09c8138e9e,15/9-F-11,15/9-F-11 B,4144.9,0,0.172000005841,0.185283525745,0.172000005841,0.185283525745,0.185283525745
reservoir_property_p51_r1-64c6851468f2f0c21171,15/9-F-11,15/9-F-11 B,4146.9,0,0.201000005007,0.192567065927,0.201000005007,0.192567065927,0.192567065927
reservoir_property_p51_r1-08a1d4d0160303eb186c,15/9-F-11,15/9-F-11 B,4148.9,2,0.212999999523,0.213149909815,0.212999999523,0.213149909815,0.213149909815
reservoir_property_p51_r1-48ddac98d42bee02f076,15/9-F-11,15/9-F-11 B,4150.9,1,0.225999996066,0.215462550564,0.225999996066,0.215462550564,0.215462550564
reservoir_property_p51_r1-31112aab03481e38c806,15/9-F-11,15/9-F-11 B,4152.9,2,0.208000004292,0.212953509445,0.208000004292,0.212953509445,0.212953509445
reservoir_property_p51_r1-fd5482f8316087406f94,15/9-F-11,15/9-F-11 B,4154.9,0,0.204999998212,0.208789288467,0.204999998212,0.208789288467,0.208789288467
reservoir_property_p51_r1-168f226e9ab761e42316,15/9-F-11,15/9-F-11 B,4156.9,3,0.209999993443,0.213240167761,0.209999993443,0.213240167761,0.213240167761
reservoir_property_p51_r1-635f3bb41fc17d09e5ba,15/9-F-11,15/9-F-11 B,4158.9,1,0.212999999523,0.217179141799,0.212999999523,0.217179141799,0.217179141799
reservoir_property_p51_r1-864150d730be790c68b2,15/9-F-11,15/9-F-11 B,4160.9,3,0.209999993443,0.214032729102,0.209999993443,0.214032729102,0.214032729102
reservoir_property_p51_r1-ef0ce68356424dddf37e,15/9-F-11,15/9-F-11 B,4162.9,3,0.208000004292,0.212007958651,0.208000004292,0.212007958651,0.212007958651
reservoir_property_p51_r1-45e1637f256221c2e5e9,15/9-F-11,15/9-F-11 B,4164.9,0,0.21400000155,0.214336470698,0.21400000155,0.214336470698,0.214336470698
reservoir_property_p51_r1-afa247f6526f17bda75d,15/9-F-11,15/9-F-11 B,4166.9,1,0.225999996066,0.214896659681,0.225999996066,0.214896659681,0.214896659681
reservoir_property_p51_r1-685dcfc387fccc5ca172,15/9-F-11,15/9-F-11 B,4168.9,1,0.212999999523,0.209999679942,0.212999999523,0.209999679942,0.209999679942
reservoir_property_p51_r1-47000bb96f81f8366c46,15/9-F-11,15/9-F-11 B,4170.9,2,0.201000005007,0.201136207757,0.201000005007,0.201136207757,0.201136207757
reservoir_property_p51_r1-e5f70f2b2c15727eed5a,15/9-F-11,15/9-F-11 B,4172.9,0,0.202999994159,0.204473245382,0.202999994159,0.204473245382,0.204473245382
reservoir_property_p51_r1-f1433220356a0f12d03d,15/9-F-11,15/9-F-11 B,4174.9,0,0.208000004292,0.209648254307,0.208000004292,0.209648254307,0.209648254307
reservoir_property_p51_r1-49dd96d7fa44b33d9981,15/9-F-11,15/9-F-11 B,4176.9,1,0.209000006318,0.207862685528,0.209000006318,0.207862685528,0.207862685528
reservoir_property_p51_r1-6ca9a0667450d1508c5b,15/9-F-11,15/9-F-11 B,4178.9,1,0.209999993443,0.209918316173,0.209999993443,0.209918316173,0.209918316173
reservoir_property_p51_r1-97a19b8d50cdd97be658,15/9-F-11,15/9-F-11 B,4180.9,0,0.223000004888,0.210430566177,0.223000004888,0.210430566177,0.210430566177
reservoir_property_p51_r1-a3fd32435ef7a15de465,15/9-F-11,15/9-F-11 B,4182.9,0,0.212999999523,0.209562154221,0.212999999523,0.209562154221,0.209562154221
reservoir_property_p51_r1-4ab2f94785aa585c035e,15/9-F-11,15/9-F-11 B,4184.9,3,0.22499999404,0.210912573629,0.22499999404,0.210912573629,0.210912573629
reservoir_property_p51_r1-176f7b5f0eccad45766b,15/9-F-11,15/9-F-11 B,4186.9,0,0.194000005722,0.216846071565,0.194000005722,0.216846071565,0.216846071565
reservoir_property_p51_r1-4c24557dbb749e47b6ec,15/9-F-11,15/9-F-11 B,4188.9,3,0.266000002623,0.236797758498,0.266000002623,0.236797758498,0.236797758498
reservoir_property_p51_r1-741028ccdab5d36b08f3,15/9-F-11,15/9-F-11 B,4190.9,3,0.259999990463,0.249057668506,0.259999990463,0.249057668506,0.249057668506
reservoir_property_p51_r1-6da9e9521746b5c2c2e8,15/9-F-11,15/9-F-11 B,4192.9,1,0.263000011444,0.248776236809,0.263000011444,0.248776236809,0.248776236809
reservoir_property_p51_r1-2768be308e105ad071ce,15/9-F-11,15/9-F-11 B,4194.9,2,0.256000012159,0.249227802632,0.256000012159,0.249227802632,0.249227802632
reservoir_property_p51_r1-56d387a244a2a613d009,15/9-F-11,15/9-F-11 B,4196.9,2,0.268000006676,0.251045142598,0.268000006676,0.251045142598,0.251045142598
reservoir_property_p51_r1-51594ca32a972912d2cc,15/9-F-11,15/9-F-11 B,4198.9,2,0.268999993801,0.252682732184,0.268999993801,0.252682732184,0.252682732184
reservoir_property_p51_r1-499de8e3611fc73a67eb,15/9-F-11,15/9-F-11 B,4200.9,0,0.264999985695,0.253182811769,0.264999985695,0.253182811769,0.253182811769
reservoir_property_p51_r1-4003a6d690f9b8edd990,15/9-F-11,15/9-F-11 B,4202.9,0,0.264999985695,0.249177599676,0.264999985695,0.249177599676,0.249177599676
reservoir_property_p51_r1-4c09a64b4956b4bac7f2,15/9-F-11,15/9-F-11 B,4204.9,3,0.256000012159,0.239993514691,0.256000012159,0.239993514691,0.239993514691
reservoir_property_p51_r1-db9e24fe25028261c619,15/9-F-11,15/9-F-11 B,4206.9,3,0.256000012159,0.236856162238,0.256000012159,0.236856162238,0.236856162238
reservoir_property_p51_r1-2adf5f4019726f29c6af,15/9-F-11,15/9-F-11 B,4208.9,0,0.247999995947,0.235617182493,0.247999995947,0.235617182493,0.235617182493
reservoir_property_p51_r1-7cc962a1c7b96c1a5633,15/9-F-11,15/9-F-11 B,4210.9,1,0.248999997973,0.228269558343,0.248999997973,0.228269558343,0.228269558343
reservoir_property_p51_r1-e33306c1e08cab504e1c,15/9-F-11,15/9-F-11 B,4212.9,1,0.25,0.229478163883,0.25,0.229478163883,0.229478163883
reservoir_property_p51_r1-20b2a95e88e80f2d075b,15/9-F-11,15/9-F-11 B,4214.9,3,0.252000004053,0.233790463659,0.252000004053,0.233790463659,0.233790463659
reservoir_property_p51_r1-c9dae570e33429f80bd0,15/9-F-11,15/9-F-11 B,4216.9,0,0.248999997973,0.236820778986,0.248999997973,0.236820778986,0.236820778986
reservoir_property_p51_r1-0db980d395c7275790fe,15/9-F-11,15/9-F-11 B,4218.9,1,0.244000002742,0.233931300165,0.244000002742,0.233931300165,0.233931300165
reservoir_property_p51_r1-f0e0827d68ce171a8320,15/9-F-11,15/9-F-11 B,4220.9,3,0.243000000715,0.212643700633,0.243000000715,0.212643700633,0.212643700633
reservoir_property_p51_r1-34321ad417630df303c3,15/9-F-11,15/9-F-11 B,4222.9,2,0.143999993801,0.17078685213,0.143999993801,0.17078685213,0.17078685213
reservoir_property_p51_r1-0c88ffee9dccbf292171,15/9-F-11,15/9-F-11 B,4224.9,0,0.133000001311,0.143885948385,0.133000001311,0.143885948385,0.143885948385
reservoir_property_p51_r1-63b006b36d3b97e00ef8,15/9-F-11,15/9-F-11 B,4226.9,0,0.166999995708,0.161128554222,0.166999995708,0.161128554222,0.161128554222
reservoir_property_p51_r1-1f68c1f10a2b1a92050e,15/9-F-11,15/9-F-11 B,4228.9,2,0.216999992728,0.202031134462,0.216999992728,0.202031134462,0.202031134462
reservoir_property_p51_r1-85ecacbc64d09f438326,15/9-F-11,15/9-F-11 B,4230.9,2,0.252999991179,0.233675719417,0.252999991179,0.233675719417,0.233675719417
reservoir_property_p51_r1-f709652e58e333872ab1,15/9-F-11,15/9-F-11 B,4232.9,1,0.247999995947,0.235395278658,0.247999995947,0.235395278658,0.235395278658
reservoir_property_p51_r1-c6a715929a6af97ab236,15/9-F-11,15/9-F-11 B,4234.9,2,0.250999987125,0.236303729623,0.250999987125,0.236303729623,0.236303729623
reservoir_property_p51_r1-59474270abf3088f73a5,15/9-F-11,15/9-F-11 B,4236.9,0,0.239999994636,0.205216353395,0.239999994636,0.205216353395,0.205216353395
reservoir_property_p51_r1-9862fbe2b5182588d72c,15/9-F-11,15/9-F-11 B,4238.9,0,0.0839999988675,0.152215331813,0.0839999988675,0.152215331813,0.152215331813
reservoir_property_p51_r1-93d3ba77f92bab877169,15/9-F-11,15/9-F-11 B,4240.9,2,0.0649999976158,0.0993549151215,0.0649999976158,0.0993549151215,0.0993549151215
reservoir_property_p51_r1-7203cd72405e3be7a85e,15/9-F-11,15/9-F-11 B,4242.9,0,0.0289999991655,0.105936662185,0.0289999991655,0.105936662185,0.105936662185
reservoir_property_p51_r1-0f61afcbbb31f41178e9,15/9-F-11,15/9-F-11 B,4244.9,2,0.224000006914,0.18082019315,0.224000006914,0.18082019315,0.18082019315
reservoir_property_p51_r1-9f5266858c45014a2397,15/9-F-11,15/9-F-11 B,4246.9,1,0.238999992609,0.211604111643,0.238999992609,0.211604111643,0.211604111643
reservoir_property_p51_r1-efb005b6c765d880140f,15/9-F-11,15/9-F-11 B,4248.9,2,0.223000004888,0.200249812749,0.223000004888,0.200249812749,0.200249812749
reservoir_property_p51_r1-86e45c16059467eafbe6,15/9-F-11,15/9-F-11 B,4250.9,0,0.190999999642,0.175589033122,0.190999999642,0.175589033122,0.175589033122
reservoir_property_p51_r1-13161782af850160b633,15/9-F-11,15/9-F-11 B,4252.9,1,0.189999997616,0.169496277014,0.189999997616,0.169496277014,0.169496277014
reservoir_property_p51_r1-f2f105a94d6c63e41109,15/9-F-11,15/9-F-11 B,4254.9,0,0.168999999762,0.140635241254,0.168999999762,0.140635241254,0.140635241254
reservoir_property_p51_r1-c69b61af7cf583705ce4,15/9-F-11,15/9-F-11 B,4256.9,1,0.0299999993294,0.107532912382,0.0299999993294,0.107532912382,0.107532912382
reservoir_property_p51_r1-dedd2f73714749b745af,15/9-F-11,15/9-F-11 B,4258.9,1,0.159999996424,0.127232747887,0.159999996424,0.127232747887,0.127232747887
reservoir_property_p51_r1-09a4d158f79659f45523,15/9-F-11,15/9-F-11 B,4260.9,3,0.140000000596,0.14263270339,0.140000000596,0.14263270339,0.14263270339
reservoir_property_p51_r1-9242053a11d9315188d1,15/9-F-11,15/9-F-11 B,4262.9,2,0.122000001371,0.144042352292,0.122000001371,0.144042352292,0.144042352292
reservoir_property_p51_r1-7fcce9239a4dcc3a39ed,15/9-F-11,15/9-F-11 B,4264.9,2,0.165000006557,0.169365162454,0.165000006557,0.169365162454,0.169365162454
reservoir_property_p51_r1-a18767f0ba4db7b10af1,15/9-F-11,15/9-F-11 B,4266.9,0,0.217999994755,0.19408678143,0.217999994755,0.19408678143,0.19408678143
reservoir_property_p51_r1-b7de8f1bd551b2bc1f1e,15/9-F-11,15/9-F-11 B,4268.9,3,0.211999997497,0.216190456655,0.211999997497,0.216190456655,0.216190456655
reservoir_property_p51_r1-34ef50298fba454f7774,15/9-F-11,15/9-F-11 B,4270.9,2,0.248999997973,0.242656719091,0.248999997973,0.242656719091,0.242656719091
reservoir_property_p51_r1-25fa5015ed7bbd6be752,15/9-F-11,15/9-F-11 B,4272.9,1,0.259999990463,0.253591359215,0.259999990463,0.253591359215,0.253591359215
reservoir_property_p51_r1-a6a9b9728321e4f20b35,15/9-F-11,15/9-F-11 B,4274.9,3,0.252999991179,0.249471577701,0.252999991179,0.249471577701,0.249471577701
reservoir_property_p51_r1-1b0ab35762167fc00629,15/9-F-11,15/9-F-11 B,4276.9,0,0.247999995947,0.238027886837,0.247999995947,0.238027886837,0.238027886837
reservoir_property_p51_r1-53ed4b600d23174eb501,15/9-F-11,15/9-F-11 B,4278.9,2,0.202999994159,0.199750026646,0.202999994159,0.199750026646,0.199750026646
reservoir_property_p51_r1-fc0f625b80a7b951d98e,15/9-F-11,15/9-F-11 B,4280.9,2,0.0309999994934,0.10600202129,0.0309999994934,0.10600202129,0.10600202129
reservoir_property_p51_r1-a96743515c0f4edd71ea,15/9-F-11,15/9-F-11 B,4282.9,3,0.0230000000447,0.0647410837726,0.0230000000447,0.0647410837726,0.0647410837726
reservoir_property_p51_r1-d3abf41c8811daff7523,15/9-F-11,15/9-F-11 B,4284.9,2,0.0909999981523,0.103826152818,0.0909999981523,0.103826152818,0.103826152818
reservoir_property_p51_r1-3562c91b2b1ed7750e41,15/9-F-11,15/9-F-11 B,4286.9,3,0.20000000298,0.161312877314,0.20000000298,0.161312877314,0.161312877314
reservoir_property_p51_r1-a0fc5ce08a5d8e0f5dea,15/9-F-11,15/9-F-11 B,4288.9,2,0.233999997377,0.219804843382,0.233999997377,0.219804843382,0.219804843382
reservoir_property_p51_r1-2c2866b52b365bf49896,15/9-F-11,15/9-F-11 B,4290.9,1,0.216000005603,0.209638195614,0.216000005603,0.209638195614,0.209638195614
reservoir_property_p51_r1-0a52fe29b5290e270854,15/9-F-11,15/9-F-11 B,4292.9,0,0.171000003815,0.165595157433,0.171000003815,0.165595157433,0.165595157433
reservoir_property_p51_r1-5595951d26e6ac1c39ae,15/9-F-11,15/9-F-11 B,4294.9,1,0.0529999993742,0.107929121958,0.0529999993742,0.107929121958,0.107929121958
reservoir_property_p51_r1-50d011832c672e2dc79e,15/9-F-11,15/9-F-11 B,4300.3,2,0.120999999344,0.133490162757,0.120999999344,0.133490162757,0.133490162757
reservoir_property_p51_r1-3a7145b3ab6311e8f25d,15/9-F-11,15/9-F-11 B,4302.3,1,0.171000003815,0.152236397564,0.171000003815,0.152236397564,0.152236397564
reservoir_property_p51_r1-d419774011859483de22,15/9-F-11,15/9-F-11 B,4304.3,3,0.21099999547,0.196653315487,0.21099999547,0.196653315487,0.196653315487
reservoir_property_p51_r1-e12a65d16ae7f5d59679,15/9-F-11,15/9-F-11 B,4306.3,1,0.239999994636,0.224418395427,0.239999994636,0.224418395427,0.224418395427
reservoir_property_p51_r1-565ab635df568efe1b6f,15/9-F-11,15/9-F-11 B,4308.3,3,0.244000002742,0.230217559048,0.244000002742,0.230217559048,0.230217559048
reservoir_property_p51_r1-7b3b2ae25cc1fe5ebfe9,15/9-F-11,15/9-F-11 T2,4400.6,0,0.111000001431,0.14921642013,0.111000001431,0.14921642013,0.14921642013
reservoir_property_p51_r1-eef3f72c25a8405135e1,15/9-F-11,15/9-F-11 T2,4402.6,0,0.125,0.143145641406,0.125,0.143145641406,0.143145641406
reservoir_property_p51_r1-f943b900a64502180b81,15/9-F-11,15/9-F-11 T2,4404.6,2,0.119000002742,0.145266299211,0.119000002742,0.145266299211,0.145266299211
reservoir_property_p51_r1-aecb03b323286c41747d,15/9-F-11,15/9-F-11 T2,4406.6,2,0.133000001311,0.171295045595,0.133000001311,0.171295045595,0.171295045595
reservoir_property_p51_r1-06650b8a442cfd04d4a1,15/9-F-11,15/9-F-11 T2,4408.6,3,0.199000000954,0.184975580844,0.199000000954,0.184975580844,0.184975580844
reservoir_property_p51_r1-50948e33c7f313a75821,15/9-F-11,15/9-F-11 T2,4410.6,0,0.204999998212,0.170242361839,0.204999998212,0.170242361839,0.170242361839
reservoir_property_p51_r1-d766612d437e9ba4874f,15/9-F-11,15/9-F-11 T2,4412.6,0,0.155000001192,0.121117740346,0.155000001192,0.121117740346,0.121117740346
reservoir_property_p51_r1-b0429195018cd4c790e4,15/9-F-11,15/9-F-11 T2,4414.6,2,0.0219999998808,0.102209835893,0.0219999998808,0.102209835893,0.102209835893
reservoir_property_p51_r1-dab073f1a320116f4365,15/9-F-11,15/9-F-11 T2,4416.6,1,0.134000003338,0.120338646131,0.134000003338,0.120338646131,0.120338646131
reservoir_property_p51_r1-5604e532d314abad691e,15/9-F-11,15/9-F-11 T2,4418.6,3,0.148000001907,0.136528056622,0.148000001907,0.136528056622,0.136528056622
reservoir_property_p51_r1-022dbb60f8a15d81b61a,15/9-F-11,15/9-F-11 T2,4420.6,0,0.158999994397,0.143496608241,0.158999994397,0.143496608241,0.143496608241
reservoir_property_p51_r1-5af141b5856ee30bc698,15/9-F-11,15/9-F-11 T2,4422.6,3,0.0659999996424,0.132007612473,0.0659999996424,0.132007612473,0.132007612473
reservoir_property_p51_r1-33b640b19ab12d920935,15/9-F-11,15/9-F-11 T2,4424.6,1,0.144999995828,0.147967197171,0.144999995828,0.147967197171,0.147967197171
reservoir_property_p51_r1-cb340997a238385357a7,15/9-F-11,15/9-F-11 T2,4426.6,3,0.150999993086,0.154989055284,0.150999993086,0.154989055284,0.154989055284
reservoir_property_p51_r1-664dbc2565265e8fe649,15/9-F-11,15/9-F-11 T2,4428.6,2,0.130999997258,0.143906941868,0.130999997258,0.143906941868,0.143906941868
reservoir_property_p51_r1-08cab6f36c81d873bd2a,15/9-F-11,15/9-F-11 T2,4430.6,0,0.0869999974966,0.125934910845,0.0869999974966,0.125934910845,0.125934910845
reservoir_property_p51_r1-869c97c4868dacfd8988,15/9-F-11,15/9-F-11 T2,4432.6,0,0.0489999987185,0.117218535463,0.0489999987185,0.117218535463,0.117218535463
reservoir_property_p51_r1-95b534ab119f581828f6,15/9-F-11,15/9-F-11 T2,4434.6,0,0.136999994516,0.148289349506,0.136999994516,0.148289349506,0.148289349506
reservoir_property_p51_r1-3ddbf46b2ad0e010e1ea,15/9-F-11,15/9-F-11 T2,4436.6,3,0.180999994278,0.176867266345,0.180999994278,0.176867266345,0.176867266345
reservoir_property_p51_r1-20df2492269150d61167,15/9-F-11,15/9-F-11 T2,4438.6,3,0.186000004411,0.180861312698,0.186000004411,0.180861312698,0.180861312698
reservoir_property_p51_r1-18b2b73f553186a48d09,15/9-F-11,15/9-F-11 T2,4440.6,3,0.172999992967,0.16933608364,0.172999992967,0.16933608364,0.16933608364
reservoir_property_p51_r1-3ca52cf198949916ef17,15/9-F-11,15/9-F-11 T2,4442.6,0,0.155000001192,0.148894017433,0.155000001192,0.148894017433,0.148894017433
reservoir_property_p51_r1-18cf671e4332bb8eac36,15/9-F-11,15/9-F-11 T2,4444.6,3,0.115999996662,0.12112389591,0.115999996662,0.12112389591,0.12112389591
reservoir_property_p51_r1-0a48cf6a95e9a919c852,15/9-F-11,15/9-F-11 T2,4446.6,2,0.019999999553,0.0652293668754,0.019999999553,0.0652293668754,0.0652293668754
reservoir_property_p51_r1-63fb285af5619fffa304,15/9-F-11,15/9-F-11 T2,4448.6,1,0.019999999553,0.0910724190523,0.019999999553,0.0910724190523,0.0910724190523
reservoir_property_p51_r1-304bf3829b1be7b0246c,15/9-F-11,15/9-F-11 T2,4450.6,2,0.188999995589,0.176600996288,0.188999995589,0.176600996288,0.176600996288
reservoir_property_p51_r1-a75decbef6c4d9266c61,15/9-F-11,15/9-F-11 T2,4452.6,0,0.199000000954,0.162636364482,0.199000000954,0.162636364482,0.162636364482
reservoir_property_p51_r1-627c465d3823f663425e,15/9-F-11,15/9-F-11 T2,4454.6,2,0.0710000023246,0.0909047288032,0.0710000023246,0.0909047288032,0.0909047288032
reservoir_property_p51_r1-1e7610968cb5fabbe70d,15/9-F-11,15/9-F-11 T2,4456.6,3,0.019999999553,0.051993698376,0.019999999553,0.051993698376,0.051993698376
reservoir_property_p51_r1-0ac9de685fea25da969e,15/9-F-11,15/9-F-11 T2,4458.6,2,0.019999999553,0.071312319025,0.019999999553,0.071312319025,0.071312319025
reservoir_property_p51_r1-df7abf69194a9ad86c7d,15/9-F-11,15/9-F-11 T2,4460.6,1,0.209999993443,0.111706685486,0.209999993443,0.111706685486,0.111706685486
reservoir_property_p51_r1-c61a87f37791364aac5d,15/9-F-11,15/9-F-11 T2,4462.6,2,0.019999999553,0.0873988832518,0.019999999553,0.0873988832518,0.0873988832518
reservoir_property_p51_r1-78bdc251edeeb5fa73a7,15/9-F-11,15/9-F-11 T2,4464.6,1,0.189999997616,0.133457605996,0.189999997616,0.133457605996,0.133457605996
reservoir_property_p51_r1-f6727249a8e4d91e5714,15/9-F-11,15/9-F-11 T2,4466.6,2,0.186000004411,0.187168344224,0.186000004411,0.187168344224,0.187168344224
reservoir_property_p51_r1-a0de1f1dd73c128e5c8d,15/9-F-11,15/9-F-11 T2,4468.6,2,0.197999998927,0.190657799977,0.197999998927,0.190657799977,0.190657799977
reservoir_property_p51_r1-d53314085d97a0d4b572,15/9-F-11,15/9-F-11 T2,4470.6,2,0.199000000954,0.188572692793,0.199000000954,0.188572692793,0.188572692793
reservoir_property_p51_r1-29ed6b113c540501e567,15/9-F-11,15/9-F-11 T2,4472.6,0,0.180000007153,0.190418609007,0.180000007153,0.190418609007,0.190418609007
reservoir_property_p51_r1-dd6a219cda221ddd26d4,15/9-F-11,15/9-F-11 T2,4474.6,1,0.208000004292,0.195121226169,0.208000004292,0.195121226169,0.195121226169
reservoir_property_p51_r1-b306ce7e6cefdf2178e7,15/9-F-11,15/9-F-11 T2,4476.6,0,0.194000005722,0.192252034143,0.194000005722,0.192252034143,0.192252034143
reservoir_property_p51_r1-bb1368e05347089a6bfe,15/9-F-11,15/9-F-11 T2,4478.6,0,0.193000003695,0.187479375104,0.193000003695,0.187479375104,0.187479375104
reservoir_property_p51_r1-cbe7b099ca21e97f54ed,15/9-F-11,15/9-F-11 T2,4480.6,0,0.199000000954,0.181408755372,0.199000000954,0.181408755372,0.181408755372
reservoir_property_p51_r1-cfc3c00464c01e956ae4,15/9-F-11,15/9-F-11 T2,4482.6,1,0.103000000119,0.171584161659,0.103000000119,0.171584161659,0.171584161659
reservoir_property_p51_r1-6d2726afb02c3085a208,15/9-F-11,15/9-F-11 T2,4484.6,1,0.186000004411,0.161393783861,0.186000004411,0.161393783861,0.161393783861
reservoir_property_p51_r1-6e3bcfa776508ed00b51,15/9-F-11,15/9-F-11 T2,4486.6,0,0.119999997318,0.163922225535,0.119999997318,0.163922225535,0.163922225535
reservoir_property_p51_r1-7718a780287384012ae8,15/9-F-11,15/9-F-11 T2,4488.6,3,0.206000000238,0.187892954127,0.206000000238,0.187892954127,0.187892954127
reservoir_property_p51_r1-3bb97bd9ee10771b5721,15/9-F-11,15/9-F-11 T2,4490.6,3,0.199000000954,0.200922699757,0.199000000954,0.200922699757,0.200922699757
reservoir_property_p51_r1-182e66ec00ec82a6916d,15/9-F-11,15/9-F-11 T2,4492.6,1,0.207000002265,0.195807476276,0.207000002265,0.195807476276,0.195807476276
reservoir_property_p51_r1-188c99f409134947b62b,15/9-F-11,15/9-F-11 T2,4494.6,1,0.173999994993,0.181673908386,0.173999994993,0.181673908386,0.181673908386
reservoir_property_p51_r1-5c24b61c90079ee94744,15/9-F-11,15/9-F-11 T2,4496.6,2,0.182999998331,0.171198429116,0.182999998331,0.171198429116,0.171198429116
reservoir_property_p51_r1-ef56fa1811b30c34ea7a,15/9-F-11,15/9-F-11 T2,4498.6,0,0.0320000015199,0.140915559144,0.0320000015199,0.140915559144,0.140915559144
reservoir_property_p51_r1-8a05122b29aa4a032fc8,15/9-F-11,15/9-F-11 T2,4500.6,2,0.0419999994338,0.0904229013745,0.0419999994338,0.0904229013745,0.0904229013745
reservoir_property_p51_r1-e1e0412ddfeeaf96d26e,15/9-F-11,15/9-F-11 T2,4502.6,2,0.0740000009537,0.0883023604663,0.0740000009537,0.0883023604663,0.0883023604663
reservoir_property_p51_r1-84d4ccb12bf3f48851f4,15/9-F-11,15/9-F-11 T2,4504.6,2,0.054999999702,0.0833002031044,0.054999999702,0.0833002031044,0.0833002031044
reservoir_property_p51_r1-639e53c6dc5629f64950,15/9-F-11,15/9-F-11 T2,4506.6,2,0.0010000000475,0.0964460861983,0.0010000000475,0.0964460861983,0.0964460861983
reservoir_property_p51_r1-9b66cde7ebce6bb587d2,15/9-F-11,15/9-F-11 T2,4508.6,2,0.019999999553,0.0753868377392,0.019999999553,0.0753868377392,0.0753868377392
reservoir_property_p51_r1-58df677b156117e45ce6,15/9-F-11,15/9-F-11 T2,4510.6,3,0.0270000007004,0.0614740437691,0.0270000007004,0.0614740437691,0.0614740437691
reservoir_property_p51_r1-1c4d1fb51e11f6a695f6,15/9-F-11,15/9-F-11 T2,4512.6,0,0.0570000000298,0.0696731451836,0.0570000000298,0.0696731451836,0.0696731451836
reservoir_property_p51_r1-3f38a6c034b96db4b973,15/9-F-12,15/9-F-12,3117.9516,0,0.00549999019131,-0.00381462720225,0.00549999019131,-0.00381462720225,0
reservoir_property_p51_r1-6702cde9baa3f335b90e,15/9-F-12,15/9-F-12,3120.0852,3,0.00240000011399,0.0202726070785,0.00240000011399,0.0202726070785,0.0202726070785
reservoir_property_p51_r1-b0e20fbd8d273e57a3e3,15/9-F-12,15/9-F-12,3122.2188,1,0.00899999029934,0.0693595586933,0.00899999029934,0.0693595586933,0.0693595586933
reservoir_property_p51_r1-8b6fd913805ebe4d533e,15/9-F-12,15/9-F-12,3124.3524,2,0.0493000000715,0.0938756078413,0.0493000000715,0.0938756078413,0.0938756078413
reservoir_property_p51_r1-0ab016a2d4b4acacb9bb,15/9-F-12,15/9-F-12,3126.486,0,0.240899994969,0.165667859667,0.240899994969,0.165667859667,0.165667859667
reservoir_property_p51_r1-529b790809eb55baff07,15/9-F-12,15/9-F-12,3128.6196,1,0.246299996972,0.248568347992,0.246299996972,0.248568347992,0.248568347992
reservoir_property_p51_r1-74569bc3997d5ab7aeb9,15/9-F-12,15/9-F-12,3130.7532,0,0.256199985743,0.239034839889,0.256199985743,0.239034839889,0.239034839889
reservoir_property_p51_r1-0bb63087fb396f51163e,15/9-F-12,15/9-F-12,3132.8868,0,0.259099990129,0.220361665496,0.259099990129,0.220361665496,0.220361665496
reservoir_property_p51_r1-fc5548e4901c4f3568b0,15/9-F-12,15/9-F-12,3135.0204,0,0.187399983406,0.215988508035,0.187399983406,0.215988508035,0.215988508035
reservoir_property_p51_r1-b5640b0e4e6e0e91b0cd,15/9-F-12,15/9-F-12,3137.154,1,0.278600007296,0.241008672217,0.278600007296,0.241008672217,0.241008672217
reservoir_property_p51_r1-f3333510eb6abf2cda63,15/9-F-12,15/9-F-12,3139.2876,3,0.168500006199,0.178980424988,0.168500006199,0.178980424988,0.178980424988
reservoir_property_p51_r1-d65121186fd853fa16cb,15/9-F-12,15/9-F-12,3141.4212,1,0.194399982691,0.159691784998,0.194399982691,0.159691784998,0.159691784998
reservoir_property_p51_r1-37b4f55493cd6f9b9af0,15/9-F-12,15/9-F-12,3143.5548,2,0.276399999857,0.214314569983,0.276399999857,0.214314569983,0.214314569983
reservoir_property_p51_r1-592a04ee28bcee2d52d2,15/9-F-12,15/9-F-12,3145.6884,1,0.209000006318,0.178883540485,0.209000006318,0.178883540485,0.178883540485
reservoir_property_p51_r1-d6737e6a5336bd154c59,15/9-F-12,15/9-F-12,3147.822,3,0.118699990213,0.116093636295,0.118699990213,0.116093636295,0.116093636295
reservoir_property_p51_r1-2539d0334f0fac390359,15/9-F-12,15/9-F-12,3149.9556,2,0.225199997425,0.161697987078,0.225199997425,0.161697987078,0.161697987078
reservoir_property_p51_r1-c5132bbbdd362f888613,15/9-F-12,15/9-F-12,3152.0892,0,0.236200004816,0.228920548668,0.236200004816,0.228920548668,0.228920548668
reservoir_property_p51_r1-0e684dd1f15068b53faf,15/9-F-12,15/9-F-12,3154.2228,2,0.232999995351,0.223589714709,0.232999995351,0.223589714709,0.223589714709
reservoir_property_p51_r1-2ca20e3df29d18fe515e,15/9-F-12,15/9-F-12,3156.3564,0,0.233400002122,0.224366594033,0.233400002122,0.224366594033,0.224366594033
reservoir_property_p51_r1-a51fa3887ef25026c3a1,15/9-F-12,15/9-F-12,3158.49,0,0.227799996734,0.20538499372,0.227799996734,0.20538499372,0.20538499372
reservoir_property_p51_r1-7ed1f6ea47c96c23d0d7,15/9-F-12,15/9-F-12,3160.6236,3,0.198799982667,0.171079245379,0.198799982667,0.171079245379,0.171079245379
reservoir_property_p51_r1-625454f1895f1b2d6ecf,15/9-F-12,15/9-F-12,3162.7572,2,0.174300000072,0.14992432979,0.174300000072,0.14992432979,0.14992432979
reservoir_property_p51_r1-8c2a082a676d77f162cb,15/9-F-12,15/9-F-12,3164.8908,1,0.144099995494,0.159254398941,0.144099995494,0.159254398941,0.159254398941
reservoir_property_p51_r1-1bac30db3abe519b92de,15/9-F-12,15/9-F-12,3167.0244,0,0.212799996138,0.198735830535,0.212799996138,0.198735830535,0.198735830535
reservoir_property_p51_r1-6e88bf417c68aa55fd1d,15/9-F-12,15/9-F-12,3169.158,2,0.261999994516,0.222721879464,0.261999994516,0.222721879464,0.222721879464
reservoir_property_p51_r1-99365b57af8be71b2956,15/9-F-12,15/9-F-12,3171.2916,2,0.241500005126,0.223228738351,0.241500005126,0.223228738351,0.223228738351
reservoir_property_p51_r1-4b21e233f79a2e1263ce,15/9-F-12,15/9-F-12,3173.4252,2,0.263399988413,0.21750541459,0.263399988413,0.21750541459,0.21750541459
reservoir_property_p51_r1-f4ec491f6d302e188e9a,15/9-F-12,15/9-F-12,3175.5588,1,0.257099986076,0.217822720684,0.257099986076,0.217822720684,0.217822720684
reservoir_property_p51_r1-e98ef5c0e3e7704ae4a6,15/9-F-12,15/9-F-12,3177.6924,0,0.262199997902,0.210775970134,0.262199997902,0.210775970134,0.210775970134
reservoir_property_p51_r1-61f97be7b5afc0f5507f,15/9-F-12,15/9-F-12,3179.826,2,0.186700001359,0.175937397924,0.186700001359,0.175937397924,0.175937397924
reservoir_property_p51_r1-1e26b22d7402bdcf7a70,15/9-F-12,15/9-F-12,3181.9596,0,0.226699993014,0.185497377509,0.226699993014,0.185497377509,0.185497377509
reservoir_property_p51_r1-95879c6487610302bd53,15/9-F-12,15/9-F-12,3184.0932,1,0.243300005794,0.228435202675,0.243300005794,0.228435202675,0.228435202675
reservoir_property_p51_r1-58d88d81d85ed22b4793,15/9-F-12,15/9-F-12,3186.2268,0,0.259499996901,0.237604442059,0.259499996901,0.237604442059,0.237604442059
reservoir_property_p51_r1-4e29e75f3887a0d30065,15/9-F-12,15/9-F-12,3188.3604,1,0.250900000334,0.250951853731,0.250900000334,0.250951853731,0.250951853731
reservoir_property_p51_r1-40491812d41b4b76c4eb,15/9-F-12,15/9-F-12,3190.494,1,0.239800006151,0.260387918416,0.239800006151,0.260387918416,0.260387918416
reservoir_property_p51_r1-a630d9b5e79f5bb9b3d3,15/9-F-12,15/9-F-12,3192.6276,1,0.254000008106,0.255144442878,0.254000008106,0.255144442878,0.255144442878
reservoir_property_p51_r1-8335b643c3e08fc0b98c,15/9-F-12,15/9-F-12,3194.7612,3,0.204999983311,0.225611943053,0.204999983311,0.225611943053,0.225611943053
reservoir_property_p51_r1-2652690bc997d0508def,15/9-F-12,15/9-F-12,3196.8948,0,0.246000006795,0.22734189471,0.246000006795,0.22734189471,0.22734189471
reservoir_property_p51_r1-bcf21b7e633bdf6be496,15/9-F-12,15/9-F-12,3199.0284,2,0.236800000072,0.239179861064,0.236800000072,0.239179861064,0.239179861064
reservoir_property_p51_r1-68e11e2f625b1d8092a9,15/9-F-12,15/9-F-12,3201.162,2,0.226400002837,0.238013003975,0.226400002837,0.238013003975,0.238013003975
reservoir_property_p51_r1-21b08e3e961646d87d7a,15/9-F-12,15/9-F-12,3203.2956,1,0.242500007153,0.249083565319,0.242500007153,0.249083565319,0.249083565319
reservoir_property_p51_r1-6767df83333feb62bf4d,15/9-F-12,15/9-F-12,3205.4292,0,0.197200000286,0.228615860543,0.197200000286,0.228615860543,0.228615860543
reservoir_property_p51_r1-4d760c029e448352b292,15/9-F-12,15/9-F-12,3207.5628,2,0.240099996328,0.222630850904,0.240099996328,0.222630850904,0.222630850904
reservoir_property_p51_r1-636663cf6a84b4ef2112,15/9-F-12,15/9-F-12,3209.6964,1,0.266200006008,0.232408209448,0.266200006008,0.232408209448,0.232408209448
reservoir_property_p51_r1-2ef063667eded60f5077,15/9-F-12,15/9-F-12,3211.83,2,0.252799987793,0.22015332904,0.252799987793,0.22015332904,0.22015332904
reservoir_property_p51_r1-b334c842bda1ef328f38,15/9-F-12,15/9-F-12,3213.9636,1,0.224399983883,0.206034507472,0.224399983883,0.206034507472,0.206034507472
reservoir_property_p51_r1-8c95ac841810a2d93b76,15/9-F-12,15/9-F-12,3216.0972,3,0.216100007296,0.195296533466,0.216100007296,0.195296533466,0.195296533466
reservoir_property_p51_r1-425b1e4863342e3b24c9,15/9-F-12,15/9-F-12,3218.2308,0,0.232999995351,0.201547117856,0.232999995351,0.201547117856,0.201547117856
reservoir_property_p51_r1-68b14c42407d8d231682,15/9-F-12,15/9-F-12,3220.3644,0,0.247400000691,0.219370879723,0.247400000691,0.219370879723,0.219370879723
reservoir_property_p51_r1-4b6087e77fc13272607a,15/9-F-12,15/9-F-12,3222.498,0,0.237399995327,0.225380042278,0.237399995327,0.225380042278,0.225380042278
reservoir_property_p51_r1-7345b5c9198a2bbb62f5,15/9-F-12,15/9-F-12,3224.6316,3,0.237200006843,0.21416810123,0.237200006843,0.21416810123,0.21416810123
reservoir_property_p51_r1-76e3d221da9d5e6c6d05,15/9-F-12,15/9-F-12,3226.7652,3,0.229699984193,0.211716606341,0.229699984193,0.211716606341,0.211716606341
reservoir_property_p51_r1-2acf63a10c98b888c2fc,15/9-F-12,15/9-F-12,3228.8988,2,0.235699996352,0.20898732213,0.235699996352,0.20898732213,0.20898732213
reservoir_property_p51_r1-dfeef5cbc2de34efba95,15/9-F-12,15/9-F-12,3231.0324,0,0.200200006366,0.194408549586,0.200200006366,0.194408549586,0.194408549586
reservoir_property_p51_r1-97f72964ae6ff42ad85d,15/9-F-12,15/9-F-12,3233.166,2,0.203199982643,0.186103811041,0.203199982643,0.186103811041,0.186103811041
reservoir_property_p51_r1-ae909583c02e00b7d815,15/9-F-12,15/9-F-12,3235.2996,0,0.26210001111,0.206339935406,0.26210001111,0.206339935406,0.206339935406
reservoir_property_p51_r1-93ad04da55e66902a172,15/9-F-12,15/9-F-12,3237.4332,2,0.261799991131,0.217996062385,0.261799991131,0.217996062385,0.217996062385
reservoir_property_p51_r1-ca712d32515a21890840,15/9-F-12,15/9-F-12,3239.5668,0,0.268299996853,0.23364327431,0.268299996853,0.23364327431,0.23364327431
reservoir_property_p51_r1-66c6e53a35be384ed606,15/9-F-12,15/9-F-12,3241.7004,2,0.277599990368,0.220612118992,0.277599990368,0.220612118992,0.220612118992
reservoir_property_p51_r1-8a405574e92664aef706,15/9-F-12,15/9-F-12,3243.834,1,0.174700006843,0.178264025434,0.174700006843,0.178264025434,0.178264025434
reservoir_property_p51_r1-fd659ec929231c7da9f2,15/9-F-12,15/9-F-12,3245.9676,3,0.209600001574,0.179352226805,0.209600001574,0.179352226805,0.179352226805
reservoir_property_p51_r1-033858a9d61fe79879d2,15/9-F-12,15/9-F-12,3248.1012,2,0.248400002718,0.205034657115,0.248400002718,0.205034657115,0.205034657115
reservoir_property_p51_r1-beec79ac877ddf064871,15/9-F-12,15/9-F-12,3250.2348,1,0.243300005794,0.208386812634,0.243300005794,0.208386812634,0.208386812634
reservoir_property_p51_r1-8cef5dc89f2b0678a45b,15/9-F-12,15/9-F-12,3252.3684,1,0.241400003433,0.20558856434,0.241400003433,0.20558856434,0.20558856434
reservoir_property_p51_r1-64096ecfb67b34b655a0,15/9-F-12,15/9-F-12,3254.502,2,0.237599983811,0.206218737952,0.237599983811,0.206218737952,0.206218737952
reservoir_property_p51_r1-0c3094d23bfe42aace33,15/9-F-12,15/9-F-12,3256.6356,3,0.263999998569,0.218553930461,0.263999998569,0.218553930461,0.218553930461
reservoir_property_p51_r1-00b9538f1aa551abeac6,15/9-F-12,15/9-F-12,3258.7692,1,0.236000001431,0.185484546783,0.236000001431,0.185484546783,0.185484546783
reservoir_property_p51_r1-081480d994ce0e302f9e,15/9-F-12,15/9-F-12,3260.9028,0,0.172199994326,0.157833033616,0.172199994326,0.157833033616,0.157833033616
reservoir_property_p51_r1-4853f4318271c6ff1ec6,15/9-F-12,15/9-F-12,3263.0364,2,0.217500001192,0.183681466587,0.217500001192,0.183681466587,0.183681466587
reservoir_property_p51_r1-ff6ab928b550ff19f45f,15/9-F-12,15/9-F-12,3265.17,3,0.20640000701,0.170912179142,0.20640000701,0.170912179142,0.170912179142
reservoir_property_p51_r1-43d03b28a1252bd76a8a,15/9-F-12,15/9-F-12,3267.3036,3,0.148300006986,0.151693522906,0.148300006986,0.151693522906,0.151693522906
reservoir_property_p51_r1-b08e47142d609ebea6a6,15/9-F-12,15/9-F-12,3269.4372,3,0.213899984956,0.179218983434,0.213899984956,0.179218983434,0.179218983434
reservoir_property_p51_r1-ab626e8e55c47a09bb57,15/9-F-12,15/9-F-12,3271.5708,3,0.256300002337,0.18083680531,0.256300002337,0.18083680531,0.18083680531
reservoir_property_p51_r1-e58af9ede87719b98a66,15/9-F-12,15/9-F-12,3273.7044,0,0.194299995899,0.168619033192,0.194299995899,0.168619033192,0.168619033192
reservoir_property_p51_r1-d909f087ed7d09a13949,15/9-F-12,15/9-F-12,3275.838,1,0.210500001907,0.181408497131,0.210500001907,0.181408497131,0.181408497131
reservoir_property_p51_r1-0bf3115bf45dea98b967,15/9-F-12,15/9-F-12,3277.9716,0,0.180999994278,0.182311515699,0.180999994278,0.182311515699,0.182311515699
reservoir_property_p51_r1-9a782908f3cf39dc1e3b,15/9-F-12,15/9-F-12,3280.1052,2,0.172000005841,0.142930118057,0.172000005841,0.142930118057,0.142930118057
reservoir_property_p51_r1-484e2de3e11569818132,15/9-F-12,15/9-F-12,3282.2388,1,0.0769999921322,0.08823676975,0.0769999921322,0.08823676975,0.08823676975
reservoir_property_p51_r1-b4efbbf6fd337022a4d6,15/9-F-12,15/9-F-12,3284.3724,2,0.0714000016451,0.0776125993004,0.0714000016451,0.0776125993004,0.0776125993004
reservoir_property_p51_r1-eba7b2e68048890519c4,15/9-F-12,15/9-F-12,3286.506,1,0.0348000004888,0.075779024567,0.0348000004888,0.075779024567,0.075779024567
reservoir_property_p51_r1-9c419a917f8951844810,15/9-F-12,15/9-F-12,3288.6396,3,0.10949999094,0.0658936038988,0.10949999094,0.0658936038988,0.0658936038988
