sample_id,well_id,mother_well_family,depth_m,actual_model_domain,predicted_model_domain,actual_mD,predicted_mD,interval_low_mD,interval_high_mD
target7_permeability_klogh-59bda3663c5d3e2af20e,15/9-19 A,15/9-19,3839.5656,5.26043701171875,4.779081120196551,191.56562634724742,117.99495772994618,,
target7_permeability_klogh-79fbeafe649afa27ab81,15/9-19 A,15/9-19,3841.6992,7.333518981933594,5.0581929578924925,1529.759018555809,156.30600076784276,,
target7_permeability_klogh-4e83856f193d3f5c3e49,15/9-19 A,15/9-19,3843.8328,0.09531018137931824,4.555180656826725,0.10000000173249271,94.1239384722667,,
target7_permeability_klogh-ccef8f1180ba2f5fec81,15/9-19 A,15/9-19,3845.9664,5.075504302978516,4.135781206535014,159.0528867778848,61.53842742053434,,
target7_permeability_klogh-6e61f2ac1610f2f5bf6f,15/9-19 A,15/9-19,3848.1,0.09531018137931824,3.1957208923502094,0.10000000173249271,23.427777144111694,,
target7_permeability_klogh-25f132256eeec04b0f85,15/9-19 A,15/9-19,3850.2336,0.09531018137931824,3.3157106937862117,0.10000000173249271,26.54196093118506,,
target7_permeability_klogh-7fcdabf02a6a271d91ce,15/9-19 A,15/9-19,3852.3672,3.8300511837005615,3.4826569346920433,45.064895945716245,31.546080110568134,,
target7_permeability_klogh-909b2f485d173cd87a65,15/9-19 A,15/9-19,3854.5008,0.09531018137931824,1.6830102820188457,0.10000000173249271,4.381732142987172,,
target7_permeability_klogh-5915a19d5dcf4f9f92ca,15/9-19 A,15/9-19,3856.6344,2.3245227336883545,2.6746611747603857,9.221800400453413,13.507433522112406,,
target7_permeability_klogh-13c1d9227df43d3301e8,15/9-19 A,15/9-19,3858.768,4.694286823272705,4.568585418516895,108.32081577215116,95.40763681167633,,
target7_permeability_klogh-d17e16e4eeeaaeec18e7,15/9-19 A,15/9-19,3860.9016,8.40185832977295,6.184326458652338,4454.338547725051,484.0861279882532,,
target7_permeability_klogh-ac9637940b2a8370f3b7,15/9-19 A,15/9-19,3863.0352,7.573469638824463,6.844143299178786,1944.8800835436843,937.3690350371016,,
target7_permeability_klogh-d1e8cad64b5dab82e200,15/9-19 A,15/9-19,3865.1688,8.797725677490234,6.927229334540408,6618.172740754741,1018.6649118805909,,
target7_permeability_klogh-891a18a5c0fe32acdcae,15/9-19 A,15/9-19,3867.3024,7.182104110717773,6.852138643588655,1314.673670930252,944.9016916202515,,
target7_permeability_klogh-04acd022c6d4b127fd8b,15/9-19 A,15/9-19,3869.436,8.658476829528809,7.110218131304022,5757.756411097178,1223.4146001176439,,
target7_permeability_klogh-67dc76c26baedb0d841b,15/9-19 A,15/9-19,3871.5696,8.754745483398438,7.3425683671625315,6339.706543398274,1543.6743140805215,,
target7_permeability_klogh-0e759d8b54bcbd827e41,15/9-19 A,15/9-19,3873.7032,7.51696252822876,6.190223532085066,1837.9729735639385,486.955167660666,,
target7_permeability_klogh-9c890bfc4821ba6bdfd8,15/9-19 A,15/9-19,3875.8368,1.3720686435699463,3.517771564661752,2.943499959437308,32.709225872754814,,
target7_permeability_klogh-7ee482ec87f4d05cef0a,15/9-19 A,15/9-19,3877.9704,5.5949811935424805,3.229321436937504,268.0725897424544,24.26250894817524,,
target7_permeability_klogh-4d553def0a009a3fd416,15/9-19 A,15/9-19,3880.104,2.183227062225342,3.5304499152765167,7.874899951480709,33.139323963348474,,
target7_permeability_klogh-d4975a82035a3c43ec2c,15/9-19 A,15/9-19,3882.2376,4.169682502746582,3.714474881065554,63.69490839056465,40.037032102852905,,
target7_permeability_klogh-5ba6c2de20cfc437f810,15/9-19 A,15/9-19,3884.3712,0.09531018137931824,3.4442287145625965,0.10000000173249271,30.31911814895562,,
target7_permeability_klogh-8eeeecb4dc6a0f83162b,15/9-19 A,15/9-19,3886.5048,6.154204368591309,4.911102167697647,469.6921959454037,134.7889942054221,,
target7_permeability_klogh-9b56da129811bf16d811,15/9-19 A,15/9-19,3888.6384,4.86892032623291,5.106954761013553,129.18028875110315,164.16661644141016,,
target7_permeability_klogh-c868857b259da517e0ae,15/9-19 A,15/9-19,3890.772,4.1580891609191895,4.176632735238956,62.949209128483304,64.14611923876319,,
target7_permeability_klogh-cee3fd853209dff57d9a,15/9-19 A,15/9-19,3892.9056,4.283292770385742,3.4661577843669327,71.47870324662617,31.013503058296017,,
target7_permeability_klogh-48f86ae2147321ff9049,15/9-19 A,15/9-19,3895.0392,0.4138961434364319,3.568875610485867,0.5127000149007234,34.47668110925692,,
target7_permeability_klogh-d13235dbffdb354bfb30,15/9-19 A,15/9-19,3897.1728,3.4567582607269287,4.263138124225616,30.714001172135283,70.03254300588628,,
target7_permeability_klogh-7d941c84b5afddb822de,15/9-19 A,15/9-19,3899.3064,6.336800575256348,5.339479706330275,563.9857871008671,207.40425066375064,,
target7_permeability_klogh-cfae310988015bb20c78,15/9-19 A,15/9-19,3901.44,6.895114421844482,6.07410333686672,986.4387029083665,433.4597637571979,,
target7_permeability_klogh-6542fa6432f8d5a2579d,15/9-19 A,15/9-19,3903.5736,5.544151782989502,5.598522910502076,254.73756526615097,269.02725828185856,,
target7_permeability_klogh-681a6436661a3253c24d,15/9-19 A,15/9-19,3905.7072,5.980985641479492,5.426451219466614,394.8303227309762,226.34102876312565,,
target7_permeability_klogh-7ddbedbd803d2e7bf2f2,15/9-19 A,15/9-19,3907.8408,5.661994934082031,4.39778413453688,286.72205694147766,80.27058431485202,,
target7_permeability_klogh-62457cfd2b65dd7f6b85,15/9-19 A,15/9-19,3909.9744,4.560821056365967,4.366948069582822,94.66199148149701,77.80276377872264,,
target7_permeability_klogh-aa89feb0c3e24733540f,15/9-19 A,15/9-19,3912.108,4.579692363739014,4.6332967875879,96.48439985733916,101.85258892022023,,
target7_permeability_klogh-188c98cdf18f419e5bb4,15/9-19 A,15/9-19,3914.2416,4.383874893188477,4.138072070809494,79.14799740777146,61.68185869776064,,
target7_permeability_klogh-23c63ab4855f26788aa6,15/9-19 A,15/9-19,3916.3752,4.840527057647705,3.8045810825689714,125.53602593817662,43.906434084104184,,
target7_permeability_klogh-4e46779fffebada3efaa,15/9-19 A,15/9-19,3918.5088,1.9652644395828247,3.167108758386981,6.136799592955393,22.738750577816926,,
target7_permeability_klogh-2e315c15c54273331965,15/9-19 A,15/9-19,3920.6424,0.010841023176908493,2.748122199787443,0.010899999999023103,14.613285708461811,,
target7_permeability_klogh-df9d3d5ebc0d04d6d08c,15/9-19 A,15/9-19,3922.776,0.04831385985016823,3.9309928801781835,0.04949999955041267,49.95754729889754,,
target7_permeability_klogh-dedbe85da234e05a1c9b,15/9-19 A,15/9-19,3924.9096,1.9194341897964478,4.62254763453959,5.817100193019793,100.7529314817962,,
target7_permeability_klogh-71cedc305a0c6da8db21,15/9-19 A,15/9-19,3927.0432,0.42278099060058594,4.706144288820374,0.5262000072146377,109.62479927026563,,
target7_permeability_klogh-b0af514ae6a1cc3305ed,15/9-19 A,15/9-19,3929.1768,2.4145824909210205,4.404864016659322,10.185099501966889,80.84801212027233,,
target7_permeability_klogh-efc18de5005109e3c636,15/9-19 A,15/9-19,3931.3104,0.006975613534450531,3.0631320494736247,0.006999999796611466,20.394460844339147,,
target7_permeability_klogh-0f821ec020421dad6a02,15/9-19 A,15/9-19,3933.444,0.0002999550197273493,2.0615796320351416,0.00030000001073259263,6.858373349512364,,
target7_permeability_klogh-26cf3b32f3fd83bff6f3,15/9-19 A,15/9-19,3935.5776,0.3472708761692047,2.9116300640998167,0.41520001741512047,17.386745726613388,,
target7_permeability_klogh-b757658266f6c9be7b28,15/9-19 A,15/9-19,3937.7112,2.809185743331909,3.8264595869323466,15.596398986929906,44.899746167544244,,
target7_permeability_klogh-5adf400dcafe5011c3dc,15/9-19 A,15/9-19,3939.8448,0.384377658367157,3.3224400130703784,0.4687000038031653,26.727924582635733,,
target7_permeability_klogh-d90102eaca6a6df48c50,15/9-19 A,15/9-19,3941.9784,0.06344417482614517,1.3312364892689112,0.06550000241826988,2.7857214987639107,,
target7_permeability_klogh-1cd775f0e99f11b7aa0f,15/9-19 A,15/9-19,3944.112,1.0947716236114502,0.12544648862343255,1.9885001025930502,0.13365450392434938,,
target7_permeability_klogh-1deeeba26739a71907a8,15/9-19 A,15/9-19,3946.2456,0.020684590563178062,-0.10869358871946933,0.0208999993571856,0.0,,
target7_permeability_klogh-35a07148648a64d36392,15/9-19 A,15/9-19,3948.3792,3.571120262145996,1.0897633852420072,34.55640334125178,1.9735703986762778,,
target7_permeability_klogh-dc1be0c41bff8457d7ba,15/9-19 A,15/9-19,3950.5128,0.0056838165037333965,0.7303140973034887,0.005700000035637709,1.0757324872689669,,
target7_permeability_klogh-84b1a41813c9f878d844,15/9-19 A,15/9-19,3952.6464,5.1610589027404785,1.4052970765441821,173.34897650204513,3.0767376645270863,,
target7_permeability_klogh-5129a51894356a967fd3,15/9-19 A,15/9-19,3954.78,6.517987251281738,2.7331821316525624,676.2139511563153,14.381755997541575,,
target7_permeability_klogh-09360b6b1fa2e62d8354,15/9-19 A,15/9-19,3956.9136,3.7298367023468018,2.143277969885191,40.672302619158586,7.5273442430067705,,
target7_permeability_klogh-9e189f4f0777980b189c,15/9-19 A,15/9-19,3959.0472,4.521656036376953,0.5740819916731001,90.98780706621565,0.7754998548921099,,
target7_permeability_klogh-cabeea4db155f631930e,15/9-19 A,15/9-19,3961.1808,3.9364190101623535,0.8364390129088939,50.23480110153937,1.3081330929564148,,
target7_permeability_klogh-96b27a2833a3d9ced384,15/9-19 A,15/9-19,3963.3144,2.3727173805236816,1.596813041234756,9.726500700968844,3.937272440843636,,
target7_permeability_klogh-f51a8dedd4951b2e1c61,15/9-19 BT2,15/9-19,4039.9716,7.613568305969238,6.332870498380565,2024.4927959706229,561.7697070586726,,
target7_permeability_klogh-96dc1dbc376b75cf3285,15/9-19 BT2,15/9-19,4042.1052,7.013220310211182,6.182814354807926,1110.227245592401,483.3531816743749,,
target7_permeability_klogh-2d4018357c2ee7732688,15/9-19 BT2,15/9-19,4044.2388,7.330939292907715,6.166366325079666,1525.8152253814562,475.45168629554587,,
target7_permeability_klogh-84f6361646a7684774ce,15/9-19 BT2,15/9-19,4046.3724,7.378178119659424,5.6009950546220955,1599.670878900709,269.69563039636523,,
target7_permeability_klogh-c2a07ebb6d33c4bb704a,15/9-19 BT2,15/9-19,4048.506,4.476233005523682,4.910707437968142,86.90291840162759,134.73540482982528,,
target7_permeability_klogh-0d1a04242ab15f2a3d14,15/9-19 BT2,15/9-19,4050.6396,2.8217716217041016,4.158259397935499,15.806599248748253,62.960096577737836,,
target7_permeability_klogh-c3730138b34570286352,15/9-19 BT2,15/9-19,4052.7732,3.1862823963165283,4.379010587981177,23.19830032801458,78.7590797605576,,
target7_permeability_klogh-160c1106b76dc6db8a32,15/9-19 BT2,15/9-19,4054.9068,5.39888858795166,5.477867013528995,220.16047913966221,238.33566281163522,,
target7_permeability_klogh-6bffbb8f650d3b7daeee,15/9-19 BT2,15/9-19,4057.0404,5.762667655944824,5.571492809749199,317.1960352657903,261.82615598240307,,
target7_permeability_klogh-ec03be3a3e91647d9b54,15/9-19 BT2,15/9-19,4059.174,5.299007892608643,5.462976596815852,199.13815290572248,234.79825714086772,,
target7_permeability_klogh-fae5c8806378a238cc32,15/9-19 BT2,15/9-19,4061.3076,6.117895603179932,5.149281034323208,452.9084851576879,171.30756254896238,,
target7_permeability_klogh-b7fc4fb18ed53b53b2e5,15/9-19 BT2,15/9-19,4063.4412,2.813748598098755,4.265218099873647,15.672298973784127,70.18044272614296,,
target7_permeability_klogh-42b0e120445b1bb4e6d7,15/9-19 BT2,15/9-19,4065.5748,2.0328738689422607,3.958858616515636,6.635999718069413,51.39748618018521,,
target7_permeability_klogh-9704b0ea5af86c41362b,15/9-19 BT2,15/9-19,4067.7084,5.393316745758057,4.971991749105121,218.93163449382322,143.31403866669322,,
target7_permeability_klogh-8518c13520a26c5d0119,15/9-19 BT2,15/9-19,4069.842,3.2869045734405518,3.709493077506663,25.759902009890236,39.83310206174624,,
target7_permeability_klogh-783cc2bb7b80a139c5de,15/9-19 BT2,15/9-19,4071.9756,0.09531018137931824,3.1500460815747977,0.10000000173249271,22.337139968325765,,
target7_permeability_klogh-bc367ccfc885c39255c5,15/9-19 BT2,15/9-19,4074.1092,7.044898986816406,5.320523699681102,1145.9929685525824,203.49094579898372,,
target7_permeability_klogh-0fa623ebfe9e0a88aa7e,15/9-19 BT2,15/9-19,4076.2428,0.09531018137931824,3.9189109876389576,0.10000000173249271,49.345587946005686,,
target7_permeability_klogh-5e5534199a781247c8b8,15/9-19 BT2,15/9-19,4078.3764,6.680745601654053,4.640654026081037,795.9130702635882,102.6120904375265,,
target7_permeability_klogh-3c1dfc84713e061fee2e,15/9-19 BT2,15/9-19,4080.51,7.569835662841797,6.261311452058322,1937.8216349389832,522.9055668045447,,
target7_permeability_klogh-957d9d7dec262f3105d7,15/9-19 BT2,15/9-19,4082.6436,6.899533748626709,6.444282052923638,990.8121739949029,628.0948579763239,,
target7_permeability_klogh-e1d1c59459222b770380,15/9-19 BT2,15/9-19,4084.7772,7.234645843505859,5.962368380939868,1385.6497202040944,387.52922062369066,,
target7_permeability_klogh-dfcd0802d9298aee4190,15/9-19 BT2,15/9-19,4086.9108,6.175037384033203,5.712221707629501,479.60099038825956,301.54248310586286,,
target7_permeability_klogh-776a2cb42bd43912e0f6,15/9-19 BT2,15/9-19,4089.0444,6.853127956390381,6.03460779887931,945.8379473214582,416.63498060603155,,
target7_permeability_klogh-85a9085d02af8547a4df,15/9-19 BT2,15/9-19,4091.178,5.5161309242248535,5.669741412781095,247.67104639395092,288.9595448641844,,
target7_permeability_klogh-601fc4eb7a9ceae1d8f9,15/9-19 BT2,15/9-19,4093.3116,5.742554664611816,5.1728893161251515,310.8600921406339,175.42384604988345,,
target7_permeability_klogh-97421a6c28e88735eee1,15/9-19 BT2,15/9-19,4095.4452,0.405398428440094,4.257628269881144,0.4998999838324539,69.64224028319893,,
target7_permeability_klogh-a49f683723810846b6e8,15/9-19 BT2,15/9-19,4097.5788,2.972688913345337,3.9104805326680308,18.544402207734738,48.92293581197904,,
target7_permeability_klogh-ef5db08167f3ee184027,15/9-19 BT2,15/9-19,4099.7124,0.09531018137931824,2.677455546753123,0.10000000173249271,13.548029381583346,,
target7_permeability_klogh-680bcb619d58b46a291e,15/9-19 BT2,15/9-19,4101.846,0.57408207654953,2.939312058381381,0.7755000055902053,17.90283778939062,,
target7_permeability_klogh-6e2e0e9a7c3cd9c22b57,15/9-19 BT2,15/9-19,4103.9796,0.028878958895802498,3.367195374431304,0.029299999326246804,27.997086935219286,,
target7_permeability_klogh-ddb9e08bd45680702723,15/9-19 BT2,15/9-19,4106.1132,6.374486923217773,5.456523081277726,585.6843395936826,233.28142912551232,,
target7_permeability_klogh-785c396a8a7e0b16a3e5,15/9-19 BT2,15/9-19,4108.2468,6.560470104217529,6.369423279419541,705.6037939522549,582.7210878332778,,
target7_permeability_klogh-b807c44b53e8822a7908,15/9-19 BT2,15/9-19,4110.3804,7.116576671600342,6.476128900371565,1231.2248944125558,648.4519805126615,,
target7_permeability_klogh-be693e5f583793a624f4,15/9-19 BT2,15/9-19,4112.514,6.458166122436523,6.323016970458982,636.8901707949451,556.2516707455558,,
target7_permeability_klogh-261c0b63c6da63f48ffd,15/9-19 BT2,15/9-19,4114.6476,6.469385147094727,6.252565588841087,644.0869714058839,518.3435388937106,,
target7_permeability_klogh-0602a759717e6a172a31,15/9-19 BT2,15/9-19,4116.7812,5.106344223022461,6.217177836330405,164.0658067244251,500.28652125736164,,
target7_permeability_klogh-c1ac926fe84eebfe7686,15/9-19 BT2,15/9-19,4118.9148,6.923097610473633,6.641060416994877,1014.4606292729352,764.9067430740416,,
target7_permeability_klogh-310744c6113d9b060c0b,15/9-19 BT2,15/9-19,4121.0484,6.6162190437316895,6.696894982258678,746.114941215478,808.8872028742281,,
target7_permeability_klogh-f97d0fd9b892b834ade1,15/9-19 BT2,15/9-19,4123.182,7.108357906341553,6.841471605905614,1221.139030705811,934.865346831175,,
target7_permeability_klogh-a6088f7137f581b4a817,15/9-19 BT2,15/9-19,4125.3156,6.730847358703613,6.726418191218068,836.8569306039515,833.1541281488176,,
target7_permeability_klogh-6e125706cf67fc6d6770,15/9-19 BT2,15/9-19,4127.4492,7.142337799072266,6.792265203250956,1263.3808049489303,889.9294140162074,,
target7_permeability_klogh-1a92d9785473afc5f08e,15/9-19 BT2,15/9-19,4129.5828,7.958240509033203,6.940988408452738,2858.0380727299394,1032.7915184199412,,
target7_permeability_klogh-8e3b2dcb4181d7c7bee8,15/9-19 BT2,15/9-19,4131.7164,0.09531018137931824,6.88139958530447,0.10000000173249271,972.9885864055988,,
target7_permeability_klogh-e1bfc457b424a4c555cf,15/9-19 BT2,15/9-19,4133.85,7.370115280151367,7.001383099760572,1586.8168162571194,1097.1509608814624,,
target7_permeability_klogh-4e25484d557865bc9001,15/9-19 BT2,15/9-19,4135.9836,7.0270466804504395,6.204127470941375,1125.6981919637863,493.7870514627511,,
target7_permeability_klogh-f2830da9a45f1bc63055,15/9-19 BT2,15/9-19,4138.1172,6.467363357543945,6.027096657743809,642.7840588590558,413.50981678957226,,
target7_permeability_klogh-f33549a876752b3ce495,15/9-19 BT2,15/9-19,4140.2508,3.038461208343506,4.374594493375833,19.873099159086372,78.40763270158708,,
target7_permeability_klogh-b4dc428b0005714d89a5,15/9-19 BT2,15/9-19,4142.3844,1.21879243850708,3.4805330655368,2.3830999647577924,31.47702984771504,,
target7_permeability_klogh-a7d05fc7ec6abc22bd23,15/9-19 BT2,15/9-19,4144.518,2.420039176940918,3.9797613151449394,10.246299901878166,52.50426204625705,,
target7_permeability_klogh-2e723736213dadafe0b8,15/9-19 BT2,15/9-19,4146.6516,2.6670615673065186,3.540070888055917,13.397600594356877,33.469362570354455,,
target7_permeability_klogh-2860ffb431df5f6bde34,15/9-19 BT2,15/9-19,4148.7852,1.5185937881469727,4.320489053105594,3.565800196391489,74.22540851720325,,
target7_permeability_klogh-1ec741a9e92f40a3e01d,15/9-19 BT2,15/9-19,4150.9188,5.700893402099609,5.598694565587068,298.13452903921154,269.0736138122964,,
target7_permeability_klogh-2e8444b38e6d51b01199,15/9-19 BT2,15/9-19,4153.0524,5.051051616668701,4.71449637332864,155.18662661342643,110.55261615148589,,
target7_permeability_klogh-1d659443b4e44f5b511f,15/9-19 BT2,15/9-19,4155.186,1.3758903741836548,3.892949723597162,2.958599789319977,48.05537311285653,,
target7_permeability_klogh-4bc7feb4474def6735c8,15/9-19 BT2,15/9-19,4157.3196,6.1894354820251465,5.234586748409278,486.570786037426,186.65154302006474,,
target7_permeability_klogh-368dbbc6ad50c92bb2e2,15/9-19 BT2,15/9-19,4159.4532,5.559187889099121,5.327945059048705,258.61191702179974,205.0141918822152,,
target7_permeability_klogh-4f22b9f4b533af0b0cd6,15/9-19 BT2,15/9-19,4161.5868,5.010962009429932,4.696562272875956,149.0490153066415,108.5698530074133,,
target7_permeability_klogh-8cfd65e98f4215149ee1,15/9-19 BT2,15/9-19,4163.7204,0.09531018137931824,2.946130757875487,0.10000000173249271,18.032171000905983,,
target7_permeability_klogh-61c1a77fe1c936764f34,15/9-19 BT2,15/9-19,4165.854,0.1002977192401886,1.614721864382895,0.10549999770589367,4.026489683217641,,
target7_permeability_klogh-f1b35ce1ce04aa780196,15/9-19 BT2,15/9-19,4167.9876,1.0039352178573608,2.366339472072645,1.728999934861935,9.65830576320074,,
target7_permeability_klogh-38d3a049e9bf1bbd219d,15/9-19 BT2,15/9-19,4170.1212,2.193930149078369,3.151724252552129,7.970398931749531,22.37633655940634,,
target7_permeability_klogh-4d7ca65125130c87e174,15/9-19 BT2,15/9-19,4172.2548,3.2900238037109375,3.542854179307202,25.84350262327063,33.56543448166894,,
target7_permeability_klogh-6e9977bc054d48e35b0d,15/9-19 BT2,15/9-19,4174.3884,2.038775682449341,3.1385307559311593,6.681199212642627,22.069946564070502,,
target7_permeability_klogh-7b25990510953a8abaa1,15/9-19 BT2,15/9-19,4176.522,0.11234606057405472,2.264216605881298,0.11890000083080147,8.623582589310846,,
target7_permeability_klogh-e082606882f627fc116d,15/9-19 BT2,15/9-19,4178.6556,0.0,0.9462972407093675,0.0,1.5761531025852498,,
target7_permeability_klogh-a079eb5aeed8f3f176e7,15/9-19 BT2,15/9-19,4180.7892,3.9321157932281494,-1.6421890522529066,50.01480033282718,0.0,,
target7_permeability_klogh-9ad96acd76ab68a45d27,15/9-19 BT2,15/9-19,4182.9228,0.006578315515071154,-0.46554623276322404,0.006600000155971247,0.0,,
target7_permeability_klogh-c260eb9c5571e05616aa,15/9-19 BT2,15/9-19,4185.0564,0.0,0.19145231999015788,0.0,0.21100709093341463,,
target7_permeability_klogh-15b1552af26088dcbaa8,15/9-19 BT2,15/9-19,4187.19,1.6546024084091187,-1.213965687345064,4.230999707172001,0.0,,
target7_permeability_klogh-16252fcfa0cb5dd4191f,15/9-19 BT2,15/9-19,4189.3236,0.015381102450191975,-3.0453398172014023,0.015500000418273941,0.0,,
target7_permeability_klogh-4f0b2b38a5f1ca2777b1,15/9-19 BT2,15/9-19,4191.4572,0.0013990208972245455,-2.3362628550742213,0.0013999999834941284,0.0,,
target7_permeability_klogh-a01db0e6a4fab48ba705,15/9-19 BT2,15/9-19,4193.5908,9.999499889090657e-05,-3.6948677022111434,9.9999998557454e-05,0.0,,
target7_permeability_klogh-73970f1a1e348d2d11e3,15/9-19 BT2,15/9-19,4195.7244,0.00019998000061605126,-4.324412717668997,0.00019999999794937447,0.0,,
target7_permeability_klogh-b1bf373cf13ecdab1a46,15/9-19 SR,15/9-19,4269.9432,0.0,1.530484900927541,0.0,3.6204167235456692,,
target7_permeability_klogh-a4ad9eca093e2c068b68,15/9-19 SR,15/9-19,4273.9056,0.0,-0.4458559523982033,0.0,0.0,,
target7_permeability_klogh-165ca0a76617ca3380e6,15/9-19 SR,15/9-19,4276.0392,0.0,-0.09347098436461554,0.0,0.0,,
target7_permeability_klogh-494b755d1cf5377dd774,15/9-19 SR,15/9-19,4278.1728,0.0,-0.441085689463494,0.0,0.0,,
target7_permeability_klogh-7e520d32e305fbb3e3f7,15/9-19 SR,15/9-19,4280.3064,0.0,-0.5526205999076086,0.0,0.0,,
target7_permeability_klogh-2e3ae6d4768fff69db2d,15/9-19 SR,15/9-19,4282.44,0.0,-0.20476293420449387,0.0,0.0,,
target7_permeability_klogh-8c012493507f1c88d784,15/9-19 SR,15/9-19,4284.5736,0.0,0.008343666553473295,0.0,0.008378571951380536,,
target7_permeability_klogh-3b39544bc2a11de792fd,15/9-19 SR,15/9-19,4286.7072,0.0,-0.11542906167451461,0.0,0.0,,
target7_permeability_klogh-98bb4cd669f1e772b2ce,15/9-19 SR,15/9-19,4288.8408,0.0,-0.31733424929720666,0.0,0.0,,
target7_permeability_klogh-0fd67f54256828dd0229,15/9-19 SR,15/9-19,4290.9744,0.0,-0.26837708161183915,0.0,0.0,,
target7_permeability_klogh-1755a05552de7caf5258,15/9-19 SR,15/9-19,4293.108,0.0,0.10816428053091887,0.0,0.11423077677538389,,
target7_permeability_klogh-68271a303ef345083e93,15/9-19 SR,15/9-19,4295.2416,0.0,-0.05085403494759433,0.0,0.0,,
target7_permeability_klogh-b212ca3a30542820cc1e,15/9-19 SR,15/9-19,4297.375,0.0,-0.5798451258165591,0.0,0.0,,
target7_permeability_klogh-8fdfd052afd4de32399b,15/9-19 SR,15/9-19,4299.5088,0.0,-0.9286451310561579,0.0,0.0,,
target7_permeability_klogh-4e6dd635680170dc0288,15/9-F-1 A,15/9-F-1,3430.6,0.0018981973407790065,-1.5223244344947848,0.0019000000578083813,0.0,,
target7_permeability_klogh-15dc3844f48e5f0f86fc,15/9-F-1 A,15/9-F-1,3432.6,0.0009995002765208483,-2.552117878967026,0.0009999999433807523,0.0,,
target7_permeability_klogh-3afec9b84c179a85a8aa,15/9-F-1 A,15/9-F-1,3434.6,0.0009995002765208483,0.7616478739970578,0.0009999999433807523,1.141802735106948,,
target7_permeability_klogh-bb2980b3d21e93433cfb,15/9-F-1 A,15/9-F-1,3436.6,4.954606533050537,4.41401345833518,140.82679123807256,81.6003120475507,,
target7_permeability_klogh-3e2dcefd13fdad2099b0,15/9-F-1 A,15/9-F-1,3438.6,3.9652984142303467,4.055524378751562,51.73600421589216,56.71541980223842,,
target7_permeability_klogh-c166db9a61b7d7f7d680,15/9-F-1 A,15/9-F-1,3440.6,2.2528905868530273,3.5643873252456033,8.515200636403575,34.31780844468194,,
target7_permeability_klogh-773fa89bb087d86f3775,15/9-F-1 A,15/9-F-1,3442.6,3.3507354259490967,3.8934350364809345,27.523703003469617,48.07918609535268,,
target7_permeability_klogh-b264c2808657a335f94d,15/9-F-1 A,15/9-F-1,3444.6,4.637887001037598,4.20447133698672,102.32578947212353,65.98517571915227,,
target7_permeability_klogh-53e1c1b3c5b6903ca786,15/9-F-1 A,15/9-F-1,3446.6,1.3109240531921387,2.9672584334308447,2.7095999966503226,18.43855438646047,,
target7_permeability_klogh-7e8bdca6123470e9567b,15/9-F-1 A,15/9-F-1,3448.6,4.533181190490723,3.067289801784805,92.05411358972405,20.48359889191277,,
target7_permeability_klogh-36cfa2176813a9273e90,15/9-F-1 A,15/9-F-1,3450.6,0.16364829242229462,1.760187818910333,0.1778000010529076,4.813529182586408,,
target7_permeability_klogh-16eac71f226a2be1af2e,15/9-F-1 A,15/9-F-1,3452.6,2.405647039413452,0.8262868705896413,10.085600782766258,1.2848191408242726,,
target7_permeability_klogh-9cb4ecf750190c6969b4,15/9-F-1 A,15/9-F-1,3454.6,1.6337597370147705,3.400080337414027,4.123100063708846,28.966507382406704,,
target7_permeability_klogh-58b14579bc9fe204a4b1,15/9-F-1 A,15/9-F-1,3456.6,7.967898845672607,6.08369192195082,2885.785405745846,437.64565448109437,,
target7_permeability_klogh-52355fc666fa1ea7bda7,15/9-F-1 A,15/9-F-1,3458.6,2.892347574234009,4.928042401364149,17.03559985188431,137.1088857708998,,
target7_permeability_klogh-71a53949fbcf34f07d67,15/9-F-1 A,15/9-F-1,3460.6,6.408656597137451,5.329185690182022,606.0775832470171,205.26993811313443,,
target7_permeability_klogh-da56be5de5cf4ba6dc44,15/9-F-1 A,15/9-F-1,3462.6,3.4279074668884277,4.3125855854714885,29.812099904920156,73.63321022835541,,
target7_permeability_klogh-b0a96100586590a6c49c,15/9-F-1 A,15/9-F-1,3464.6,0.18115420639514923,1.4900837735067016,0.1985999968275472,3.4374672456250654,,
target7_permeability_klogh-fdf373780dedcc4a253c,15/9-F-1 A,15/9-F-1,3466.6,0.11609271913766861,0.6115193137315083,0.12310000016938061,0.8432297167008421,,
target7_permeability_klogh-befaf63616084b21d7bd,15/9-F-1 A,15/9-F-1,3468.6,0.0747363492846489,1.0011067854931186,0.07760000341667274,1.721292048879851,,
target7_permeability_klogh-ecac13d93ad8cbb9c0eb,15/9-F-1 A,15/9-F-1,3470.6,0.17998549342155457,1.780942770922573,0.1971999957201869,4.935449550904609,,
target7_permeability_klogh-0720021874565df98af9,15/9-F-1 A,15/9-F-1,3472.6,0.8836022615432739,2.1425488241313047,1.419600058778501,7.521128832405548,,
target7_permeability_klogh-ed767f6df6938579397f,15/9-F-1 A,15/9-F-1,3474.6,0.8887139558792114,1.979018095938155,1.4319999799975074,6.235634796755622,,
target7_permeability_klogh-5c55572af822f7486592,15/9-F-1 A,15/9-F-1,3476.6,0.011434377171099186,0.9926145894986198,0.011499999540208597,1.69828015250593,,
target7_permeability_klogh-11bcb3b142cd045f9ab1,15/9-F-1 A,15/9-F-1,3478.6,0.43015772104263306,1.9446739134984043,0.5375000005290494,5.9913516978723536,,
target7_permeability_klogh-4c57a97ce3824c5ae5a2,15/9-F-1 A,15/9-F-1,3480.6,2.164517641067505,2.7436724805660386,7.710399364424344,14.543965313461246,,
target7_permeability_klogh-6fce62c8fc1484e0074e,15/9-F-1 B,15/9-F-1,3251.3,4.8820109367370605,4.0164636731908425,130.89563115047417,54.50447639084767,,
target7_permeability_klogh-3eecff10e8d1be875a6c,15/9-F-1 B,15/9-F-1,3253.3,4.531834602355957,4.572947066028368,91.92889235411002,95.82905130351666,,
target7_permeability_klogh-1162fdea95edfdbdecce,15/9-F-1 B,15/9-F-1,3255.3,6.580732345581055,4.527131080183747,720.0672063135365,91.49282557728979,,
target7_permeability_klogh-16d8b2729bd65332cfb7,15/9-F-1 B,15/9-F-1,3257.3,5.550410747528076,2.0538054889757524,256.34323729869107,6.7975180861345486,,
target7_permeability_klogh-f803654522309f952eb5,15/9-F-1 B,15/9-F-1,3259.3,0.3359721004962921,1.6666352206391841,0.39929998449122445,4.294323562408104,,
target7_permeability_klogh-39dd164020c389ce4265,15/9-F-1 B,15/9-F-1,3261.3,5.4358015060424805,2.993546106267916,228.47670154905126,18.956324412743523,,
target7_permeability_klogh-66460f98c06523526743,15/9-F-1 B,15/9-F-1,3263.3,0.7708024382591248,1.842452529182554,1.1615000283882233,5.311999656873256,,
target7_permeability_klogh-496f6526764a52177d0a,15/9-F-1 B,15/9-F-1,3265.3,8.398788452148438,5.6464530477384285,4440.68217602769,282.2848837708224,,
target7_permeability_klogh-ed5e3b073a28cd13d5eb,15/9-F-1 B,15/9-F-1,3267.3,8.427618026733398,6.610641287681242,4570.597690016616,741.9593166357279,,
target7_permeability_klogh-43581a8659db6f368442,15/9-F-1 B,15/9-F-1,3269.3,4.218826770782471,3.695835217879511,66.95371222249113,39.27920045110968,,
target7_permeability_klogh-55e5c1acad836bede511,15/9-F-1 B,15/9-F-1,3271.3,6.129082679748535,4.29089313168063,458.01490382874744,72.03166627503892,,
target7_permeability_klogh-9b92781694b199e461c6,15/9-F-1 B,15/9-F-1,3273.3,7.614071369171143,6.014031887098595,2025.5120032033303,408.1295635191313,,
target7_permeability_klogh-c345585e12358fdd9032,15/9-F-1 B,15/9-F-1,3275.3,6.218323707580566,4.798031323196442,500.8612602957469,120.27143809218603,,
target7_permeability_klogh-c886e7de488888e29fff,15/9-F-1 B,15/9-F-1,3277.3,1.163432002067566,2.442405208167452,2.200899941760432,10.500669006638654,,
target7_permeability_klogh-1bd1b506ff54739a986b,15/9-F-1 B,15/9-F-1,3279.3,4.488059997558594,4.056230346424804,87.94871765683189,56.75617940865579,,
target7_permeability_klogh-38a7fb1c89487df7e5af,15/9-F-1 B,15/9-F-1,3281.3,5.492457866668701,4.160270726370749,241.85337512287012,63.08887079891999,,
target7_permeability_klogh-b2a5e94eeac267d18a62,15/9-F-1 B,15/9-F-1,3283.3,2.758115768432617,3.0860998679331626,14.770100415127153,20.89153139912574,,
target7_permeability_klogh-f0d79c81e7e673f07f77,15/9-F-1 B,15/9-F-1,3285.3,1.6580756902694702,3.0006975498324877,4.249200032699764,19.099552473808053,,
target7_permeability_klogh-1baf847d3486a6a4b0a0,15/9-F-1 B,15/9-F-1,3287.3,3.2453620433807373,3.8694874525313705,24.67100239450653,46.91781962846776,,
target7_permeability_klogh-e6b26d3a93af25681dca,15/9-F-1 B,15/9-F-1,3289.3,7.386041164398193,6.204895836608085,1612.3066383012665,494.16737494046714,,
target7_permeability_klogh-92a0ce53ef532cab08bb,15/9-F-1 B,15/9-F-1,3291.3,7.891036510467529,7.586857082586858,2672.2132987502773,1971.1055983479102,,
target7_permeability_klogh-e15f16cd6232f27fd3a8,15/9-F-1 B,15/9-F-1,3293.3,8.137645721435547,7.105592783771654,3419.854735306869,1217.7643343631808,,
target7_permeability_klogh-85c5609ebd8fa103cc42,15/9-F-1 B,15/9-F-1,3295.3,5.260184288024902,4.739122149407719,191.5169665998434,113.33378962827449,,
target7_permeability_klogh-140a7982e51a31604ef0,15/9-F-1 B,15/9-F-1,3297.3,3.819155216217041,3.444268782500113,44.56569889358464,30.32037306656549,,
target7_permeability_klogh-7fcec64700ffd5f734f2,15/9-F-1 B,15/9-F-1,3299.3,4.17161750793457,3.5613173477641444,63.82021456889131,34.20954982884464,,
target7_permeability_klogh-5f4c50e7c690a2275988,15/9-F-1 B,15/9-F-1,3301.3,4.8642072677612305,4.147390572892579,128.5681850117667,62.2686896750253,,
target7_permeability_klogh-2c38908a43dd7924ef49,15/9-F-1 B,15/9-F-1,3303.3,5.517425060272217,3.6191650679984324,247.99306888453816,36.306406502420046,,
target7_permeability_klogh-89064378daca5c3529e3,15/9-F-1 B,15/9-F-1,3305.3,0.0010993954492732882,0.7072394032370357,0.0011000000059788943,1.0283839722516128,,
target7_permeability_klogh-726d59a9688b23cbd633,15/9-F-1 B,15/9-F-1,3313.5,0.04449523985385895,0.7881144812505645,0.045499999965820236,1.1992457952577633,,
target7_permeability_klogh-b3416a43e9c826278167,15/9-F-1 B,15/9-F-1,3315.5,0.054582878947257996,0.8213258058967443,0.056100001242994094,1.2735120759860823,,
target7_permeability_klogh-731079beb738fe402233,15/9-F-1 B,15/9-F-1,3317.5,0.0009995002765208483,0.7790750080732005,0.0009999999433807523,1.1794553542212098,,
target7_permeability_klogh-bd7cac22bb941dd7eb29,15/9-F-1 B,15/9-F-1,3319.5,0.06588137149810791,1.5163963540069387,0.06810000254698613,3.5557781665713994,,
target7_permeability_klogh-e15d900544dc99355a2c,15/9-F-1 B,15/9-F-1,3321.5,0.001598721370100975,1.5160995717412318,0.0016000000064141937,3.5544262930210366,,
target7_permeability_klogh-c278adb831b847f91c25,15/9-F-1 B,15/9-F-1,3323.5,0.006677654571831226,0.5441190665277222,0.006699999817375215,0.723089786115176,,
target7_permeability_klogh-11653fec873927edf148,15/9-F-1 B,15/9-F-1,3325.5,0.004489905200898647,0.6495950002410655,0.004499999927722804,0.9147651925168154,,
target7_permeability_klogh-82843f83bd8fc9981457,15/9-F-1 B,15/9-F-1,3327.5,5.663645267486572,2.7509616619778208,287.1972862988518,14.657682043927576,,
target7_permeability_klogh-e877f5fc1d9f3eb04fa2,15/9-F-1 B,15/9-F-1,3329.5,6.04460334777832,4.0268083887602195,420.83040432740665,55.08163453340023,,
target7_permeability_klogh-c968038e7e025f9a9fde,15/9-F-1 B,15/9-F-1,3331.5,5.559129238128662,4.20078981934177,258.5966909774392,65.7390220004433,,
target7_permeability_klogh-ef06804301ca30b9ffda,15/9-F-1 B,15/9-F-1,3333.5,2.226168394088745,4.067471237150571,8.264300837147646,57.40907298799105,,
target7_permeability_klogh-92991e496af23c142845,15/9-F-1 B,15/9-F-1,3335.5,5.44880485534668,2.8761880197581084,231.48015239643382,16.746494789245364,,
target7_permeability_klogh-a199f52fa13ab3b6309e,15/9-F-1 C,15/9-F-1,3256.4,5.647071361541748,4.958722084231332,282.4600968874917,141.41168941985015,,
target7_permeability_klogh-df5cd29a7b5b4d692017,15/9-F-1 C,15/9-F-1,3258.4,7.042270660400391,5.695451590304781,1142.9822549366077,296.5111163901138,,
target7_permeability_klogh-fbc7e6f8e9a61c3aa0f6,15/9-F-1 C,15/9-F-1,3260.4,7.136938095092773,5.897911374524965,1256.5719224037043,363.27583696832556,,
target7_permeability_klogh-8b541f509c3d976034ce,15/9-F-1 C,15/9-F-1,3262.4,7.7151103019714355,6.027087701820683,2240.970177875121,413.5061044881418,,
target7_permeability_klogh-7e12a66209117b9fbdc2,15/9-F-1 C,15/9-F-1,3264.4,7.187699317932129,5.975015033483714,1322.0557706755853,392.474016331849,,
target7_permeability_klogh-26498d2797dc761a30dc,15/9-F-1 C,15/9-F-1,3266.4,7.274827003479004,4.915114721647619,1442.5014498175044,135.33494947545478,,
target7_permeability_klogh-d791c0a8ae7a6d5ea09d,15/9-F-1 C,15/9-F-1,3268.4,0.9234649538993835,2.9747411089787916,1.5180000460220608,18.584552328464113,,
target7_permeability_klogh-f3319a87d086c0d7a0ab,15/9-F-1 C,15/9-F-1,3270.4,7.158971309661865,4.898947159946024,1284.5877807367665,133.1484684281725,,
target7_permeability_klogh-45af86b910f4ac7068f2,15/9-F-1 C,15/9-F-1,3272.4,7.953633785247803,6.463355508257385,2844.897564621432,640.2090329827239,,
target7_permeability_klogh-983f969b2fad76192f6a,15/9-F-1 C,15/9-F-1,3274.4,7.755296230316162,6.305165305451096,2332.9006144902464,546.3920675989638,,
target7_permeability_klogh-9e9bb33f5709946b1a96,15/9-F-1 C,15/9-F-1,3276.4,7.470092296600342,5.27149196596937,1753.7686372808437,193.7062409342315,,
target7_permeability_klogh-5e6b95d0f38b03046845,15/9-F-1 C,15/9-F-1,3278.4,2.2442989349365234,1.1629019449370013,8.433799530332385,2.1992037315059623,,
target7_permeability_klogh-e6ef34623a0b50581e8b,15/9-F-1 C,15/9-F-1,3280.4,0.0009995002765208483,-2.4375704908977505,0.0009999999433807523,0.0,,
target7_permeability_klogh-7b1a1869180d37e6e764,15/9-F-1 C,15/9-F-1,3282.4,0.006180859170854092,-1.4889157814188754,0.0062000000963667685,0.0,,
target7_permeability_klogh-eb502724a8d556985751,15/9-F-1 C,15/9-F-1,3284.4,0.020292703062295914,-0.28281556961627574,0.020499999790321417,0.0,,
target7_permeability_klogh-31ab1a082f74ca62f287,15/9-F-1 C,15/9-F-1,3286.4,0.034787826240062714,0.09447327318112952,0.0354000007811045,0.09907978783402405,,
target7_permeability_klogh-2313d35d1335c6c497cd,15/9-F-1 C,15/9-F-1,3288.4,0.02254396490752697,0.12855367037932464,0.022800000483408488,0.1371824526670081,,
target7_permeability_klogh-248f9dcf32dfebccedf3,15/9-F-1 C,15/9-F-1,3290.4,0.019998686388134956,0.08359295516188192,0.020199999879051033,0.08718627017175791,,
target7_permeability_klogh-23184397b5417cdf8754,15/9-F-1 C,15/9-F-1,3292.4,0.10948201268911362,0.9899540475799551,0.11570000231186052,1.6911108064537448,,
target7_permeability_klogh-08c8f942c07607437f45,15/9-F-1 C,15/9-F-1,3294.4,0.195566788315773,1.1529279309364928,0.21600000580250608,2.167453430881003,,
target7_permeability_klogh-9233afae360d838c7959,15/9-F-1 C,15/9-F-1,3296.4,0.12416264414787292,0.9726971984000916,0.1322000017293794,1.6450691229257914,,
target7_permeability_klogh-de8c6908ff329bbae631,15/9-F-1 C,15/9-F-1,3298.4,0.16432729363441467,0.9414817573792424,0.1786000002507339,1.5637775014291189,,
target7_permeability_klogh-0de8ce8ec63a0a5bcd98,15/9-F-1 C,15/9-F-1,3300.4,0.09102829545736313,1.0216381331764088,0.09529999683436319,1.7777413492511673,,
target7_permeability_klogh-e7d2e0b735f771527f48,15/9-F-1 C,15/9-F-1,3302.4,0.284878134727478,0.9544466792729458,0.3295999861833704,1.5972330823593097,,
target7_permeability_klogh-ec2ab99ef61af7d4b6df,15/9-F-1 C,15/9-F-1,3304.4,0.00478851655498147,0.11730916031696959,0.0047999998223355765,0.12446701653699292,,
target7_permeability_klogh-4326d7349e1a376e6163,15/9-F-1 C,15/9-F-1,3306.4,0.01774168200790882,-0.7122863984839571,0.017900000541270077,0.0,,
target7_permeability_klogh-6b3ed61f3d78817a48d1,15/9-F-1 C,15/9-F-1,3308.4,0.006379607133567333,-0.5034478726771732,0.0064000001706132886,0.0,,
target7_permeability_klogh-df4ce4b4784266cec113,15/9-F-1 C,15/9-F-1,3310.4,0.004489905200898647,0.10670568493658283,0.004499999927722804,0.11260674936084832,,
target7_permeability_klogh-dac4ac487a353fbf1410,15/9-F-1 C,15/9-F-1,3312.4,0.028781801462173462,0.14757375035280784,0.029200000037793675,0.15901875972025087,,
target7_permeability_klogh-991bc4fac2cf046aa05b,15/9-F-1 C,15/9-F-1,3314.4,0.011632083915174007,0.22365832047350054,0.011699999681786312,0.2506436270945899,,
target7_permeability_klogh-4489fa065a0b0d926c14,15/9-F-1 C,15/9-F-1,3316.4,0.015676479786634445,0.08457685608699261,0.01580000040797257,0.08825648015270698,,
target7_permeability_klogh-a0ba33525403c2a16989,15/9-F-1 C,15/9-F-1,3318.4,0.013508349657058716,-0.05376690096920056,0.013599999627265295,0.0,,
target7_permeability_klogh-bf55ec253040a7485428,15/9-F-1 C,15/9-F-1,3320.4,0.020096702501177788,0.006928440157416116,0.0203000008183371,0.006952497326382183,,
target7_permeability_klogh-634243c68cfbe3f55225,15/9-F-1 C,15/9-F-1,3322.4,0.012620030902326107,-0.26385631670776855,0.012699999540460886,0.0,,
target7_permeability_klogh-2be1eadcef1f0ec78fea,15/9-F-1 C,15/9-F-1,3324.4,0.005186526570469141,0.14444688368156333,0.00519999988256156,0.15540032272236987,,
target7_permeability_klogh-38cd45bb97dc65ddded0,15/9-F-1 C,15/9-F-1,3326.4,0.08360558748245239,0.7567394753549568,0.08720000394398705,1.1313156718686286,,
target7_permeability_klogh-ab84584d5b8577b4041b,15/9-F-1 C,15/9-F-1,3328.4,0.035656675696372986,0.9034594374345399,0.036299998433464986,1.4681266891255083,,
target7_permeability_klogh-032508002476d2686fa5,15/9-F-1 C,15/9-F-1,3330.4,0.07362213730812073,0.8481960896527485,0.07639999724173258,1.3354301431866138,,
target7_permeability_klogh-1a932c35274e9ac1a5a8,15/9-F-1 C,15/9-F-1,3332.4,0.02634977549314499,0.48689429863883804,0.026700000174911663,0.6272545972619005,,
target7_permeability_klogh-f4e2df05726a55e95a5b,15/9-F-1 C,15/9-F-1,3334.4,0.0022973590530455112,-0.42057252108198595,0.0023000000043720543,0.0,,
target7_permeability_klogh-f63bce9a9ddae0b3747b,15/9-F-1 C,15/9-F-1,3336.4,0.0032945668790489435,-0.7343697983013286,0.003299999929386655,0.0,,
target7_permeability_klogh-d7124f841e0755606f9a,15/9-F-1 C,15/9-F-1,3338.4,0.004688989371061325,0.537910569927122,0.0046999998843889525,0.712425129035292,,
target7_permeability_klogh-27940fce18e500fc9ca8,15/9-F-1 C,15/9-F-1,3340.4,0.5148574709892273,1.8349412142833192,0.6733999767562501,5.264765855860063,,
target7_permeability_klogh-240724fe36969b249863,15/9-F-1 C,15/9-F-1,3342.4,1.5278372764587402,3.3911600193468647,3.608199775254615,28.700385316584313,,
target7_permeability_klogh-7d4f5c0bfe4d20ac2ff4,15/9-F-1 C,15/9-F-1,3344.4,1.8625285625457764,3.667277550129502,5.440000144446072,38.1451898446923,,
target7_permeability_klogh-591dd3cb8e1cef711ed0,15/9-F-1 C,15/9-F-1,3346.4,1.079667329788208,3.435357126130684,1.9437001068206063,30.042496672921644,,
target7_permeability_klogh-1d83d8b976ab8edfe1cf,15/9-F-1 C,15/9-F-1,3348.4,0.3989103436470032,3.3227796502877047,0.4902000067200764,26.73734361722002,,
target7_permeability_klogh-b44b28ec0980abbcc2c8,15/9-F-1 C,15/9-F-1,3350.4,1.8846120834350586,3.7458648368427365,5.583799981515239,41.34561343398042,,
target7_permeability_klogh-52959939323edca42aac,15/9-F-1 C,15/9-F-1,3352.4,1.624799370765686,3.5372520903196296,4.077400260058781,33.372337220831554,,
target7_permeability_klogh-152a032fb7b2466dc034,15/9-F-1 C,15/9-F-1,3354.4,0.7397444844245911,2.481188276690659,1.0954000387394698,10.955462377895687,,
target7_permeability_klogh-35126a47dd5f9fddd72f,15/9-F-1 C,15/9-F-1,3356.4,2.1873538494110107,3.3931820267410147,7.911600450363573,28.760500471465583,,
target7_permeability_klogh-5058826f5b2e10cafdb5,15/9-F-1 C,15/9-F-1,3358.4,1.2173429727554321,3.597765141392961,2.3781998293715967,35.516533893023606,,
target7_permeability_klogh-e1adfa0e963bdb81f2a7,15/9-F-1 C,15/9-F-1,3360.4,1.2320644855499268,2.7974228537929395,2.428299911062381,15.40232107522391,,
target7_permeability_klogh-98188a0e538aa68ccc0a,15/9-F-1 C,15/9-F-1,3362.4,0.470316082239151,2.5751995130520022,0.6005000028990982,12.133937289019542,,
target7_permeability_klogh-e61d8837e8514951b1af,15/9-F-1 C,15/9-F-1,3364.4,1.2509613037109375,2.886833585731126,2.493699850337573,16.936425436227637,,
target7_permeability_klogh-a2db3fbe4a4b6ba8e924,15/9-F-1 C,15/9-F-1,3366.4,0.9781757593154907,2.976244784962091,1.6596000632169052,18.614023301288196,,
target7_permeability_klogh-216ea1ea82b441050199,15/9-F-1 C,15/9-F-1,3368.4,0.4534930884838104,2.0264079397778847,0.5738000178863386,6.586785165164019,,
target7_permeability_klogh-beddc32730b42a4b6fc0,15/9-F-1 C,15/9-F-1,3370.4,0.07269268482923508,0.7334856905150446,0.07539999939325331,1.0823263172805677,,
target7_permeability_klogh-8047bf76003cf23b1df8,15/9-F-1 C,15/9-F-1,3372.4,0.0013990208972245455,0.4283331798084933,0.0013999999834941284,0.5346973259557537,,
target7_permeability_klogh-d6b39b63eb472cbb7dda,15/9-F-1 C,15/9-F-1,3374.4,0.08929210901260376,0.5840823846588274,0.09340000167710275,0.793344629850397,,
target7_permeability_klogh-8359f0bf79ea794c6bed,15/9-F-1 C,15/9-F-1,3376.4,0.04200529307126999,0.8778678264961899,0.04289999888017555,1.4057647262225719,,
target7_permeability_klogh-23ca5047ad40f2a09c4d,15/9-F-1 C,15/9-F-1,3378.4,0.5322739481925964,1.4208607545730523,0.7027999884562697,3.1406830186224606,,
target7_permeability_klogh-84bd6d776ec09f5f9f3b,15/9-F-1 C,15/9-F-1,3380.4,0.18598151206970215,1.8000185588126896,0.2043999933086673,5.049759739728922,,
target7_permeability_klogh-d18c1f8ed0b50f5af4a6,15/9-F-1 C,15/9-F-1,3382.4,0.4018585979938507,1.9653011048333782,0.49459997829810626,6.137061270297822,,
target7_permeability_klogh-a95c343ae16b44be1f9e,15/9-F-1 C,15/9-F-1,3384.4,0.11100456118583679,1.619309942768759,0.1174000035119049,4.049604597861825,,
target7_permeability_klogh-168bbf4dcd0152148d20,15/9-F-1 C,15/9-F-1,3386.4,0.3121795356273651,3.041420527479442,0.36639998848834887,19.93496080989118,,
target7_permeability_klogh-9a0249bc3bfde0597e19,15/9-F-1 C,15/9-F-1,3388.4,5.177257537841797,5.3051758182781015,176.19619018262495,200.37640495416744,,
target7_permeability_klogh-2a2a72df45d955d66a0d,15/9-F-1 C,15/9-F-1,3390.4,3.9047465324401855,5.187620816123572,48.63749682234712,178.04207178408157,,
target7_permeability_klogh-7ff93d8082b7052f544f,15/9-F-1 C,15/9-F-1,3392.4,4.656293869018555,5.337667245744949,104.24530558169535,207.0268682722722,,
target7_permeability_klogh-f61fccf55b2ca1d6f6e8,15/9-F-1 C,15/9-F-1,3394.4,4.41632080078125,5.397945519811278,81.79111929777827,219.9520080545439,,
target7_permeability_klogh-af0077b284e4e61dff2b,15/9-F-1 C,15/9-F-1,3396.4,4.815453052520752,5.483652606824856,122.40270755520712,239.72437500613484,,
target7_permeability_klogh-e39be6db27b4fa41a904,15/9-F-1 C,15/9-F-1,3398.4,4.5929741859436035,5.545962835250715,97.78780697399026,255.2011390134383,,
target7_permeability_klogh-4454f9040fa6105ab027,15/9-F-1 C,15/9-F-1,3400.4,4.610509872436523,5.5256196627124545,99.53539679824387,250.04185110743464,,
target7_permeability_klogh-e3c11b93c1737b63da99,15/9-F-1 C,15/9-F-1,3402.4,4.821930885314941,5.404233471385472,123.20468439263021,221.3457207884142,,
target7_permeability_klogh-459ee706c483c04b11f9,15/9-F-1 C,15/9-F-1,3404.4,4.537503719329834,5.375494938491733,92.45721325664667,215.04677571844397,,
target7_permeability_klogh-d44366571dec46d563ba,15/9-F-1 C,15/9-F-1,3406.4,4.646194934844971,5.218771793481882,103.18778905132021,183.70718612909613,,
target7_permeability_klogh-ed50dd4e6561f3c43d0d,15/9-F-1 C,15/9-F-1,3408.4,4.813863277435303,5.257606377161752,122.20668086571862,191.02131416869145,,
target7_permeability_klogh-451b1762a5706f1c1124,15/9-F-1 C,15/9-F-1,3410.4,4.749826908111572,5.283075768289316,114.5642795565053,195.97479340436954,,
target7_permeability_klogh-dc71ae053d03dfe92198,15/9-F-1 C,15/9-F-1,3412.4,4.909872531890869,5.148873819198954,134.62212581068277,171.23741058790836,,
target7_permeability_klogh-19f90387f2898686abee,15/9-F-1 C,15/9-F-1,3414.4,4.532060623168945,5.21110579942918,91.94989859174403,182.29663548303793,,
target7_permeability_klogh-0682e33361962bb205e0,15/9-F-1 C,15/9-F-1,3416.4,5.045403003692627,5.139832647133313,154.30687583265674,169.68720093858906,,
target7_permeability_klogh-6ee6f5c3c22acc53c3ff,15/9-F-1 C,15/9-F-1,3418.4,1.360925316810608,2.520562927041149,2.8998001834515046,11.435595026322016,,
target7_permeability_klogh-a9c91168ffbadbeb0ff4,15/9-F-1 C,15/9-F-1,3420.4,1.0133448839187622,1.1024170402009488,1.754800108071787,2.011435996365119,,
target7_permeability_klogh-214963c3c9b4e1b2ecdc,15/9-F-1 C,15/9-F-1,3422.4,0.1376728117465973,1.532359964632224,0.1476000075988617,3.629088426701712,,
target7_permeability_klogh-3002c0da747c7606b78b,15/9-F-1 C,15/9-F-1,3424.4,0.10651984065771103,1.032928562892609,0.11239999697431462,1.809280955539959,,
target7_permeability_klogh-31e55a7577dda6c6f15a,15/9-F-1 C,15/9-F-1,3426.4,0.04650183394551277,0.4711814649905537,0.04760000030809182,0.6018856474652062,,
target7_permeability_klogh-b591a179d843fc87de69,15/9-F-1 C,15/9-F-1,3428.4,0.054582878947257996,0.6980614094365292,0.056100001242994094,1.009852647006229,,
target7_permeability_klogh-690a3069e17951ff401e,15/9-F-1 C,15/9-F-1,3430.4,0.1790662705898285,1.393624678395895,0.1961000077944413,3.0294289992779935,,
target7_permeability_klogh-c173c0e7c18518420eaf,15/9-F-1 C,15/9-F-1,3432.4,0.2489672303199768,1.235093923823622,0.28269999871256535,2.4387014815294696,,
target7_permeability_klogh-96c323d43ddcf50b516c,15/9-F-1 C,15/9-F-1,3434.4,0.023130416870117188,1.2215242899514256,0.023399999469124355,2.392354726844769,,
target7_permeability_klogh-7c702120128d3820adc5,15/9-F-1 C,15/9-F-1,3436.4,0.2565009593963623,1.8861868600055285,0.29240000572294905,5.594176163410516,,
target7_permeability_klogh-b4e5d96a07609c3a90b1,15/9-F-1 C,15/9-F-1,3438.4,0.5383045673370361,1.9820697617596055,0.7130999530315274,6.257749261978172,,
target7_permeability_klogh-ddd6de2f4132262e7e85,15/9-F-1 C,15/9-F-1,3440.4,0.37073561549186707,1.9430597929936182,0.44879998247647507,5.980075916423814,,
target7_permeability_klogh-b26162937a29add88bf4,15/9-F-1 C,15/9-F-1,3442.4,0.11546924710273743,1.9173214925523199,0.12239999696572999,5.802712927548563,,
target7_permeability_klogh-808d78123cecd44fe42e,15/9-F-1 C,15/9-F-1,3444.4,0.3269989490509033,1.569115053868635,0.3868000197233083,3.8023964506105687,,
target7_permeability_klogh-1db648705e2e5b841e69,15/9-F-1 C,15/9-F-1,3446.4,0.15657630562782288,1.5401937603143043,0.16949999834600682,3.6654941710322837,,
target7_permeability_klogh-1544fe670f4d03bcaa29,15/9-F-1 C,15/9-F-1,3448.4,0.22554068267345428,1.6502158194984697,0.2530000084696824,4.208103716228916,,
target7_permeability_klogh-7e7249956ad0353262af,15/9-F-1 C,15/9-F-1,3450.4,0.19235439598560333,1.3143667057970307,0.21210000423177328,2.7223928688142998,,
target7_permeability_klogh-4dd6795d149892c5e7e8,15/9-F-1 C,15/9-F-1,3452.4,0.3787788450717926,0.47084981093588674,0.4605000032512687,0.6013544636846079,,
target7_permeability_klogh-bd0cea00a7366427aca5,15/9-F-1 C,15/9-F-1,3454.4,0.014198719523847103,0.2213244436405697,0.014300000125807844,0.24772818237487,,
target7_permeability_klogh-3f14f60a1f64c5e6d585,15/9-F-1 C,15/9-F-1,3456.4,0.5480635762214661,2.034270022044093,0.7298999530343772,6.64666818843743,,
target7_permeability_klogh-5c00d0b9cd6056fd9f16,15/9-F-1 C,15/9-F-1,3458.4,1.2939597368240356,3.0994069014956054,2.6471999522469956,21.18478961320468,,
target7_permeability_klogh-d05a003287c8d616b150,15/9-F-1 C,15/9-F-1,3460.4,2.0399467945098877,2.9742808315937035,6.690200027132498,18.575540076157317,,
target7_permeability_klogh-759c300076c3e2d106d2,15/9-F-1 C,15/9-F-1,3462.4,1.443548560142517,2.6247842059829702,3.2356998154974232,12.801595562946181,,
target7_permeability_klogh-f65c1a5f4e1d00af2f5d,15/9-F-1 C,15/9-F-1,3464.4,1.2829595804214478,2.6842913323385886,2.60730003732782,13.647817266847325,,
target7_permeability_klogh-c77464ab9802b7d93a76,15/9-F-1 C,15/9-F-1,3466.4,0.2348349392414093,1.608950910442723,0.26469999916228254,3.997565582874222,,
target7_permeability_klogh-dc5666c7b98269edbeb1,15/9-F-1 C,15/9-F-1,3468.4,0.016070179641246796,-0.40869581270205524,0.016199999455065117,0.0,,
target7_permeability_klogh-cf21b97890a840fb78d5,15/9-F-1 C,15/9-F-1,3470.4,0.0011992806103080511,-1.1985496781667355,0.001200000034867745,0.0,,
target7_permeability_klogh-4c852b7e5e934b521c99,15/9-F-1 C,15/9-F-1,3472.4,2.0651144981384277,1.5000389877172693,6.886200801274536,3.4818638045706503,,
target7_permeability_klogh-8568512b257ba463b75f,15/9-F-1 C,15/9-F-1,3474.4,0.25681039690971375,2.072987278402229,0.29279998464802576,6.948532165923255,,
target7_permeability_klogh-9669c75af444ded14625,15/9-F-1 C,15/9-F-1,3476.4,0.11243543028831482,0.6528361678800425,0.11900000107259132,0.9209813358345194,,
target7_permeability_klogh-6a8b9d7e71df88154c57,15/9-F-1 C,15/9-F-1,3478.4,0.04267627373337746,0.6612075397389763,0.043599999429089376,0.9371300842113197,,
target7_permeability_klogh-fe25c68010ca17fa4d27,15/9-F-1 C,15/9-F-1,3480.4,3.5223968029022217,3.2755548815820132,32.8655001977143,25.45790241095358,,
target7_permeability_klogh-f42f6652b8febb1ac79b,15/9-F-1 C,15/9-F-1,3482.4,4.230572700500488,5.031782132679494,67.75659783839654,152.20580261703148,,
target7_permeability_klogh-fce05b44316f73eccba3,15/9-F-1 C,15/9-F-1,3484.4,3.5876078605651855,5.09005191578051,35.147502553641715,161.39829286876886,,
target7_permeability_klogh-31cb2d932b0a25a6db65,15/9-F-1 C,15/9-F-1,3486.4,4.367799758911133,5.142862839316637,77.86990784055611,170.20520038324193,,
target7_permeability_klogh-4b0cc2617cfc0f28102c,15/9-F-1 C,15/9-F-1,3488.4,3.424119234085083,5.157003593868907,29.695597306128143,172.6433692455774,,
target7_permeability_klogh-2fc20a66abc004c4885c,15/9-F-1 C,15/9-F-1,3490.4,5.785538673400879,5.612301209041268,324.557361979138,272.7735237761752,,
target7_permeability_klogh-4d82fd96a829f11b8211,15/9-F-1 C,15/9-F-1,3492.4,5.969942569732666,6.104910132895043,390.48318712018096,447.0523744763069,,
target7_permeability_klogh-eedd437e9cb9e1c2fe7a,15/9-F-1 C,15/9-F-1,3494.4,6.1121368408203125,5.7573669702832255,450.3020461931329,315.5138404358417,,
target7_permeability_klogh-5b7481cdd0ae1db6ad22,15/9-F-1 C,15/9-F-1,3496.4,1.5312817096710205,5.256108154962984,3.624099779140094,190.73383897779757,,
target7_permeability_klogh-05d6ea00de95df2c2db9,15/9-F-1 C,15/9-F-1,3498.4,5.6971564292907715,5.717764613934462,297.0187575403591,303.2241039709556,,
target7_permeability_klogh-79483bc8cf8bedb6c434,15/9-F-1 C,15/9-F-1,3500.4,5.715003967285156,6.196035475804629,302.3854069234414,489.7993928650073,,
target7_permeability_klogh-b9ef28e30b430bb4a852,15/9-F-1 C,15/9-F-1,3502.4,4.807338714599609,5.272585757777507,121.40542788976506,193.91932553941197,,
target7_permeability_klogh-564a9bb8cb7641dbb7cc,15/9-F-1 C,15/9-F-1,3504.4,1.096777319908142,4.055899801199001,1.9945001412977679,56.73709153416832,,
target7_permeability_klogh-e1e22fb97025af162c35,15/9-F-1 C,15/9-F-1,3506.4,3.2458136081695557,4.489396544297869,24.68259713297235,88.06768125787609,,
target7_permeability_klogh-f2e2e92699cce717a031,15/9-F-1 C,15/9-F-1,3508.4,2.9867570400238037,4.8596903750666804,18.82129847296903,127.98425918138611,,
target7_permeability_klogh-3317d8bf3b6f478f3673,15/9-F-1 C,15/9-F-1,3510.4,3.1361114978790283,4.692028272229173,22.01420186767454,108.07418774544128,,
target7_permeability_klogh-2c139f91fbee538d7d89,15/9-F-1 C,15/9-F-1,3512.4,3.6220717430114746,4.99768892214784,36.415001851262545,147.07056077579526,,
target7_permeability_klogh-5ad1a369946f7213529f,15/9-F-1 C,15/9-F-1,3514.4,4.421206474304199,5.370144641250984,82.1965993923873,213.89394798600134,,
target7_permeability_klogh-b70fc0a9377eae32ff31,15/9-F-1 C,15/9-F-1,3516.4,4.557896137237549,5.542134492176604,94.38259669551587,254.22218823267974,,
target7_permeability_klogh-8ec1395e6c6115e5bf6e,15/9-F-1 C,15/9-F-1,3518.4,4.7386884689331055,5.7976374067376515,113.28421604644834,328.52011751009087,,
target7_permeability_klogh-f542c027fc80c3f0d0b1,15/9-F-1 C,15/9-F-1,3520.4,5.403135776519775,5.9582297997073494,221.10178693925585,385.9245836335305,,
target7_permeability_klogh-69928a5bf2b0cec1f75d,15/9-F-1 C,15/9-F-1,3522.4,4.879754066467285,5.927016080004379,130.5982954720495,374.03377178335796,,
target7_permeability_klogh-e88c35b9851742f76cee,15/9-F-1 C,15/9-F-1,3524.4,4.939499378204346,5.7121411609201225,138.70029503852928,301.51811528578844,,
target7_permeability_klogh-450798bdbfdaabeec9b5,15/9-F-1 C,15/9-F-1,3526.4,4.7703142166137695,5.722931187957848,116.9562999673936,304.79996772675236,,
target7_permeability_klogh-d366fbe7647203a437dd,15/9-F-1 C,15/9-F-1,3528.4,5.022420883178711,5.634761302576458,150.77829691697787,278.99207594614666,,
target7_permeability_klogh-081f2cb5a0e91b81171f,15/9-F-1 C,15/9-F-1,3530.4,3.981196403503418,4.442264391699968,52.581100511654945,83.96712285273578,,
target7_permeability_klogh-b5af172fd580edb2f420,15/9-F-1 C,15/9-F-1,3532.4,1.7200665473937988,3.273970245245268,4.584900112456919,25.41600945871266,,
target7_permeability_klogh-10ff30f5bb49a988c10c,15/9-F-1 C,15/9-F-1,3534.4,2.3208768367767334,2.9505532458427215,9.184600624423155,18.116526942226677,,
target7_permeability_klogh-7415508274143950f602,15/9-F-1 C,15/9-F-1,3536.4,0.7146151065826416,2.4172818979441786,1.0434000396571947,10.215333426592414,,
target7_permeability_klogh-90e1fa5d930f59aae91a,15/9-F-1 C,15/9-F-1,3538.4,1.1368389129638672,2.4768406610636955,2.116899983865564,10.903597448916688,,
target7_permeability_klogh-3da80004f6435fdd44a6,15/9-F-1 C,15/9-F-1,3540.4,2.4561126232147217,3.0910385165529672,10.65939885262612,20.999913390452814,,
target7_permeability_klogh-8a7e44a242d7fef5105c,15/9-F-1 C,15/9-F-1,3542.4,2.1670174598693848,4.017773576396059,7.732201023272381,54.57722952175282,,
target7_permeability_klogh-2da4590ce32a7063dc58,15/9-F-1 C,15/9-F-1,3544.4,2.9362952709198,4.902392075568623,17.84589787635134,133.61139549734148,,
target7_permeability_klogh-cd1c8a6f953ab29f10e3,15/9-F-1 C,15/9-F-1,3546.4,4.323044776916504,5.419338091659056,74.41790977017361,224.7296606972686,,
target7_permeability_klogh-dd94ba1c713c9e2616a8,15/9-F-1 C,15/9-F-1,3548.4,7.184354305267334,5.495235580588128,1317.6375260282807,242.52889008264307,,
target7_permeability_klogh-32eee6e5286711a47cef,15/9-F-1 C,15/9-F-1,3550.4,5.076457500457764,5.225643292120225,159.2055215200768,184.9807720176332,,
target7_permeability_klogh-938242b1f24f2bc34e2b,15/9-F-1 C,15/9-F-1,3552.4,5.177364349365234,5.549007277091512,176.2151177884709,255.98231700281818,,
target7_permeability_klogh-6d520752fed9fa3ea782,15/9-F-1 C,15/9-F-1,3554.4,5.3728766441345215,5.781253153351032,214.4818415693745,323.16516465249987,,
target7_permeability_klogh-4ab6e11be3e74099b35d,15/9-F-1 C,15/9-F-1,3556.4,2.0887482166290283,3.2187853531221697,7.074800933680237,23.99773830866035,,
target7_permeability_klogh-e3a8893881f4f4f9d127,15/9-F-1 C,15/9-F-1,3558.4,1.2355586290359497,2.9542646487967628,2.440299835384495,18.18760790023773,,
target7_permeability_klogh-5d953009833d78728009,15/9-F-1 C,15/9-F-1,3560.4,2.9531168937683105,4.074582586505631,18.165597860269514,57.82592072976452,,
target7_permeability_klogh-f1248e57386a2b383ed7,15/9-F-1 C,15/9-F-1,3562.4,1.7168024778366089,2.7437801287622143,4.566700328858296,14.545638683354667,,
target7_permeability_klogh-dcc3e778bef43db4f920,15/9-F-1 C,15/9-F-1,3564.4,0.4821174740791321,1.9025078494377472,0.6195000234015892,5.702682701311286,,
target7_permeability_klogh-0e916b38f6f556d75147,15/9-F-1 C,15/9-F-1,3566.4,1.3883922100067139,2.34627107038765,3.008400203645473,9.446542583232898,,
target7_permeability_klogh-b3a4e2aa0f44a76f2f09,15/9-F-1 C,15/9-F-1,3568.4,1.33144211769104,2.7313768445565447,2.7865000307437287,14.354012561893105,,
target7_permeability_klogh-63dcd47d25d48ca0753e,15/9-F-1 C,15/9-F-1,3570.4,1.4763178825378418,2.7624863719667485,3.376800082154124,14.839176113021812,,
target7_permeability_klogh-1cf699d46605f4e4568f,15/9-F-1 C,15/9-F-1,3572.4,1.4244568347930908,3.2799519721482002,3.155600052272675,25.574496353251604,,
target7_permeability_klogh-a2388fb4ffcfdf6941e0,15/9-F-1 C,15/9-F-1,3574.4,3.286149263381958,4.001430216073915,25.739697617985936,53.676293052308466,,
target7_permeability_klogh-477e2423c2b854e02a77,15/9-F-1 C,15/9-F-1,3576.4,0.15074488520622253,2.855216224920526,0.16269999827199189,16.378194400145357,,
target7_permeability_klogh-684e048b3d2179651912,15/9-F-1 C,15/9-F-1,3578.4,1.4826948642730713,3.553144431432805,3.404800039056769,33.92295786537673,,
target7_permeability_klogh-680abf4e58dd10bcaaf3,15/9-F-1 C,15/9-F-1,3580.4,6.258878707885742,5.69406286151007,521.6325876340647,296.0982408884399,,
target7_permeability_klogh-eef05b5340e49b60f460,15/9-F-1 C,15/9-F-1,3582.4,6.092349052429199,6.095568751324605,441.4595520304311,442.88643439450794,,
target7_permeability_klogh-65d36696d099da54e40e,15/9-F-1 C,15/9-F-1,3584.4,4.930578708648682,5.779492206997982,137.45961693692806,322.5948295002033,,
target7_permeability_klogh-d3e18ae25b4a87154d60,15/9-F-1 C,15/9-F-1,3586.4,4.688633918762207,5.268636525105901,107.70457904427381,193.15106179531824,,
target7_permeability_klogh-5d8d92190e71c54cfce8,15/9-F-1 C,15/9-F-1,3588.4,2.2740416526794434,3.0057635899502593,8.718600753217222,19.20163597421486,,
target7_permeability_klogh-08e6aefd99a2262155f6,15/9-F-1 C,15/9-F-1,3590.4,0.09248802065849304,1.7816502936259666,0.09690000134188345,4.9396505021756765,,
target7_permeability_klogh-58c0faf1cbb57f95c95a,15/9-F-1 C,15/9-F-1,3592.4,4.72709846496582,3.9874417438158867,111.96730775668286,52.916779843421466,,
target7_permeability_klogh-c81b52b86eb650c27b1b,15/9-F-1 C,15/9-F-1,3594.4,0.6848125457763672,3.0777073513891517,0.9834000039796515,20.708575165160482,,
target7_permeability_klogh-fa5ef08f53f90cfcb444,15/9-F-1 C,15/9-F-1,3596.4,0.04200529307126999,0.4274267833554406,0.04289999888017555,0.5333069119713416,,
target7_permeability_klogh-bbb701d342697e15c27f,15/9-F-1 C,15/9-F-1,3598.4,0.0025966258253902197,0.07450671080882998,0.0025999999780673645,0.07735257340515837,,
target7_permeability_klogh-28c86b9a6b9c6f2defac,15/9-F-1 C,15/9-F-1,3600.4,1.5383714437484741,2.989721815311775,3.6569999056875266,18.8801513685532,,
target7_permeability_klogh-1112ad6c7affac75e5de,15/9-F-1 C,15/9-F-1,3602.4,5.271359920501709,5.630639574824963,193.68053255496557,277.8403999145012,,
target7_permeability_klogh-a9cb7e0ab08f3ad7e312,15/9-F-1 C,15/9-F-1,3604.4,4.9931793212890625,5.8298801805965805,146.40432500553683,339.31789994098807,,
target7_permeability_klogh-aa0a0d9cc67fb5e96dfc,15/9-F-1 C,15/9-F-1,3606.4,4.58271598815918,5.233821561721865,96.7796021348382,186.50800947945396,,
target7_permeability_klogh-4a0c51ddb62e18caeed7,15/9-F-1 C,15/9-F-1,3608.4,1.9430489540100098,2.8389688652420006,5.980000259905391,16.098125972337876,,
target7_permeability_klogh-b50ed0e6d9710e357d9d,15/9-F-1 C,15/9-F-1,3610.4,0.009257021360099316,0.7136767554482,0.009300000098328582,1.0414835122403279,,
target7_permeability_klogh-b19b9bfb6ac7bd64e9cf,15/9-F-1 C,15/9-F-1,3612.4,0.013508349657058716,2.4275880268552132,0.013599999627265295,10.331517775719467,,
target7_permeability_klogh-53ba80a091ac5b9e6793,15/9-F-1 C,15/9-F-1,3614.4,8.301225662231445,6.646677283176746,4027.8073259017146,769.2208432772584,,
target7_permeability_klogh-39e34f65da8029c76e87,15/9-F-1 C,15/9-F-1,3616.4,7.841622829437256,8.030738137301158,2543.3304997284217,3073.0098774007142,,
target7_permeability_klogh-aaffd0cde1d172b756ba,15/9-F-1 C,15/9-F-1,3618.4,8.714533805847168,8.066554737594249,6089.794462738018,3185.105927098752,,
target7_permeability_klogh-2a2003ae0209e7966f6c,15/9-F-1 C,15/9-F-1,3620.4,8.374061584472656,8.134070810752702,4332.20002773787,3407.6473183826274,,
target7_permeability_klogh-e359ed6c0d0ddcdf1db6,15/9-F-1 C,15/9-F-1,3622.4,8.590761184692383,8.190706455206454,5380.708590918048,3606.2697209945895,,
target7_permeability_klogh-1800fa0a332d5580062b,15/9-F-1 C,15/9-F-1,3624.4,8.41368579864502,7.941876706324338,4507.346784409731,2811.6340464145896,,
target7_permeability_klogh-af5e6c85de1c34a5d676,15/9-F-1 C,15/9-F-1,3626.4,7.667405128479004,7.570720191768655,2136.5276330691545,1939.537337441489,,
target7_permeability_klogh-77f0ea0dd550f8ee057b,15/9-F-1 C,15/9-F-1,3628.4,7.454308986663818,6.905111775770423,1726.2900023553518,996.3599877660864,,
target7_permeability_klogh-bfc69decfba7882f98e3,15/9-F-1 C,15/9-F-1,3630.4,5.359382629394531,6.564207305842377,211.59365685189815,708.2494554050195,,
target7_permeability_klogh-270b337df3b449fa3360,15/9-F-1 C,15/9-F-1,3632.4,7.1629958152771,6.673356297230634,1289.772061064536,790.0461399508634,,
target7_permeability_klogh-e1bbbf60096d023fb906,15/9-F-1 C,15/9-F-1,3634.4,6.359223365783691,6.322381380719159,576.7974448304992,555.8975998349697,,
target7_permeability_klogh-964da92a57e2927e5193,15/9-F-1 C,15/9-F-1,3636.4,7.128649711608887,6.3782346987552305,1246.1917608560416,587.8872261936311,,
target7_permeability_klogh-d84e924bcaabcbc11c55,15/9-F-1 C,15/9-F-1,3638.4,6.161767959594727,5.319632407845226,473.26581687097774,203.30876588827644,,
target7_permeability_klogh-cc884c8d4ed37288d245,15/9-F-1 C,15/9-F-1,3640.4,3.369101047515869,4.432468682127447,28.05239858954889,83.13887286517077,,
target7_permeability_klogh-94840f2af6b140144649,15/9-F-1 C,15/9-F-1,3642.4,2.760636329650879,4.213246450199788,14.809900056286269,66.5755647967293,,
target7_permeability_klogh-526bfec98814c173b9de,15/9-F-1 C,15/9-F-1,3644.4,3.3155486583709717,4.359759634319765,26.537498519653163,77.2383263542331,,
target7_permeability_klogh-bba15a9b10e253522313,15/9-F-1 C,15/9-F-1,3646.4,4.6375532150268555,5.0061328801212825,102.29130652433179,148.32615600439706,,
target7_permeability_klogh-f3bd73e6572aa5a6bf5d,15/9-F-1 C,15/9-F-1,3648.4,4.9241533279418945,5.200938706355341,136.57281326221377,180.44248317143877,,
target7_permeability_klogh-6731d062c575c389d48c,15/9-F-1 C,15/9-F-1,3650.4,4.215516090393066,4.477373958247605,66.72911119630221,87.00326871241283,,
target7_permeability_klogh-c5294fa7f741a8749405,15/9-F-1 C,15/9-F-1,3652.4,3.701138973236084,4.162542403756036,39.49339900250422,63.23462552854319,,
target7_permeability_klogh-f7cada25c650921774a3,15/9-F-1 C,15/9-F-1,3654.4,3.347487211227417,3.9551878482429577,27.43120220401674,51.205499734800505,,
target7_permeability_klogh-8ab6bcb2fb2e5d1e1b5a,15/9-F-1 C,15/9-F-1,3656.4,2.4801621437072754,3.7279844730405234,10.943200775711247,40.59518739856999,,
target7_permeability_klogh-39c51e205c1f818017c6,15/9-F-1 C,15/9-F-1,3658.4,2.0896146297454834,3.378295564693554,7.081800078759653,28.320753172307615,,
target7_permeability_klogh-9b30e0ce5e5d39c4e011,15/9-F-1 C,15/9-F-1,3660.4,1.4272443056106567,3.1245350674727823,3.1671998256519065,21.74931573751562,,
target7_permeability_klogh-d05319717f5fc2a8ca81,15/9-F-1 C,15/9-F-1,3662.4,2.5000250339508057,3.127578543156582,11.182798940475385,21.81865819430126,,
target7_permeability_klogh-fc7f3a3f726a2225176e,15/9-F-1 C,15/9-F-1,3664.4,1.2917089462280273,2.7692250939811425,2.63900010042914,14.946272358424697,,
target7_permeability_klogh-258f87f6626412811e23,15/9-F-1 C,15/9-F-1,3666.4,2.0674068927764893,2.8812913808297123,6.904299822830065,16.837293051002796,,
target7_permeability_klogh-be62072488d4ba7738d5,15/9-F-1 C,15/9-F-1,3668.4,1.852384090423584,2.892154566449311,5.374999996041725,17.03211917662072,,
target7_permeability_klogh-13aa8ae42872defd6e07,15/9-F-1 C,15/9-F-1,3670.4,2.7421681880950928,2.379525513344552,14.52060022184333,9.799777297811437,,
target7_permeability_klogh-142a33cec064f34a14d5,15/9-F-1 C,15/9-F-1,3672.4,0.007174203637987375,0.18079554611789161,0.007199999889194923,0.19817018370341868,,
target7_permeability_klogh-a35b25fc568f2edc4997,15/9-F-1 C,15/9-F-1,3674.4,0.24521811306476593,0.7417958241504574,0.2779000094976664,1.099702827812754,,
target7_permeability_klogh-8203a1f0e8dbcdc745c7,15/9-F-1 C,15/9-F-1,3676.4,0.8510052561759949,1.8505344800323376,1.3419999789230992,5.363219627709134,,
target7_permeability_klogh-7ba86d50181a45423236,15/9-F-1 C,15/9-F-1,3678.4,0.9051084518432617,2.315627660011055,1.4722000231686576,9.131279922784328,,
target7_permeability_klogh-2d828bd6f773ce9724de,15/9-F-1 C,15/9-F-1,3680.4,2.706008195877075,3.0192116269952,13.969401173737078,19.475143269319215,,
target7_permeability_klogh-ce606db263e24b13a895,15/9-F-1 C,15/9-F-1,3682.4,2.200485944747925,3.1126357731736736,8.029400223110462,21.48021913943926,,
target7_permeability_klogh-adc4bab08a9b2d9fd7bd,15/9-F-1 C,15/9-F-1,3684.4,2.2464168071746826,3.250603167339101,8.453800284503115,24.805900500241407,,
target7_permeability_klogh-800622f47d9cb5218aa1,15/9-F-1 C,15/9-F-1,3686.4,1.7521519660949707,3.0876239926970905,4.766999720079602,20.92492226370946,,
target7_permeability_klogh-3f9d4afa9e4fe3e34d7f,15/9-F-1 C,15/9-F-1,3688.4,1.3716374635696411,2.752199210393899,2.941799967651162,14.67707117856234,,
target7_permeability_klogh-b4fab0e8f295018ce382,15/9-F-1 C,15/9-F-1,3690.4,1.6672728061676025,2.5208325341171007,4.2977002228347825,11.438948202734514,,
target7_permeability_klogh-5e032c9727834130ce66,15/9-F-1 C,15/9-F-1,3692.4,1.4707504510879517,2.6401859870635898,3.352500254306766,13.015810124705807,,
target7_permeability_klogh-bfb610add42b7595c53c,15/9-F-1 C,15/9-F-1,3694.4,1.5908461809158325,2.676592244164208,3.9079001431775016,13.53547544985519,,
target7_permeability_klogh-3445367ea254a7e95acb,15/9-F-1 C,15/9-F-1,3696.4,1.574535846710205,2.5139195750225394,3.8284999337789074,11.353254801385326,,
target7_permeability_klogh-8da54cf9017c67d4b2db,15/9-F-1 C,15/9-F-1,3698.4,1.8466578722000122,2.42426497113086,5.33859967244981,10.293925006736133,,
target7_permeability_klogh-9b15ef28538187100cbb,15/9-F-1 C,15/9-F-1,3700.4,1.2393882274627686,2.1317570402595343,2.4535000618724854,7.4296650679656056,,
target7_permeability_klogh-7a31fd0a92aa50641fdc,15/9-F-1 C,15/9-F-1,3702.4,1.307088851928711,2.356617727880381,2.6954001810368946,9.555190483371705,,
target7_permeability_klogh-2610f2b7513df322dbef,15/9-F-1 C,15/9-F-1,3704.4,2.5972824096679688,4.118779270608964,12.42719878253216,60.48414093663168,,
target7_permeability_klogh-174aa3b54229f6228ed9,15/9-F-1 C,15/9-F-1,3706.4,8.523039817810059,6.703854599159309,5028.3187563595175,814.5433670766722,,
target7_permeability_klogh-772d007fdb3a22a71ce9,15/9-F-1 C,15/9-F-1,3708.4,8.605778694152832,7.507609835208804,5462.138356363098,1820.8538038282359,,
target7_permeability_klogh-f1d9c03fa21c17f0c321,15/9-F-1 C,15/9-F-1,3710.4,8.117056846618652,7.169148088475253,3350.143288074774,1297.737721755822,,
target7_permeability_klogh-e9a81779881a22b307b8,15/9-F-1 C,15/9-F-1,3712.4,6.452452659606934,6.248150825236123,633.2560007485306,516.0558135387195,,
target7_permeability_klogh-028472d4151c40c69a5b,15/9-F-1 C,15/9-F-1,3714.4,7.899623870849609,6.921978659658619,2695.2679925305915,1013.3250142413652,,
target7_permeability_klogh-085613388d1b008a9f77,15/9-F-1 C,15/9-F-1,3716.4,8.019913673400879,7.315877624686135,3039.9148097784837,1502.9911567712288,,
target7_permeability_klogh-0464eb168feec2aab111,15/9-F-1 C,15/9-F-1,3718.4,7.877903461456299,7.750051366991585,2637.335385454324,2320.691669864607,,
target7_permeability_klogh-364eea1f101e6823c3a7,15/9-F-1 C,15/9-F-1,3720.4,7.824300765991211,7.740556546747715,2499.63696896941,2298.751946487258,,
target7_permeability_klogh-978eff9cc1aa3e3d8c10,15/9-F-1 C,15/9-F-1,3722.4,7.8893303871154785,7.735969499384434,2667.656355575233,2288.2270329778594,,
target7_permeability_klogh-8c7aaea93310bb30851a,15/9-F-1 C,15/9-F-1,3724.4,7.730717658996582,7.595495343116676,2276.235893326312,1988.214951432593,,
target7_permeability_klogh-d2d0328ec3405adc06d0,15/9-F-1 C,15/9-F-1,3726.4,8.216083526611328,7.840447728636132,3698.983083561017,2540.3424109164903,,
target7_permeability_klogh-262efd7ad808a4effd60,15/9-F-1 C,15/9-F-1,3728.4,7.94279670715332,7.849399697813224,2814.2228627429,2563.194563118718,,
target7_permeability_klogh-b0757d1618439bc60446,15/9-F-1 C,15/9-F-1,3730.4,7.6043901443481445,7.111320661125447,2005.9875477111052,1224.7652981836884,,
target7_permeability_klogh-dd4b59b14ab7095c7106,15/9-F-1 C,15/9-F-1,3732.4,7.093843936920166,6.79858802170873,1203.5290467054087,895.5804453559385,,
target7_permeability_klogh-aae7e2e7cb26e9d6a8cb,15/9-F-1 C,15/9-F-1,3734.4,8.00489330291748,7.55626672101341,2994.5804643849197,1911.6915566281218,,
target7_permeability_klogh-b360a9d2708ec515b5ba,15/9-F-1 C,15/9-F-1,3736.4,8.265440940856934,8.073530855999138,3886.186619368072,3207.410287771527,,
target7_permeability_klogh-76fd586cd4a20c0d45c2,15/9-F-1 C,15/9-F-1,3738.4,8.286626815795898,8.139836609480563,3969.4186272652937,3427.3576610842188,,
target7_permeability_klogh-5eafdf5a4e87866f4548,15/9-F-1 C,15/9-F-1,3740.4,7.940320014953613,8.000609186378666,2807.259049409061,2981.7744992838907,,
target7_permeability_klogh-e2c71a9943c13b21818d,15/9-F-1 C,15/9-F-1,3742.4,8.083060264587402,7.961567713222889,3238.1306814388413,2867.5665189368506,,
target7_permeability_klogh-c8fd5c22da5789d475c5,15/9-F-1 C,15/9-F-1,3744.4,7.811002731323242,7.825367416969264,2466.6035385107302,2502.3056988867784,,
target7_permeability_klogh-9f3fc596144eb95839f2,15/9-F-1 C,15/9-F-1,3746.4,7.808558940887451,7.590179081131778,2460.5805949873566,1977.667824093357,,
target7_permeability_klogh-d97818a21fa6311f800d,15/9-F-1 C,15/9-F-1,3748.4,7.307616233825684,7.405223974521883,1490.6172810632552,1643.5531328324894,,
target7_permeability_klogh-205c27af29d67508c0e3,15/9-F-1 C,15/9-F-1,3750.4,7.63029146194458,7.391883478628941,2058.650242026828,1621.7596695341642,,
target7_permeability_klogh-8e48062bc82955df4eaa,15/9-F-1 C,15/9-F-1,3752.4,7.677646636962891,7.491815932845105,2158.531625163498,1792.3056594677703,,
target7_permeability_klogh-651d9b75dec44eddbfde,15/9-F-1 C,15/9-F-1,3754.4,7.625853061676025,7.737032298135011,2049.5289467927587,2290.66131395455,,
target7_permeability_klogh-1e5e586e8a51a51c9ebf,15/9-F-1 C,15/9-F-1,3756.4,4.807351589202881,6.833102898932035,121.40700382123214,927.0660445333738,,
target7_permeability_klogh-e9740dc12917b44e794b,15/9-F-1 C,15/9-F-1,3758.4,5.362122535705566,5.976048783082973,212.1769422627841,392.8809802517039,,
target7_permeability_klogh-97f228f4efaacdb601be,15/9-F-1 C,15/9-F-1,3760.4,7.712324142456055,6.961237540940292,2234.732385108837,1053.9382790622906,,
target7_permeability_klogh-e5c86d3fc4d39d2af4b0,15/9-F-1 C,15/9-F-1,3762.4,7.772878646850586,7.488483166448152,2374.2991034895936,1786.3389389920417,,
target7_permeability_klogh-54fa2ee7c111730a8cab,15/9-F-1 C,15/9-F-1,3764.4,7.848111152648926,7.075741299366997,2559.8926104285433,1181.9200737648487,,
target7_permeability_klogh-0726370a6cb327167118,15/9-F-1 C,15/9-F-1,3766.4,5.531158924102783,6.265803747372889,251.43629607268298,525.2643996475301,,
target7_permeability_klogh-9702806d7a751d5522ba,15/9-F-1 C,15/9-F-1,3768.4,3.9701578617095947,5.834999591474788,51.992895728527046,341.06459430823463,,
target7_permeability_klogh-d83eeb4bfb0c002ec431,15/9-F-1 C,15/9-F-1,3770.4,5.406746864318848,6.062674814936861,221.90526583553336,428.52279567855845,,
target7_permeability_klogh-e825c01d40b2328edabc,15/9-F-1 C,15/9-F-1,3772.4,5.570572853088379,6.025976333333805,261.58447849302195,413.04569135770663,,
target7_permeability_klogh-8c788a442ba6c1c16ba6,15/9-F-1 C,15/9-F-1,3774.4,4.8477349281311035,5.653523946703965,126.45137612445859,284.2950610673812,,
target7_permeability_klogh-1bfd04c1d5dfdeae8605,15/9-F-1 C,15/9-F-1,3776.4,4.122476577758789,5.300443269146113,60.71188745549112,199.42563278623572,,
target7_permeability_klogh-fcfd3b06c4dacd981b92,15/9-F-1 C,15/9-F-1,3778.4,3.9324352741241455,4.9479657007792355,50.03110119071427,139.88806372174798,,
target7_permeability_klogh-82eb22295b9358aa8ebf,15/9-F-1 C,15/9-F-1,3780.4,3.5619122982025146,4.9341850563435345,34.2305039986783,137.9598519257877,,
target7_permeability_klogh-cb039c81b9d0ba381f09,15/9-F-1 C,15/9-F-1,3782.4,4.093919277191162,5.097137131896517,58.97448832339529,162.55300573514737,,
target7_permeability_klogh-e842a96567ef59349aec,15/9-F-1 C,15/9-F-1,3784.4,4.409285545349121,4.696040377516669,81.21070669541278,108.51268392904691,,
target7_permeability_klogh-ec0bea78008a21cd1e11,15/9-F-1 C,15/9-F-1,3786.4,1.813765525817871,3.833508200480828,5.133499854802892,45.22441864142896,,
target7_permeability_klogh-1e66d8e391ff85654422,15/9-F-1 C,15/9-F-1,3788.4,3.685481071472168,4.198393850182063,38.8642954129901,65.5793087723707,,
target7_permeability_klogh-e1675f47929a5716fcb3,15/9-F-1 C,15/9-F-1,3790.4,3.3427698612213135,4.488785864436187,27.297398120605727,88.01330602322538,,
target7_permeability_klogh-6283e1471bf75bb6a6f3,15/9-F-1 C,15/9-F-1,3792.4,3.725727081298828,4.578168959594772,40.50139666708191,96.33600478013452,,
target7_permeability_klogh-5bb0a3de049fb1873529,15/9-F-1 C,15/9-F-1,3794.4,3.5358593463897705,4.551294515493874,33.32449867796511,93.75499075902859,,
target7_permeability_klogh-b686a882b80393a25433,15/9-F-1 C,15/9-F-1,3796.4,3.712620496749878,4.840222648747886,39.961004188432206,125.4975131078549,,
target7_permeability_klogh-98b77c40b86d8ffe21fd,15/9-F-1 C,15/9-F-1,3798.4,4.60890531539917,4.988366852579961,99.3742113699971,145.6966505003704,,
target7_permeability_klogh-6ed828a86c0c11c07743,15/9-F-1 C,15/9-F-1,3800.4,3.7320945262908936,4.800280083847194,40.76649763968858,120.54445539045419,,
target7_permeability_klogh-b1c56d3211e685942a02,15/9-F-1 C,15/9-F-1,3802.4,3.0316929817199707,3.8845083431076297,19.732302303633528,47.643020902880586,,
target7_permeability_klogh-e24be72ed16447085f0c,15/9-F-1 C,15/9-F-1,3804.4,1.3630001544952393,2.869157140383686,2.90790003586839,16.622158932462366,,
target7_permeability_klogh-b3ce6d24dc20c08ab143,15/9-F-1 C,15/9-F-1,3806.4,1.3508225679397583,2.8825149059789688,2.860599830628226,16.859130784429098,,
target7_permeability_klogh-af35830a5e831e5ad69c,15/9-F-1 C,15/9-F-1,3808.4,1.489144206047058,2.895976636011074,3.433299903853776,17.101171066963506,,
target7_permeability_klogh-5932c71ad47f818db2f6,15/9-F-1 C,15/9-F-1,3810.4,1.656416893005371,3.017431196320952,4.240499891926617,19.438721129351823,,
target7_permeability_klogh-c7e5ad786df3b060d187,15/9-F-1 C,15/9-F-1,3812.4,1.502253532409668,3.095159091650417,3.491800090384821,21.090752712308227,,
target7_permeability_klogh-822000e4737d444fd5fb,15/9-F-1 C,15/9-F-1,3814.4,1.691699743270874,3.45665264985456,4.428700264213433,30.710652005662503,,
target7_permeability_klogh-30acb310bf9f32dd6feb,15/9-F-1 C,15/9-F-1,3816.4,3.1252682209014893,3.905540294922052,21.766000591881046,48.676912846429474,,
target7_permeability_klogh-a8526c3f6573296b0095,15/9-F-1 C,15/9-F-1,3818.4,2.645756244659424,3.741108936329239,13.094099641473456,41.14470005003629,,
target7_permeability_klogh-fc6e2d4ed8c7145463d1,15/9-F-1 C,15/9-F-1,3820.4,2.9138386249542236,3.955677237743973,17.42739884938829,51.23105481094892,,
target7_permeability_klogh-0075ce10515aa65d606f,15/9-F-1 C,15/9-F-1,3822.4,3.6651322841644287,4.344917719870205,38.06130301317619,76.08569459740232,,
target7_permeability_klogh-5454de536cb22a08a689,15/9-F-1 C,15/9-F-1,3824.4,3.131835460662842,4.069842427599072,21.91600238593408,57.54773635762475,,
target7_permeability_klogh-299153eb0508d3658903,15/9-F-1 C,15/9-F-1,3826.4,2.5836730003356934,3.802842100163655,12.245700382483554,43.82841044587582,,
target7_permeability_klogh-354a73eda961872523a5,15/9-F-1 C,15/9-F-1,3828.4,2.775571823120117,3.9128952770005636,15.047800876055202,49.04363260559511,,
target7_permeability_klogh-87f77cb5d4e83d725d12,15/9-F-1 C,15/9-F-1,3830.4,1.8058924674987793,3.1004596522643353,5.085400047495401,21.208156965364925,,
target7_permeability_klogh-ee273f686fae472ffcf7,15/9-F-1 C,15/9-F-1,3832.4,3.1492042541503906,3.669946767465632,22.317502390778586,38.249816437489905,,
target7_permeability_klogh-a412d8b7522a2a0d853d,15/9-F-1 C,15/9-F-1,3834.4,3.1252331733703613,4.286543279853338,21.765202713748558,71.71467927110608,,
target7_permeability_klogh-dafb6fbf47c3f1641f93,15/9-F-1 C,15/9-F-1,3836.4,3.26193904876709,4.300219934491748,25.100097469025336,72.71600460886877,,
target7_permeability_klogh-967a840198e27f9c880b,15/9-F-1 C,15/9-F-1,3838.4,1.9252554178237915,3.5995933127548962,5.85689981668123,35.5833534346998,,
target7_permeability_klogh-b99b5904df6d8cded959,15/9-F-1 C,15/9-F-1,3840.4,1.7066553831100464,2.7348114205459737,4.510500109992814,14.406837748910535,,
target7_permeability_klogh-e491c0638207d004c9ff,15/9-F-1 C,15/9-F-1,3842.4,1.0171129703521729,2.361934234396315,1.7652000145538005,9.611456659568304,,
target7_permeability_klogh-f083a6286b7cb3050255,15/9-F-1 C,15/9-F-1,3844.4,0.4209446907043457,1.5402962803571647,0.523400017896591,3.665972502213511,,
target7_permeability_klogh-736bc08e522fe7ac14d6,15/9-F-1 C,15/9-F-1,3846.4,1.593979001045227,2.504549698640243,3.9232998211545937,11.238046915685432,,
target7_permeability_klogh-5209c29b6552229ba030,15/9-F-1 C,15/9-F-1,3848.4,2.009769916534424,3.30589082199482,6.461600358932122,26.272826003914787,,
target7_permeability_klogh-817d7b277f126baeea3c,15/9-F-1 C,15/9-F-1,3850.4,0.4733729362487793,2.129063019849448,0.6053999831969844,7.406985940954448,,
target7_permeability_klogh-432b08ca564b16beeabe,15/9-F-1 C,15/9-F-1,3852.4,0.09294374287128448,2.1147858049679584,0.09739999695860696,7.287810368177937,,
target7_permeability_klogh-a2d755bff558114b57dc,15/9-F-1 C,15/9-F-1,3854.4,7.574749946594238,4.639830453852277,1947.3730044461665,102.52679352618328,,
target7_permeability_klogh-6ba1a03d66d25bd364c8,15/9-F-1 C,15/9-F-1,3856.4,3.102067708969116,4.9637806443847925,21.243897669912034,142.1339126821626,,
target7_permeability_klogh-1cc84a02480efdee1992,15/9-F-1 C,15/9-F-1,3858.4,3.4315648078918457,4.4532120539789934,29.924996586291307,84.90242456075296,,
target7_permeability_klogh-7f539f3ffe3c43bcc90c,15/9-F-1 C,15/9-F-1,3860.4,3.2421977519989014,4.140209590341621,24.589900245952578,61.81598569350504,,
target7_permeability_klogh-ff5be6365d694c9d3d13,15/9-F-1 C,15/9-F-1,3862.4,2.656785011291504,3.867223109548418,13.25040049584789,46.809440000466175,,
target7_permeability_klogh-995dccedf46429e4a8b9,15/9-F-1 C,15/9-F-1,3864.4,3.8918795585632324,4.078727196585494,48.002903848218516,58.0702371822595,,
target7_permeability_klogh-eddec86b6ff0fc84e06c,15/9-F-1 C,15/9-F-1,3866.4,2.468726396560669,3.7065887225390077,10.807399326998373,39.7146802916,,
target7_permeability_klogh-70b5e7d59ec15addc41e,15/9-F-1 C,15/9-F-1,3868.4,2.5809438228607178,3.5944188723040735,12.209599800215043,35.39454396382069,,
target7_permeability_klogh-60ba889854c7be894e0b,15/9-F-1 C,15/9-F-1,3870.4,2.460665225982666,3.6637047024915494,10.712600475153252,38.00557959720314,,
target7_permeability_klogh-bddacc0de3d44fe4ad37,15/9-F-1 C,15/9-F-1,3872.4,2.476109743118286,3.6001336814869855,10.894900074846946,35.603127277112804,,
target7_permeability_klogh-e0da586c8bc6394ec27b,15/9-F-1 C,15/9-F-1,3874.4,1.535037636756897,3.0187046214154063,3.641500217681931,19.464764888605377,,
target7_permeability_klogh-ca71f4bfd6c4ca47f333,15/9-F-1 C,15/9-F-1,3876.4,1.7162094116210938,2.8415175212126504,4.563399885748744,16.141758792088872,,
target7_permeability_klogh-a41ed4e28dd2902c794a,15/9-F-1 C,15/9-F-1,3878.4,2.2677037715911865,3.3126352041398284,8.657200197541162,26.45738603676975,,
target7_permeability_klogh-0577f258cb38261d0e33,15/9-F-1 C,15/9-F-1,3880.4,4.248626708984375,4.189312977662558,69.00920329040206,64.97744740604074,,
target7_permeability_klogh-ebfe773a8c28d72c82b7,15/9-F-1 C,15/9-F-1,3882.4,2.7826132774353027,3.973990684048283,15.161199509888297,52.19639782763347,,
target7_permeability_klogh-9389d297817f4bba1aaa,15/9-F-1 C,15/9-F-1,3884.4,1.645017385482788,2.8827633224113955,4.181099982090066,16.86356783708039,,
target7_permeability_klogh-34e0984505b92a784042,15/9-F-1 C,15/9-F-1,3886.4,1.559112548828125,2.398096491891411,3.7545998970443195,10.00221363272856,,
target7_permeability_klogh-c7efae23cd441d9c7d34,15/9-F-1 C,15/9-F-1,3888.4,0.3592117130756378,2.950579401484362,0.43219998494032463,18.11702695379382,,
target7_permeability_klogh-4beca667af4073fe0b83,15/9-F-1 C,15/9-F-1,3890.4,3.689391851425171,4.036097878487535,39.020501144366456,55.605031583190964,,
target7_permeability_klogh-2ae6d99bfb0746e5717a,15/9-F-1 C,15/9-F-1,3892.4,2.5876739025115967,3.787672529544763,12.298801288898074,43.15351459002836,,
target7_permeability_klogh-af663a465d294a440977,15/9-F-1 C,15/9-F-1,3894.4,2.581730842590332,3.418388360047307,12.220000107964989,29.52018780939752,,
target7_permeability_klogh-5f4054644f2c3903cb22,15/9-F-1 C,15/9-F-1,3896.4,1.3697837591171265,2.992682122570577,2.93449980376377,18.93908992002456,,
target7_permeability_klogh-21732bdbb5e8230cb40c,15/9-F-1 C,15/9-F-1,3898.4,0.45976388454437256,2.0205163179680143,0.5837000047967571,6.542218111246184,,
target7_permeability_klogh-6bdb0905779dbfb435ca,15/9-F-1 C,15/9-F-1,3900.4,2.371065855026245,2.8583116926732974,9.708800231974076,16.432071384726182,,
target7_permeability_klogh-cd95433ffe939a07ca30,15/9-F-1 C,15/9-F-1,3902.4,4.172436237335205,4.485919799386834,63.873306515317346,87.7585533411692,,
target7_permeability_klogh-f85f7c195077498d5a94,15/9-F-1 C,15/9-F-1,3904.4,6.02140474319458,5.068353751371832,411.15716423299256,157.91250239887822,,
target7_permeability_klogh-4c6a58f892a199641dfb,15/9-F-1 C,15/9-F-1,3906.4,3.801509141921997,3.416410581523108,43.76869585408183,29.45988528956456,,
target7_permeability_klogh-aebda91617e3a8f25b33,15/9-F-1 C,15/9-F-1,3908.4,1.8741225004196167,3.176786974728268,5.515099614087435,22.969614716075426,,
target7_permeability_klogh-c3186b1238c0fa5737f0,15/9-F-1 C,15/9-F-1,3910.4,1.6015468835830688,3.2816871367801728,3.9607001179244703,25.620647507782472,,
target7_permeability_klogh-01ee294805cddfcd0bc3,15/9-F-1 C,15/9-F-1,3912.4,2.2566144466400146,3.374125077233563,8.550699965658119,28.198725972206763,,
target7_permeability_klogh-988d004898f4822e74f1,15/9-F-1 C,15/9-F-1,3914.4,2.1970133781433105,3.418638420973079,7.998099407972636,29.527820670116213,,
target7_permeability_klogh-7363a197bcbedc09842e,15/9-F-1 C,15/9-F-1,3916.4,2.4541208744049072,3.744217171038948,10.636199370278412,41.27589946321926,,
target7_permeability_klogh-7fb9b8ef64c03fe94a3f,15/9-F-1 C,15/9-F-1,3918.4,5.672625541687012,5.700519511859318,289.797032699979,298.0227064642571,,
target7_permeability_klogh-5ad3fe063068a1e631b2,15/9-F-1 C,15/9-F-1,3920.4,6.208885669708252,6.715958617425484,496.1469565972959,824.4747021685458,,
target7_permeability_klogh-f3c1012d68971480ae4c,15/9-F-1 C,15/9-F-1,3922.4,6.570134162902832,6.9530333847422,712.4655573223187,1045.3188067368635,,
target7_permeability_klogh-2ad17cdeb71c1cad95ab,15/9-F-1 C,15/9-F-1,3924.4,6.392434120178223,6.919815290618319,596.3087328526284,1011.1330268025398,,
target7_permeability_klogh-3df1a1e92fa95aba98c7,15/9-F-1 C,15/9-F-1,3926.4,6.704611301422119,6.840044037504531,815.1607241362431,933.5302882048564,,
target7_permeability_klogh-32266b0911fc77930d13,15/9-F-1 C,15/9-F-1,3928.4,6.44851016998291,6.668075278722599,630.7603757669068,785.8796220575122,,
target7_permeability_klogh-48533ff403a0134d4ad0,15/9-F-1 C,15/9-F-1,3930.4,5.938162803649902,6.4709500473968475,378.2375552751984,645.0972584954418,,
target7_permeability_klogh-eeb1a0254ead7a45a6d3,15/9-F-1 C,15/9-F-1,3932.4,6.056707382202148,6.546072517267709,425.96727980540174,695.5032903070985,,
target7_permeability_klogh-bb1f7f912a5e8768b58e,15/9-F-1 C,15/9-F-1,3934.4,6.059166431427002,6.592066921529936,427.018505341792,728.2866915193686,,
target7_permeability_klogh-1e9f332f0cb05ffea7d7,15/9-F-1 C,15/9-F-1,3936.4,6.286074161529541,6.580343171620342,536.040849543735,719.7866403309439,,
target7_permeability_klogh-935a5e83e27a56d6b49a,15/9-F-1 C,15/9-F-1,3938.4,5.919351100921631,6.49365897176323,371.1701346470205,659.9372951679211,,
target7_permeability_klogh-616fbc4a46b4649ce1d8,15/9-F-1 C,15/9-F-1,3940.4,6.555935382843018,6.703352741427125,702.4067968485638,814.1341830166539,,
target7_permeability_klogh-d78b7d2e584ec90644af,15/9-F-1 C,15/9-F-1,3942.4,6.692906379699707,6.809897115024649,805.6633183753974,905.777508366546,,
target7_permeability_klogh-4491571dd8d385ae8883,15/9-F-1 C,15/9-F-1,3944.4,7.436074256896973,6.780221261429686,1695.0787649934612,879.2634709161049,,
target7_permeability_klogh-50759e832b13b3038b0e,15/9-F-1 C,15/9-F-1,3946.4,6.803835391998291,6.764972142581961,900.2975001901676,865.9420566861492,,
target7_permeability_klogh-b752606aeadca2edbd7b,15/9-F-1 C,15/9-F-1,3948.4,6.484213829040527,6.38692837897875,653.724036830889,593.0291421268113,,
target7_permeability_klogh-fc4b9e537a45f00a6ac5,15/9-F-1 C,15/9-F-1,3950.4,5.56091833114624,5.826581763473364,259.0615493180637,338.1972387725036,,
target7_permeability_klogh-718968cfca53c8216ae0,15/9-F-1 C,15/9-F-1,3952.4,5.163913726806641,5.199102644553258,173.8474233065112,180.10964920418138,,
target7_permeability_klogh-83dcc79acf4bc3105d1d,15/9-F-1 C,15/9-F-1,3954.4,4.762664318084717,5.083843075525643,116.05738891470666,160.39311154493467,,
target7_permeability_klogh-fa7e5825fad25ed10445,15/9-F-1 C,15/9-F-1,3956.4,6.135550498962402,5.541178079632005,460.9933508887141,253.9782072220416,,
target7_permeability_klogh-8c84169aa0a881f8bf26,15/9-F-1 C,15/9-F-1,3958.4,5.529257297515869,5.561292225300489,250.95671263939454,259.15880299125564,,
target7_permeability_klogh-a296b5cb55e52734673d,15/9-F-1 C,15/9-F-1,3960.4,5.334641456604004,5.482031122521697,206.3983741580715,239.33436049732907,,
target7_permeability_klogh-94735d47b9d0fa969c5e,15/9-F-1 C,15/9-F-1,3962.4,6.00371789932251,5.483273843687424,403.9314928422335,239.633214751763,,
target7_permeability_klogh-a44c6e7c6ac4a8604972,15/9-F-1 C,15/9-F-1,3964.4,4.880130290985107,4.526282685627423,130.6478152920108,91.41438844509372,,
target7_permeability_klogh-84845a7e123848be9dd1,15/9-F-1 C,15/9-F-1,3966.4,2.7864298820495605,3.835749764690878,15.222998274218421,45.328149860546,,
target7_permeability_klogh-027be53dd3b0e0b96215,15/9-F-1 C,15/9-F-1,3968.4,5.14976167678833,4.045603109730159,171.3904007867778,56.14564073508134,,
target7_permeability_klogh-ef7ead0ee8fe3367d9b0,15/9-F-1 C,15/9-F-1,3970.4,3.3212807178497314,4.0179088397218825,26.695798357676196,54.58474759110606,,
target7_permeability_klogh-8ae1e3aefb5cfdb4e08b,15/9-F-1 C,15/9-F-1,3972.4,4.625810623168945,4.644060507382034,101.08549241643178,102.96564493265684,,
target7_permeability_klogh-2a1edc3d0efac5ea248d,15/9-F-1 C,15/9-F-1,3974.4,6.907924175262451,5.973846840243729,999.1689105440939,392.0146310235087,,
target7_permeability_klogh-b9b649a1f0a84d035007,15/9-F-1 C,15/9-F-1,3976.4,6.925413608551025,6.235402995141795,1016.8151596294435,509.5063085616559,,
target7_permeability_klogh-3e9fb9b12a933ea87772,15/9-F-1 C,15/9-F-1,3978.4,6.340995788574219,5.670919232542341,566.3610017818412,289.30126614962427,,
target7_permeability_klogh-1ba0be2ebdb1c02a47f1,15/9-F-1 C,15/9-F-1,3980.4,5.777661323547363,5.349840167449824,322.00290711796276,209.57463849534145,,
target7_permeability_klogh-59ef09ebac94a7f8f19b,15/9-F-1 C,15/9-F-1,3982.4,5.303768157958984,5.02510148649773,200.0931348005596,151.18570012268717,,
target7_permeability_klogh-c269454c5fa66b2148ca,15/9-F-1 C,15/9-F-1,3984.4,4.857338905334473,4.452694098953895,127.68131292405995,84.8579424891343,,
target7_permeability_klogh-3ad87d1bd8757a0df5f4,15/9-F-1 C,15/9-F-1,3986.4,4.546711444854736,4.589845070595027,93.32171556677041,97.47917166051398,,
target7_permeability_klogh-5fa3d349a78848871718,15/9-F-1 C,15/9-F-1,3988.4,6.356625080108643,5.2749905340779035,575.2981106992253,194.38862697027565,,
target7_permeability_klogh-746b4e6d6e2e7baefa4f,15/9-F-1 C,15/9-F-1,3990.4,5.455600738525391,5.024687784132544,233.06544097021856,151.12275356006754,,
target7_permeability_klogh-3d9a0a096f46b3af83a1,15/9-F-1 C,15/9-F-1,3992.4,5.160801887512207,4.892647684947898,173.3041719180274,132.30605965756737,,
target7_permeability_klogh-43ec927b3e6067e64873,15/9-F-1 C,15/9-F-1,3994.4,5.38906717300415,4.846982898457575,217.99900206036898,126.3555649386238,,
target7_permeability_klogh-2194426ad0ad144a3d68,15/9-F-1 C,15/9-F-1,3996.4,6.281877040863037,5.28890416261235,533.7915478925214,197.1261923160346,,
target7_permeability_klogh-ebc2e1c3604e53dbb273,15/9-F-1 C,15/9-F-1,3998.4,6.496767044067383,5.537307417969267,661.9947317443791,252.9931804330355,,
target7_permeability_klogh-eb11acf7dfcb454bd0f6,15/9-F-1 C,15/9-F-1,4000.4,5.917957305908203,5.048529300359609,370.6517671021702,154.79317095626737,,
target7_permeability_klogh-85cefd4aaef6e2643b9f,15/9-F-1 C,15/9-F-1,4002.4,4.960240364074707,3.86159073026208,141.6280744422992,46.54091602523485,,
target7_permeability_klogh-fa132d5ee54721046c64,15/9-F-1 C,15/9-F-1,4004.4,0.231270432472229,0.4044101011376058,0.26019999237126706,0.4984183240304543,,
target7_permeability_klogh-9eca8eff75b31e87d9c9,15/9-F-1 C,15/9-F-1,4017.4,0.0021975834388285875,-2.1105926896011895,0.002199999895111117,0.0,,
target7_permeability_klogh-d69ac163c9bd172a3d60,15/9-F-1 C,15/9-F-1,4019.4,0.0013990208972245455,-2.076598307990962,0.0013999999834941284,0.0,,
target7_permeability_klogh-5f4136676c80a7061d2c,15/9-F-1 C,15/9-F-1,4021.4,0.0014988761395215988,-1.9257387124708,0.0015000000158093855,0.0,,
target7_permeability_klogh-dbfb4af0c8772aaab425,15/9-F-1,15/9-F-1,3387.0,0.8521147966384888,2.614285935447211,1.3445999647909028,12.657460586689904,,
target7_permeability_klogh-22ccd7a1c7df7eaa3fe5,15/9-F-1,15/9-F-1,3398.9,0.08837711066007614,1.850403155889078,0.09240000004660534,5.362384038210893,,
target7_permeability_klogh-79e1df823cffb006850f,15/9-F-1,15/9-F-1,3400.9,0.011137744411826134,1.053895623544359,0.011200000001385556,1.8688051629140865,,
target7_permeability_klogh-df1aa9a67c4cb2f18627,15/9-F-1,15/9-F-1,3402.9,0.05562390387058258,0.6967125416681093,0.05720000012959739,1.0071434491370206,,
target7_permeability_klogh-1dbaf55c05601481f6b9,15/9-F-1,15/9-F-1,3404.9,0.04697900265455246,0.8841665984182221,0.048100001530810683,1.4209659136791903,,
target7_permeability_klogh-f6bfddbb29d24ed00188,15/9-F-1,15/9-F-1,3453.2,0.23095297813415527,2.2828803620593563,0.25979999990987857,8.804881383857799,,
target7_permeability_klogh-57f16a2bc653dbe5de02,15/9-F-1,15/9-F-1,3455.2,2.350517749786377,2.60484380277933,9.491000031861466,12.529111928019024,,
target7_permeability_klogh-6232a30758acd2cdba65,15/9-F-11 A,15/9-F-11,3598.4,3.8558969497680664,3.220039546729532,46.27099764212486,24.029109981208865,,
target7_permeability_klogh-159d5a2d9c785aa5f875,15/9-F-11 A,15/9-F-11,3605.0,0.6344581842422485,1.4404008150902399,0.8860000000584335,3.222387874649785,,
target7_permeability_klogh-850f0f1c17e8bc238237,15/9-F-11 A,15/9-F-11,3607.0,4.380926132202148,2.316838603034242,78.91200822872285,9.1435557566904,,
target7_permeability_klogh-694fc1c49d0fb34d54e9,15/9-F-11 A,15/9-F-11,3609.0,0.05826890841126442,1.256512221965278,0.060000000304525965,2.5131470174946413,,
target7_permeability_klogh-24f4d16fbab93826cc0e,15/9-F-11 A,15/9-F-11,3611.0,0.0029955089557915926,0.03569946595053741,0.0029999999759210932,0.03634434292253776,,
target7_permeability_klogh-2d0cf45144e06088a684,15/9-F-11 A,15/9-F-11,3613.0,4.744575500488281,4.00418868626553,113.95899510655718,53.82732418855662,,
target7_permeability_klogh-6690b73b784254ce97d7,15/9-F-11 A,15/9-F-11,3615.0,8.01045036315918,6.969816897364563,3011.273424418818,1063.0279063865587,,
target7_permeability_klogh-bddca03287a6a28fa49d,15/9-F-11 A,15/9-F-11,3617.0,8.409443855285645,7.060828842005426,4488.263137197181,1164.4107069244694,,
target7_permeability_klogh-68f97189ee251cc4c478,15/9-F-11 A,15/9-F-11,3619.0,3.595721960067749,4.450380390282074,35.44200016180474,84.65952185533926,,
target7_permeability_klogh-013a17cef33a8e626ab0,15/9-F-11 A,15/9-F-11,3621.0,5.4126410484313965,4.475511000052528,223.22299015192573,86.83947491963782,,
target7_permeability_klogh-10d9e52c827ffc144e03,15/9-F-11 A,15/9-F-11,3623.0,7.6497578620910645,6.4632307684458645,2099.1370050660007,640.1290536772101,,
target7_permeability_klogh-a8e2625593c9e535b38d,15/9-F-11 A,15/9-F-11,3625.0,7.764877796173096,6.677284149249411,2355.3705134333277,793.1593622643192,,
target7_permeability_klogh-5b1ff0fc97668e27b65e,15/9-F-11 A,15/9-F-11,3627.0,5.959411144256592,4.885700587316941,386.38194497884984,131.38317882961746,,
target7_permeability_klogh-d3c7e470c2e645f999fb,15/9-F-11 A,15/9-F-11,3629.0,5.213009834289551,2.7010353194855754,182.64597113487727,13.895144978511873,,
target7_permeability_klogh-1d47bfb1b1c51eefa226,15/9-F-11 A,15/9-F-11,3631.0,2.011162757873535,3.22235304892822,6.472000425507948,24.087081915423337,,
target7_permeability_klogh-227a9ddf1208da837680,15/9-F-11 A,15/9-F-11,3633.0,6.1108198165893555,4.504781056077041,449.70806169466283,89.44853872292647,,
target7_permeability_klogh-b135ceaa1f689b7745ce,15/9-F-11 A,15/9-F-11,3635.0,5.627283096313477,3.9311407939056022,276.906047048909,49.965085177122724,,
target7_permeability_klogh-5858f00cf2f10158ed32,15/9-F-11 A,15/9-F-11,3637.0,3.0993711948394775,3.1074741775530703,21.18399748269294,21.364484283991665,,
target7_permeability_klogh-8fa1d3900c1b089b68b6,15/9-F-11 A,15/9-F-11,3639.0,4.64621639251709,3.0581309941176125,103.19002470272234,20.287733059567735,,
target7_permeability_klogh-e58ac63dfca245701636,15/9-F-11 A,15/9-F-11,3641.0,2.8662497997283936,2.4044682801899873,16.570999718031814,10.072541227143905,,
target7_permeability_klogh-20b0096a57129b2df3e6,15/9-F-11 A,15/9-F-11,3643.0,3.4242300987243652,2.487393416505334,29.699000551097313,11.02987833543575,,
target7_permeability_klogh-562f74013768273417ed,15/9-F-11 A,15/9-F-11,3645.0,3.2543587684631348,3.031957829137358,24.902999387383762,19.737793927544246,,
target7_permeability_klogh-08225334e6968032bf8e,15/9-F-11 A,15/9-F-11,3647.0,3.4124670028686523,3.323260702685954,29.340000878290407,26.750689942771736,,
target7_permeability_klogh-0c49116c8a94da03e4de,15/9-F-11 A,15/9-F-11,3649.0,6.791621208190918,5.984166170940931,889.3558445825023,396.0912769221704,,
target7_permeability_klogh-4ff0bed68185ad767f33,15/9-F-11 A,15/9-F-11,3651.0,7.89957857131958,6.180983414620919,2695.14585562409,482.46717133283056,,
target7_permeability_klogh-ba9d812b7e520f450b95,15/9-F-11 A,15/9-F-11,3653.0,2.923161506652832,3.6087735467131634,17.599998622366435,35.92074346842428,,
target7_permeability_klogh-72f7aac418fc8093889c,15/9-F-11 A,15/9-F-11,3655.0,3.2200751304626465,2.5812317005682055,24.030000626224666,12.213403096938263,,
target7_permeability_klogh-cbecbc6e7ff7747a3bed,15/9-F-11 A,15/9-F-11,3657.0,3.033557891845703,3.4068314560527315,19.771002258882344,29.16949926909811,,
target7_permeability_klogh-e9d2f10e329a8773527a,15/9-F-11 A,15/9-F-11,3659.0,4.695732593536377,3.8594377863496243,108.47898286588455,46.43867320051199,,
target7_permeability_klogh-f3ccd25e5865dc530613,15/9-F-11 A,15/9-F-11,3662.7,0.8679404854774475,1.4996069271335242,1.3820000346446162,3.479927786147724,,
target7_permeability_klogh-c53764ed55178ce3c5f3,15/9-F-11 A,15/9-F-11,3664.7,2.141946792602539,3.116785676964839,7.516000388085251,21.57370372793275,,
target7_permeability_klogh-cea8dd75d4190b4a5472,15/9-F-11 A,15/9-F-11,3666.7,5.092780590057373,4.179054972586595,161.84203004490902,64.30410986999355,,
target7_permeability_klogh-69b13ea14be461172e68,15/9-F-11 A,15/9-F-11,3668.7,4.893996715545654,4.314746730763558,132.48601496622913,73.79467785392664,,
target7_permeability_klogh-fbf293a0264df0d23331,15/9-F-11 A,15/9-F-11,3670.7,5.448615074157715,4.438791164361179,231.43603622304363,83.67252461821883,,
target7_permeability_klogh-386d15a830ac34ecdd7b,15/9-F-11 A,15/9-F-11,3672.7,4.8573832511901855,4.573279293037912,127.68701953352713,95.86122587400293,,
target7_permeability_klogh-209c1be6eb1f8ba58b41,15/9-F-11 A,15/9-F-11,3674.7,4.857748031616211,4.796398502069994,127.73397060223131,120.07358509926588,,
target7_permeability_klogh-a2d50bb75d0f8b429fa8,15/9-F-11 A,15/9-F-11,3676.7,6.163301944732666,5.23881853230138,473.993891870835,187.44732640121876,,
target7_permeability_klogh-4cb4cec54ccfbfa4e6ef,15/9-F-11 A,15/9-F-11,3678.7,6.663123607635498,5.414047392481493,781.9928838501332,223.53854665851935,,
target7_permeability_klogh-71d2ece1c1dc0d97975e,15/9-F-11 A,15/9-F-11,3680.7,6.321120738983154,5.589904843347083,555.1959938077738,266.7101441003147,,
target7_permeability_klogh-ce96277469200fa97d0c,15/9-F-11 A,15/9-F-11,3682.7,6.185191631317139,5.159272955603601,484.50599284787256,173.03787633356202,,
target7_permeability_klogh-070752a9f12c01322da4,15/9-F-11 A,15/9-F-11,3684.7,4.902121543884277,4.399062973326039,133.57498377526974,80.37458277495035,,
target7_permeability_klogh-24b9b1e68e2a03755b15,15/9-F-11 A,15/9-F-11,3686.7,4.414675235748291,4.224127295320517,81.65499315974652,67.31485882925229,,
target7_permeability_klogh-049f8b5855f561b9a863,15/9-F-11 A,15/9-F-11,3688.7,5.003885746002197,4.500737731052481,147.9909768416777,89.08356423534391,,
target7_permeability_klogh-b97fd8f2c76e0186d87b,15/9-F-11 A,15/9-F-11,3690.7,4.882408142089844,4.384796627966101,130.94803120727846,79.22190666147118,,
target7_permeability_klogh-d5202833cb751dbc3be1,15/9-F-11 A,15/9-F-11,3692.7,5.610862731933594,4.454841603412623,272.37998994210034,85.0425209240167,,
target7_permeability_klogh-00471a176787d954d1c3,15/9-F-11 A,15/9-F-11,3694.7,5.85250997543335,4.692152866593705,347.10702494329803,108.08777862120598,,
target7_permeability_klogh-92b0270ded6448bb7130,15/9-F-11 A,15/9-F-11,3696.7,5.88903284072876,4.309334217586061,360.0559168750703,73.39094426674026,,
target7_permeability_klogh-e1ec2290b707270bb477,15/9-F-11 A,15/9-F-11,3698.7,3.9282703399658203,3.33244337936109,49.81900201038989,27.006689136087253,,
target7_permeability_klogh-e8473eb70009f4817ffd,15/9-F-11 A,15/9-F-11,3700.7,3.7462754249572754,2.9676518315258007,41.36300360941463,18.44620298109744,,
target7_permeability_klogh-870428965f0aae5ff9f2,15/9-F-11 A,15/9-F-11,3702.7,0.023716526105999947,2.3548544299033445,0.023999999476412317,9.536594936908008,,
target7_permeability_klogh-7bd9458415e32f4f0e1d,15/9-F-11 B,15/9-F-11,3445.5,2.178041696548462,2.876248894645921,7.828999458155604,16.747575138007445,,
target7_permeability_klogh-0332fa7678dabd5eb360,15/9-F-11 B,15/9-F-11,3447.5,2.272641181945801,3.005800776444695,8.704999663477453,19.20238721620655,,
target7_permeability_klogh-f99763686f653b061641,15/9-F-11 B,15/9-F-11,3449.5,1.4683350324630737,2.453686148949478,3.341999830692283,10.631141917589062,,
target7_permeability_klogh-be018260c5347ceb4966,15/9-F-11 B,15/9-F-11,3451.5,1.0838370323181152,0.8625199201395111,1.956000086410266,1.3691231792693446,,
target7_permeability_klogh-7441166e50d3d8033c15,15/9-F-11 B,15/9-F-11,3453.5,0.03633192926645279,-0.717917865392911,0.037000000019767824,0.0,,
target7_permeability_klogh-e8b7e0e2c05369411f43,15/9-F-11 B,15/9-F-11,3455.5,0.07417939603328705,-1.4875615678050722,0.07699999769418127,0.0,,
target7_permeability_klogh-080f0eace5d89a0bf38e,15/9-F-11 B,15/9-F-11,3458.9,1.2644091844558716,0.4511432165928708,2.5410000401057378,0.5701061312423157,,
target7_permeability_klogh-d8811a1e52e9f1df0e32,15/9-F-11 B,15/9-F-11,3460.9,1.5861692428588867,1.1239458237829867,3.8849997917238315,2.0769714684746434,,
target7_permeability_klogh-eca61cfd1a9794ff1b6c,15/9-F-11 B,15/9-F-11,3462.9,0.1714291125535965,1.0141275645457104,0.18699999635123976,1.7569570807477413,,
target7_permeability_klogh-0d46f684a2b5bcecee48,15/9-F-11 B,15/9-F-11,3464.9,0.012916225008666515,-0.4115000683038228,0.01299999973876775,0.0,,
target7_permeability_klogh-a494b53756c97c1d3d6d,15/9-F-11 B,15/9-F-11,3466.9,0.13278111815452576,1.6205762268659822,0.14200000790344774,4.056002882029151,,
target7_permeability_klogh-c332e27beb0679ccf492,15/9-F-11 B,15/9-F-11,3468.9,3.6613028049468994,4.317307953770214,37.9120046150879,73.9864892346275,,
target7_permeability_klogh-1ef5e34ff82d9ff19a36,15/9-F-11 B,15/9-F-11,3470.9,7.031922340393066,5.937818036986863,1131.2050029656655,378.1068293450334,,
target7_permeability_klogh-b8e0a71188676d7aeab2,15/9-F-11 B,15/9-F-11,3472.9,6.9612531661987305,6.55439687356346,1053.954762874319,701.3254310232874,,
target7_permeability_klogh-fa3a8bb2d1766d509a2d,15/9-F-11 B,15/9-F-11,3474.9,6.730591773986816,6.489817901167562,836.642814541189,657.4034577972958,,
target7_permeability_klogh-e44387f7b6c1e0c99466,15/9-F-11 B,15/9-F-11,3476.9,6.31343936920166,6.50604181551154,550.9400135139967,668.1724605768015,,
target7_permeability_klogh-4055c567051ea8f3e534,15/9-F-11 B,15/9-F-11,3478.9,7.008889198303223,6.738817221249647,1105.4248035008595,843.5612158026006,,
target7_permeability_klogh-b420c7ac8213f5e3071c,15/9-F-11 B,15/9-F-11,3480.9,7.356756687164307,7.116560465152521,1565.7468634628954,1231.2049245859212,,
target7_permeability_klogh-e9d5a86774829df95e4a,15/9-F-11 B,15/9-F-11,3482.9,6.703675270080566,7.110473521014081,814.3971295486925,1223.7273429413096,,
target7_permeability_klogh-0c1da19fd2257430df60,15/9-F-11 B,15/9-F-11,3484.9,6.5780463218688965,6.857264205284417,718.1330015221814,949.7624154271656,,
target7_permeability_klogh-ab3f0dcbd29c18d4af65,15/9-F-11 B,15/9-F-11,3486.9,6.737673759460449,6.745126591004548,842.5960442472525,848.9067104119137,,
target7_permeability_klogh-13dd7a3ed6ce8fc12dd4,15/9-F-11 B,15/9-F-11,3488.9,6.558017730712891,6.666367311719724,703.8730605994036,784.5368046981072,,
target7_permeability_klogh-1571161732a5a53410f0,15/9-F-11 B,15/9-F-11,3490.9,6.89022970199585,6.458920849243688,981.6271027037303,637.371785327709,,
target7_permeability_klogh-ff4f9196952695771ecf,15/9-F-11 B,15/9-F-11,3492.9,6.387771129608154,6.243609651766488,593.5299715677445,513.7130967635975,,
target7_permeability_klogh-3f8eb86d2a94983b50eb,15/9-F-11 B,15/9-F-11,3494.9,6.893110752105713,6.221638934652892,984.4621826686154,502.52780529359944,,
target7_permeability_klogh-91324afa12ec75b25ea8,15/9-F-11 B,15/9-F-11,3496.9,6.384322166442871,6.031751671291475,591.4829916035266,415.4438636170318,,
target7_permeability_klogh-2e6757fc3716aad399b7,15/9-F-11 B,15/9-F-11,3498.9,6.260797023773193,6.055079767104491,522.6361242726157,425.2729066539876,,
target7_permeability_klogh-ea77a5c76c2dd46de890,15/9-F-11 B,15/9-F-11,3500.9,5.716399192810059,5.431011520904934,302.80899341769356,227.38013991280934,,
target7_permeability_klogh-2739bc245fedaa154901,15/9-F-11 B,15/9-F-11,3502.9,5.541714191436768,3.904743635159103,254.11494069783072,48.637353008774916,,
target7_permeability_klogh-2f3aa9654f3ba1cc785e,15/9-F-11 B,15/9-F-11,3504.9,2.527247428894043,3.3096126784072766,11.518999231540208,26.37452067535443,,
target7_permeability_klogh-6bf6f955412e792354d4,15/9-F-11 B,15/9-F-11,3506.9,0.1621188521385193,1.3212205689386938,0.17600000313061093,2.7479932707063583,,
target7_permeability_klogh-80c8f3d7577b885b1844,15/9-F-11 B,15/9-F-11,3508.9,0.597186803817749,0.15583395150414958,0.8170000261715501,0.16863213736954183,,
target7_permeability_klogh-6adbd2da55562b0a0644,15/9-F-11 B,15/9-F-11,3510.9,0.6564831733703613,1.0868611561582067,0.9279999560069109,1.9649529271694275,,
target7_permeability_klogh-5ee48f494845e3158fca,15/9-F-11 B,15/9-F-11,3512.9,4.218080043792725,3.976646507951809,66.90298829234197,52.33786586651265,,
target7_permeability_klogh-93e922960e51e9a0dee8,15/9-F-11 B,15/9-F-11,3514.9,4.998056411743164,5.66519293209456,147.1249851658402,287.6436643716477,,
target7_permeability_klogh-11f2929863b2998f525d,15/9-F-11 B,15/9-F-11,3516.9,5.249914646148682,5.279503753808738,189.55000358783025,195.27245172412785,,
target7_permeability_klogh-4d0566f60d0a335098f9,15/9-F-11 B,15/9-F-11,3518.9,2.4312422275543213,3.527409128077857,10.373001164049512,33.03567121690983,,
target7_permeability_klogh-bbdf3d2b79c9b111203e,15/9-F-11 B,15/9-F-11,3520.9,1.0231701135635376,1.5161082519274633,1.7820000558132814,3.5544658264610165,,
target7_permeability_klogh-7b14e6fad0a5158b84ec,15/9-F-11 B,15/9-F-11,3522.9,2.4781336784362793,3.62496322458058,10.918998962280746,36.52334319754269,,
target7_permeability_klogh-4e8d844559a87072a1dc,15/9-F-11 B,15/9-F-11,3524.9,4.785089015960693,5.315694847326211,118.71201888995147,202.50586952190994,,
target7_permeability_klogh-3f6c23392e90e50d69d9,15/9-F-11 B,15/9-F-11,3526.9,5.7170209884643555,5.2362020028259915,302.99795927252234,186.95489293141856,,
target7_permeability_klogh-6e6ca49fa6a2d803e789,15/9-F-11 B,15/9-F-11,3528.9,5.5303850173950195,5.043447789306828,251.24100950640803,154.00351425991335,,
target7_permeability_klogh-3e60a312e4efa3f80a80,15/9-F-11 B,15/9-F-11,3530.9,5.505758285522461,5.109903703059727,245.10500280252205,164.65440209357567,,
target7_permeability_klogh-890995926bd9782eca9d,15/9-F-11 B,15/9-F-11,3532.9,6.205541133880615,5.277583363298165,494.487008215111,194.89589365534653,,
target7_permeability_klogh-bf92ca1bd7b80dbe89d7,15/9-F-11 B,15/9-F-11,3534.9,5.8915228843688965,5.36014832007905,360.9560821248873,211.75650017038743,,
target7_permeability_klogh-38d9d4ec2bd4051d939b,15/9-F-11 B,15/9-F-11,3536.9,5.927216529846191,5.126875543243577,374.1089547785442,167.48985550190628,,
target7_permeability_klogh-817d6d879ed239a5cd93,15/9-F-11 B,15/9-F-11,3538.9,3.5586283206939697,3.85803045417283,34.11499757997913,46.371958185397425,,
target7_permeability_klogh-60613fbd10a4a5f074ef,15/9-F-11 B,15/9-F-11,3540.9,0.5933268666267395,2.013575455298678,0.8100000386416997,6.490049866859931,,
target7_permeability_klogh-c1380d5e6a98368799cd,15/9-F-11 B,15/9-F-11,3542.9,0.8624679446220398,1.402243459729484,1.3690000460661327,3.0643078574380933,,
target7_permeability_klogh-1c596a59eeb8e26f20e8,15/9-F-11 B,15/9-F-11,3544.9,0.10885440558195114,0.22968841390361705,0.115000000746904,0.2582079087552858,,
target7_permeability_klogh-e007b34c40fac6fc802b,15/9-F-11 B,15/9-F-11,3546.9,0.019802628085017204,-0.6206974825110572,0.02000000080461424,0.0,,
target7_permeability_klogh-aec971b67227a2eb6d85,15/9-F-11 B,15/9-F-11,3548.9,0.137149840593338,0.3369293041571848,0.14700000280568173,0.40064004081015603,,
target7_permeability_klogh-dad8046a2cf15d8d2baa,15/9-F-11 B,15/9-F-11,3550.9,0.32353171706199646,1.1425331907480931,0.38199998855222833,2.134699106679764,,
target7_permeability_klogh-1eae5164ae9386f8c17d,15/9-F-11 B,15/9-F-11,3552.9,0.40279486775398254,0.9522061097988934,0.49599998234973885,1.5914203155836226,,
target7_permeability_klogh-35c9107a59dedba7c66d,15/9-F-11 B,15/9-F-11,3554.9,0.06859279423952103,0.20818651130907373,0.07100000297085687,0.23144282614497955,,
target7_permeability_klogh-10920748aaa8044208b5,15/9-F-11 B,15/9-F-11,3556.9,0.05164323374629021,-0.08959079065928632,0.0530000006259577,0.0,,
target7_permeability_klogh-96837dadfbb947ad3814,15/9-F-11 B,15/9-F-11,3558.9,0.03922071307897568,-0.4239528130102772,0.03999999992272216,0.0,,
target7_permeability_klogh-dcdad501e82d3bc039a8,15/9-F-11 B,15/9-F-11,3560.9,0.04592893272638321,-0.116094679145482,0.04700000087736863,0.0,,
target7_permeability_klogh-f6b3a239db7f8d6927db,15/9-F-11 B,15/9-F-11,3562.9,0.03149866685271263,0.12821863158026714,0.03199999978672857,0.1368015162415619,,
target7_permeability_klogh-a4c2709d497695e7e800,15/9-F-11 B,15/9-F-11,3564.9,0.18896609544754028,0.6931544147126765,0.20799999508937983,1.0000144683577954,,
target7_permeability_klogh-ca6cc277a3de6648b2f7,15/9-F-11 B,15/9-F-11,3566.9,1.0515207052230835,1.5604802434962937,1.862000068942216,3.7611071869512656,,
target7_permeability_klogh-c0fb32ce9659385aa458,15/9-F-11 B,15/9-F-11,3568.9,1.9338375329971313,2.5350257858255842,5.915999759157824,11.616756177316667,,
target7_permeability_klogh-beb08c61f0eb94f1afb5,15/9-F-11 B,15/9-F-11,3570.9,2.3680918216705322,2.6099476091964053,9.676999214966845,12.59833840529166,,
target7_permeability_klogh-f4bc444665c866941216,15/9-F-11 B,15/9-F-11,3572.9,0.3618614673614502,2.0070345027320204,0.4359999953120599,6.441217684556116,,
target7_permeability_klogh-463205ad8ccbfd858062,15/9-F-11 B,15/9-F-11,3574.9,1.8050047159194946,2.52206632955872,5.080000121243828,11.454304791822345,,
target7_permeability_klogh-397e1c6b7f5f7cd48798,15/9-F-11 B,15/9-F-11,3576.9,2.6656992435455322,3.152217491394222,13.377999755341833,22.38786952060167,,
target7_permeability_klogh-6a66a7e4c131de4caa0a,15/9-F-11 B,15/9-F-11,3578.9,3.0163187980651855,3.1469056346233186,19.415997772671812,22.263965878069712,,
target7_permeability_klogh-5c5b8900a47ea5c8196e,15/9-F-11 B,15/9-F-11,3580.9,3.249288558959961,3.2965589719012622,24.771998136260905,26.019503900310404,,
target7_permeability_klogh-32d9b55842d626212010,15/9-F-11 B,15/9-F-11,3582.9,2.512359619140625,3.0370315768445777,11.33399929167473,19.843279639589344,,
target7_permeability_klogh-bc182d6296da3194269a,15/9-F-11 B,15/9-F-11,3584.9,2.450056314468384,1.8127453383347794,10.588999329183848,5.1272457257579935,,
target7_permeability_klogh-bc1814118a9b539a6c99,15/9-F-11 B,15/9-F-11,3586.9,0.1988508552312851,0.7770572283552686,0.2199999957130663,1.1750621271840915,,
target7_permeability_klogh-e53377b50893f9fbfee7,15/9-F-11 B,15/9-F-11,3588.9,0.2904283106327057,1.4433299621720732,0.33700001672974683,3.234774001308584,,
target7_permeability_klogh-9dee5ebac9a2b72a6c79,15/9-F-11 B,15/9-F-11,3590.9,2.867387294769287,3.021240621161713,16.59099801490007,19.51672939030275,,
target7_permeability_klogh-054ca840aae3d6ba36e3,15/9-F-11 B,15/9-F-11,3592.9,2.735405921936035,3.307992148289041,14.415999858542321,26.3301953650782,,
target7_permeability_klogh-2dd1089e56a6713cca6f,15/9-F-11 B,15/9-F-11,3594.9,2.4958465099334717,3.233450678223066,11.131999030739825,24.36703961073853,,
target7_permeability_klogh-add2e14eb82a51c65056,15/9-F-11 B,15/9-F-11,3596.9,2.2355902194976807,2.889593197683706,8.351999956306646,16.98599137016427,,
target7_permeability_klogh-b59459cbc0958a1be59e,15/9-F-11 B,15/9-F-11,3598.9,0.952043890953064,2.3048424392975373,1.5909999724656791,9.022598960278346,,
target7_permeability_klogh-a0957f4231b0b9f38837,15/9-F-11 B,15/9-F-11,3600.9,0.6765095591545105,1.6023964558787105,0.9670000388435069,3.9649163820686506,,
target7_permeability_klogh-349c413af09748738201,15/9-F-11 B,15/9-F-11,3602.9,0.6371057629585266,1.7168568210846216,0.8909999494766525,4.567002849654787,,
target7_permeability_klogh-b6f18263e39f20a26533,15/9-F-11 B,15/9-F-11,3604.9,0.38117241859436035,1.89823620945096,0.46400000447287215,5.674112318503853,,
target7_permeability_klogh-6eb97db057ed050e02bd,15/9-F-11 B,15/9-F-11,3606.9,1.3795214891433716,1.9245452421638807,2.9730000489112447,5.852031942056605,,
target7_permeability_klogh-7ec63d80c033763ec620,15/9-F-11 B,15/9-F-11,3608.9,0.2723146080970764,1.2294587771453447,0.313000016775436,2.4193783896602303,,
target7_permeability_klogh-24712bc67d044a78d047,15/9-F-11 B,15/9-F-11,3610.9,0.1449657678604126,0.4801143070294178,0.15599999723742228,0.6162591414154209,,
target7_permeability_klogh-bdb94a1fd27ce8bb91e8,15/9-F-11 B,15/9-F-11,3612.9,0.12839321792125702,0.7594032680329912,0.13700000358479958,1.1370006233544014,,
target7_permeability_klogh-0bcb5d32b05bde7431fb,15/9-F-11 B,15/9-F-11,3614.9,3.1352767944335938,2.5281859835150913,21.994999849192045,11.530754511743229,,
target7_permeability_klogh-e5ad17b2f9db2d4135b5,15/9-F-11 B,15/9-F-11,3616.9,3.7781028747558594,2.7240238679577002,42.73299601567229,14.241528918423315,,
target7_permeability_klogh-f081b76a4c6f604666a2,15/9-F-11 B,15/9-F-11,3618.9,1.7213369607925415,1.3563377547814013,4.591999753174899,2.881950582588792,,
target7_permeability_klogh-18fb5fdc4d148892d5cf,15/9-F-11 B,15/9-F-11,3620.9,1.3069806098937988,1.2928543873542633,2.6950002050489825,2.6431707489627216,,
target7_permeability_klogh-ccee78b418d987922e63,15/9-F-11 B,15/9-F-11,3622.9,1.8934130668640137,2.3690922924965916,5.641999627446636,9.687686586501538,,
target7_permeability_klogh-9a3394f25074f6e13b44,15/9-F-11 B,15/9-F-11,3624.9,0.9376607537269592,2.02585013440784,1.5539999900818262,6.582554395740168,,
target7_permeability_klogh-dc0ad824697b3ba3d032,15/9-F-11 B,15/9-F-11,3626.9,0.08709470927715302,0.6728395986076179,0.09100000264700521,0.9597944564941148,,
target7_permeability_klogh-69c9c9b5638e0ea561ca,15/9-F-11 B,15/9-F-11,3628.9,0.7381205558776855,0.9131496704934539,1.092000020240119,1.4921596664788985,,
target7_permeability_klogh-5226cf44cd86d7d4234c,15/9-F-11 B,15/9-F-11,3630.9,0.23428130149841309,0.7479406379403502,0.26400000729801676,1.1126448330872263,,
target7_permeability_klogh-3aa6d9129893748306ae,15/9-F-11 B,15/9-F-11,3632.9,0.2941610515117645,0.810560768416805,0.34200001739537245,1.2491688959852996,,
target7_permeability_klogh-433e6f53695c9ebb57ef,15/9-F-11 B,15/9-F-11,3634.9,1.4388867616653442,1.774512300450796,3.2159997909972144,4.897404273448042,,
target7_permeability_klogh-0c2ee447ccf9bcdcf836,15/9-F-11 B,15/9-F-11,3636.9,0.23744085431098938,1.424288734143188,0.2679999978392712,3.1549015519139787,,
target7_permeability_klogh-c074981ec824521cff18,15/9-F-11 B,15/9-F-11,3638.9,0.6397464275360107,1.5846447051424035,0.8960000449412311,3.8775580993080583,,
target7_permeability_klogh-721e3c4e23864e4a55c9,15/9-F-11 B,15/9-F-11,3640.9,2.5006158351898193,2.5899182900235402,11.189998679782104,12.328682472368897,,
target7_permeability_klogh-4842eddd55c49419e152,15/9-F-11 B,15/9-F-11,3642.9,2.203648328781128,2.9766961612160077,8.057999851875486,18.622878604036504,,
target7_permeability_klogh-1b298e8aed5ab15a3461,15/9-F-11 B,15/9-F-11,3644.9,3.1624324321746826,3.4137903342889486,22.627999591937208,29.38017733226331,,
target7_permeability_klogh-e180505103e905cdb83e,15/9-F-11 B,15/9-F-11,3646.9,2.2196381092071533,3.1461233067086365,8.203999420461265,22.245772945504477,,
target7_permeability_klogh-ef6a0bebd6cbd0824ae0,15/9-F-11 B,15/9-F-11,3648.9,2.2147369384765625,2.9435860517843,8.158999414334286,17.983801288883495,,
target7_permeability_klogh-247ac61bd391a3f5f447,15/9-F-11 B,15/9-F-11,3650.9,1.5325568914413452,2.2855387730705523,3.6300001080790287,8.830981465493227,,
target7_permeability_klogh-079c239846d1b8e5b3ca,15/9-F-11 B,15/9-F-11,3652.9,1.5295284986495972,2.3406352496221228,3.615999858952577,9.387833334412006,,
target7_permeability_klogh-ab786fe7ddca7f3d5626,15/9-F-11 B,15/9-F-11,3654.9,1.7915928363800049,2.423056846138525,4.9990002862065905,10.280288772470225,,
target7_permeability_klogh-f2957fdb604576ab5412,15/9-F-11 B,15/9-F-11,3656.9,1.0123279094696045,2.021141147878449,1.751999970824692,6.546932187307605,,
target7_permeability_klogh-969088f8bde34e986075,15/9-F-11 B,15/9-F-11,3658.9,2.7060482501983643,3.0850749310956522,13.970000774949424,20.8691054567157,,
target7_permeability_klogh-01b69826c1f5fe63c9c4,15/9-F-11 B,15/9-F-11,3660.9,3.6373229026794434,4.525502074321827,36.98999754888183,91.34227687788783,,
target7_permeability_klogh-5d0bbd6ad6b14fc1b124,15/9-F-11 B,15/9-F-11,3662.9,6.3193159103393555,5.484098463689527,554.1930606800485,239.83172755138116,,
target7_permeability_klogh-48a38deda4454348beee,15/9-F-11 B,15/9-F-11,3664.9,6.407549858093262,5.806568300009948,605.4060784416209,331.47620712273834,,
target7_permeability_klogh-8e4d7ec4cb15a827cac4,15/9-F-11 B,15/9-F-11,3666.9,6.55808162689209,4.6070773707044195,703.9181007337273,99.19090045498349,,
target7_permeability_klogh-72642046a0f6f37c767d,15/9-F-11 B,15/9-F-11,3668.9,6.454721927642822,5.344898337327618,634.6969319287856,208.5365814671886,,
target7_permeability_klogh-c9f3a2d89ce888bcff37,15/9-F-11 B,15/9-F-11,3670.9,6.743731498718262,6.568249107442401,847.7218388109446,711.1219020079353,,
target7_permeability_klogh-edb698c561d249a36323,15/9-F-11 B,15/9-F-11,3672.9,6.388484001159668,6.22733519915183,593.9539461727599,505.40421747975404,,
target7_permeability_klogh-1bf0c21126578ba94604,15/9-F-11 B,15/9-F-11,3674.9,6.908053398132324,6.381073479484254,999.2981635921172,589.5613229755089,,
target7_permeability_klogh-ac97c688340a668cf247,15/9-F-11 B,15/9-F-11,3676.9,6.811008453369141,6.583465488561172,906.785805157183,722.040681753438,,
target7_permeability_klogh-ee025f51d44268108864,15/9-F-11 B,15/9-F-11,3678.9,7.2745466232299805,6.6333103638119395,1442.096777255287,758.9938672287318,,
target7_permeability_klogh-95530a651a7c81072263,15/9-F-11 B,15/9-F-11,3680.9,7.102139472961426,6.537785587543605,1213.562821053247,689.7552661185335,,
target7_permeability_klogh-67a926c8271a33003af0,15/9-F-11 B,15/9-F-11,3682.9,7.023130893707275,6.457657509152577,1121.294908905296,636.5658138734918,,
target7_permeability_klogh-a5ade9a8b0202fe9cd70,15/9-F-11 B,15/9-F-11,3684.9,7.029592514038086,6.491405697095569,1128.570232381303,658.4496985151417,,
target7_permeability_klogh-e492d8055e79c3e50119,15/9-F-11 B,15/9-F-11,3686.9,6.468535423278809,6.204269639996687,643.5390584632477,493.8573998710027,,
target7_permeability_klogh-7432e5fe83ae8a95aa41,15/9-F-11 B,15/9-F-11,3688.9,6.445641994476318,6.167482516406521,628.9509722149824,475.98379444746087,,
target7_permeability_klogh-28b1833ca83a6ec4d7d6,15/9-F-11 B,15/9-F-11,3690.9,6.777801513671875,6.444682378737535,877.1360303289135,628.346751303698,,
target7_permeability_klogh-f86fb882c5967a3056b9,15/9-F-11 B,15/9-F-11,3692.9,7.229887962341309,6.845388750318862,1379.067875851476,938.5384558987115,,
target7_permeability_klogh-5b8c0900207d08e7eb9c,15/9-F-11 B,15/9-F-11,3694.9,6.988684177398682,6.796114557939141,1083.2937988198798,893.365526497847,,
target7_permeability_klogh-30693b35c3417e3f5920,15/9-F-11 B,15/9-F-11,3696.9,6.993335723876953,6.8727227575089795,1088.3491904004031,964.5740138575699,,
target7_permeability_klogh-635e5b95ee975acb78a1,15/9-F-11 B,15/9-F-11,3698.9,7.303352355957031,6.929448908788995,1484.2707471880387,1020.9306474151311,,
target7_permeability_klogh-2bad3d3702d312adbdbd,15/9-F-11 B,15/9-F-11,3700.9,6.8597941398620605,6.773741433508029,952.1708274148608,873.5779555730671,,
target7_permeability_klogh-5531e64778cab8dab303,15/9-F-11 B,15/9-F-11,3702.9,6.970174789428711,6.68253245448588,1063.408781682344,797.3383096071738,,
target7_permeability_klogh-a16dad832612f1f75d28,15/9-F-11 B,15/9-F-11,3704.9,7.1198506355285645,6.707655250277874,1235.2657654919433,817.6488605974787,,
target7_permeability_klogh-3c9df033339c02b7b850,15/9-F-11 B,15/9-F-11,3706.9,6.945394992828369,6.619993392856685,1037.3570598065412,748.9401421335165,,
target7_permeability_klogh-e8af7724a243f1fac2fa,15/9-F-11 B,15/9-F-11,3708.9,6.749544620513916,6.704192829601814,852.6699302256328,814.8192553248728,,
target7_permeability_klogh-494add30c2e84164cd1d,15/9-F-11 B,15/9-F-11,3710.9,7.21920108795166,6.816697551500736,1364.3977921055825,911.9650062076104,,
target7_permeability_klogh-9f7c6522dc3ac93f6d7f,15/9-F-11 B,15/9-F-11,3712.9,6.841814041137695,6.5531989025666535,935.1858749753466,700.4845692911477,,
target7_permeability_klogh-93e329ca3fd1f4e71a03,15/9-F-11 B,15/9-F-11,3714.9,6.476085662841797,6.447486355032263,648.4239004203824,630.1139010406844,,
target7_permeability_klogh-876f3900f5e2fa8aa681,15/9-F-11 B,15/9-F-11,3716.9,6.828702449798584,6.727657439843778,922.9911094597472,834.1884932911711,,
target7_permeability_klogh-90fee644942c3a02ca48,15/9-F-11 B,15/9-F-11,3718.9,7.187926292419434,6.841310720298572,1322.356104663597,934.7147916781438,,
target7_permeability_klogh-d7de8cb27dcf724052ea,15/9-F-11 B,15/9-F-11,3720.9,6.865514755249023,6.75930734337278,957.6391773671751,861.0448878439383,,
target7_permeability_klogh-a6518d8a562c032fdc2e,15/9-F-11 B,15/9-F-11,3722.9,6.77956485748291,6.559318009985755,878.6858520959694,704.7901885621238,,
target7_permeability_klogh-8ef1e3607a87ce70d517,15/9-F-11 B,15/9-F-11,3724.9,6.637496471405029,6.505696104217105,762.1819515034039,667.9411600831554,,
target7_permeability_klogh-4a15175445ca17333d9f,15/9-F-11 B,15/9-F-11,3726.9,6.834848880767822,6.698188859535971,928.6878463958378,809.9357757392131,,
target7_permeability_klogh-ad56636c37e28e278264,15/9-F-11 B,15/9-F-11,3728.9,7.325040817260742,6.759388052940638,1516.8358513009805,861.1144659220812,,
target7_permeability_klogh-949a0c6ab729d0e5f138,15/9-F-11 B,15/9-F-11,3730.9,7.038532733917236,6.783942723746561,1138.714115335216,882.5454413289054,,
target7_permeability_klogh-6a4a90cf86773ddd6572,15/9-F-11 B,15/9-F-11,3732.9,7.090541839599609,6.724036255568345,1199.5581343454664,831.1695911516193,,
target7_permeability_klogh-2282bc50f80eb043ba5b,15/9-F-11 B,15/9-F-11,3734.9,7.023588180541992,6.684952827274319,1121.8082369519418,799.2729262299822,,
target7_permeability_klogh-f59243eee0ca2fd50648,15/9-F-11 B,15/9-F-11,3736.9,7.016293048858643,6.701014416982185,1113.6470078231266,812.2303615741786,,
target7_permeability_klogh-cb73683f0475530c0b3f,15/9-F-11 B,15/9-F-11,3738.9,7.079137325286865,6.642933380269349,1185.9441300287242,766.3426025117378,,
target7_permeability_klogh-ed25f0d4b134bc0df377,15/9-F-11 B,15/9-F-11,3740.9,6.935698986053467,7.134225900143337,1027.337794645925,1253.1657633588623,,
target7_permeability_klogh-98895383ae48e01f9493,15/9-F-11 B,15/9-F-11,3742.9,7.343518257141113,7.2714774247494365,1545.1422818251863,1437.6744168417326,,
target7_permeability_klogh-d5c0ee687bee5588ffe2,15/9-F-11 B,15/9-F-11,3744.9,7.344378471374512,7.207230069742549,1546.4728676352486,1348.1500354012644,,
target7_permeability_klogh-211b9d976b4fdd91ce2b,15/9-F-11 B,15/9-F-11,3746.9,7.102668285369873,7.182796088855465,1214.2052667955277,1315.5844034140155,,
target7_permeability_klogh-7e68ff69a227c47b4bee,15/9-F-11 B,15/9-F-11,3748.9,7.31030797958374,7.167925048561077,1494.6377441569198,1296.150284631429,,
target7_permeability_klogh-cd5bc4709d3886020251,15/9-F-11 B,15/9-F-11,3750.9,7.404150009155273,7.195567748683439,1641.787887799962,1332.5072076688164,,
target7_permeability_klogh-21e11c51f263f0bdbd5a,15/9-F-11 B,15/9-F-11,3752.9,7.200148582458496,7.20896922942646,1338.6297950962462,1350.4984643048801,,
target7_permeability_klogh-cf1d3bea480845901ac9,15/9-F-11 B,15/9-F-11,3754.9,7.13365364074707,7.203771125416723,1252.4482605347519,1343.491462059251,,
target7_permeability_klogh-84b75e96c4c650abac87,15/9-F-11 B,15/9-F-11,3756.9,7.085907459259033,7.04805104129544,1194.0071639191128,1149.6140568121687,,
target7_permeability_klogh-de20a7a9dc27c0217a89,15/9-F-11 B,15/9-F-11,3758.9,6.860906600952148,6.954140546293273,953.2317828989967,1046.477892218885,,
target7_permeability_klogh-7ea1556d162ba34d7094,15/9-F-11 B,15/9-F-11,3760.9,7.297045707702637,6.990292393889598,1474.9331424665647,1085.0389809273242,,
target7_permeability_klogh-8a0c2a87de6755873236,15/9-F-11 B,15/9-F-11,3762.9,7.3524065017700195,6.7851947258659315,1558.946027314933,883.6523348659478,,
target7_permeability_klogh-3947e437234c265b17a8,15/9-F-11 B,15/9-F-11,3764.9,6.913560390472412,6.9089888333427965,1004.8219938020735,1000.2343155017772,,
target7_permeability_klogh-dba015bf0321ce5ddf24,15/9-F-11 B,15/9-F-11,3766.9,7.001646995544434,7.051589940416152,1097.4407965316036,1153.6931774271031,,
target7_permeability_klogh-12c722eac4e0aa255624,15/9-F-11 B,15/9-F-11,3768.9,7.131620407104492,7.1144195963770684,1249.9022965091492,1228.5697573180619,,
target7_permeability_klogh-e04102a3e2da4449a85c,15/9-F-11 B,15/9-F-11,3770.9,6.351198196411133,6.927147024499349,572.1790788438276,1018.5809866738182,,
target7_permeability_klogh-defec3c7ed1cf073d90a,15/9-F-11 B,15/9-F-11,3772.9,6.820075511932373,7.111332102945012,915.0541804908484,1224.7793232492947,,
target7_permeability_klogh-f953d3fc2da911f8a6f7,15/9-F-11 B,15/9-F-11,3774.9,6.8663330078125,7.213220585378949,958.4239073413775,1356.2563961824474,,
target7_permeability_klogh-5f834e209c768d8a85a8,15/9-F-11 B,15/9-F-11,3776.9,6.894699573516846,7.242605066978673,986.029150570746,1396.7304135670051,,
target7_permeability_klogh-fae80c976877af21ca20,15/9-F-11 B,15/9-F-11,3778.9,7.093672752380371,7.252954713823648,1203.3228676027197,1411.2715477357942,,
target7_permeability_klogh-1b9554aa7b27d14fedc0,15/9-F-11 B,15/9-F-11,3780.9,6.88018274307251,7.2089293005979584,971.8041167627094,1350.4445016318193,,
target7_permeability_klogh-6ab4df31f3eb29d29cae,15/9-F-11 B,15/9-F-11,3782.9,6.8691277503967285,7.147817520013758,961.1090005159912,1270.3282766423945,,
target7_permeability_klogh-8feda0ecf7f358353f6a,15/9-F-11 B,15/9-F-11,3784.9,6.960362911224365,7.250218495375112,1053.0160020791752,1407.4125462157729,,
target7_permeability_klogh-bcfc5615adb61efea520,15/9-F-11 B,15/9-F-11,3786.9,7.001359462738037,7.6066568868982465,1097.1250041692242,2010.5420317542896,,
target7_permeability_klogh-32903dd166ab49b8d866,15/9-F-11 B,15/9-F-11,3788.9,7.163458347320557,7.552943248929823,1290.369222596103,1905.3453312280508,,
target7_permeability_klogh-09befd3181b45b2885f5,15/9-F-11 B,15/9-F-11,3790.9,6.269639492034912,7.45424681942988,527.2868919115109,1726.1826248514114,,
target7_permeability_klogh-cca4aec674a0f4838358,15/9-F-11 B,15/9-F-11,3792.9,7.311412811279297,7.643215563060906,1496.2910853054077,2085.442127613238,,
target7_permeability_klogh-3278d4ff05c1666ea073,15/9-F-11 B,15/9-F-11,3794.9,7.400349140167236,7.75204889126926,1635.5557175973324,2325.333940320812,,
target7_permeability_klogh-e6491e571c2339480f1c,15/9-F-11 B,15/9-F-11,3796.9,7.522911548614502,7.8339883892943405,1848.945667300808,2523.979920231664,,
target7_permeability_klogh-0a9a803ac9fad4da0a55,15/9-F-11 B,15/9-F-11,3798.9,6.963526725769043,7.66945601542303,1056.3559940083665,2140.9159590263594,,
target7_permeability_klogh-d2033880a3f547dc966d,15/9-F-11 B,15/9-F-11,3800.9,6.667910575866699,7.499575354020818,785.7500314087781,1806.2747995084096,,
target7_permeability_klogh-0b4ea8bf64cf9e406986,15/9-F-11 B,15/9-F-11,3802.9,6.93906307220459,7.348501487495735,1030.8030369984403,1552.8662942592262,,
target7_permeability_klogh-d44c84714373a7cd3494,15/9-F-11 B,15/9-F-11,3804.9,7.247102737426758,7.486536011219831,1403.0311029332738,1782.862098704586,,
target7_permeability_klogh-ae8e215fd291a7ba8197,15/9-F-11 B,15/9-F-11,3806.9,7.299841403961182,7.440296829150572,1479.0651764955558,1702.255722072527,,
target7_permeability_klogh-486abe76cc971d00fc54,15/9-F-11 B,15/9-F-11,3808.9,6.8106231689453125,4.147545428880055,906.4361167953489,62.2784879690839,,
target7_permeability_klogh-70386208d4cfbd7eb295,15/9-F-11 B,15/9-F-11,3810.9,0.015873348340392113,-1.1620823408621574,0.015999999171047594,0.0,,
target7_permeability_klogh-b0ebfc90d34cac691fb0,15/9-F-11 B,15/9-F-11,3812.9,0.04592893272638321,-0.8321166690962198,0.04700000087736863,0.0,,
target7_permeability_klogh-fcb84dbe5654bf9fe096,15/9-F-11 B,15/9-F-11,3814.9,0.008959741331636906,-0.9786514446137233,0.008999999959806486,0.0,,
target7_permeability_klogh-f058f4ae52c0b34705c9,15/9-F-11 B,15/9-F-11,3816.9,0.013902905397117138,-1.8558955400940174,0.014000000231319478,0.0,,
target7_permeability_klogh-74afcd8704cbe35eee66,15/9-F-11 B,15/9-F-11,3818.9,0.023716526105999947,-1.5886630113866338,0.023999999476412317,0.0,,
target7_permeability_klogh-65ce6211f5c0492d177a,15/9-F-11 B,15/9-F-11,3820.9,0.05732506513595581,-1.5424673916632803,0.058999998429170905,0.0,,
target7_permeability_klogh-c70991f37432dc196f07,15/9-F-11 B,15/9-F-11,3822.9,0.05069311335682869,-1.093052122893162,0.05199999899145872,0.0,,
target7_permeability_klogh-df5c6d3dc0af70c3f705,15/9-F-11 B,15/9-F-11,3824.9,0.3060130178928375,-0.045216449610454124,0.3579999847311005,0.0,,
target7_permeability_klogh-43df5e932c2fff4096ca,15/9-F-11 B,15/9-F-11,3826.9,0.2554171085357666,0.5802017059421978,0.29099999570259816,0.7863987216497355,,
target7_permeability_klogh-2afeb8d32cd2eaa9d5c5,15/9-F-11 B,15/9-F-11,3828.9,1.0657446384429932,0.24736078124727534,1.9029998647216555,0.2806410607213808,,
target7_permeability_klogh-1a2338011835307a3b8a,15/9-F-11 B,15/9-F-11,3830.9,0.8171331882476807,0.2027885101104867,1.2640000631808697,0.2248134052021168,,
target7_permeability_klogh-510bcc48a801c9acf62d,15/9-F-11 B,15/9-F-11,3832.9,1.0406299829483032,0.2725109888534596,1.8309999343732895,0.3132578900317053,,
target7_permeability_klogh-877f5bfc5a9d7027e988,15/9-F-11 B,15/9-F-11,3834.9,0.905836284160614,1.0227944658340178,1.4740000252108465,1.7809552000699218,,
target7_permeability_klogh-2052963d0805b2f2fa40,15/9-F-11 B,15/9-F-11,3836.9,0.9976863861083984,0.8516790665236154,1.7120000434740366,1.3435785745203224,,
target7_permeability_klogh-524546802eb28ee9c56b,15/9-F-11 B,15/9-F-11,3838.9,0.3893357217311859,1.2586810827605346,0.475999993436088,2.5207748131522676,,
target7_permeability_klogh-e947bec0a9ada7a7b6ce,15/9-F-11 B,15/9-F-11,3840.9,0.6921466588973999,1.0641831481331305,0.9979999573847347,1.8984703958445726,,
target7_permeability_klogh-f8acb0b6401be6b4aff1,15/9-F-11 B,15/9-F-11,3842.9,0.48735228180885315,1.140784364138518,0.6280000231640056,2.129221852249106,,
target7_permeability_klogh-9f0ec7fb5856d78dc4da,15/9-F-11 B,15/9-F-11,3844.9,0.3893357217311859,1.35787532440533,0.475999993436088,2.8879239429380745,,
target7_permeability_klogh-8d8c931c023d8fcc18b6,15/9-F-11 B,15/9-F-11,3846.9,0.5170064568519592,1.3216030854667036,0.6769999564162588,2.749427214315354,,
target7_permeability_klogh-dfd724b72df42a2c1632,15/9-F-11 B,15/9-F-11,3848.9,1.2053718566894531,1.3312496960113314,2.3380001049794665,2.7857714961427695,,
target7_permeability_klogh-e6d9c1de5c7929ce90e0,15/9-F-11 B,15/9-F-11,3850.9,1.490203857421875,1.199664747515314,3.438000146061119,2.319004031848893,,
target7_permeability_klogh-2a297b8d78adf588e3c0,15/9-F-11 B,15/9-F-11,3852.9,0.4662465751171112,1.6447000538327796,0.5939999916300461,4.179456115923067,,
target7_permeability_klogh-303368e1e8aa1c7e9bb1,15/9-F-11 B,15/9-F-11,3854.9,0.5152159929275513,1.612077809062098,0.6740000349200885,4.013216921116947,,
target7_permeability_klogh-48c1d76a2a3a40b80e87,15/9-F-11 B,15/9-F-11,3856.9,0.6471032500267029,1.666856879488443,0.910000015219194,4.295497226148224,,
target7_permeability_klogh-c6cfc0e6ed44bba9fc01,15/9-F-11 B,15/9-F-11,3858.9,0.6491953134536743,1.6676332827406266,0.9140000390894536,4.299610263897864,,
target7_permeability_klogh-d3ebaf028ebe2a3f66e7,15/9-F-11 B,15/9-F-11,3860.9,0.13627761602401733,1.234142074106475,0.14599999740026406,2.435429911765308,,
target7_permeability_klogh-48c92eb73f8865d85265,15/9-F-11 B,15/9-F-11,3862.9,0.16974277794361115,1.0605383700099975,0.1850000039774722,1.8879253432175396,,
target7_permeability_klogh-969b090648204596dc52,15/9-F-11 B,15/9-F-11,3864.9,0.11689375340938568,1.5028522216680547,0.12400000217818426,3.4944900880057475,,
target7_permeability_klogh-016e9558a630728ff71e,15/9-F-11 B,15/9-F-11,3866.9,0.8211005330085754,2.150000906287456,1.272999973038059,7.584866177530897,,
target7_permeability_klogh-20e4f914b4cd530f9682,15/9-F-11 B,15/9-F-11,3868.9,0.8091508746147156,2.0382452332904135,1.246000041098351,6.6771258074434225,,
target7_permeability_klogh-cedea6a8b666bbbb104a,15/9-F-11 B,15/9-F-11,3870.9,0.5596157908439636,1.4851826778015704,0.7500000050899467,3.4157720026249807,,
target7_permeability_klogh-7c9512c92a5314c982b8,15/9-F-11 B,15/9-F-11,3872.9,0.49225422739982605,1.4177371845384035,0.635999982362727,3.127769483887027,,
target7_permeability_klogh-3c8c80ab31aa28019552,15/9-F-11 B,15/9-F-11,3874.9,0.4879663288593292,1.384055271255849,0.6289999987610171,2.9910536601110396,,
target7_permeability_klogh-cccdb8a24bc5088fa3c0,15/9-F-11 B,15/9-F-11,3876.9,0.40945711731910706,1.3248430383816179,0.5059999818397564,2.7615948826398973,,
target7_permeability_klogh-dc9d5e51bf92c0b41f3d,15/9-F-11 B,15/9-F-11,3878.9,0.3954147696495056,1.368195848511029,0.48499999613134137,2.928257127513321,,
target7_permeability_klogh-662a6183fd193c0d644d,15/9-F-11 B,15/9-F-11,3880.9,0.5229517817497253,1.0074416702703375,0.6869999631996038,1.738585839706408,,
target7_permeability_klogh-ce37f8317b0283116df4,15/9-F-11 B,15/9-F-11,3882.9,0.3900130093097687,1.7731086971638108,0.4770000085082968,4.889132463952674,,
target7_permeability_klogh-a8967e60c329288e527d,15/9-F-11 B,15/9-F-11,3884.9,0.8450095057487488,2.4824563569506415,1.3279999438476102,10.970632480156844,,
target7_permeability_klogh-e860824a3d1ca3e927bc,15/9-F-11 B,15/9-F-11,3886.9,1.3815330266952515,2.4414281977164802,2.9809999310374216,10.489438220017313,,
target7_permeability_klogh-fb13b01de62ec0c2f614,15/9-F-11 B,15/9-F-11,3888.9,0.5411608219146729,1.8524064012965185,0.7179999971697827,5.375142229443264,,
target7_permeability_klogh-c321ce7ec6426fc1c14c,15/9-F-11 B,15/9-F-11,3890.9,0.418710321187973,1.4689723372456498,0.5199999792212779,3.344767889905326,,
target7_permeability_klogh-19bbbfcdaab2da0dc094,15/9-F-11 B,15/9-F-11,3892.9,0.16551443934440613,1.6647588433246983,0.18000000102286262,4.284398728059005,,
target7_permeability_klogh-df74f8a830b2fd496b1d,15/9-F-11 B,15/9-F-11,3894.9,2.966818332672119,3.75759365118747,18.430001346164275,41.84520133197243,,
target7_permeability_klogh-7a4abbd13e9808a00fdd,15/9-F-11 B,15/9-F-11,3896.9,5.134868621826172,4.94182483353889,168.84200487642332,139.02553985944593,,
target7_permeability_klogh-e0edd8a4d7c4c94d7fae,15/9-F-11 B,15/9-F-11,3898.9,5.184448719024658,4.588008192650743,177.47503277446202,97.29844348073962,,
target7_permeability_klogh-e2c7eacc247b6b51b9a2,15/9-F-11 B,15/9-F-11,3900.9,6.903224945068359,6.464744611045549,994.479912569737,641.1003571653646,,
target7_permeability_klogh-618a3548490a4927b588,15/9-F-11 B,15/9-F-11,3902.9,7.264857769012451,6.694319696252853,1428.1823392891986,806.8041950160884,,
target7_permeability_klogh-c88bd42cc41cc7c77b16,15/9-F-11 B,15/9-F-11,3904.9,6.474910259246826,6.4299187024493225,647.6610136709144,619.1235314391454,,
target7_permeability_klogh-a59eea42a87d4e3bf0d4,15/9-F-11 B,15/9-F-11,3906.9,6.862548828125,6.184119442878581,954.8001357053942,483.98571790172343,,
target7_permeability_klogh-e4b290f18f7010173db8,15/9-F-11 B,15/9-F-11,3908.9,6.597853660583496,6.297956953197547,732.5191174599653,542.4604599851716,,
target7_permeability_klogh-56b43b701c1217c2ac74,15/9-F-11 B,15/9-F-11,3910.9,7.199582576751709,6.596609075890866,1337.8717715303087,731.6067586662871,,
target7_permeability_klogh-d9ee61e36771d20d20d3,15/9-F-11 B,15/9-F-11,3912.9,7.074590682983398,6.644452589904876,1180.5597692918716,767.5092427483853,,
target7_permeability_klogh-e1886a90006e77ff7efe,15/9-F-11 B,15/9-F-11,3914.9,6.831576824188232,6.524455380513088,925.6508265211224,680.6084552990686,,
target7_permeability_klogh-de7e20cf660a7c40d285,15/9-F-11 B,15/9-F-11,3916.9,7.308442115783691,6.69971797205963,1491.8496897059192,811.176736332171,,
target7_permeability_klogh-c41f571167ac1b9f9da6,15/9-F-11 B,15/9-F-11,3918.9,6.782965183258057,6.379571744753122,881.6821619006148,588.6751221117884,,
target7_permeability_klogh-01d749b32d5efdd2b301,15/9-F-11 B,15/9-F-11,3920.9,7.239406108856201,6.256426590815272,1392.2662766080082,520.3526013238504,,
target7_permeability_klogh-e607eafe0b5eac463895,15/9-F-11 B,15/9-F-11,3922.9,7.322417259216309,6.390157098385588,1512.8589399531581,594.9501951479539,,
target7_permeability_klogh-fa392865f9140a984c7b,15/9-F-11 B,15/9-F-11,3924.9,7.395116329193115,6.446110834838065,1627.0142981854528,629.2463879026661,,
target7_permeability_klogh-db4447d843f2ac0c659c,15/9-F-11 B,15/9-F-11,3926.9,7.18231201171875,6.324031483449804,1314.9472292389348,556.8172966735972,,
target7_permeability_klogh-f023d4cec91011a0f652,15/9-F-11 B,15/9-F-11,3928.9,7.14703893661499,6.363215031231424,1269.3388267864154,579.1084281945565,,
target7_permeability_klogh-5a860a5d9eb329bbb1b1,15/9-F-11 B,15/9-F-11,3930.9,7.021237373352051,6.531941569126056,1119.1718313303645,685.7302522044084,,
target7_permeability_klogh-9a754486a76406ec6744,15/9-F-11 B,15/9-F-11,3932.9,7.3419671058654785,5.1131050481769025,1542.745840354543,165.1855687751445,,
target7_permeability_klogh-4648ff0394b02b165140,15/9-F-11 B,15/9-F-11,3934.9,0.47995397448539734,2.202193846162425,0.616000023248574,8.044834725075694,,
target7_permeability_klogh-caf287bd9712e55f71ec,15/9-F-11 B,15/9-F-11,3936.9,0.0695260614156723,0.558123783803067,0.07199999867829053,0.7473909396168116,,
target7_permeability_klogh-3e6ebba1d61ab698ca89,15/9-F-11 B,15/9-F-11,3938.9,1.1226543188095093,1.7062420248298362,2.0730001095867516,4.508222769855378,,
target7_permeability_klogh-938979c47b9d1e33e333,15/9-F-11 B,15/9-F-11,3940.9,0.33861279487609863,1.037191925952218,0.402999991239352,1.8212835076283436,,
target7_permeability_klogh-766e795687b03d96a43d,15/9-F-11 B,15/9-F-11,3942.9,0.008959741331636906,-0.7845160429242117,0.008999999959806486,0.0,,
target7_permeability_klogh-8c7b65aab41a2aa9af4f,15/9-F-11 B,15/9-F-11,3944.9,0.0009995002765208483,-2.122029105283375,0.0009999999433807523,0.0,,
target7_permeability_klogh-144ef3fc77b39068d7c0,15/9-F-11 B,15/9-F-11,3946.9,0.003992021083831787,-1.9487413219301621,0.0039999998135515115,0.0,,
target7_permeability_klogh-3a00f98fd4dddc54d223,15/9-F-11 B,15/9-F-11,3948.9,0.03246719017624855,-0.8082224439732228,0.033000000040025707,0.0,,
target7_permeability_klogh-0b73217af6e2d8e22f0b,15/9-F-11 B,15/9-F-11,3950.9,0.5187938213348389,2.1101724490662415,0.6800000469050484,7.249663808787285,,
target7_permeability_klogh-8e8e8ac44600a3cad4d1,15/9-F-11 B,15/9-F-11,3952.9,6.883142948150635,5.725144803938001,974.6880829088154,305.47764119973493,,
target7_permeability_klogh-7bd144dd32b33b08fb2a,15/9-F-11 B,15/9-F-11,3954.9,6.9745378494262695,6.411453091308326,1068.0630070076568,607.7776481727343,,
target7_permeability_klogh-d7a654cfd4bd44aa2ddf,15/9-F-11 B,15/9-F-11,3956.9,7.1946492195129395,6.265295706843231,1331.2829047645446,524.997103907477,,
target7_permeability_klogh-d7c9c9ee875214a6085c,15/9-F-11 B,15/9-F-11,3958.9,6.689045429229736,6.062327752347935,802.5548359670108,428.37375025062977,,
target7_permeability_klogh-efbe13e26e0078cfcbbf,15/9-F-11 B,15/9-F-11,3960.9,6.298472881317139,5.987941500196122,542.7409188604532,397.59326069455955,,
target7_permeability_klogh-eb5046bf5b2b512fd77d,15/9-F-11 B,15/9-F-11,3962.9,7.276952743530273,6.230433666000091,1445.573222401733,506.97572753807043,,
target7_permeability_klogh-6863c359d58bfe9aec41,15/9-F-11 B,15/9-F-11,3964.9,6.749813079833984,6.215745777236446,852.8991366395865,499.5691631081425,,
target7_permeability_klogh-2cef3bc918b4fe49ae9b,15/9-F-11 B,15/9-F-11,3966.9,7.02656364440918,6.788011106637764,1125.154087551046,886.147364519177,,
target7_permeability_klogh-c1ca15ce512452ee9972,15/9-F-11 B,15/9-F-11,3968.9,6.834556579589844,6.528593916174195,928.4161372555695,683.4351613756588,,
target7_permeability_klogh-04f8316c02e03aae26f0,15/9-F-11 B,15/9-F-11,3970.9,6.992741584777832,6.419850098357854,1087.7021576865407,612.9110809485959,,
target7_permeability_klogh-722b3b125a638a6dac1e,15/9-F-11 B,15/9-F-11,3972.9,6.362139701843262,6.278732069380199,578.4849558325535,532.1122857250612,,
target7_permeability_klogh-2fb82b29068f1948d418,15/9-F-11 B,15/9-F-11,3974.9,6.550480365753174,6.2517613502380485,698.5801474587482,517.9260306821079,,
target7_permeability_klogh-76288dfb5e54458321c0,15/9-F-11 B,15/9-F-11,3976.9,6.407231330871582,6.1446926346184885,605.2129523578355,465.2363221323212,,
target7_permeability_klogh-5126fe03324e9b5d377b,15/9-F-11 B,15/9-F-11,3978.9,5.343477249145508,5.368970680930662,208.23902298604273,213.6418190416333,,
target7_permeability_klogh-4c18439572e33a330c7f,15/9-F-11 B,15/9-F-11,3980.9,4.710241794586182,4.9231117727862035,110.07901496332109,136.42959818542548,,
target7_permeability_klogh-30d90d7ce93cc69fdf21,15/9-F-11 B,15/9-F-11,3982.9,5.54355525970459,4.976272781885748,254.58505734542825,143.93317612521795,,
target7_permeability_klogh-29d264812d8a7d5d3c7b,15/9-F-11 B,15/9-F-11,3984.9,5.412315368652344,4.853637180471259,223.14997714810934,127.20585066673665,,
target7_permeability_klogh-4c44815d34b5d6ccdcca,15/9-F-11 B,15/9-F-11,3986.9,5.370442867279053,4.933698081362884,213.95804451171634,137.89219842870213,,
target7_permeability_klogh-03fda64562af8107e6a7,15/9-F-11 B,15/9-F-11,3988.9,5.8021697998046875,5.10659561667276,330.0170219232113,164.10730843653207,,
target7_permeability_klogh-6b0e363f3db93cc1f7cd,15/9-F-11 B,15/9-F-11,3990.9,5.994148254394531,5.066796186255159,400.074924661033,157.66517849008568,,
target7_permeability_klogh-f7e74c9fbe770d479da8,15/9-F-11 B,15/9-F-11,3992.9,3.503422975540161,4.76224658247016,32.2289995652207,116.0085000864233,,
target7_permeability_klogh-174c6d1cb9f7409e2826,15/9-F-11 B,15/9-F-11,3994.9,6.187828540802002,5.625581327788436,485.78791762236983,276.4335174671451,,
target7_permeability_klogh-376ba1d896e43f2ebba9,15/9-F-11 B,15/9-F-11,3996.9,7.1449809074401855,6.479712425558295,1266.7271208243546,650.7834830463986,,
target7_permeability_klogh-05173a99254de8db8d9c,15/9-F-11 B,15/9-F-11,3998.9,6.80153226852417,6.085088843685246,898.224089337429,438.2588363133519,,
target7_permeability_klogh-e655cb829587338aba35,15/9-F-11 B,15/9-F-11,4000.9,3.488994598388672,4.858837119303934,31.75300122657627,127.87424955878258,,
target7_permeability_klogh-2674dc70601c460507e9,15/9-F-11 B,15/9-F-11,4002.9,5.768989562988281,5.224074666425842,319.21401303531854,184.68926649128753,,
target7_permeability_klogh-fbcce46012bcacb3be82,15/9-F-11 B,15/9-F-11,4004.9,4.323629379272461,4.932297713975459,74.46201214782751,137.69783444590902,,
target7_permeability_klogh-bca40717012c1f0213ec,15/9-F-11 B,15/9-F-11,4006.9,3.325575351715088,4.322329888622255,26.814997446244647,74.36401365644795,,
target7_permeability_klogh-bb8d13aa810e938e7825,15/9-F-11 B,15/9-F-11,4008.9,4.629765033721924,4.379291364801899,101.4899795920346,78.78147740561917,,
target7_permeability_klogh-e64a8b363b0cc10a5b28,15/9-F-11 B,15/9-F-11,4010.9,5.648653984069824,4.742987111218434,282.90906240039396,113.77654041515532,,
target7_permeability_klogh-380d7fb3815c760c598b,15/9-F-11 B,15/9-F-11,4012.9,4.871181488037109,4.858950105792005,129.4749804949848,127.88881143027481,,
target7_permeability_klogh-dc5a06b303677d18f99d,15/9-F-11 B,15/9-F-11,4014.9,4.643352031707764,4.620497392528891,102.89201388824402,100.5445270597133,,
target7_permeability_klogh-4dab3a0a04219155eb73,15/9-F-11 B,15/9-F-11,4016.9,5.440936088562012,4.828472469566024,229.65799874813644,124.0198431077944,,
target7_permeability_klogh-161466ad6600c85ed340,15/9-F-11 B,15/9-F-11,4018.9,6.0455121994018555,5.098996904789812,421.2139598463624,162.85746020216018,,
target7_permeability_klogh-0060c2d20913cc260ad3,15/9-F-11 B,15/9-F-11,4020.9,5.066353797912598,5.703425976085569,157.5950023884404,298.89306949022983,,
target7_permeability_klogh-1f6d90260b40c838248f,15/9-F-11 B,15/9-F-11,4022.9,6.160304069519043,6.151900989520039,472.57205177024065,468.6092610758076,,
target7_permeability_klogh-62bb595788153612e3ac,15/9-F-11 B,15/9-F-11,4024.9,6.045557498931885,5.867263380831517,421.23308637352335,352.28086100900333,,
target7_permeability_klogh-0fe4e0da4d4811c99626,15/9-F-11 B,15/9-F-11,4026.9,4.1191511154174805,4.088496292079729,60.507007746433864,58.65012786204777,,
target7_permeability_klogh-c35a20e8c6cbf6f71a5c,15/9-F-11 B,15/9-F-11,4028.9,0.7424134016036987,2.9008251752906125,1.1009999574354956,17.189148414349578,,
target7_permeability_klogh-9883502179c0f91d6a58,15/9-F-11 B,15/9-F-11,4030.9,3.71464467048645,4.339293017511925,40.04400034831939,75.65332761690695,,
target7_permeability_klogh-367750bfa5236b89234d,15/9-F-11 B,15/9-F-11,4032.9,4.720906734466553,5.413600947881751,111.27000561303586,223.43832501030116,,
target7_permeability_klogh-1cf5b637b05ee7c95499,15/9-F-11 B,15/9-F-11,4034.9,5.8240275382995605,5.899792631751519,337.3319581775144,363.96177853304107,,
target7_permeability_klogh-851d54eb3540a9a854cd,15/9-F-11 B,15/9-F-11,4036.9,5.887863636016846,6.112017393142601,359.63401528852,450.24814243117237,,
target7_permeability_klogh-cbcf02bd009bd9aed8e2,15/9-F-11 B,15/9-F-11,4038.9,6.382830619812012,6.280039175824983,590.5999343178307,532.8095758464535,,
target7_permeability_klogh-15688a171ae6094a1f9f,15/9-F-11 B,15/9-F-11,4040.9,5.925551891326904,4.3770085529570215,373.4850533927002,78.59955902571353,,
target7_permeability_klogh-f0a12422291fe53b576d,15/9-F-11 B,15/9-F-11,4042.9,0.22234323620796204,2.570256898422538,0.24900000632558725,12.069181461810812,,
target7_permeability_klogh-1a9fcee8d243c9c0696c,15/9-F-11 B,15/9-F-11,4044.9,2.600761890411377,3.0469863213764867,12.473999836599575,20.05180535168593,,
target7_permeability_klogh-9ccdfaebbf884460a962,15/9-F-11 B,15/9-F-11,4046.9,3.5803472995758057,4.1978031729715894,34.886001876311425,65.53999350444927,,
target7_permeability_klogh-e606c8a5b50061dee52e,15/9-F-11 B,15/9-F-11,4048.9,3.831463575363159,5.067537960259657,45.13000358861107,157.78291585676916,,
target7_permeability_klogh-0e52341ca7e255881729,15/9-F-11 B,15/9-F-11,4050.9,3.3028860092163086,3.575348928084864,26.19099926641245,34.70707784451425,,
target7_permeability_klogh-e2746003cecf98a99cf1,15/9-F-11 B,15/9-F-11,4052.9,3.775928258895874,3.8097362181539545,42.63799687968305,44.138530570869925,,
target7_permeability_klogh-45492b0f3a1cec8c17a0,15/9-F-11 B,15/9-F-11,4054.9,4.892091751098633,4.721471568982993,132.2319709028231,111.33343749994025,,
target7_permeability_klogh-b952c765c4b06fda6cf2,15/9-F-11 B,15/9-F-11,4056.9,3.347761392593384,4.382083527385075,27.438998578634592,79.00455154636914,,
target7_permeability_klogh-8a70fb887f841f1c6ad6,15/9-F-11 B,15/9-F-11,4058.9,1.7240158319473267,3.31668759173072,4.607000083016072,26.56887976254118,,
target7_permeability_klogh-7e4c731e34d79f9f0dce,15/9-F-11 B,15/9-F-11,4060.9,0.005982071626931429,0.8981974259808516,0.005999999949080269,1.4551734880525442,,
target7_permeability_klogh-e86d63d7fd942772239c,15/9-F-11 B,15/9-F-11,4062.9,0.44532665610313416,1.394853435089129,0.5610000227435191,3.0343832302796767,,
target7_permeability_klogh-a7ecde05b7253b5c3d5d,15/9-F-11 B,15/9-F-11,4064.9,5.242360591888428,5.317435068329779,188.11600160494956,202.86032303467388,,
target7_permeability_klogh-f04f90a4fbeab32c97bb,15/9-F-11 B,15/9-F-11,4066.9,4.729650974273682,5.641972351906537,112.25602618269336,281.0184098339947,,
target7_permeability_klogh-d63300b502657f96ba4e,15/9-F-11 B,15/9-F-11,4068.9,5.705860137939453,6.271419142653913,299.6239469363473,528.2278950857935,,
target7_permeability_klogh-5cebb7b24603563c1d9e,15/9-F-11 B,15/9-F-11,4070.9,5.642857074737549,6.387468457201109,281.2680283652653,593.3500509800618,,
target7_permeability_klogh-c7fa21de4e9fd34d41bc,15/9-F-11 B,15/9-F-11,4072.9,5.673649787902832,6.146409282699775,290.09503304710546,466.03737318479506,,
target7_permeability_klogh-77149a4c5cc2643f6b70,15/9-F-11 B,15/9-F-11,4074.9,5.827185153961182,6.164002324208643,338.4019689197733,474.3266843708304,,
target7_permeability_klogh-e481acf0ccabdf77b90b,15/9-F-11 B,15/9-F-11,4076.9,0.1458304524421692,2.9273126428219216,0.15700000489483854,17.67737022832358,,
target7_permeability_klogh-405143c305f8cef7c1f2,15/9-F-11 B,15/9-F-11,4078.9,0.04783732816576958,1.074922050049874,0.04899999869043832,1.9297645166346078,,
target7_permeability_klogh-0cd0deaf0f55d18e731f,15/9-F-11 B,15/9-F-11,4080.9,0.06203538924455643,0.7797802283190935,0.06399999821791043,1.1809928923498125,,
target7_permeability_klogh-2894132ad756055d0bef,15/9-F-11 B,15/9-F-11,4082.9,0.12663264572620392,-0.1787423754474453,0.13499999408987107,0.0,,
target7_permeability_klogh-959918ceb9d4b491f96f,15/9-F-11 B,15/9-F-11,4084.9,0.037295784801244736,0.10993686749345155,0.03800000005973466,0.11620759925081356,,
target7_permeability_klogh-136ef9466567e067cfdf,15/9-F-11 B,15/9-F-11,4086.9,0.16296882927417755,0.825793906381469,0.17700000117233658,1.2836930843412742,,
target7_permeability_klogh-5345bf7decfb6b868426,15/9-F-11 B,15/9-F-11,4088.9,3.5702648162841797,4.233511082788347,34.52599976931141,67.95892812394383,,
target7_permeability_klogh-52ee46d2f46880519fea,15/9-F-11 B,15/9-F-11,4090.9,6.840700626373291,6.750355606766126,934.1440918758886,853.3625256076776,,
target7_permeability_klogh-b94c5d8d049d27c27043,15/9-F-11 B,15/9-F-11,4092.9,0.5318040251731873,4.166786694470107,0.7019999915274523,63.507835333982534,,
target7_permeability_klogh-ec5c65d3624a7d89eaa5,15/9-F-11 B,15/9-F-11,4094.9,2.2421979904174805,2.9780045482436925,8.414000446586332,18.64856972714896,,
target7_permeability_klogh-2f95311abea67d5889a6,15/9-F-11 B,15/9-F-11,4096.9,0.3791211247444153,1.9741273997019007,0.46099998827672106,6.200333898237201,,
target7_permeability_klogh-e3dd8c7fda1f6cfe3150,15/9-F-11 B,15/9-F-11,4098.9,0.024692611768841743,0.5361043002721111,0.024999999157932,0.709334819294798,,
target7_permeability_klogh-6e63230fa2da56dc2c50,15/9-F-11 B,15/9-F-11,4100.9,0.03922071307897568,0.5388746826382662,0.03999999992272216,0.7140768959858891,,
target7_permeability_klogh-73e1d7a6f4babead1de1,15/9-F-11 B,15/9-F-11,4102.9,0.08525984734296799,0.311808536083356,0.08900000369404544,0.3658931487401569,,
target7_permeability_klogh-8e8ce60930c6d9ec03aa,15/9-F-11 B,15/9-F-11,4104.9,0.0009995002765208483,-1.2814170910597267,0.0009999999433807523,0.0,,
target7_permeability_klogh-5804772443ff357c68a4,15/9-F-11 B,15/9-F-11,4106.9,0.0029955089557915926,-0.5533815294172104,0.0029999999759210932,0.0,,
target7_permeability_klogh-dbdcac90881f3135e5a9,15/9-F-11 B,15/9-F-11,4108.9,0.6866259574890137,2.350718423708167,0.9869999879177165,9.493105513231894,,
target7_permeability_klogh-cbe6faf33038363ce796,15/9-F-11 B,15/9-F-11,4110.9,6.109774112701416,6.3067589597594464,449.23700086022137,547.2651168103922,,
target7_permeability_klogh-9f1dd99743f38c599509,15/9-F-11 B,15/9-F-11,4112.9,6.541060447692871,6.935056898329346,692.0211011338041,1026.6777235061993,,
target7_permeability_klogh-844f8eec2a768b5922c9,15/9-F-11 B,15/9-F-11,4114.9,6.438887119293213,6.781512244384826,624.7100715290186,880.4006099086857,,
target7_permeability_klogh-3ca91158ef0cd151b155,15/9-F-11 B,15/9-F-11,4116.9,6.541631698608398,6.867035237293105,692.4171031698005,959.0978797074457,,
target7_permeability_klogh-78bb249f19dcccce70b8,15/9-F-11 B,15/9-F-11,4118.9,7.206527233123779,7.06014171820069,1347.20213650022,1163.6102005404389,,
target7_permeability_klogh-6bc1c2a1753e187b7b92,15/9-F-11 B,15/9-F-11,4120.9,7.2708563804626465,7.222008462369315,1436.7812137026642,1368.2363605654177,,
target7_permeability_klogh-e87c514890ac1678d105,15/9-F-11 B,15/9-F-11,4122.9,6.071836471557617,6.911379491659934,432.4760174220186,1002.6307880777138,,
target7_permeability_klogh-128d4d1e8a5dcff69304,15/9-F-11 B,15/9-F-11,4124.9,7.72983980178833,7.081067504040468,2274.237682582642,1188.2373568270723,,
target7_permeability_klogh-68f93b4f4fe2b1c91964,15/9-F-11 B,15/9-F-11,4126.9,7.535757541656494,7.6128469254260995,1872.863350762499,2023.0321717736215,,
target7_permeability_klogh-f259b4901dcc128834b2,15/9-F-11 B,15/9-F-11,4128.9,6.982878684997559,7.103923142509848,1077.0171764806887,1215.7311329729077,,
target7_permeability_klogh-59fc43c464e4fcd0bf72,15/9-F-11 B,15/9-F-11,4130.9,7.390758514404297,7.163216396402754,1619.9351494130924,1290.0568124229624,,
target7_permeability_klogh-7a9508abc41fad7851f7,15/9-F-11 B,15/9-F-11,4132.9,7.675205230712891,7.713544429451067,2153.265761828163,2237.4622855549624,,
target7_permeability_klogh-7bb011c1d0bb1b62fdc1,15/9-F-11 B,15/9-F-11,4134.9,7.687127113342285,7.836694592400075,2179.1023698824492,2530.8222829695023,,
target7_permeability_klogh-a0e38b0661ae8c0eaf59,15/9-F-11 B,15/9-F-11,4136.9,7.980588912963867,7.631832259098076,2922.6523339539654,2061.826191375474,,
target7_permeability_klogh-27ec8aafa081779c227b,15/9-F-11 B,15/9-F-11,4138.9,7.589951515197754,7.405439399026987,1977.2175979318556,1643.9074480399656,,
target7_permeability_klogh-0d7752c6d3e4961b58c3,15/9-F-11 B,15/9-F-11,4140.9,6.974790573120117,7.1425539566450595,1068.3332187027543,1263.654139975469,,
target7_permeability_klogh-7992f5f8bfc7e254b930,15/9-F-11 B,15/9-F-11,4142.9,6.759611129760742,6.847635860308289,861.3068051281166,940.6520760274707,,
target7_permeability_klogh-994bab158fb997399d6c,15/9-F-11 B,15/9-F-11,4144.9,6.248189926147461,6.279623630435816,516.0760312875052,532.5877998207111,,
target7_permeability_klogh-f07b5f27a29759a79d94,15/9-F-11 B,15/9-F-11,4146.9,6.929532527923584,6.548804834778185,1021.0161039443286,697.4089607060341,,
target7_permeability_klogh-f32c1e9a38909998aeab,15/9-F-11 B,15/9-F-11,4148.9,6.604806423187256,6.918072921761746,737.6368724001721,1009.3710531876636,,
target7_permeability_klogh-07a12baf2e608a974192,15/9-F-11 B,15/9-F-11,4150.9,6.385654449462891,6.993481205372225,592.2728726886339,1088.5076820780193,,
target7_permeability_klogh-cbd44343e68a6b198fec,15/9-F-11 B,15/9-F-11,4152.9,6.505284786224365,7.070123839700683,667.6660691267375,1175.2936970889284,,
target7_permeability_klogh-f0148371da56ca284da3,15/9-F-11 B,15/9-F-11,4154.9,6.638072967529297,6.974132487982812,762.6220497858448,1067.6297379052166,,
target7_permeability_klogh-c0be7fadfd88e53c071a,15/9-F-11 B,15/9-F-11,4156.9,6.288536548614502,6.9086294445584695,537.3648814662954,999.8745477704188,,
target7_permeability_klogh-744f1516cafe70188766,15/9-F-11 B,15/9-F-11,4158.9,6.198901176452637,6.963248729691978,491.2078942108798,1056.0620940433826,,
target7_permeability_klogh-7b24e4c76fac3bb4181d,15/9-F-11 B,15/9-F-11,4160.9,6.212028980255127,6.955465633156045,497.71210245035985,1047.8668114289799,,
target7_permeability_klogh-39b3da59c095a71b53f3,15/9-F-11 B,15/9-F-11,4162.9,6.393970489501953,6.924205991180303,597.2271249806759,1015.5867702239665,,
target7_permeability_klogh-329f946b83dd6a52bdbc,15/9-F-11 B,15/9-F-11,4164.9,6.627743721008301,6.710196473572356,754.775006177497,819.7318757343476,,
target7_permeability_klogh-bed54ae635d9ca911cd0,15/9-F-11 B,15/9-F-11,4166.9,6.4785895347595215,6.649230010185791,650.0520121283331,771.1895185029731,,
target7_permeability_klogh-c7f10fe75268795c2530,15/9-F-11 B,15/9-F-11,4168.9,6.341080188751221,6.494539231139843,566.4088891716393,660.5193475603,,
target7_permeability_klogh-69ca49b63a812dfc8ae9,15/9-F-11 B,15/9-F-11,4170.9,5.4930243492126465,6.1801163867424735,241.99098629409863,482.0481734846274,,
target7_permeability_klogh-3789bbe8621cfe0f3026,15/9-F-11 B,15/9-F-11,4172.9,6.076625823974609,6.526962507957798,434.55706629408405,682.3194785443169,,
target7_permeability_klogh-7fc37234d30bc364cab9,15/9-F-11 B,15/9-F-11,4174.9,6.820084095001221,6.8181279736279485,915.0620430806902,913.2718660116194,,
target7_permeability_klogh-c03581797c9e51329ba9,15/9-F-11 B,15/9-F-11,4176.9,6.3394012451171875,6.665027664903177,565.4570409026599,783.4851673869781,,
target7_permeability_klogh-c3747fa03d966eb13a63,15/9-F-11 B,15/9-F-11,4178.9,6.675793170928955,6.649038894136705,791.9761701482806,771.0419547943968,,
target7_permeability_klogh-1cf9364dcb9c719d8ee7,15/9-F-11 B,15/9-F-11,4180.9,5.970102787017822,6.47798037275073,390.5459145184782,649.6555367479273,,
target7_permeability_klogh-fcc88fa68375619409de,15/9-F-11 B,15/9-F-11,4182.9,6.1125688552856445,6.414397735158959,450.4970573261044,609.5729234567665,,
target7_permeability_klogh-b6d327196a59e44e329e,15/9-F-11 B,15/9-F-11,4184.9,6.060661792755127,6.62898556276137,427.65902644829214,755.7141421445299,,
target7_permeability_klogh-bbb76753ddabdfe67963,15/9-F-11 B,15/9-F-11,4186.9,5.309202671051025,6.1258379836510795,201.18895299653533,456.52795361695223,,
target7_permeability_klogh-988611df8686cd22d73a,15/9-F-11 B,15/9-F-11,4188.9,5.931417465209961,6.346090498305864,375.68807782652374,569.2589171495837,,
target7_permeability_klogh-de521a0c37cda7f38705,15/9-F-11 B,15/9-F-11,4190.9,5.887852668762207,6.285819773206857,359.6300601451315,535.904249998208,,
target7_permeability_klogh-e89640bd27b1fd63849f,15/9-F-11 B,15/9-F-11,4192.9,6.169682025909424,6.371355430215296,477.0340794685951,583.8500152754515,,
target7_permeability_klogh-3de0a1d99355d09f8f22,15/9-F-11 B,15/9-F-11,4194.9,6.126633167266846,6.709466459780934,456.8919170391202,819.1329487850666,,
target7_permeability_klogh-055538715b201e385f8a,15/9-F-11 B,15/9-F-11,4196.9,5.8368964195251465,6.7041320515713805,341.71404778181056,814.7696729441195,,
target7_permeability_klogh-c6dbee72b28bc5c79556,15/9-F-11 B,15/9-F-11,4198.9,6.281773090362549,6.797302622525801,533.7359589327613,894.4287219547856,,
target7_permeability_klogh-da1ca9746d7d075501b2,15/9-F-11 B,15/9-F-11,4200.9,5.9700493812561035,6.746703913328798,390.52500426903435,850.2483450567543,,
target7_permeability_klogh-34dd5adff5a90dcccaef,15/9-F-11 B,15/9-F-11,4202.9,6.036263465881348,6.65072383766686,417.32701779580105,772.3438984338695,,
target7_permeability_klogh-a67b1dc8541f71d36e73,15/9-F-11 B,15/9-F-11,4204.9,5.7570390701293945,6.273691255900665,315.41007251256195,529.4317279011128,,
target7_permeability_klogh-bf192aef4b91a9511a8f,15/9-F-11 B,15/9-F-11,4206.9,5.652885437011719,6.274060847154419,284.1129555499956,529.6278070607982,,
target7_permeability_klogh-31f4f72e17eab139068c,15/9-F-11 B,15/9-F-11,4208.9,5.662842273712158,6.237488237058542,286.9659585619471,510.5719483873108,,
target7_permeability_klogh-faac366b3e95a04c686a,15/9-F-11 B,15/9-F-11,4210.9,5.712656497955322,6.10017967483647,301.6740542515251,444.9378867017001,,
target7_permeability_klogh-50f653100d884b8dad71,15/9-F-11 B,15/9-F-11,4212.9,5.724558353424072,6.145854952635013,305.29795992178435,465.77855207026124,,
target7_permeability_klogh-b913d5499094ab1ac1d6,15/9-F-11 B,15/9-F-11,4214.9,5.48186731338501,6.182606829551146,239.29499475754173,483.2526765850087,,
target7_permeability_klogh-08216241858f7e93e89f,15/9-F-11 B,15/9-F-11,4216.9,5.322062969207764,5.83503830598599,203.80595486005723,341.07783742815167,,
target7_permeability_klogh-dcdbfd8816e0946b9f12,15/9-F-11 B,15/9-F-11,4218.9,5.746934413909912,6.1744388153532,312.22895661374616,479.3134037665936,,
target7_permeability_klogh-a52e468247d6aa9574a3,15/9-F-11 B,15/9-F-11,4220.9,5.255613327026367,5.68757683759128,190.63898718746984,294.1774903423863,,
target7_permeability_klogh-99debcb609746a7f4ea4,15/9-F-11 B,15/9-F-11,4222.9,3.4546117782592773,3.803542628293198,30.646000631732836,43.85982501050425,,
target7_permeability_klogh-23cf230dcb67b3751e11,15/9-F-11 B,15/9-F-11,4224.9,2.989412307739258,3.58734615446443,18.873999263272548,35.1380437694611,,
target7_permeability_klogh-f232398e275436f95c7b,15/9-F-11 B,15/9-F-11,4226.9,2.981024742126465,4.763851422896015,18.70800192044119,116.1964308166123,,
target7_permeability_klogh-0217b7c11a1971aa9904,15/9-F-11 B,15/9-F-11,4228.9,5.237000465393066,6.217460980508642,187.10502780828602,500.428477713608,,
target7_permeability_klogh-7e72b458beec2117a110,15/9-F-11 B,15/9-F-11,4230.9,6.082600116729736,6.077644555303051,437.16700021148955,435.00100801311646,,
target7_permeability_klogh-952e52da2c3e38ccbc45,15/9-F-11 B,15/9-F-11,4232.9,5.64392614364624,5.982949072232576,281.5699536990457,395.60827163410966,,
target7_permeability_klogh-62ad24560b8ee891c996,15/9-F-11 B,15/9-F-11,4234.9,5.556750774383545,5.962502205891027,257.9799833586841,387.58121900692737,,
target7_permeability_klogh-d9184c07faa92a1edcbb,15/9-F-11 B,15/9-F-11,4236.9,5.10685396194458,4.512148501388926,164.14996863930307,90.11737416445543,,
target7_permeability_klogh-956d68d680f0c689d6e7,15/9-F-11 B,15/9-F-11,4238.9,0.10436001420021057,2.166413753554575,0.10999999875232426,7.726930929327004,,
target7_permeability_klogh-5dac21c7402996be278a,15/9-F-11 B,15/9-F-11,4240.9,2.258946657180786,3.4554801665084387,8.573000203106227,30.673493582364316,,
target7_permeability_klogh-a3726a864ea7a2667cda,15/9-F-11 B,15/9-F-11,4242.9,1.3268097639083862,3.6949244334737044,2.7690001870305534,39.24253148475664,,
target7_permeability_klogh-ebfb602dbfd381de5cc9,15/9-F-11 B,15/9-F-11,4244.9,3.449765205383301,4.222220064310364,30.49299705442685,67.18469078176481,,
target7_permeability_klogh-f59c05a6acfc2eecee19,15/9-F-11 B,15/9-F-11,4246.9,3.3339173793792725,4.571446031274814,27.04800143606868,95.68381656082362,,
target7_permeability_klogh-3cff28829d3d83328254,15/9-F-11 B,15/9-F-11,4248.9,3.494232177734375,4.3789793972411815,31.9249976987082,78.75659205463543,,
target7_permeability_klogh-d99edc68d9454aaa81d8,15/9-F-11 B,15/9-F-11,4250.9,2.0563008785247803,3.8400102077488008,6.817000228933253,45.525949362569065,,
target7_permeability_klogh-ea8d20bc571d216e594f,15/9-F-11 B,15/9-F-11,4252.9,3.443394422531128,4.134001308294279,30.292999754950284,61.427214386892246,,
target7_permeability_klogh-72dd59c10f2d167a5ad9,15/9-F-11 B,15/9-F-11,4254.9,2.9837608337402344,3.6769154194823677,18.761998655541056,38.524289994566686,,
target7_permeability_klogh-35fe8e3315fd3fee6774,15/9-F-11 B,15/9-F-11,4256.9,0.5704144239425659,2.2095963419815607,0.7690000155051395,8.112037503581005,,
target7_permeability_klogh-5a97388057fb86188422,15/9-F-11 B,15/9-F-11,4258.9,2.418855905532837,2.8997580515817982,10.23300034680096,17.169748695624342,,
target7_permeability_klogh-8492868b617a4a158d63,15/9-F-11 B,15/9-F-11,4260.9,2.058600902557373,2.668832671068161,6.835000209581465,13.423122833523536,,
target7_permeability_klogh-24b3afba2f0ea85a9744,15/9-F-11 B,15/9-F-11,4262.9,0.588897168636322,2.020281348904101,0.802000017029217,6.540446131505116,,
target7_permeability_klogh-5cd6fbb7150f82ba0d4e,15/9-F-11 B,15/9-F-11,4264.9,1.904492735862732,3.211361668880194,5.7159999774841905,23.812850117583622,,
target7_permeability_klogh-4120ed6303812907a833,15/9-F-11 B,15/9-F-11,4266.9,4.244802951812744,4.750272103937816,68.74201625196513,114.6157397455075,,
target7_permeability_klogh-2e855cabe21b6d24d418,15/9-F-11 B,15/9-F-11,4268.9,3.6628177165985107,5.461408737085009,37.97099753751744,234.42884821525575,,
target7_permeability_klogh-e8e91ab47fb5a206f68e,15/9-F-11 B,15/9-F-11,4270.9,6.054227828979492,6.234830886630849,424.9099031633671,509.21432708814314,,
target7_permeability_klogh-d9620efaee0ce19e94a5,15/9-F-11 B,15/9-F-11,4272.9,6.420358180999756,6.493644225363138,613.2230777658691,659.9275487939929,,
target7_permeability_klogh-e40c009635bdf9d83ea4,15/9-F-11 B,15/9-F-11,4274.9,5.868381023406982,6.313581345926545,352.675923468553,551.018381712547,,
target7_permeability_klogh-c29c61b7ae318acc6944,15/9-F-11 B,15/9-F-11,4276.9,5.828548431396484,6.239650340804754,338.864983502455,511.67921659640297,,
target7_permeability_klogh-ebdf248baa9abfedfc52,15/9-F-11 B,15/9-F-11,4278.9,5.351824760437012,4.772466161377365,209.9929584062598,117.2104087253852,,
target7_permeability_klogh-d4c5b8e8ab160e4e5d21,15/9-F-11 B,15/9-F-11,4280.9,0.7861820459365845,1.919988073825272,1.1949999987037423,5.820877121833315,,
target7_permeability_klogh-b8e2105c57c7d58ff091,15/9-F-11 B,15/9-F-11,4282.9,0.04497336596250534,0.6070705597182724,0.046000000334483794,0.8350478541425133,,
target7_permeability_klogh-957875409c81a41da5c2,15/9-F-11 B,15/9-F-11,4284.9,0.012916225008666515,-0.32184934744727967,0.01299999973876775,0.0,,
target7_permeability_klogh-ef0860b014af02bd17e7,15/9-F-11 B,15/9-F-11,4286.9,3.371184825897217,2.7524178292423604,28.113000468169908,14.680498856474495,,
target7_permeability_klogh-08e13f94d469310149ec,15/9-F-11 B,15/9-F-11,4288.9,5.980378150939941,6.309419182706959,394.58993257941415,548.7255659543413,,
target7_permeability_klogh-892a30b5d1b3563ac0b9,15/9-F-11 B,15/9-F-11,4290.9,5.256218433380127,6.100393094242653,190.75498424798482,445.0330686571515,,
target7_permeability_klogh-87b7b99edbb6cf105981,15/9-F-11 B,15/9-F-11,4292.9,4.658018589019775,4.17339898821825,104.42698088975028,63.93579342328739,,
target7_permeability_klogh-79b36de3a3ad9ae995c6,15/9-F-11 B,15/9-F-11,4294.9,0.006975613534450531,1.1197018480928902,0.006999999796611466,2.063940547378172,,
target7_permeability_klogh-6662f55f7f7996ca32e5,15/9-F-11 B,15/9-F-11,4300.3,0.1864795684814453,1.6063124480379853,0.20500000185428652,3.9843970739158663,,
target7_permeability_klogh-55e67a27216f07a8100f,15/9-F-11 B,15/9-F-11,4302.3,0.6086780428886414,2.5624504215889563,0.8380000348395588,11.96755439028983,,
target7_permeability_klogh-715a9f23eb0adec3f949,15/9-F-11 B,15/9-F-11,4304.3,2.3005831241607666,3.787158006896055,8.980000337697199,43.130802450207966,,
target7_permeability_klogh-74bf86c9a7fb5ee3cf40,15/9-F-11 B,15/9-F-11,4306.3,4.395374774932861,5.214449251517286,80.07500995110392,182.91050465090876,,
target7_permeability_klogh-146e8c18c6359eb6a30c,15/9-F-11 B,15/9-F-11,4308.3,4.896914005279541,5.62613145552687,132.8760009217359,276.5861833296879,,
target7_permeability_klogh-c56646ac0ecc4325db90,15/9-F-11 T2,15/9-F-11,4400.6,4.633835315704346,3.7909540032332925,101.90799284815046,43.29864117071192,,
target7_permeability_klogh-2ba0af485c0e72737db3,15/9-F-11 T2,15/9-F-11,4402.6,4.453288555145264,3.5201854703087485,84.9089964477926,32.790695053342816,,
target7_permeability_klogh-14dcef4dc19a1a634de5,15/9-F-11 T2,15/9-F-11,4404.6,4.496726989746094,3.6581836726671266,88.72298593972731,37.79082201594931,,
target7_permeability_klogh-cc5b06726497b1b85038,15/9-F-11 T2,15/9-F-11,4406.6,5.074273586273193,4.02768066410973,158.8560281798227,55.13057450222512,,
target7_permeability_klogh-76de2b965a79df99f963,15/9-F-11 T2,15/9-F-11,4408.6,5.832336902618408,4.200029093638397,340.1549942531885,65.68827121714975,,
target7_permeability_klogh-2fba8adf93c98bc8b62b,15/9-F-11 T2,15/9-F-11,4410.6,4.967748641967773,3.0136536807887335,142.7029960156892,19.361659185808406,,
target7_permeability_klogh-64ace17349c692006dad,15/9-F-11 T2,15/9-F-11,4412.6,3.8514020442962646,0.6615723011121131,46.05899579723547,0.9378368033248625,,
target7_permeability_klogh-653860d9a79855d3dc08,15/9-F-11 T2,15/9-F-11,4414.6,0.027615167200565338,1.2861875762109092,0.02800000017228455,2.6189632008535444,,
target7_permeability_klogh-caa4a34e8abaff2552c3,15/9-F-11 T2,15/9-F-11,4416.6,6.439401626586914,4.879935609131687,625.0320867570507,130.6221883459626,,
target7_permeability_klogh-7347462a4d3c48174f8d,15/9-F-11 T2,15/9-F-11,4418.6,6.8037872314453125,5.389466350188566,900.2540942493957,218.08643891563904,,
target7_permeability_klogh-b08ab1e1e13160c35e4c,15/9-F-11 T2,15/9-F-11,4420.6,5.637980937957764,4.25959166352648,279.8950011052619,69.78107505792086,,
target7_permeability_klogh-1ff5e8d0c22c184bd7f7,15/9-F-11 T2,15/9-F-11,4422.6,0.6528458595275879,2.78273983050798,0.9209999533987848,15.163244888766185,,
target7_permeability_klogh-44c627ca63d47f95b39b,15/9-F-11 T2,15/9-F-11,4424.6,5.208430767059326,3.8280850486784956,181.8069662823146,44.97441511841878,,
target7_permeability_klogh-ee04da75f6ef84f913b6,15/9-F-11 T2,15/9-F-11,4426.6,4.421872138977051,4.27109196444613,82.25199886619484,70.59977735868053,,
target7_permeability_klogh-b4bb03c38fa4f7e57584,15/9-F-11 T2,15/9-F-11,4428.6,4.805740833282471,4.119565997862676,121.20999472450745,60.53253121845848,,
target7_permeability_klogh-d69b0736e9fbd0e0ef2e,15/9-F-11 T2,15/9-F-11,4430.6,3.75150203704834,3.3346120021558603,41.584998230818805,27.06749098486255,,
target7_permeability_klogh-22ad98d896b0d93d3866,15/9-F-11 T2,15/9-F-11,4432.6,1.7395886182785034,2.8149265654889963,4.695000121755445,15.691949970139724,,
target7_permeability_klogh-489ef27c0974327b3e1a,15/9-F-11 T2,15/9-F-11,4434.6,3.493077516555786,3.3611236660276402,31.88700242211721,27.821558496787368,,
target7_permeability_klogh-502f499f7f4659a1ff7c,15/9-F-11 T2,15/9-F-11,4436.6,4.544963836669922,3.7714782673623772,93.15702211636746,42.44423959191333,,
target7_permeability_klogh-38d83ef7ee41c7c5f352,15/9-F-11 T2,15/9-F-11,4438.6,4.401976108551025,3.689211282170933,80.61198356085761,39.01327532472067,,
target7_permeability_klogh-f95e8e9f9ac51c05cbf8,15/9-F-11 T2,15/9-F-11,4440.6,3.7318432331085205,3.111846201954038,40.75600332221057,21.46247641089133,,
target7_permeability_klogh-780a2709140319ecbc5d,15/9-F-11 T2,15/9-F-11,4442.6,3.274083375930786,2.6154301459003597,25.41899808902109,12.673096539561117,,
target7_permeability_klogh-3cb08dc5158325b8f960,15/9-F-11 T2,15/9-F-11,4444.6,4.248495101928711,3.596295362565922,68.99999019155533,35.46290208777154,,
target7_permeability_klogh-a0e8a62488fc238e8a85,15/9-F-11 T2,15/9-F-11,4446.6,3.9148788452148438,3.972389067098435,49.14299607909337,52.11126576787505,,
target7_permeability_klogh-58be87923d3ae390b9fb,15/9-F-11 T2,15/9-F-11,4448.6,4.416983604431152,4.299684638531708,81.84601174327538,72.6765552888841,,
target7_permeability_klogh-674b2efc9953d32cb0e4,15/9-F-11 T2,15/9-F-11,4450.6,7.207553863525391,5.815754617201208,1348.5869525265555,334.54451064721104,,
target7_permeability_klogh-cf0e2132a00947df683e,15/9-F-11 T2,15/9-F-11,4452.6,7.423858165740967,5.361420592855899,1674.4853537873291,212.02735673883535,,
target7_permeability_klogh-bc8721c8baedbf28fe7e,15/9-F-11 T2,15/9-F-11,4454.6,3.6745269298553467,3.1275375581551765,38.42999928891193,21.817722990727887,,
target7_permeability_klogh-faea4fb9a81007c0023e,15/9-F-11 T2,15/9-F-11,4456.6,1.2803781032562256,1.5285366526403652,2.5979998838849294,3.6114237676779415,,
target7_permeability_klogh-4f4b0f3b64e7eaf74035,15/9-F-11 T2,15/9-F-11,4458.6,1.7927589416503906,1.7457935409073055,5.00599983236805,4.730447015770831,,
target7_permeability_klogh-c7bbea29393bb1b0fd41,15/9-F-11 T2,15/9-F-11,4460.6,4.581174373626709,3.304080237668247,96.62897980982096,26.22349092874526,,
target7_permeability_klogh-6feea00cd9cd42bc17ad,15/9-F-11 T2,15/9-F-11,4462.6,2.0067365169525146,1.7338245749372099,6.439000637844513,4.66226831861488,,
target7_permeability_klogh-8a268624d897371872e3,15/9-F-11 T2,15/9-F-11,4464.6,2.452986001968384,2.285256014119821,10.623001258850154,8.828202060458729,,
target7_permeability_klogh-a6a5b2f745eab55d0b2b,15/9-F-11 T2,15/9-F-11,4466.6,5.7174882888793945,4.19540431933144,303.1400508422004,65.38056509797478,,
target7_permeability_klogh-0be824e0337d8fc1ce40,15/9-F-11 T2,15/9-F-11,4468.6,5.56734037399292,4.682790618223385,260.7370500407723,107.07123772288891,,
target7_permeability_klogh-e2061e6e200ed321e3d0,15/9-F-11 T2,15/9-F-11,4470.6,5.246402740478516,4.06208248327293,188.8819836478716,57.09516740900692,,
target7_permeability_klogh-e0294e7217b8d2618bab,15/9-F-11 T2,15/9-F-11,4472.6,4.109019756317139,3.635852638001842,59.88700420633846,36.93418323834257,,
target7_permeability_klogh-68099ce76a8a90752e4c,15/9-F-11 T2,15/9-F-11,4474.6,4.972864151000977,4.041182065438197,143.43999344122813,55.893554978045444,,
target7_permeability_klogh-1e6994865304caae2239,15/9-F-11 T2,15/9-F-11,4476.6,5.0500993728637695,4.662561612016269,155.03796965588717,104.90702769457762,,
target7_permeability_klogh-4ec86d51375f3363f81f,15/9-F-11 T2,15/9-F-11,4478.6,6.257734775543213,5.240426873830025,521.0350731370476,187.75065792718976,,
target7_permeability_klogh-5231469d859db6d49ffd,15/9-F-11 T2,15/9-F-11,4480.6,6.35030460357666,5.337740204732867,571.6671189020378,207.0420462557195,,
target7_permeability_klogh-db8a7796a3d25159d160,15/9-F-11 T2,15/9-F-11,4482.6,4.298114776611328,4.952334103304095,72.56098400952176,140.50486573390015,,
target7_permeability_klogh-05881599d4b8485e12ec,15/9-F-11 T2,15/9-F-11,4484.6,5.877573490142822,3.853325485985278,355.94206658683777,46.14959813782158,,
target7_permeability_klogh-3be67db2baa1add0bd46,15/9-F-11 T2,15/9-F-11,4486.6,1.879465103149414,2.7832077274556988,5.5500003504397695,15.170809391280681,,
target7_permeability_klogh-158036bd3308a4633bba,15/9-F-11 T2,15/9-F-11,4488.6,4.805495262145996,3.6736103415593533,121.17998716186084,38.39387477123685,,
target7_permeability_klogh-e60541b7eb7b7cdc4ea7,15/9-F-11 T2,15/9-F-11,4490.6,4.943782806396484,4.097463050609991,139.2999746461184,59.18740135587683,,
target7_permeability_klogh-a008137dea95b363189c,15/9-F-11 T2,15/9-F-11,4492.6,5.152985095977783,3.5135056819113846,171.94698388113676,32.565732548030006,,
target7_permeability_klogh-fec7eff8775decd92162,15/9-F-11 T2,15/9-F-11,4494.6,3.113959550857544,2.237154242749509,21.50999765758483,8.366638145939925,,
target7_permeability_klogh-107feccefe8898be4085,15/9-F-11 T2,15/9-F-11,4496.6,2.857733726501465,1.144744648324639,16.42199914814723,2.141639031615879,,
target7_permeability_klogh-8c393fb32e19d681c6e3,15/9-F-11 T2,15/9-F-11,4498.6,0.0009995002765208483,1.514581486134036,0.0009999999433807523,3.5475175293907015,,
target7_permeability_klogh-4fef490c07206e8353d8,15/9-F-11 T2,15/9-F-11,4500.6,0.001998002640902996,0.7493714873641513,0.0019999999781864,1.1156698734018364,,
target7_permeability_klogh-fd8a61fcf1630fdff05e,15/9-F-11 T2,15/9-F-11,4502.6,0.007968169637024403,1.118501737203771,0.00799999998775031,2.060265684526177,,
target7_permeability_klogh-e809748a12c7be1adf26,15/9-F-11 T2,15/9-F-11,4504.6,0.026641931384801865,1.4693180987962668,0.027000000450216964,3.3462704033287274,,
target7_permeability_klogh-3cebeb8da6d32c87869c,15/9-F-11 T2,15/9-F-11,4506.6,0.0009995002765208483,0.7483151022377563,0.0009999999433807523,1.1134360912900443,,
target7_permeability_klogh-bd2a0734f6df810cb8ae,15/9-F-11 T2,15/9-F-11,4508.6,0.0009995002765208483,-0.8066347837312011,0.0009999999433807523,0.0,,
target7_permeability_klogh-5fe58c5bf616d79a68ee,15/9-F-11 T2,15/9-F-11,4510.6,0.0009995002765208483,-1.983265250782328,0.0009999999433807523,0.0,,
target7_permeability_klogh-ab869dfd3b501dea696e,15/9-F-11 T2,15/9-F-11,4512.6,0.001998002640902996,-2.3772057603076537,0.0019999999781864,0.0,,
target7_permeability_klogh-c55083360802638e1e9e,15/9-F-12,15/9-F-12,3117.9516,0.0009995002765208483,-3.2247172458934337,0.0009999999433807523,0.0,,
target7_permeability_klogh-3ff6b11d18a78eb10e0b,15/9-F-12,15/9-F-12,3120.0852,0.0009995002765208483,-0.8531722309003493,0.0009999999433807523,0.0,,
target7_permeability_klogh-db1fadfe78663ba17ad4,15/9-F-12,15/9-F-12,3122.2188,0.0009995002765208483,-0.29766244698538946,0.0009999999433807523,0.0,,
target7_permeability_klogh-92e3841cd25d52c94fe9,15/9-F-12,15/9-F-12,3124.3524,0.0009995002765208483,-2.5937804499411943,0.0009999999433807523,0.0,,
target7_permeability_klogh-2aafa5342f1c1daf21e3,15/9-F-12,15/9-F-12,3126.486,7.066530704498291,4.657540191253447,1171.0746990519053,104.37655691990082,,
target7_permeability_klogh-6a4453598292f3d9e196,15/9-F-12,15/9-F-12,3128.6196,6.1193695068359375,5.233556618352179,453.5779958093492,186.45833705605955,,
target7_permeability_klogh-780e3a6885b0fa5ed385,15/9-F-12,15/9-F-12,3130.7532,4.764641761779785,4.6909341921537155,116.28909232509905,107.95491710759387,,
target7_permeability_klogh-073f7ce92aa460393a7d,15/9-F-12,15/9-F-12,3132.8868,4.072811126708984,4.245617960883501,57.72180522163625,68.79887979682819,,
target7_permeability_klogh-2a235c4494d8193115ce,15/9-F-12,15/9-F-12,3135.0204,0.045928921550512314,0.8466497012926144,0.046999989176231854,1.331821452135329,,
target7_permeability_klogh-2edc6392430f4f12f130,15/9-F-12,15/9-F-12,3137.154,4.152503490447998,4.311104147867686,62.59300566310749,73.52272764096637,,
target7_permeability_klogh-1d133256bfb82d94beb1,15/9-F-12,15/9-F-12,3139.2876,0.19037239253520966,0.88224705243909,0.20969999703810296,1.4163232156556953,,
target7_permeability_klogh-cd5998178965b9c669f1,15/9-F-12,15/9-F-12,3141.4212,0.007968169637024403,-1.1276628770438624,0.00799999998775031,0.0,,
target7_permeability_klogh-26b6a9cb3a0e24f73ea7,15/9-F-12,15/9-F-12,3143.5548,3.2602250576019287,3.586478806241955,25.05540044864505,35.10671309070236,,
target7_permeability_klogh-9cf505c42902a9445b81,15/9-F-12,15/9-F-12,3145.6884,0.5726730227470398,0.980415535189266,0.7729999922962599,1.665563647325219,,
target7_permeability_klogh-744b59338fdfa402cb9d,15/9-F-12,15/9-F-12,3147.822,0.0009995002765208483,-2.6420879518528197,0.0009999999433807523,0.0,,
target7_permeability_klogh-72287878fb1412d6642a,15/9-F-12,15/9-F-12,3149.9556,2.6667628288269043,1.676258540069194,13.393300119435878,4.345518466584312,,
target7_permeability_klogh-749debf9512959911eae,15/9-F-12,15/9-F-12,3152.0892,5.9386138916015625,5.07318520683341,378.4086633566957,158.68213881139832,,
target7_permeability_klogh-791a2babd7d3ad3ea363,15/9-F-12,15/9-F-12,3154.2228,6.157698631286621,5.010506893437336,471.3397950222518,148.98074113761382,,
target7_permeability_klogh-2a386d1878138b638626,15/9-F-12,15/9-F-12,3156.3564,6.169529438018799,5.208242721345245,476.9611428215282,181.77259344773444,,
target7_permeability_klogh-386e4c547df2ff000368,15/9-F-12,15/9-F-12,3158.49,6.2779059410095215,5.110364126647563,531.6720484123719,164.730690848952,,
target7_permeability_klogh-95acd9002f74bbbb4211,15/9-F-12,15/9-F-12,3160.6236,5.650066375732422,4.500537621965319,283.31033650445687,89.0655394990534,,
target7_permeability_klogh-5cdf5bf023e4911d63b3,15/9-F-12,15/9-F-12,3162.7572,4.118782043457031,3.969226703321866,60.484311423049434,51.94357391595286,,
target7_permeability_klogh-5db558237821cd24e901,15/9-F-12,15/9-F-12,3164.8908,5.761378765106201,4.021954657077672,316.78617949746155,54.81008886506854,,
target7_permeability_klogh-7509b887548d2ff8b622,15/9-F-12,15/9-F-12,3167.0244,1.979137659072876,2.5242964077146492,6.23649996365362,11.482109857096761,,
target7_permeability_klogh-19980214bb4e83d208c7,15/9-F-12,15/9-F-12,3169.158,0.7482033371925354,2.0040720501279496,1.1131998962091527,6.419206050158935,,
target7_permeability_klogh-c78eadc6fd31d37f636f,15/9-F-12,15/9-F-12,3171.2916,0.62025386095047,1.728933436759456,0.8594000109906336,4.634641001459733,,
target7_permeability_klogh-4199a0d6a3ed96b26de1,15/9-F-12,15/9-F-12,3173.4252,0.7754181623458862,1.7935990540307758,1.1714999768803582,5.011047667261216,,
target7_permeability_klogh-48c8ad196e511f6360c0,15/9-F-12,15/9-F-12,3175.5588,0.1320803463459015,0.9796976944440052,0.14120000683429718,1.6636508837420376,,
target7_permeability_klogh-4096274b1be22acd9e40,15/9-F-12,15/9-F-12,3177.6924,0.1816546618938446,1.3244221511434136,0.1991999929098424,2.760012008487631,,
target7_permeability_klogh-2206b96bc626a4a2b51e,15/9-F-12,15/9-F-12,3179.826,0.1344434767961502,-0.3038085903928254,0.14390000028215383,0.0,,
target7_permeability_klogh-5be8b54b5b4f37bf73e5,15/9-F-12,15/9-F-12,3181.9596,0.013409687206149101,-0.31511853087694774,0.01350000030023055,0.0,,
target7_permeability_klogh-b57595ce92658d6480cf,15/9-F-12,15/9-F-12,3184.0932,5.412651062011719,3.9593105125251613,223.22523543808936,51.421169745950586,,
target7_permeability_klogh-02536d8278cacbcdcf2e,15/9-F-12,15/9-F-12,3186.2268,4.241771221160889,4.191617289439578,68.53089743297546,65.12965531500464,,
target7_permeability_klogh-c4b16aa20b8505edb5d0,15/9-F-12,15/9-F-12,3188.3604,6.996744632720947,5.484207167553913,1092.0690191661076,239.85790831378188,,
target7_permeability_klogh-cf86b48252c09b05c274,15/9-F-12,15/9-F-12,3190.494,6.763315200805664,5.321623096086602,864.5067735934315,203.71588603633992,,
target7_permeability_klogh-9c9466a7f03e290c63c2,15/9-F-12,15/9-F-12,3192.6276,6.810202598571777,5.374465904485723,906.0545562908951,214.8245705872669,,
target7_permeability_klogh-84376e043035e4e6aaa2,15/9-F-12,15/9-F-12,3194.7612,6.097815990447998,4.435416169382649,443.8850750281054,83.38723696580959,,
target7_permeability_klogh-3519008633dcb558f3b4,15/9-F-12,15/9-F-12,3196.8948,3.8942010402679443,4.0349047365751,48.11679534033815,55.53753402264596,,
target7_permeability_klogh-679f62b3eb08b369d246,15/9-F-12,15/9-F-12,3199.0284,4.574398517608643,4.198143472976764,95.96969602785987,65.56264091782207,,
target7_permeability_klogh-5884fef07a2363e7ffbb,15/9-F-12,15/9-F-12,3201.162,5.898455619812012,4.6791439440185,363.47414633535465,106.67785483355372,,
target7_permeability_klogh-50f78ac8b8977128e810,15/9-F-12,15/9-F-12,3203.2956,6.407454490661621,5.007734343586916,605.3482498089165,148.56548797725605,,
target7_permeability_klogh-e4f61dfc8f74888744fa,15/9-F-12,15/9-F-12,3205.4292,5.324428558349609,4.0453387173555795,204.29101510348178,56.13053386058973,,
target7_permeability_klogh-81a1fa860e5869beeb87,15/9-F-12,15/9-F-12,3207.5628,5.28120756149292,3.7828342151302334,195.60714728303384,42.940401972594074,,
target7_permeability_klogh-1feaa5cdcfa319ea1791,15/9-F-12,15/9-F-12,3209.6964,0.16279888153076172,0.39873102830605545,0.1767999896743697,0.48993281495429836,,
target7_permeability_klogh-b2c89a24ab4a5b83a644,15/9-F-12,15/9-F-12,3211.83,0.4768550992012024,0.9522179466637612,0.6109999919552541,1.5914509900572582,,
target7_permeability_klogh-7e37d7df69839dc55983,15/9-F-12,15/9-F-12,3213.9636,2.74019455909729,2.5047251911958925,14.489998523315334,11.240194790277314,,
target7_permeability_klogh-6a136d24c577f5c4c38b,15/9-F-12,15/9-F-12,3216.0972,1.1404896974563599,0.8337188989694426,2.1282999106675713,1.3018632391803797,,
target7_permeability_klogh-cbe6a5f761a4c1e4d16a,15/9-F-12,15/9-F-12,3218.2308,0.04993236064910889,0.25466853249527777,0.05119999148622598,0.29003394566361235,,
target7_permeability_klogh-7092702fdadaa5336915,15/9-F-12,15/9-F-12,3220.3644,4.06427001953125,3.6604948144488194,57.222391797394486,37.880576783502114,,
target7_permeability_klogh-42663923f8a379d3c35a,15/9-F-12,15/9-F-12,3222.498,3.2739319801330566,3.1802594282206114,25.41499866648571,23.052992767829316,,
target7_permeability_klogh-12d4b61a6a27dd81652d,15/9-F-12,15/9-F-12,3224.6316,3.2070138454437256,3.248684471742476,23.70520241250143,24.756434303047392,,
target7_permeability_klogh-a5a3a7d44a20ebcb8ea0,15/9-F-12,15/9-F-12,3226.7652,3.0474846363067627,3.054461752949341,20.062298394804827,20.209766359832873,,
target7_permeability_klogh-a7d6c65a373a2ebe501b,15/9-F-12,15/9-F-12,3228.8988,2.5442440509796143,2.9209223384133964,11.733598495475672,17.558396690442255,,
target7_permeability_klogh-ba33efdbc1def319cdf1,15/9-F-12,15/9-F-12,3231.0324,2.6123318672180176,2.8819406800809504,12.630799034595604,16.848878552846738,,
target7_permeability_klogh-462b3c8e815ca8aebb74,15/9-F-12,15/9-F-12,3233.166,0.020782530307769775,-0.306815896450102,0.02099999093887138,0.0,,
target7_permeability_klogh-b6dab0a7090803403169,15/9-F-12,15/9-F-12,3235.2996,0.0958554744720459,0.408720458949821,0.10059998770467417,0.5048909828758249,,
target7_permeability_klogh-78770790d8f9833e42cd,15/9-F-12,15/9-F-12,3237.4332,0.48858001828193665,1.5415497613402067,0.630000005645123,3.6718248771665087,,
target7_permeability_klogh-e5d3b7d24fae97404502,15/9-F-12,15/9-F-12,3239.5668,1.3158718347549438,2.2899272682612146,2.7279997686090085,8.874219485903346,,
target7_permeability_klogh-dcd13afc42e26f789d13,15/9-F-12,15/9-F-12,3241.7004,1.5757156610488892,2.656067412766401,3.8342000291010185,13.240178097697525,,
target7_permeability_klogh-f54b89a060c0ef12d5ba,15/9-F-12,15/9-F-12,3243.834,0.4884573221206665,1.0567138863420396,0.629800023170352,1.8769016133821863,,
target7_permeability_klogh-03d67cf9cac31a3505b7,15/9-F-12,15/9-F-12,3245.9676,1.7085046768188477,2.1360221529329735,4.520700071634127,7.465695321205289,,
target7_permeability_klogh-5478dc8c0471ea75f7c3,15/9-F-12,15/9-F-12,3248.1012,1.7664759159088135,2.530522552865456,4.850200393222715,11.560067721509638,,
target7_permeability_klogh-50db99aa59e0aaf06ce5,15/9-F-12,15/9-F-12,3250.2348,0.7521234154701233,1.637215528337673,1.121500063241663,4.140835055019917,,
target7_permeability_klogh-ac6c050b365eaedf8e87,15/9-F-12,15/9-F-12,3252.3684,0.9865255355834961,1.9984557599910964,1.681900099302419,6.377654428598171,,
target7_permeability_klogh-a305ac20ef8e0a4d91f4,15/9-F-12,15/9-F-12,3254.502,1.438151240348816,2.2583291473302483,3.2128999734111607,8.56709060598661,,
target7_permeability_klogh-0ad11ca781f572750480,15/9-F-12,15/9-F-12,3256.6356,1.3177210092544556,2.426457993195907,2.7348998684934713,10.318720011535891,,
target7_permeability_klogh-e14dc819b784fa557375,15/9-F-12,15/9-F-12,3258.7692,1.110442042350769,1.9453199278974327,2.0357000058561145,5.9958696709185455,,
target7_permeability_klogh-95027e795ba5c2fd9ab8,15/9-F-12,15/9-F-12,3260.9028,0.5920000076293945,1.1240742993789263,0.8076000164028981,2.077366809613045,,
target7_permeability_klogh-bfa888e77fd00647f74f,15/9-F-12,15/9-F-12,3263.0364,0.9518122673034668,1.758866496542651,1.5903999050935305,4.805852709107199,,
target7_permeability_klogh-5396b9f7013e55336abc,15/9-F-12,15/9-F-12,3265.17,2.1776905059814453,2.509773005662707,7.825899341227478,11.302137228056456,,
target7_permeability_klogh-9060e142ab8a2953b8e2,15/9-F-12,15/9-F-12,3267.3036,2.1305861473083496,1.7905302412966604,7.419800608796537,4.99262916355876,,
target7_permeability_klogh-181a04c9ff59fd33d29a,15/9-F-12,15/9-F-12,3269.4372,0.5013811588287354,1.4014163125185375,0.6509999899136191,3.0609474664899765,,
target7_permeability_klogh-a6198c1afd9c9cf5fc29,15/9-F-12,15/9-F-12,3271.5708,1.3046232461929321,1.836091174930326,2.686300004488437,5.271974233938204,,
target7_permeability_klogh-10cfe9641c0714fc0cfe,15/9-F-12,15/9-F-12,3273.7044,0.026641931384801865,0.020047665990053698,0.027000000450216964,0.020249970092673205,,
target7_permeability_klogh-ebf76bc84ee2bf744d3e,15/9-F-12,15/9-F-12,3275.838,0.7000731825828552,1.2141327401710487,1.0139000844874906,2.367372410767373,,
target7_permeability_klogh-f65e4937ba96a53e21b6,15/9-F-12,15/9-F-12,3277.9716,0.10687936097383499,0.2827106008942688,0.11279999927305104,0.32672115433850657,,
target7_permeability_klogh-9a94f326c77bb7c15036,15/9-F-12,15/9-F-12,3280.1052,0.022641729563474655,-0.20441950556068722,0.02289999906164269,0.0,,
target7_permeability_klogh-47d4fde8170bc441d4a2,15/9-F-12,15/9-F-12,3282.2388,0.019214218482375145,-2.590953427372436,0.01939999955000713,0.0,,
target7_permeability_klogh-18c5a114d55b55df16d9,15/9-F-12,15/9-F-12,3284.3724,0.015873348340392113,-2.4983017168603734,0.015999999171047594,0.0,,
target7_permeability_klogh-ffba86a422d6b0176044,15/9-F-12,15/9-F-12,3286.506,0.0027960774023085833,-1.6646377256968208,0.002799990072588219,0.0,,
target7_permeability_klogh-2c3d0bb561b7d71f10c5,15/9-F-12,15/9-F-12,3288.6396,0.3364007771015167,-1.5647189056602269,0.39989996024686425,0.0,,
